Client,Company_Code,Supplier,Supplier_Name,PAN,Country,WTax_Type,WTx,W_Tax,Recipient_Type,WTxID,Exemption_Number,Exemption_Percentage,Exemption_From,Exemption_To,Exemption_Reason
500,1001,AN023,ANI Technologies Pvt Ltd.,04AAJCA1389G2ZQ,IN,CI,C1,X,CO,1511019,1AE0423ZQR,95,2023-04-25,2024-03-31,
500,1001,AN004,ANI Technologies Pvt Ltd.,10AAJCA1389G1ZY,IN,CI,C1,X,CO,1511019,1AE0423ZQR,95,2023-04-25,2024-03-31,
500,1001,AN011,ANI Technologies Pvt Ltd.,08AAJCA1389G1ZJ,IN,CI,C1,X,CO,1511019,1AE0423ZQR,95,2023-04-25,2024-03-31,
500,1001,AN021,ANI Technologies Pvt Ltd.,32AAJCA1389G1ZS,IN,CI,C1,X,CO,1511019,1AE0423ZQR,95,2023-04-25,2024-03-31,
500,1001,AN017,ANI Technologies Pvt Ltd.,18AAJCA1389G1ZI,IN,CI,C1,X,CO,1511019,1AE0423ZQR,95,2023-04-25,2024-03-31,
500,9029,ALTF01,ALTF SPACES PRIVATE LIMITED,06AAOCA3997M1ZV,IN,II,I1,X,CO,                ,1AD0525XDN,85,2025-05-16,2026-03-31,
500,1001,AI0016,ALTIMETRIK INDIA PVT LTD,29AABCE2733L1ZI,IN,JI,J1,X,CO,CIRCLE 16(1),0416AE675B,99.9,2016-04-29,2017-03-31,
500,1001,AN018,ANI Technologies Pvt Ltd.,29AAJCA1389G1ZF,IN,CI,C1,X,CO,1511019,1AE0423ZQR,95,2023-04-25,2024-03-31,
500,1001,AN019,ANI Technologies Pvt Ltd.,07AAJCA1389G6ZG,IN,CI,C1,X,CO,1511019,1AE0423ZQR,95,2023-04-25,2024-03-31,
500,1001,AIRTELD101,BHARTI AIRTEL LTD,07AAACB2894G1ZP,IN,CI,C1,X,CO,AMT 6223658,1AB0325SBT,90,2025-04-01,2026-03-31,
500,1001,AIL0004,AIR INDIA LTD.,36AACCN6194P2ZP,IN,JI,J1,X,CO,300000,1AD0521VKE,100,2021-05-20,2022-03-31,
500,1001,AIL0004,AIR INDIA LTD.,36AACCN6194P2ZP,IN,JP,J1,X,CO,300000,1AD0521VKE,100,2021-05-20,2022-03-31,
500,1001,S01691,SEWELLS GROUP INDIA PVT.,27AAACI9269G1Z9,IN,JI,J1,X,CO,194J,0214WO566E,50,2014-06-02,2015-03-31,
500,1022,Q1005,QUADRANT TELEVENTURES LIMITED,03AABCT2862R1ZZ,IN,JI,J1,X,CO,                ,1AA0419FAG,100,2019-08-16,2020-03-31,
500,1022,Q1005,QUADRANT TELEVENTURES LIMITED,03AABCT2862R1ZZ,IN,JP,  ,X,CO,                ,1AA0419FAG,100,2019-08-16,2020-03-31,
500,1022,RJA0062001,MEHRAB MOTORS PVT. LTD.,08AAECM2799M1ZR,IN,8I,IA,X,CO,                ,1AB0519WMY,90,2019-05-13,2020-03-31,
500,1022,RJA0062001,MEHRAB MOTORS PVT. LTD.,08AAECM2799M1ZR,IN,CP,  ,X,CO,                ,1AB0519WMP,50,2019-05-13,2020-03-31,
500,1022,RJA0062001,MEHRAB MOTORS PVT. LTD.,08AAECM2799M1ZR,IN,CI,C1,X,CO,                ,1AB0519WMP,50,2019-05-13,2020-03-31,
500,1022,RJA0062001,MEHRAB MOTORS PVT. LTD.,08AAECM2799M1ZR,IN,8P,  ,X,CO,                ,1AB0519WMY,90,2019-05-13,2020-03-31,
500,1006,S081,SUPER HARYANA ROADWAYS,27AAEFS9758F1ZP,IN,CI,C4,X,OT,                ,1,100,2023-05-11,2024-03-31,
500,1005,S081,SUPER HARYANA ROADWAYS,27AAEFS9758F1ZP,IN,CI,C4, ,OT,                ,1,100,2024-04-07,2025-03-31,
500,1001,S01282,PLUXEE INDIA PRIVATE LIMI,27AALCS9822Q1ZC,IN,CI,C1,X,CO,20895111,1AC0426YUV,87.5,2026-04-15,2027-03-31,
500,1001,S01282,PLUXEE INDIA PRIVATE LIMI,27AALCS9822Q1ZC,IN,CP,C1,X,CO,20895111,1AC0426YUV,87.5,2026-04-15,2027-03-31,
500,1001,R00600,Reva Electric Car Co. Pvt. Ltd.,                  ,IN,JI,J1,X,CO,                ,0410AK835F,90,2010-08-19,2011-03-31,
500,1058,QUESS1HYD,Quess Corp Limited,36AABCI7601M1ZG,IN,JI,J1,X,CO,                ,0418AC420E,98,2018-04-19,2019-03-31,
500,1022,RJA0059901,OM LOGISTICS LTD,08AAACO4716C1ZT,IN,CI,C1,X,CO,                ,1AA1219XVM,90,2020-01-01,2020-03-31,
500,1022,RJA0059901,OM LOGISTICS LTD,08AAACO4716C1ZT,IN,CP,  ,X,CO,                ,1AA1219XVM,90,2020-01-01,2020-03-31,
500,1001,QUESS1,QUESS CORP,27AABCI7601M1ZF,IN,CI,C1,X,CO,21259254,1AD0623SXP,95,2023-06-09,2024-03-31,
500,1058,QUESS1,QUESS CORP,27AABCI7601M1ZF,IN,JI,J1,X,CO,                ,0418AC420E,98,2018-04-19,2019-03-31,
500,9017,QUESS1,QUESS CORP,27AABCI7601M1ZF,IN,JI,J1,X,CO,                ,197(1)/AABCI7601M/2021-22,95,2021-04-20,2022-03-31,
500,1022,S1370,SVT LOGISTICS PVT LTD,                  ,IN,CI,C1,X,CO,                ,1AD0519CON,55,2019-05-22,2020-03-31,
500,1022,S1370,SVT LOGISTICS PVT LTD,                  ,IN,CP,  ,X,CO,                ,1AD0519CON,55,2019-05-22,2020-03-31,
500,1006,S3677,Safe Times Logistics,27GFHPS7026Q1ZH,IN,CI,C3,X,OT,                ,1,100,2017-04-01,2018-03-31,
500,1005,S3677,Safe Times Logistics,27GFHPS7026Q1ZH,IN,CI,C3,X,OT,                ,1,100,2018-04-01,2019-03-31,
500,1001,S10153H,SUNDHARAMS PRIVATE LIMITED,27AAACS4949P1ZN,IN,CI,C1,X,CO,16000000,1NB0626BVD,25,2026-06-17,2027-03-31,
500,1037,S02410B,SERVICE MASTER CLEAN LIMITED,29AANCS2248G1Z1,IN,CI,C1,X,CO,                ,1AD0622FSZ,87.5,2022-06-11,2023-03-31,
500,1001,R107,SODEXO INDIA SERVICES PRIVATE LIMIT,27AAACR2547Q1ZW,IN,CI,C1,X,CO,32941320,1AB0525PCU,47.5,2025-05-07,2026-03-31,
500,1007,S6151,BHARATIYA VIDYA BHAVAN'S S.P.JAIN I,27AAATB1693E7ZR,IN,JP,J3,X,OT,                ,1AA0525WVS,100,2025-05-05,2026-03-31,
500,1007,S6151,BHARATIYA VIDYA BHAVAN'S S.P.JAIN I,27AAATB1693E7ZR,IN,JI,J3,X,OT,                ,1AA0525WVS,100,2025-05-05,2026-03-31,
500,1001,R00699,RELIANCE BROADCAST NETWORK LTD.,36AADCR1885L1ZX,IN,CI,C1,X,CO,2286724,1AA0821ZBH,40,2021-08-10,2022-03-31,
500,1001,RGMAPL105C,Gleneagles Healthcare India Private,33AABCR4013N1ZJ,IN,JI,J1,X,CO,2220000,1AC0423KLD,99,2023-04-17,2024-03-31,
500,1001,RGMAPL105C,Gleneagles Healthcare India Private,33AABCR4013N1ZJ,IN,JP,J1, ,CO,2220000,1AC0423KLD,99,2023-04-17,2024-03-31,
500,1001,S000020,SECURITY GUARDS' BOARD FOR,                  ,IN,CI,C4,X,OT,DY COMMISSIIONER,ITBA/EXM/F/EXM44/2025-26/,100,2026-04-06,2027-03-31,
500,1001,S00160,SECURITY AND INTELLIGENCE ES (INDIA,                  ,IN,CI,C1,X,CO,475590,1AA0520WMB,99.33,2020-05-14,2021-03-31,
500,9017,QCLPUN1,QUESS CORP LIMITED,03AABCI7601M1ZP,IN,JI,J1,X,CO,                ,197(1)/AABCI7601M/2021-22,95,2021-04-01,2022-03-31,
500,1001,RTFTPL0917,RETROFIT TECHNOLOGY PVT. LTD,09AAHCR1573K2ZY,IN,CI,C1,X,CO,1100000000,1AC0426LLA,82.5,2026-04-13,2027-03-31,
500,1001,RE29020,RELIANCE BROADCAST NETWORK LIMITED,29AADCR1885L1ZS,IN,CI,C1,X,CO,2286724,1AA0821ZBH,40,2021-08-10,2022-03-31,
500,9025,S01590,SHOBIZ EXPERIENTIAL COMMU,27AABCS4372D1ZI,IN,CP,C1,X,CO,AABCS4372D,4AE0426OPC,2.5,2026-04-22,2027-03-31,
500,9025,S01590,SHOBIZ EXPERIENTIAL COMMU,27AABCS4372D1ZI,IN,CI,C1,X,CO,AABCS4372D,4AE0426OPC,2.5,2026-04-22,2027-03-31,
500,1001,S942,SHUSHRUSHA CITIZEN'S CO-OP,                  ,IN,JI,J3,X,OT,"IRO(TDS)RG3,MUMB",0217ER2801,79.7,2017-11-14,2018-03-31,
500,9033,RAJESHAH01,RAJENDRA SHAH & ASSOCIATES,27AAAFR1055Q1ZX,IN,JI,J3,X,OT,                ,1NA0526CHN,65,2026-05-07,2027-03-31,
500,1001,Q5041A,Q C F I - PUNE CHAPTER,                  ,IN,JP,  ,X,OT,WARD 15(1)HYDER,15(1)/0510AC24,100,2010-05-20,2011-03-31,
500,1001,Q5041A,Q C F I - PUNE CHAPTER,                  ,IN,JI,J3,X,OT,WARD 15(1)HYDER,15(1)/0510AC24,100,2010-05-20,2011-03-31,
500,1001,S9093,SIS Limited.,05AAECS3538A1ZT,IN,CP,C1, ,CO,120068853,4AB0426EVC4C114,99.5,2026-04-06,2027-03-31,
500,1001,S9093,SIS Limited.,05AAECS3538A1ZT,IN,CI,C1,X,CO,120068853,4AB0426EVC4C114,99.5,2026-04-06,2027-03-31,
500,1042,S00224,SERVICE CARE PVT LTD,29AAPCS7846E1ZP,IN,CP,C1, ,CO,                ,0414DR469J,62.5,2014-06-06,2015-03-31,
500,1042,S00224,SERVICE CARE PVT LTD,29AAPCS7846E1ZP,IN,CI,C1,X,CO,                ,0414DR469J,62.5,2014-06-06,2015-03-31,
500,1001,T133H,TQM INTERNATIONAL PVT. LT,                  ,IN,JI,J1,X,CO,51 (5),0110AM234J/246,58,2010-05-18,2011-03-31,
500,1001,STRCH011, P. NATESAN,                  ,IN,II,I4,X,OT,                ,3412AD033E,99.99,2012-05-23,2013-03-31,
500,1001,T402,THE CALCUTTA MEDICAL RESEARCH,19AAATT4227C1ZO,IN,JI,J3,X,OT,                ,0814FR141A,100,2014-05-27,2015-03-31,
500,1022,TS0001,S.D.H.LOGISTICS,                  ,IN,CP,  ,X,OT,                ,1AE0519PPJ,34,2019-05-20,2020-03-31,
500,1022,TS0001,S.D.H.LOGISTICS,                  ,IN,CI,C3,X,OT,                ,1AE0519PPJ,34,2019-05-20,2020-03-31,
500,1037,U00089B,UNIWORLD LOGISTICS PVT LTD,29AAACU5187H1ZY,IN,CP,  ,X,CO,                ,0313DT689A,75,2013-06-03,2014-03-31,
500,1044,U00089B,UNIWORLD LOGISTICS PVT LTD,29AAACU5187H1ZY,IN,CI,C1,X,CO,                ,1AD0621CWK,80,2021-06-14,2022-03-31,
500,1037,U00089B,UNIWORLD LOGISTICS PVT LTD,29AAACU5187H1ZY,IN,CI,C1,X,CO,                ,0313DT689A,75,2013-06-03,2014-03-31,
500,1022,TNA0144101,ESHAAN LOGISTICS,33AADFE3666K1ZD,IN,CP,  ,X,OT,                ,1AE0519ZOF,100,2019-05-23,2020-03-31,
500,1022,TNA0144101,ESHAAN LOGISTICS,33AADFE3666K1ZD,IN,CI,C4,X,OT,                ,1AE0519ZOF,100,2019-05-23,2020-03-31,
500,1022,TNA0066801,BHARTI AIRTEL LIMITED,33AAACB2894G1ZU,IN,CI,C1,X,CO,                ,1AC0419CLJ,55,2019-06-12,2020-03-31,
500,1022,TNA0066801,BHARTI AIRTEL LIMITED,33AAACB2894G1ZU,IN,CP,  ,X,CO,                ,1AC0419CLJ,55,2019-06-12,2020-03-31,
500,1001,TS4686K,TAJ SATS AIR CATERING LTD.,29AABCT4686P1ZF,IN,CI,C1,X,CO,60534,1AG0820IGI,50,2020-11-30,2021-03-31,
500,1037,TUV002,TUV India Private Limited,27AAACT2209D2ZT,IN,JI,J1,X,CO,                ,1AE0521BAB,50,2021-05-21,2022-03-31,
500,1022,TNA0263901,MAHAVEERA TRANSPORT PVT LTD,33AAACM5917F1ZR,IN,CI,C1,X,CO,                ,1AA0519CJG,62.5,2019-05-03,2020-03-31,
500,1022,TNA0263901,MAHAVEERA TRANSPORT PVT LTD,33AAACM5917F1ZR,IN,CP,  ,X,CO,                ,1AA0519CJG,62.5,2019-05-03,2020-03-31,
500,1022,TNA0305901,ICM LOGISTICS PVT LTD,33AABCI8695P1ZS,IN,CP,  ,X,CO,                ,1AC0519SDV,93.5,2019-05-17,2020-03-31,
500,1022,TNA0305901,ICM LOGISTICS PVT LTD,33AABCI8695P1ZS,IN,CI,C1,X,CO,                ,1AC0519SDV,93.5,2019-05-17,2020-03-31,
500,1022,TLA0372201,K L TECHNICAL SERVICES,36AAFFK7980E1Z3,IN,CI,C4,X,OT,                ,1AA0619OMZ,24,2019-07-06,2020-03-31,
500,1022,TLA0372201,K L TECHNICAL SERVICES,36AAFFK7980E1Z3,IN,CP,  ,X,OT,                ,1AA0619OMZ,24,2019-07-06,2020-03-31,
500,1001,TCE0772,TATA CONSULTING ENGINEERS TD,27AABCT0772E1ZJ,IN,JI,J1,X,CO,886207,1AA0725QFD,28.1,2025-07-04,2026-03-31,
500,1022,TNA0305301,CJ DARCL LOGISTICS LTD,33AAACD2086J2ZS,IN,CP,  ,X,CO,                ,1AA1019OWP,89,2019-10-21,2020-03-31,
500,1022,TNA0305301,CJ DARCL LOGISTICS LTD,33AAACD2086J2ZS,IN,CI,C1,X,CO,                ,1AA1019OWP,89,2019-10-21,2020-03-31,
500,1001,TUVHYD17,TUV India Pvt Ltd,36AAACT2209D2ZU,IN,JI,J1,X,CO,3000000,1AD0422JYA,50,2022-04-26,2023-03-31,
500,1022,TLA0018501,OKAY LOGISTICS PVT LTD.,36AABCO5777E1ZA,IN,CP,  ,X,CO,                ,1AC0619NNB,62.5,2019-06-21,2020-03-31,
500,1022,TLA0018501,OKAY LOGISTICS PVT LTD.,36AABCO5777E1ZA,IN,CI,C1,X,CO,                ,1AC0619NNB,62.5,2019-06-21,2020-03-31,
500,1022,TNA0318301,BUZZWORKS BUSINESS SERVICES PVT LTD,33AACCB8364P1Z8,IN,CI,C1,X,CO,                ,1AA1219FRB,100,2019-12-12,2020-03-31,
500,1022,TNA0318301,BUZZWORKS BUSINESS SERVICES PVT LTD,33AACCB8364P1Z8,IN,CP,  ,X,CO,                ,1AA1219FRB,100,2019-12-12,2020-03-31,
500,1021,T0142,TUV INDIA PVT. LTD,27AAACT2209D2ZT,IN,JI,J1,X,CO,                ,0216AN952F,54,2016-04-15,2017-03-31,
500,1067,T0142,TUV INDIA PVT. LTD,27AAACT2209D2ZT,IN,JI,J1,X,CO,                ,4NA0626AAB4D051,50,2026-06-01,2027-03-31,
500,1049,T0142,TUV INDIA PVT. LTD,27AAACT2209D2ZT,IN,JI,J1,X,CO,                ,1AB0419KSA,40,2019-04-26,2020-03-31,
500,1070,T0142,TUV INDIA PVT. LTD,27AAACT2209D2ZT,IN,JI,J1,X,CO,                ,1AD0422KAO,50,2022-04-01,2023-03-31,
500,1001,T0002H,TVS SUPPLY CHAIN SOLUTIONS,36AACCT1412E2ZV,IN,CI,C1,X,CO,604520262,1AG0525CFZ,77.5,2025-05-27,2026-03-31,
500,1001,T0002H,TVS SUPPLY CHAIN SOLUTIONS,36AACCT1412E2ZV,IN,CP,C1, ,CO,604520262,1AG0525CFZ,77.5,2025-05-27,2026-03-31,
500,1001,T00856,TATA COMMUNICATIONS LIMITED,29AAACV2808C1ZL,IN,JI,J1, ,CO,41194790,1AB0623MEF,40,2023-05-06,2024-03-31,
500,1027,T00856,TATA COMMUNICATIONS LIMITED,29AAACV2808C1ZL,IN,JI,J1,X,CO,                ,1AD0425UFJ,6,2025-04-12,2026-03-31,
500,1022,TNA0181301,GEEKAY SECURITY SERVICES PVT LTD,33AACCG1282D1Z5,IN,CI,C1,X,CO,                ,1AA0120MSG,50,2020-03-13,2020-03-31,
500,1022,TNA0181301,GEEKAY SECURITY SERVICES PVT LTD,33AACCG1282D1Z5,IN,CP,  ,X,CO,                ,1AA0120MSG,50,2020-03-13,2020-03-31,
500,1022,TNA0466001,SERVICE MASTER CLEAN LTD,33AANCS2248G1ZC,IN,CP,  ,X,CO,                ,1AD0519TVY,75,2019-06-07,2020-03-31,
500,1022,TNA0466001,SERVICE MASTER CLEAN LTD,33AANCS2248G1ZC,IN,CI,C1,X,CO,                ,1AD0519TVY,75,2019-06-07,2020-03-31,
500,1022,TNA0305302,CJ DARCL LOGISTICS LTD,33AAACD2086J2ZS,IN,CP,  ,X,CO,                ,1AA1019OWP,89,2019-10-21,2020-03-31,
500,1022,TNA0305302,CJ DARCL LOGISTICS LTD,33AAACD2086J2ZS,IN,CI,C1,X,CO,                ,1AA1019OWP,89,2019-10-21,2020-03-31,
500,1001,MES00415,Sukhvarsha management Services Pvt,                  ,IN,JI,J1,X,CO,194-J,0311AW5501,70,2011-05-24,2012-03-31,
500,1001,MD0698,LMMFs DEENANATH MANGESHKAR HOS,                  ,IN,JI,J3,X,OT,RS. 5 LACS,1AA0519AOX,100,2019-08-21,2020-03-31,
500,1001,ME0007,Environment Protection Training,                  ,IN,JI,J3,X,OT,                ,0511BF005I,100,2011-05-26,2012-03-31,
500,1023,MFMA003,MAHINDRA FIRST CHOICE WHEELS LTD,                  ,IN,II,I1,X,CO,                ,0211GH919H,95,2011-06-29,2012-03-31,
500,1001,MF0048,FLYJAC LOGISTICS PRIVATE LTD,27AABCF2133M1ZP,IN,CP,C1, ,CO,128789198,1AD0625EMD,5,2025-06-17,2026-03-31,
500,1001,MF0048,FLYJAC LOGISTICS PRIVATE LTD,27AABCF2133M1ZP,IN,CI,C1,X,CO,128789198,1AD0625EMD,5,2025-06-17,2026-03-31,
500,1023,MFVMFM01,MA FOI MANAGEMENT CONSULTANTS LTD,                  ,IN,CI,C1,X,CO,                ,0311AT630B,99.5,2011-05-11,2012-03-31,
500,1001,MFVAHL01,APOLLO HEALTH & LIFESTYLE LTD,36AADCA0733E1Z8,IN,JI,J1,X,CO,10279707,1AG0523IOD,99,2023-05-19,2024-03-31,
500,1023,MFVTBSS01,THE BOMBAY SALESIAN SOCIETY,                  ,IN,II,I4,X,OT,                ,0211GB951G,100,2011-05-18,2012-03-31,
500,1023,MFACS01,APARAJITHA CORPORATE SERVICES,33AADCA4080A1ZE,IN,JI,J1,X,CO,                ,1812AB332C,50,2011-11-03,2012-12-31,
500,1022,MERCU1022,Mercurio Pallia Logistics,                  ,IN,CI,C1,X,CO,                ,1AA0619EQP,90,2019-06-10,2020-03-31,
500,1022,MERCU1022,Mercurio Pallia Logistics,                  ,IN,CP,  ,X,CO,                ,1AA0619EQP,90,2019-06-10,2020-03-31,
500,1001,MES00707,THE INDIAN PERFORMING RIGHT SOCIETY,27AAACT1594K1Z1,IN,JI,J1,X,CO,4300000,1AA0725OAW,70,2025-07-04,2026-03-31,
500,1079,MES00707,THE INDIAN PERFORMING RIGHT SOCIETY,27AAACT1594K1Z1,IN,JI,J1,X,CO,2900000,4AA0526QJR4A242,70,2026-05-06,2027-03-31,
500,1046,MDVI01,VISION INDIA SERVICES PRIVATE LIMIT,09AADCV4643G1Z7,IN,CI,C1,X,CO,                ,1AA0919AAX,37.5,2019-09-02,2020-03-31,
500,1022,MHA0189201,TCI HI-WAYS PVT LTD,27AABCT3904C1ZR,IN,CP,  ,X,CO,                ,1AB0719MGE,40,2019-07-20,2020-03-31,
500,1022,MHA0189201,TCI HI-WAYS PVT LTD,27AABCT3904C1ZR,IN,CI,C1,X,CO,                ,1AB0719MGE,40,2019-07-20,2020-03-31,
500,1022,MHA0243101,EMBASSY INDUSTRIAL PARKS PVT LTD,27AACCJ2346P1Z7,IN,8I,IA,X,CO,                ,1AH0519BTF,95,2019-06-03,2020-03-31,
500,1022,MHA0243101,EMBASSY INDUSTRIAL PARKS PVT LTD,27AACCJ2346P1Z7,IN,8P,  ,X,CO,                ,1AH0519BTF,95,2019-06-03,2020-03-31,
500,1022,MHA0018501,OKAY LOGISTICS PVT LTD,27AABCO5777E1Z9,IN,CI,C1,X,CO,                ,1AC0619NNB,62.5,2019-06-21,2020-03-31,
500,1022,MHA0018501,OKAY LOGISTICS PVT LTD,27AABCO5777E1Z9,IN,CP,  ,X,CO,                ,1AC0619NNB,62.5,2019-06-21,2020-03-31,
500,1022,MHA0052001,IDEAL MOVERS PVT LTD,27AABCI0662C2Z0,IN,CI,C1,X,CO,                ,1AA0719SOP,90,2019-07-15,2020-03-31,
500,1022,MHA0052001,IDEAL MOVERS PVT LTD,27AABCI0662C2Z0,IN,CP,  ,X,CO,                ,1AA0719SOP,90,2019-07-15,2020-03-31,
500,1022,MHA0024101,SECURITY AND INTELLIGENCE SERVICES,27AAECS3538A1ZN,IN,CI,C1,X,CO,                ,1AD0519MPE,99.5,2019-06-10,2020-03-31,
500,1022,MHA0024101,SECURITY AND INTELLIGENCE SERVICES,27AAECS3538A1ZN,IN,CP,  ,X,CO,                ,1AD0519MPE,99.5,2019-06-10,2020-03-31,
500,1022,MHA0016001,MERCURIO PALLIA LOGISTICS PVT LTD,27AAFCM8426Q1ZQ,IN,CP,  ,X,CO,                ,1AA0619EQP,90,2019-06-10,2020-03-31,
500,1022,MHA0016001,MERCURIO PALLIA LOGISTICS PVT LTD,27AAFCM8426Q1ZQ,IN,CI,C1,X,CO,                ,1AA0619EQP,90,2019-06-10,2020-03-31,
500,1001,MF0020,FEDERATION OF INDIAN CHAMBERS  OF C,07AAACF1282E1Z1,IN,CP,C1,X,CO,2736450409,1AG0425ZKY,100,2025-04-28,2026-03-31,
500,1001,MF0020,FEDERATION OF INDIAN CHAMBERS  OF C,07AAACF1282E1Z1,IN,CI,C1,X,CO,2736450409,1AG0425ZKY,100,2025-04-28,2026-03-31,
500,1001,MF0020,FEDERATION OF INDIAN CHAMBERS  OF C,07AAACF1282E1Z1,IN,JI,J1,X,CO,29930627,1AG0425ZLB,100,2025-04-28,2026-03-31,
500,1001,MF0020,FEDERATION OF INDIAN CHAMBERS  OF C,07AAACF1282E1Z1,IN,JP,J1,X,CO,29930627,1AG0425ZLB,100,2025-04-28,2026-03-31,
500,1001,MDBA01,BHARTI AIRTEL LIMITED,09AAACB2894G1ZL,IN,CI,C1,X,CO,AMT 6223658,1AB0325SBT,90,2025-04-01,2026-03-31,
500,1001,MERAKI27,MERAKI COMMUNICATIONS PVT.LTD.,27AAICM0807G1ZN,IN,JI,J1,X,CO,5000000,1AB0722QPH,45,2022-07-20,2023-03-31,
500,1070,MHA0165601,S P GOLDEN TRANSPORT PVT LTD,27AAKCS4776J1ZO,IN,CI,C1,X,CO,                ,1AA0721QGV,0.65,2021-07-06,2022-03-31,
500,1001,MFVF0031,FEDERATION OF INDIAN CHAMBERS OF,07AAACF1282E1Z1,IN,JP,  , ,CO,29930627,1AG0425ZLB,100,2025-04-28,2026-03-31,
500,1001,MFVF0031,FEDERATION OF INDIAN CHAMBERS OF,07AAACF1282E1Z1,IN,CP,  , ,CO,2736450409,1AG0425ZKY,100,2025-04-28,2026-03-31,
500,1001,MFVF0031,FEDERATION OF INDIAN CHAMBERS OF,07AAACF1282E1Z1,IN,CI,C1,X,CO,2736450409,1AG0425ZKY,100,2025-04-28,2026-03-31,
500,1001,MFVF0031,FEDERATION OF INDIAN CHAMBERS OF,07AAACF1282E1Z1,IN,JI,J1,X,CO,29930627,1AG0425ZLB,100,2025-04-28,2026-03-31,
500,1001,MD0080,DESIGNTECH SYSTEMS LTD,27AABCD2335F1Z2,IN,JI,J1,X,CO,120097250,1NA0726SQB,66.5,2026-07-06,2027-03-31,
500,1022,MHA0225001,INTEGRITY VERIFICATION SERVICES P L,27AACCG1281A1Z5,IN,JP,  ,X,CO,                ,1AA0120BPV,100,2020-01-06,2020-03-31,
500,1022,MHA0225001,INTEGRITY VERIFICATION SERVICES P L,27AACCG1281A1Z5,IN,JI,J1,X,CO,                ,1AA0120BPV,100,2020-01-06,2020-03-31,
500,1001,MES00816,IDIADA AUTOMOTIVE TECHNOLOGY SA,                  ,ES,JI,J1,X,CO,22500000,1AC0625ULT,47,2025-06-13,2026-03-31,
500,1001,MC02445B,McKinsey & Company India LLP,27AAXFM1434F1Z3,IN,JI,J3,X,OT,1708633372,1NC0726MCH,62.7,2026-07-17,2027-03-31,
500,1001,MC02445B,McKinsey & Company India LLP,27AAXFM1434F1Z3,IN,JP,J3,X,OT,1708633372,1NC0726MCH,62.7,2026-07-17,2027-03-31,
500,1004,ME01FDPL,Flender Drives Private Limited,33AAECF2019F1Z7,IN,LI,L1,X,CO,                ,TDSU/S194Q,100,2021-04-01,2022-03-31,
500,1004,ME01PARIS,PARIDHI ISPAT,36CUVPS1381P1ZH,IN,LI,L2,X,OT,                ,TDSU/S194Q,100,2021-04-01,2022-03-31,
500,1001,MDPLMH15,MIRUM DIGITAL PVT LTD,27AANCS0273K1ZZ,IN,JI,J1,X,CO,3500000,1AF0425DDS,58,2025-04-17,2026-03-31,
500,1067,MFCWM0794N,MAHINDRA FIRST CHOICE WHEELS LTD,27AACCM0794N1Z0,IN,CI,C1,X,CO,                ,4AG0426FWR4A005,50,2026-04-29,2027-03-31,
500,1067,MFCWLGN01,MAHINDRA FIRST CHOICE WHEELS LIMITE,09AACCM0794N1ZY,IN,CI,C1,X,CO,                ,4AG0426FWR4A005,50,2026-04-29,2027-03-31,
500,1067,MFCWN1Z8,Mahindra First Choice Wheels Limite,23AACCM0794N1Z8,IN,CI,C1,X,CO,                ,4AG0426FWR4A005,50,2026-04-29,2027-03-31,
500,1084,MDSLVEN186,Randstad India Pvt Ltd,27AABCM4781A1ZP,IN,CI,C1,X,CO,AABCM4781A,1AC0323RSF,100,2023-04-01,2024-01-24,
500,1027,MDSLVEN186,Randstad India Pvt Ltd,27AABCM4781A1ZP,IN,CI,C1,X,CO,AABCM4781A,1AC0323RSF,100,2023-04-01,2024-01-24,
500,1046,MDSRS04,Randstad India Pvt Ltd,09AABCM4781A1ZN,IN,CI,C1,X,CO,                ,1AA0424PGK,100,2024-04-01,2025-03-31,
500,1067,MFCWL02,MAHINDRA FIRST CHOICE WHEELS LIMITE,33AACCM0794N1Z7,IN,CI,C1,X,CO,                ,4AG0426FWR4A005,50,2026-04-29,2027-03-31,
500,1027,MDSLVEN329,OM  LOGISTICS SUPPLY CHAIN PVT LTD,06AAECO4660K1Z9,IN,CI,C1,X,CO,                ,1AG0426GUR,67.5,2026-04-29,2027-03-31,
500,1001,MFVE002,EXCELLON SOFTWARE PVT LTD,27AAACE8476D1ZK,IN,JP,  ,X,CO,AAACE8476D,1AB0519JPJ,45,2019-05-06,2020-03-31,
500,1001,MFVE002,EXCELLON SOFTWARE PVT LTD,27AAACE8476D1ZK,IN,JI,J1,X,CO,AAACE8476D,1AB0519JPJ,45,2019-05-06,2020-03-31,
500,1024,MFVE002,EXCELLON SOFTWARE PVT LTD,27AAACE8476D1ZK,IN,JP,  ,X,CO,AAACE8476D,2717AA009H,50,2017-02-03,2017-03-31,
500,1024,MFVE002,EXCELLON SOFTWARE PVT LTD,27AAACE8476D1ZK,IN,JI,J1,X,CO,AAACE8476D,2717AA009H,50,2017-02-03,2017-03-31,
500,9025,MFVE002,EXCELLON SOFTWARE PVT LTD,27AAACE8476D1ZK,IN,JI,J1,X,CO,                ,1AB0519JPK,45,2019-05-06,2020-03-31,
500,1023,MFCS004,SHILPALAYA TECHNICAL INSTITUTE,                  ,IN,II,I4,X,OT,                ,0211ES594B,100,2011-01-12,2011-03-31,
500,1002,MFVD010,DELOITTE HASKINS AND SELLS,27AACFD4815A2ZZ,IN,JI,J3,X,OT,                ,0212NI7171,74.6,2012-09-07,2014-03-31,
500,1030,MFVD010,DELOITTE HASKINS AND SELLS,27AACFD4815A2ZZ,IN,JI,J3,X,OT,                ,197/AACFD4815A,67.1,2011-08-05,2012-03-30,
500,1030,MFVD010,DELOITTE HASKINS AND SELLS,27AACFD4815A2ZZ,IN,JP,J3,X,OT,                ,197/AACFD4815A,67.1,2011-08-05,2012-03-30,
500,1022,MDR035,RATTAN ROAD CARRIERS,                  ,IN,CP,  ,X,OT,                ,1AC0419QCS,55,2019-05-13,2020-03-31,
500,1022,MDR035,RATTAN ROAD CARRIERS,                  ,IN,CI,C4,X,OT,                ,1AC0419QCS,55,2019-05-13,2020-03-31,
500,1023,MFVB013,BOSCO BOYS  WELFARE SOCIETY,                  ,IN,II,I4,X,OT,                ,197/264/2009-10,100,2009-11-19,2010-03-31,
500,1021,MD061,DON BOSCO VYAWASAIK PRASHIKSHAN,27AAATD7356C1ZV,IN,II,I4,X,OT,                ,0610AG201E,100,2010-05-28,2011-03-31,
500,1007,MFVF004,NETWORK ADVERTISING PVT LTD,27AAACN1450G1ZT,IN,CP,C1,X,CO,                ,IAB0820UBU,83.33,2020-08-11,2021-03-31,
500,1007,MFVF004,NETWORK ADVERTISING PVT LTD,27AAACN1450G1ZT,IN,CI,C1,X,CO,                ,IAB0820UBU,86.67,2020-08-11,2021-03-31,
500,1007,MFVF004,NETWORK ADVERTISING PVT LTD,27AAACN1450G1ZT,IN,JP,J1,X,CO,                ,1AB0820UCF,83.33,2020-08-11,2021-03-31,
500,1007,MFVF004,NETWORK ADVERTISING PVT LTD,27AAACN1450G1ZT,IN,JI,J1,X,CO,                ,1AB0820UCF,86.67,2020-08-11,2021-03-31,
500,1022,MHA0198001,LORDS FREIGHT INDIA PVT LTD,27AACCL0108M1ZN,IN,CP,  ,X,CO,                ,1AA0519EIQ,65,2019-05-09,2020-03-31,
500,1022,MHA0198001,LORDS FREIGHT INDIA PVT LTD,27AACCL0108M1ZN,IN,CI,C1,X,CO,                ,1AA0519EIQ,65,2019-05-09,2020-03-31,
500,1022,MHA0053101,YASHODA LOGISTICS PVT LTD,27AAACY3725D2ZH,IN,CI,C1,X,CO,                ,1AA0519ITQ,94.5,2019-05-02,2020-03-31,
500,1022,MHA0053101,YASHODA LOGISTICS PVT LTD,27AAACY3725D2ZH,IN,CP,  ,X,CO,                ,1AA0519ITQ,94.5,2019-05-02,2020-03-31,
500,1022,MHA0020701,PROMPT PERSONNEL PVT LTD,27AAACP9335Q2ZP,IN,CI,C1,X,CO,                ,1AA0419RIX,75,2019-05-06,2020-03-31,
500,1022,MHA0020701,PROMPT PERSONNEL PVT LTD,27AAACP9335Q2ZP,IN,JP,  ,X,CO,                ,1AA0419RIP,60,2019-08-26,2020-03-31,
500,1022,MHA0020701,PROMPT PERSONNEL PVT LTD,27AAACP9335Q2ZP,IN,JI,J1,X,CO,                ,1AA0419RIP,60,2019-08-26,2020-03-31,
500,1022,MHA0020701,PROMPT PERSONNEL PVT LTD,27AAACP9335Q2ZP,IN,CP,  ,X,CO,                ,1AA0419RIX,75,2019-05-06,2020-03-31,
500,1022,MHA0084801,PROMPT PERSONNEL CONSULTANCY,27AAACP9335Q2ZP,IN,CP,  ,X,CO,                ,1AA0419RIX,75,2019-05-06,2020-03-31,
500,1022,MHA0084801,PROMPT PERSONNEL CONSULTANCY,27AAACP9335Q2ZP,IN,JI,J1,X,CO,                ,1AA0419RIP,60,2019-08-26,2020-03-31,
500,1022,MHA0084801,PROMPT PERSONNEL CONSULTANCY,27AAACP9335Q2ZP,IN,CI,C1,X,CO,                ,1AA0419RIX,75,2019-05-06,2020-03-31,
500,1022,MHA0084801,PROMPT PERSONNEL CONSULTANCY,27AAACP9335Q2ZP,IN,JP,  ,X,CO,                ,1AA0419RIP,60,2019-08-26,2020-03-31,
500,1022,MHA0059901,OM LOGISTICS LTD,27AAACO4716C1ZT,IN,CP,  ,X,CO,                ,1AA1219XVM,90,2020-01-01,2020-03-31,
500,1022,MHA0059901,OM LOGISTICS LTD,27AAACO4716C1ZT,IN,CI,C1,X,CO,                ,1AA1219XVM,90,2020-01-01,2020-03-31,
500,1022,MHA0027301,TCI HI-WAYS PVT. LTD.,27AABCT3904C1ZR,IN,CP,  ,X,CO,                ,1AB0719MGE,40,2019-07-20,2020-03-31,
500,1022,MHA0027301,TCI HI-WAYS PVT. LTD.,27AABCT3904C1ZR,IN,CI,C1,X,CO,                ,1AB0719MGE,40,2019-07-20,2020-03-31,
500,1001,MHA0026201,SUNDHARAMS PVT LTD,27AAACS4949P1ZN,IN,CI,C1,X,CO,16000000,1NB0626BVD,25,2026-06-17,2027-03-31,
500,1022,MHA0026201,SUNDHARAMS PVT LTD,27AAACS4949P1ZN,IN,7P,  , ,CO,                ,1AA1119ROS,50,2019-12-10,2020-03-31,
500,1022,MHA0026201,SUNDHARAMS PVT LTD,27AAACS4949P1ZN,IN,7I,IA, ,CO,                ,1AA1119ROS,50,2019-12-10,2020-03-31,
500,1022,MHA0026201,SUNDHARAMS PVT LTD,27AAACS4949P1ZN,IN,CI,C1,X,CO,                ,1AA1119ROJ,95,2019-12-10,2020-03-31,
500,1022,MHA0026201,SUNDHARAMS PVT LTD,27AAACS4949P1ZN,IN,CP,  ,X,CO,                ,1AA1119ROJ,95,2019-12-10,2020-03-31,
500,1022,MHA0053401,AILSINGHANI TRANSPORT PVT LTD,27AABCA8660L2ZB,IN,CI,C1,X,CO,                ,1AH0519YAU,40,2019-05-30,2020-03-31,
500,1022,MHA0053401,AILSINGHANI TRANSPORT PVT LTD,27AABCA8660L2ZB,IN,CP,  ,X,CO,                ,1AH0519YAU,40,2019-05-30,2020-03-31,
500,1022,MHA0201001,TCI HI-WAYS PVT LTD,27AABCT3904C1ZR,IN,CI,C1,X,CO,                ,1AB0719MGE,40,2019-07-20,2020-03-31,
500,1022,MHA0201001,TCI HI-WAYS PVT LTD,27AABCT3904C1ZR,IN,CP,  ,X,CO,                ,1AB0719MGE,40,2019-07-20,2020-03-31,
500,1038,MHA0059301,COREINTEGRA CONSULTING SERVICES PVT,27AADCC6736H1ZK,IN,JI,J1,X,CO,                ,1AB0426GTA,95,2026-04-07,2027-03-31,
500,1038,MHA0059301,COREINTEGRA CONSULTING SERVICES PVT,27AADCC6736H1ZK,IN,JP,J1,X,CO,                ,1AB0426GTA,95,2026-04-07,2027-03-31,
500,1024,J0521,JALAN TRAN SOLUTIONS (INDIA),                  ,IN,CI,C1,X,CO,AABCJ3126A,0115LY589A,70,2015-08-01,2016-03-31,
500,1022,K0088,KHAITAN LOGISTICS PVT LTD.,                  ,IN,CI,C1,X,CO,                ,1AA0519YVI,100,2019-05-06,2020-03-31,
500,1022,K0088,KHAITAN LOGISTICS PVT LTD.,                  ,IN,CP,  ,X,CO,                ,1AA0519YVI,100,2019-05-06,2020-03-31,
500,1001,K270,KAMANI AUDITORIUM,                  ,IN,IP,  ,X,OT,IDS 49(2) (B&F),197/12-13/2,99.9,2012-07-25,2013-03-31,
500,1001,K270,KAMANI AUDITORIUM,                  ,IN,II,I4,X,OT,IDS 49(2) (B&F),197/12-13/2,99.9,2012-07-27,2013-03-31,
500,1001,J190,JUPITER LIFELINE HOSPITALS LTD.,27AABCJ1982E1ZN,IN,JI,J1,X,CO,2239804,1AA1023JRN,35,2023-10-11,2024-03-31,
500,1001,J171,JOY HOSPITAL PVT. LTD.,27AAACJ2503L1ZQ,IN,JI,J3,X,OT,ITO HQ,MUM CC HQ 01-02,100,2010-04-01,2010-04-01,
500,1001,ISD1296,DHL EXPRESS (INDIA) PVT LTD,04AABCD3611Q1ZQ,IN,CP,  ,X,CO,72239817420,1AC0425LYY,32.5,2025-04-09,2026-03-31,
500,1001,ISD1296,DHL EXPRESS (INDIA) PVT LTD,04AABCD3611Q1ZQ,IN,CI,C1,X,CO,72239817420,1AC0425LYY,32.5,2025-04-09,2026-03-31,
500,1001,ISD1292,DESIGNTECH SYSTEMS PVT. LTD.,27AABCD2335F1Z2,IN,JI,J1, ,CO,120097250,1NA0726SQB,66.5,2026-07-06,2027-03-31,
500,1001,ISU2035,UNIQUE CARRIERS PVT.,                  ,IN,CI,C1,X,CO,                ,1AD0621YGH,28,2021-06-17,2022-03-31,
500,1001,K251,KNIGHT FRANK (INDIA) PVT. LTD.,07AAACK1544J1ZO,IN,CI,C1,X,CO,DCIT(TDS)CIR2(1),0213TO632A,55,2013-10-22,2014-03-31,
500,1001,K143,KP CORPORATE SOLUTIONS LT,27AABCK6559L1Z0,IN,JI,J1,X,CO,                ,0616AB242D,95,2015-08-06,2016-03-31,
500,1001,JH001,JASLOK HOSPITAL and RESEARCH CENTRE,                  ,IN,JI,J1,X,CO,1500000,1AC0424NAK,100,2024-04-16,2025-03-31,
500,9012,KCMET50002,B C Web Wise Pvt. Ltd.,                  ,IN,JP,  ,X,CO,                ,0214XO403H,95.3,2014-06-18,2015-03-31,
500,9012,KCMET50002,B C Web Wise Pvt. Ltd.,                  ,IN,JI,J1,X,CO,                ,0214XO403H,95.3,2014-06-18,2015-03-31,
500,1001,JSS001,JAGUAR SECURITY SERVICES PVT LTD,27AAACJ3711E2Z0,IN,CI,C1,X,CO,17500000,1AE0425PSF,46.5,2025-04-17,2026-03-31,
500,9005,JSS001,JAGUAR SECURITY SERVICES PVT LTD,27AAACJ3711E2Z0,IN,CI,C1,X,CO,10000000,1AE0425PSE,46.5,2026-04-17,2027-03-31,
500,1001,ISSCH3815,ISS FACILITY SERVICE INDIA PVT LTD,33AABCI3815M1ZM,IN,CI,C1,X,CO,422820,1AG0425HFY,42.5,2025-04-23,2026-03-31,
500,1044,KAHM01,Hexagon Metrology India Pvt.Ltd.,29AABCH5820M1ZB,IN,JI,J1,X,CO,                ,1AB0720BTO,100,2020-07-06,2020-07-31,
500,1001,ISORA105CH,IPSOS RESEARCH PRIVATE LIMITED,33AABCI3609K1ZQ,IN,JI,J1,X,CO,3734000,1AG0425EGO,44,2025-04-23,2026-03-31,
500,1001,JLL003,JONES LANG LASALLE PROPERTY,33AAACL2089B1ZZ,IN,JP,  ,X,CO,332748483,1AC0526XFO,65,2026-05-15,2027-03-31,
500,1001,JLL003,JONES LANG LASALLE PROPERTY,33AAACL2089B1ZZ,IN,JI,J1,X,CO,332748483,1AC0526XFO,65,2026-05-15,2027-03-31,
500,1022,JHA0024101,SECURITY AND INTELLIGENCE SERV INDI,20AAECS3538A1Z1,IN,CI,C1,X,CO,                ,1AD0519MPE,99.5,2019-06-10,2020-03-31,
500,1022,JHA0024101,SECURITY AND INTELLIGENCE SERV INDI,20AAECS3538A1Z1,IN,CP,  ,X,CO,                ,1AD0519MPE,99.5,2019-06-10,2020-03-31,
500,1001,ISS815M,ISS FACILITY SERVICES INDIA PRIVATE,32AABCI3815M1ZO,IN,CI,C1,X,CO,333372,1AC0624MKG,42.5,2024-06-10,2025-03-31,
500,1022,K10093,KUNDANMAL MUKANMAL TRADERS PVT.LTD.,                  ,IN,CP,  ,X,CO,                ,1AA1119IWF,99.5,2019-11-18,2020-03-31,
500,1022,K10093,KUNDANMAL MUKANMAL TRADERS PVT.LTD.,                  ,IN,CI,C1,X,CO,                ,1AA1119IWF,99.5,2019-11-18,2020-03-31,
500,1044,KAF00668,FEDEX EXPRESS TRANSPORTATION AND SU,29AABCF6516A1ZZ,IN,CP,C1, ,CO,                ,1AB0521BWF,50,2021-05-05,2022-03-31,
500,1044,KAF00668,FEDEX EXPRESS TRANSPORTATION AND SU,29AABCF6516A1ZZ,IN,CI,C1,X,CO,                ,1AB0521BWF,50,2021-05-05,2022-03-31,
500,1001,ISS17,ISS SDB SECURITY SERVICES PRIVATE L,36AAACT3628C1ZO,IN,CI,C1,X,CO,1409298,1AF0425HRQ,62.5,2025-04-17,2026-03-31,
500,1070,J000011,JET ROAD LINES (INDIA) PVT. LTD.,                  ,IN,CI,C1,X,CO,AAACJ0880G,1NC0626BVM,75,2026-06-30,2027-03-31,
500,1001,ISDB3628,ISS SDB Security Service Private Li,32AAACT3628C1ZW,IN,CI,C1,X,CO,1409298,1AF0425HRQ,62.5,2025-04-17,2026-03-31,
500,1001,ISSKOL3628,ISS SDB Security Service Pvt. Ltd.,19AAACT3628C1ZK,IN,CI,C1,X,CO,1409298,1AF0425HRQ,62.5,2025-04-17,2026-03-31,
500,1001,I6816,IMI MOBILE PVT.LTD,36AABCI0546B1Z5,IN,JI,J1,X,CO,                ,1AA0419PBS,99,2019-04-22,2020-03-31,
500,1022,JHA0466001,SERVICE MASTER CLEAN LTD,20AANCS2248G1ZJ,IN,CP,  ,X,CO,                ,1AD0519TVY,75,2019-06-07,2020-03-31,
500,1022,JHA0466001,SERVICE MASTER CLEAN LTD,20AANCS2248G1ZJ,IN,CI,C1,X,CO,                ,1AD0519TVY,75,2019-06-07,2020-03-31,
500,1001,ISSFS1,ISS FACILITY SERVICES,36AABCI3815M1ZG,IN,CI,C1,X,CO,422820,1AG0425HFY,42.5,2025-04-23,2026-03-31,
500,1001,IFBIPL015,INFOBIP INDIA PVT LTD,27AADCI4073K1ZD,IN,JI,J1,X,CO,23000000,1NA0726YDI,65,2026-07-07,2027-03-31,
500,1001,I9038,"INTCOM SYSTEMS PVT. LTD.,",27AAACI2521F1Z2,IN,JI,J1,X,CO,2(1)MUMBAI(NEW),0210BE353D,99.95,2010-10-18,2011-03-31,
500,1001,IMPGP003,MAHINDRA INTEGRATED BUSINESS SOLUTI,                  ,US,JI,J1,X,CO,1222281345,1AD0725FHI,70,2025-07-31,2026-03-31,
500,1079,IMPGP003,MAHINDRA INTEGRATED BUSINESS SOLUTI,                  ,US,JI,J1,X,CO,2789382109,1AD0725FHX,70,2025-07-31,2026-03-31,
500,1044,KADART001,DART GLOBAL LOGISTICS PRIVATE LIMIT,29AAACD3181G1ZR,IN,CI,C1,X,CO,                ,1AD0821HTY,99.9,2021-08-30,2022-03-31,
500,1001,P0027H,PHARMA TRADERS PRIVATE LIMITED,                  ,IN,CP,C1, ,CO,                ,1510AB822C,25,2010-05-25,2011-03-31,
500,1001,P0027H,PHARMA TRADERS PRIVATE LIMITED,                  ,IN,CI,C1,X,CO,                ,1510AB822C,25,2010-05-25,2011-03-31,
500,1019,P00042,PC TECHNOWLEDGE CENTRE PV,                  ,IN,CI,C1,X,CO,                ,0210BK2391,65,2010-05-07,2011-03-31,
500,1001,OET022,TQM INTERNATIONAL PVT LTD,                  ,IN,JP,  ,X,CO,51 (5),0110AM234J/246,58,2010-05-18,2011-03-31,
500,1001,OET022,TQM INTERNATIONAL PVT LTD,                  ,IN,JI,J1,X,CO,51 (5),0110AM234J/246,58,2010-05-18,2011-03-31,
500,1001,O5912,ORIENT SHIP AGENCY PVT LTD,                  ,IN,CI,C1,X,CO,DDIT(IT)4(2),2011-11/1,100,2011-04-01,2012-03-31,
500,1018,NM0023,MA FOI MANAGEMENT,                  ,IN,JI,J1, ,CO,                ,0312CA464A,99.9,2011-12-28,2012-03-31,
500,1068,ONE,.,                  ,IN,CI,C4,X,CO,VENDOR,1AC0620QIT,100,2020-12-01,2030-03-31,
500,1022,OKAY1022,OKAY LOGISTICS PVT LTD,32AABCO5777E1ZI,IN,CP,  ,X,CO,                ,1AC0619NNB,62.5,2019-06-21,2020-03-31,
500,1022,OKAY1022,OKAY LOGISTICS PVT LTD,32AABCO5777E1ZI,IN,CI,C1,X,CO,                ,1AC0619NNB,62.5,2019-06-21,2020-03-31,
500,1001,OPTUM6027,Optum Health & Technology (India) P,29AADCP6027A1ZP,IN,CI,C1,X,CO,                ,0418AT027A,50,2018-07-02,2019-03-31,
500,1005,N6092,NYK LINE (INDIA) LTD,27AAACH7663P1ZX,IN,CI,C1, ,CO,                ,ITBA/COM/F/17/2024-25/106,100,2024-04-01,2025-03-31,
500,1001,N6092,NYK LINE (INDIA) LTD,27AAACH7663P1ZX,IN,CP,  ,X,CO,                ,ITO(IT)KOL.662,100,2010-04-12,2011-03-31,
500,1001,N6092,NYK LINE (INDIA) LTD,27AAACH7663P1ZX,IN,CI,C1,X,CO,                ,ITO(IT)KOL.662,100,2010-04-12,2011-03-31,
500,1005,ONETIMEGJ2,ONE TIME VENDOR,24AAACM4745P1Z5,IN,CI,C1,X,CO,BN,A,100,2021-03-27,2021-03-28,
500,1022,OSA0048201,M/S SVT LOGISTICS PVT LTD.,21AAACU9384J1Z2,IN,CP,  ,X,CO,                ,1AD0519CON,55,2019-05-22,2020-03-31,
500,1022,OSA0048201,M/S SVT LOGISTICS PVT LTD.,21AAACU9384J1Z2,IN,CI,C1,X,CO,                ,1AD0519CON,55,2019-05-22,2020-03-31,
500,1001,O0020P,ORANGE CITY HOSPITAL & RESEARCH,27AAACR8597E1ZZ,IN,JI,J1,X,CO,                ,2718AA281C,50,2018-07-11,2019-03-31,
500,1001,P00044,P.D.HINDUJA NATIONAL HOSPITAL,                  ,IN,JI,J3,X,OT,15230768,1AD0522DSJ,100,2022-05-13,2023-03-31,
500,1001,ODA1820,ADECCO INDIA PVT LTD,21AABCG3636Q1ZI,IN,JI,J1,X,CO,                ,1AB0520QYC,73.33,2020-06-29,2021-03-31,
500,1001,NEA1820,ADECCO INDIA PVT LTD,18AABCG3636Q1Z5,IN,JI,J1,X,CO,                ,1AB0520QYC,73.33,2020-06-29,2021-03-31,
500,1001,NS004,NETBUSINESS SOLUTIONS (I),27AABCN1252H1ZQ,IN,JI,J1,X,CO,500000,1AA0824GEZ,50,2024-08-06,2025-03-31,
500,1001,NASFT02,NATIONAL AVIATION SECURITY FEE TRUS,24AADTN2508F1ZY,IN,CI,C4,X,OT,9272,1AA1023CBY,100,2023-10-05,2024-03-31,
500,1001,P013,P. D. HINDUJA NATIONAL HOSPITAL &,27AAATN0093Q1Z4,IN,JI,J3,X,OT,10800000,1AA0725NKD,100,2025-07-04,2026-03-31,
500,1001,NSMADE0121,MAHINDRA ADVANCED DESIGN EUROPE,                  ,GB,JI,J1,X,CO,1222281345,1AD0725FHI,70,2025-07-31,2026-03-31,
500,1079,NSMADE0121,MAHINDRA ADVANCED DESIGN EUROPE,                  ,GB,JI,J1,X,CO,2789382109,1AD0725FHX,70,2025-07-31,2026-03-31,
500,1001,NASFT08,NATIONAL AVIATION SECURITY FEE TRUS,32AADTN2508F1Z1,IN,CI,C4,X,OT,9272,1AA1023CBY,100,2023-10-05,2024-03-31,
500,1001,P0117,PIMPRI CHINCHWAD MATHADI AND,                  ,IN,CI,C4,X,OT,                ,1NA0626GRY,100,2026-06-04,2027-03-31,
500,1001,NSPL001,NOBLE SHIPPING PVT,27AABCN3498H1Z6,IN,CI,C1,X,CO,5200000,1AC0426RZI,67.5,2026-04-15,2027-03-31,
500,1001,OLS254995B,OM LOGISTICS SUPPLY CHAIN PRIVATE L,29AAECO4660K1Z1,IN,CI,C1,X,CO,                ,1AG0426GGL,67.5,2026-04-29,2027-03-31,
500,1022,O0038,OM LOGISTICS LTD,                  ,IN,CP,  ,X,CO,                ,1AA1219XVM,90,2020-01-01,2020-03-31,
500,1022,O0038,OM LOGISTICS LTD,                  ,IN,CI,C1,X,CO,AAACO4716C,1AA1219XVM,90,2020-01-01,2020-03-31,
500,1022,OSA0181301,GEEKAY SECURITY SERVICES PVT LTD,21AACCG1282D1ZA,IN,CP,  ,X,CO,                ,1AA0120MSG,50,2020-03-13,2020-03-31,
500,1022,OSA0181301,GEEKAY SECURITY SERVICES PVT LTD,21AACCG1282D1ZA,IN,CI,C1,X,CO,                ,1AA0120MSG,50,2020-03-13,2020-03-31,
500,1001,O00164,OUTDOOR ADVERTISING,27AAACO5220D1ZY,IN,CI,C1,X,CO,100000000,0217DE146G,53,2017-05-29,2018-03-31,
500,1001,P00612,PLATINUM COMMUNICATIONS,27AAECP2215R1Z3,IN,CP,C1, ,CO,7000000,1AF0621XIW,15,2021-06-30,2022-03-31,
500,1001,P00612,PLATINUM COMMUNICATIONS,27AAECP2215R1Z3,IN,CI,C1,X,CO,7000000,1AF0621XIW,15,2021-06-30,2022-03-31,
500,1037,O02162B,OM LOGISTICS  LIMITED,29AAACO4716C1ZP,IN,CI,C1,X,CO,                ,1AA1219VSV,86,2019-12-26,2020-06-30,
500,9033,NSPIREAUT1,ZARTHI PRIVATE LIMITED,09AAHCN9995R1ZZ,IN,JI,J1,X,CO,                ,4AB0426LER,90,2026-04-08,2027-03-31,
500,1001,NSTCISC012,TCI Supply chain solutions,06AAACT7966R7Z9,IN,CI,C1,X,CO,9390000,1AA0426SYZ,65,2026-04-02,2027-03-31,
500,1081,NSTCISC012,TCI Supply chain solutions,06AAACT7966R7Z9,IN,CI,C1,X,CO,69190000,1AA0426SZQ,65,2026-04-02,2027-03-31,
500,1001,NH0024,DR. NAMJOSHI HOSPITAL PVT,27AABCD7562L1ZA,IN,JI,J1,X,CO,5000000,1AD0724JQK,65,2024-07-23,2025-03-31,
500,9001,NH0024,DR. NAMJOSHI HOSPITAL PVT,27AABCD7562L1ZA,IN,JI,J1,X,CO,                ,1AD0724JRR,96.5,2024-07-23,2025-03-31,
500,1003,BMECF0101,MECKLAI FINANCIAL SERVICES LTD,                  ,IN,JI,J1,X,CO,                ,0211FD427H,82.8,2011-05-06,2012-03-31,
500,1001,B5576,BOMBAY IRON & STEEL LABOUR BOARD.,                  ,IN,CI,C4,X,OT,                ,DCIT(E)-/18-19,100,2018-04-02,2019-03-31,
500,1001,B5576,BOMBAY IRON & STEEL LABOUR BOARD.,                  ,IN,CP,  , ,OT,                ,DCIT(E)-/18-19,100,2018-04-02,2019-03-31,
500,1003,BTULK0101,TULSIDAS KHIMJI PVT LTD,                  ,IN,CI,C1,X,CO,                ,0210BD008E,65,2010-04-28,2011-03-31,
500,1003,BTULK0101,TULSIDAS KHIMJI PVT LTD,                  ,IN,CP,C1, ,CO,                ,0210BD008E,65,2010-04-28,2011-03-03,
500,1001,B5609,BUREAU VERITAS (INDIA) PVT. LTD.,27AABCB6767B1ZS,IN,JI,J1,X,CO,7500000,1NB0726UQA,30,2026-07-10,2027-03-31,
500,1001,B5609,BUREAU VERITAS (INDIA) PVT. LTD.,27AABCB6767B1ZS,IN,JP,J1, ,CO,7500000,1NB0726UQA,30,2026-07-10,2027-03-31,
500,1001,BTHEB0301,THE BOMBAY TEXTILE RESEARCH ASSOCIA,27AAAAT4861D1ZK,IN,JI,J3,X,OT,                ,0218CE552I,99.5,2018-06-04,2019-03-31,
500,1006,C122,CLASSIC PRODUCTS PVT.LTD.,27AACCC3604R1ZF,IN,CI,C1,X,CO,                ,0218EV406F,37.5,2018-09-28,2019-03-31,
500,1006,C122,CLASSIC PRODUCTS PVT.LTD.,27AACCC3604R1ZF,IN,CP,C1, ,CO,                ,0218EV406F,37.5,2018-09-28,2019-03-31,
500,1005,C122,CLASSIC PRODUCTS PVT.LTD.,27AACCC3604R1ZF,IN,CI,C1,X,CO,                ,0218EV417C,37.5,2018-09-28,2019-03-31,
500,1005,C122,CLASSIC PRODUCTS PVT.LTD.,27AACCC3604R1ZF,IN,CP,C1, ,CO,                ,0218EV417C,37.5,2018-09-28,2019-03-31,
500,1052,C122,CLASSIC PRODUCTS PVT.LTD.,27AACCC3604R1ZF,IN,CI,C1,X,CO,                ,0217EG234G,52,2017-08-02,2018-03-31,
500,1001,B387,BHAKTIVEDANTA HOSPITAL,                  ,IN,JI,J3,X,OT,                ,0615FQ976A,95,2015-05-05,2016-03-31,
500,9017,CH00119,H. T. L. LOGISTICS INDIA (PVT) LTD.,27AABCH1588E1ZN,IN,CI,C1,X,CO,                ,0314EZ536F,87.5,2014-02-07,2014-03-31,
500,1001,B5420,B.C.J.GENERAL HOSPITAL.,                  ,IN,JI,J3,X,OT,                ,0216DP678H,88.4,2016-08-01,2017-03-31,
500,1001,B026,DR. BALABHAI NANAVATI HOSPITAL,                  ,IN,JI,J3,X,OT,600000,1AB0523HHZ,100,2023-05-08,2024-03-31,
500,1001,CH054,HYPERCITY RETAIL (INDIA) LTD.,                  ,IN,II,I1,X,CO,194I,0211HU648H,100,2011-08-05,2012-03-31,
500,1006,BVIST0201,VISHWAS TRANSOLUTIONS CO,                  ,IN,CI,C1,X,OT,                ,01,100,2016-04-01,2017-03-31,
500,1005,BVIST0201,VISHWAS TRANSOLUTIONS CO,                  ,IN,CI,C4,X,OT,                ,01,100,2016-04-01,2017-03-31,
500,9001,CANN032,NANAVATI HOSPITAL,                  ,IN,JI,J3,X,OT,500000,1AB0523HHW,100,2023-05-08,2024-03-31,
500,1030,CANB0032,DR.BALABHAI NANAVATI HOSPITAL,                  ,IN,JP,J3,X,OT,                ,197/AAATD0094K,100,2011-07-28,2012-03-31,
500,9018,CANB0032,DR.BALABHAI NANAVATI HOSPITAL,                  ,IN,JI,J3, ,OT,                ,AAATD0094K,100,2023-05-08,2024-03-31,
500,9018,CANB0032,DR.BALABHAI NANAVATI HOSPITAL,                  ,IN,JP,J3, ,OT,                ,AAATD0094K,100,2023-05-08,2024-03-31,
500,1030,CANB0032,DR.BALABHAI NANAVATI HOSPITAL,                  ,IN,JI,J3,X,OT,                ,197/AAATD0094K,100,2011-07-28,2012-03-31,
500,9001,CANB0032,DR.BALABHAI NANAVATI HOSPITAL,                  ,IN,JI,J3,X,OT,                ,1AC0519GRC,100,2019-05-10,2020-03-31,
500,1001,CANJ0019,JOY HOSPITAL,                  ,IN,JI,J1,X,OT,ITO HQ,MUM CC HQ 01-02,100,2010-04-01,2011-03-31,
500,1001,BSHAS0201,SHAREPRO SERVICES (I) PVT LTD,                  ,IN,JP,  ,X,CO,DCIT(TDS)-3(2),AAICS5500L/5,51,2011-04-01,2012-03-31,
500,1001,BSHAS0201,SHAREPRO SERVICES (I) PVT LTD,                  ,IN,JI,J1,X,CO,DCIT(TDS)-3(2),AAICS5500L/5,51,2011-04-01,2012-03-31,
500,1022,B0062,BHAGWATI AUTOCAST  LTD.,                  ,IN,CP,  ,X,CO,                ,1AC0619KEH,50,2019-06-18,2020-03-31,
500,1022,B0062,BHAGWATI AUTOCAST  LTD.,                  ,IN,CI,C1,X,CO,                ,1AC0619KEH,50,2019-06-18,2020-03-31,
500,9017,B485,BERGGRUEN CAR RENTAL PVT LTD,                  ,IN,CI,C1,X,CO,                ,0212NL339I,93.5,2012-09-04,2013-03-31,
500,1001,BCI001,BAIN & CO.INDIA PVT.LTD.,                  ,IN,JI,J1,X,CO,                ,02316AB326E,90,2016-05-11,2017-03-31,
500,1001,BMAHL0101,MAHINDRA LOGISTICS LTD,27AAFCM2530H1ZO,IN,CI,C1,X,CO,31084341727,1AD0426EMH,60,2026-04-16,2027-03-31,
500,1023,BBH1001,BOSCO BOYS HOME,                  ,IN,II,I4,X,OT,                ,0211GH052H,100,2011-05-20,2012-03-31,
500,1001,C489,CHECKMATE SERVICES PVT LTD,                  ,IN,CI,C1,X,CO,                ,0916AC619B,75,2017-01-25,2017-03-31,
500,1024,C0823A,Centum Learning Limited,                  ,IN,JI,J1,X,CO,AADCB3842R,0116CD641A,70,2016-06-29,2017-03-31,
500,1001,C00430,CENTUM LEARNING,07AADCB3842R1Z9,IN,CI,C1,X,CO,1900000,1AA1223AET,67.5,2023-11-30,2024-03-31,
500,1024,C0837,CAPRI HOSPITALITY SERVICES PVT LTD,23AACCC0739R1ZH,IN,CP,  ,X,CO,AACCC0739R,1514AO530I,50,2014-10-24,2015-03-31,
500,1024,C0837,CAPRI HOSPITALITY SERVICES PVT LTD,23AACCC0739R1ZH,IN,CI,C1,X,CO,AACCC0739R,1514AO530I,50,2014-10-24,2015-03-31,
500,1003,BJETL0101,JETSPEED LOGISTICS PVT.LTD.,                  ,IN,CI,C1,X,CO,2014-15/6,0214UR202H,90,2014-04-21,2015-03-31,
500,1001,ASPLD101,ARAVON SERVICES PVT LTD,07AAGCA4383F2ZP,IN,CI,C1,X,CO,RS.26771600,0217CY410J,100,2017-09-11,2018-03-31,
500,1001,AVLINDIA01,AVL INDIA PVT.LTD.,33AAACA0382J1Z1,IN,JI,J1,X,CO,                ,0118CR900G,90,2018-09-13,2019-03-31,
500,1001,ARC005,ALMUS RISK CONSULTING LLP,27AAVFA6147K1ZU,IN,JI,J3,X,OT,"RS. 3,00,000/-",1AC0619VII,60,2019-07-11,2020-03-31,
500,1001,B2849,BHARTI AIRTEL LTD.,                  ,IN,CI,C1,X,CO,AMT 9509441,1AB0323MAB,94.5,2023-04-01,2024-03-31,
500,1001,AS1803,APOLLO SPECIALITY HOSPITALS PVT LTD,27AADCN1803G1ZT,IN,JI,J1,X,CO,704480,1AE0423YHA,99,2023-04-25,2024-03-31,
500,1022,BPA0024101,SECURITY AND INTELLIGENCE SERVICES,10AAECS3538A1Z2,IN,CI,C1,X,CO,                ,1AD0519MPE,99.5,2019-06-10,2020-03-31,
500,1022,BPA0024101,SECURITY AND INTELLIGENCE SERVICES,10AAECS3538A1Z2,IN,CP,  ,X,CO,                ,1AD0519MPE,99.5,2019-06-10,2020-03-31,
500,1022,ASA0024101,SECURITY AND INTELLIGENCE SERVICES,18AAECS3538A1ZM,IN,CI,C1,X,CO,                ,1AD0519MPE,99.5,2019-06-10,2020-03-31,
500,1022,ASA0024101,SECURITY AND INTELLIGENCE SERVICES,18AAECS3538A1ZM,IN,CP,  ,X,CO,                ,1AD0519MPE,99.5,2019-06-10,2020-03-31,
500,1006,C1161,CLASSIC PRODUCTS PVT.LTD,23AACCC3604R1ZN,IN,CI,C1,X,CO,                ,0218EV406F,37.5,2018-09-28,2019-03-31,
500,1001,AYREW105CH,Ayana Renewable Power Private Limit,29AAPCA2514F1ZQ,IN,LI,L1,X,CO,4000000,1NA0526NBS,90,2026-05-15,2027-03-31,
500,1019,A00077,ANANTARA SOLUTIONS PVT.LTD.,33AAFCA9547C2ZT,IN,JI,J1,X,CO,                ,0313ED620J,60,2013-05-31,2014-03-31,
500,1019,A00077,ANANTARA SOLUTIONS PVT.LTD.,33AAFCA9547C2ZT,IN,JP,J1, ,CO,                ,0313ED620J,60,2013-05-31,2014-03-31,
500,1001,01MAS1022,Mahindra Logistic Ltd,01AAFCM2530H1Z2,IN,CI,C1,X,CO,31084341727,1AD0426EMH,60,2026-04-16,2027-03-31,
500,1001,01MAS1022,Mahindra Logistic Ltd,01AAFCM2530H1Z2,IN,II,I1,X,CO,866946434,1AD0426EMI,92,2026-04-16,2027-03-31,
500,1001,01MAS1022,Mahindra Logistic Ltd,01AAFCM2530H1Z2,IN,JI,J1,X,CO,2070249434,1AD0426EMJ,92,2026-04-16,2027-03-31,
500,1036,01MAS1022,Mahindra Logistic Ltd,01AAFCM2530H1Z2,IN,II,I1,X,CO,                ,1AD0426EJO,92,2026-04-23,2027-03-31,
500,1001,03MAS1022,Mahindra Logistic Ltd,03AAFCM2530H1ZY,IN,CI,C1,X,CO,31084341727,1AD0426EMH,60,2026-04-16,2027-03-31,
500,1001,03MAS1022,Mahindra Logistic Ltd,03AAFCM2530H1ZY,IN,II,I1,X,CO,866946434,1AD0426EMI,92,2026-04-16,2027-03-31,
500,1001,03MAS1022,Mahindra Logistic Ltd,03AAFCM2530H1ZY,IN,JI,J1,X,CO,2070249434,1AD0426EMJ,92,2026-04-16,2027-03-31,
500,1036,03MAS1022,Mahindra Logistic Ltd,03AAFCM2530H1ZY,IN,CI,C1,X,CO,                ,1AD0426EJO,60,2026-04-23,2027-03-31,
500,1024,03MAS1022,Mahindra Logistic Ltd,03AAFCM2530H1ZY,IN,CI,C1,X,CO,RS 18766317,0218AS815J,48,2018-05-04,2019-03-31,
500,1024,03MAS1022,Mahindra Logistic Ltd,03AAFCM2530H1ZY,IN,JI,  ,X,CO,RS 213586,0218AS596F,75,2018-05-04,2019-03-31,
500,1024,03MAS1022,Mahindra Logistic Ltd,03AAFCM2530H1ZY,IN,II,  ,X,CO,RS 3850000,0218AS531C,75,2018-05-04,2019-03-31,
500,1001,10MAS1022,Mahindra Logistic Ltd,10AAFCM2530H1Z3,IN,CP,C1, ,CO,31084341727,1AD0426EMH,60,2026-04-16,2027-03-31,
500,1001,10MAS1022,Mahindra Logistic Ltd,10AAFCM2530H1Z3,IN,CI,C1,X,CO,31084341727,1AD0426EMH,60,2026-04-16,2027-03-31,
500,1001,10MAS1022,Mahindra Logistic Ltd,10AAFCM2530H1Z3,IN,II,I1,X,CO,866946434,1AD0426EMI,92,2026-04-16,2027-03-31,
500,1036,10MAS1022,Mahindra Logistic Ltd,10AAFCM2530H1Z3,IN,II,I1,X,CO,                ,1AD0426EJO,92,2026-04-23,2027-03-31,
500,1001,18MAS1022,Mahindra Logistic Ltd,18AAFCM2530H1ZN,IN,CP,C1, ,CO,31084341727,1AD0426EMH,60,2026-04-16,2027-03-31,
500,1001,18MAS1022,Mahindra Logistic Ltd,18AAFCM2530H1ZN,IN,CI,C1,X,CO,31084341727,1AD0426EMH,60,2026-04-16,2027-03-31,
500,1001,18MAS1022,Mahindra Logistic Ltd,18AAFCM2530H1ZN,IN,II,I1,X,CO,866946434,1AD0426EMI,92,2026-04-16,2027-03-31,
500,1036,18MAS1022,Mahindra Logistic Ltd,18AAFCM2530H1ZN,IN,II,I1,X,CO,                ,1AD0426EJO,92,2026-04-23,2027-03-31,
500,1001,21MAS1022,Mahindra Logistic Ltd,21AAFCM2530H1Z0,IN,CI,C1,X,CO,31084341727,1AD0426EMH,60,2026-04-16,2027-03-31,
500,1001,21MAS1022,Mahindra Logistic Ltd,21AAFCM2530H1Z0,IN,CP,C1, ,CO,31084341727,1AD0426EMH,60,2026-04-16,2027-03-31,
500,1001,21MAS1022,Mahindra Logistic Ltd,21AAFCM2530H1Z0,IN,II,I1,X,CO,866946434,1AD0426EMI,92,2026-04-16,2027-03-31,
500,1036,21MAS1022,Mahindra Logistic Ltd,21AAFCM2530H1Z0,IN,II,I1,X,CO,                ,1AD0426EJO,92,2026-04-23,2027-03-31,
500,1001,22MAS1022,Mahindra Logistic Ltd,22AAFCM2530H1ZY,IN,CI,C1,X,CO,31084341727,1AD0426EMH,60,2026-04-16,2027-03-31,
500,1001,22MAS1022,Mahindra Logistic Ltd,22AAFCM2530H1ZY,IN,II,I1,X,CO,866946434,1AD0426EMI,92,2026-04-16,2027-03-31,
500,1036,22MAS1022,Mahindra Logistic Ltd,22AAFCM2530H1ZY,IN,II,I1,X,CO,                ,1AD0426EJO,92,2026-04-23,2027-03-31,
500,1001,09MAS1022,Mahindra Logistic Ltd,09AAFCM2530H1ZM,IN,CP,  , ,CO,31084341727,1AD0426EMH,60,2026-04-16,2027-03-31,
500,1001,09MAS1022,Mahindra Logistic Ltd,09AAFCM2530H1ZM,IN,CI,C1,X,CO,31084341727,1AD0426EMH,60,2026-04-16,2027-03-31,
500,1001,09MAS1022,Mahindra Logistic Ltd,09AAFCM2530H1ZM,IN,II,I1,X,CO,866946434,1AD0426EMI,92,2026-04-16,2027-03-31,
500,1001,09MAS1022,Mahindra Logistic Ltd,09AAFCM2530H1ZM,IN,JI,J1,X,CO,2070249434,1AD0426EMJ,92,2026-04-16,2027-03-31,
500,1024,09MAS1022,Mahindra Logistic Ltd,09AAFCM2530H1ZM,IN,CI,C1,X,CO,RS 18766317,0218AS815J,48,2018-05-04,2019-03-31,
500,1036,09MAS1022,Mahindra Logistic Ltd,09AAFCM2530H1ZM,IN,II,I1,X,CO,                ,1AD0426EJO,92,2026-04-23,2027-03-31,
500,1024,09MAS1022,Mahindra Logistic Ltd,09AAFCM2530H1ZM,IN,II,  , ,CO,RS 3850000,0218AS531C,75,2018-05-04,2019-03-31,
500,1024,09MAS1022,Mahindra Logistic Ltd,09AAFCM2530H1ZM,IN,JI,  , ,CO,RS 213586,0218AS596F,75,2018-05-04,2019-03-31,
500,1001,20MAS1022,Mahindra Logistic Ltd,20AAFCM2530H1Z2,IN,CP,C1, ,CO,31084341727,1AD0426EMH,60,2026-04-16,2027-03-31,
500,1001,20MAS1022,Mahindra Logistic Ltd,20AAFCM2530H1Z2,IN,CI,C1,X,CO,31084341727,1AD0426EMH,60,2026-04-16,2027-03-31,
500,1001,20MAS1022,Mahindra Logistic Ltd,20AAFCM2530H1Z2,IN,II,I1,X,CO,866946434,1AD0426EMI,92,2026-04-16,2027-03-31,
500,1036,20MAS1022,Mahindra Logistic Ltd,20AAFCM2530H1Z2,IN,II,I1,X,CO,                ,1AD0426EJO,92,2026-04-23,2027-03-31,
500,1019,29MAS1022,Mahindra Logistic Ltd,29AAFCM2530H1ZK,IN,CI,C1,X,CO,"80,871,074",1AA0519DYB,32.5,2019-04-30,2020-03-31,
500,1001,29MAS1022,Mahindra Logistic Ltd,29AAFCM2530H1ZK,IN,CI,C1,X,CO,31084341727,1AD0426EMH,60,2026-04-16,2027-03-31,
500,1001,29MAS1022,Mahindra Logistic Ltd,29AAFCM2530H1ZK,IN,CP,C1, ,CO,31084341727,1AD0426EMH,60,2026-04-16,2027-03-31,
500,1001,29MAS1022,Mahindra Logistic Ltd,29AAFCM2530H1ZK,IN,II,I1,X,CO,866946434,1AD0426EMI,92,2026-04-16,2027-03-31,
500,1001,29MAS1022,Mahindra Logistic Ltd,29AAFCM2530H1ZK,IN,JI,J1,X,CO,2070249434,1AD0426EMJ,92,2026-04-16,2027-03-31,
500,1024,29MAS1022,Mahindra Logistic Ltd,29AAFCM2530H1ZK,IN,JI,J1,X,CO,RS 213586,0218AS596F,75,2018-05-04,2019-03-31,
500,1081,29MAS1022,Mahindra Logistic Ltd,29AAFCM2530H1ZK,IN,CI,C1,X,CO,3423983036,1AD0426EMP,60,2026-04-16,2027-03-31,
500,1024,29MAS1022,Mahindra Logistic Ltd,29AAFCM2530H1ZK,IN,CI,C1,X,CO,RS 18766317,0218AS815J,48,2018-05-04,2019-03-31,
500,1024,29MAS1022,Mahindra Logistic Ltd,29AAFCM2530H1ZK,IN,II,  , ,CO,RS 3850000,0218AS531C,75,2018-05-04,2019-03-31,
500,1036,29MAS1022,Mahindra Logistic Ltd,29AAFCM2530H1ZK,IN,II,I1,X,CO,                ,1AD0426EJO,92,2026-04-23,2027-03-31,
500,1019,27MAS1022,Mahindra Logistic Ltd,27AAFCM2530H1ZO,IN,CI,C1,X,CO,                ,1AA0519DYB,32.5,2019-04-30,2020-03-31,
500,1001,27MAS1022,Mahindra Logistic Ltd,27AAFCM2530H1ZO,IN,CP,C1, ,CO,31084341727,1AD0426EMH,60,2026-04-16,2027-03-31,
500,1001,27MAS1022,Mahindra Logistic Ltd,27AAFCM2530H1ZO,IN,CI,C1,X,CO,31084341727,1AD0426EMH,60,2026-04-16,2027-03-31,
500,1001,27MAS1022,Mahindra Logistic Ltd,27AAFCM2530H1ZO,IN,II,I1,X,CO,866946434,1AD0426EMI,92,2026-04-16,2027-03-31,
500,1001,27MAS1022,Mahindra Logistic Ltd,27AAFCM2530H1ZO,IN,JI,J1,X,CO,2070249434,1AD0426EMJ,92,2026-04-16,2027-03-31,
500,1036,27MAS1022,Mahindra Logistic Ltd,27AAFCM2530H1ZO,IN,II,I1,X,CO,                ,1AD0426EJO,92,2026-04-23,2027-03-31,
500,1036,36MAS1022,MAHINDRA LOGISTICS LTD,36AAFCM2530H1ZP,IN,CI,C1, ,CO,                ,1AD0426EJO,92,2026-04-23,2027-03-31,
500,1024,36MAS1022,MAHINDRA LOGISTICS LTD,36AAFCM2530H1ZP,IN,CI,C1,X,CO,RS 18766317,0218AS815J,48,2018-05-04,2019-03-31,
500,1024,36MAS1022,MAHINDRA LOGISTICS LTD,36AAFCM2530H1ZP,IN,II,  , ,CO,RS 3850000,0218AS531C,75,2018-05-04,2019-03-31,
500,1081,36MAS1022,MAHINDRA LOGISTICS LTD,36AAFCM2530H1ZP,IN,CI,C1,X,CO,3423983036,1AD0426EMP,60,2026-04-16,2027-03-31,
500,1036,36MAS1022,MAHINDRA LOGISTICS LTD,36AAFCM2530H1ZP,IN,II,I1,X,CO,                ,1AD0426EJO,92,2026-04-16,2027-03-31,
500,1024,36MAS1022,MAHINDRA LOGISTICS LTD,36AAFCM2530H1ZP,IN,JI,J1, ,CO,RS 213586,0218AS596F,75,2018-05-04,2019-03-31,
500,1019,36MAS1022,MAHINDRA LOGISTICS LTD,36AAFCM2530H1ZP,IN,CI,C1,X,CO,"80,871,074",1AA0519DYB,32.5,2019-04-30,2020-03-31,
500,1001,36MAS1022,MAHINDRA LOGISTICS LTD,36AAFCM2530H1ZP,IN,CI,C1,X,CO,31084341727,1AD0426EMH,60,2026-04-16,2027-03-31,
500,1001,36MAS1022,MAHINDRA LOGISTICS LTD,36AAFCM2530H1ZP,IN,CP,C1, ,CO,31084341727,1AD0426EMH,60,2026-04-16,2027-03-31,
500,1001,36MAS1022,MAHINDRA LOGISTICS LTD,36AAFCM2530H1ZP,IN,IP,I1, ,CO,866946434,1AD0426EMI,92,2026-04-16,2027-03-31,
500,1001,36MAS1022,MAHINDRA LOGISTICS LTD,36AAFCM2530H1ZP,IN,II,I1,X,CO,866946434,1AD0426EMI,92,2026-04-16,2027-03-31,
500,1001,36MAS1022,MAHINDRA LOGISTICS LTD,36AAFCM2530H1ZP,IN,JI,J1,X,CO,2070249434,1AD0426EMJ,92,2026-04-16,2027-03-31,
500,1001,08MAS1022,Mahindra Logistic Ltd,08AAFCM2530H1ZO,IN,CP,C1, ,CO,31084341727,1AD0426EMH,60,2026-04-16,2027-03-31,
500,1001,08MAS1022,Mahindra Logistic Ltd,08AAFCM2530H1ZO,IN,CI,C1,X,CO,31084341727,1AD0426EMH,60,2026-04-16,2027-03-31,
500,1001,08MAS1022,Mahindra Logistic Ltd,08AAFCM2530H1ZO,IN,II,I1,X,CO,866946434,1AD0426EMI,92,2026-04-16,2027-03-31,
500,1001,08MAS1022,Mahindra Logistic Ltd,08AAFCM2530H1ZO,IN,JI,J1,X,CO,2070249434,1AD0426EMJ,92,2026-04-16,2027-03-31,
500,1036,08MAS1022,Mahindra Logistic Ltd,08AAFCM2530H1ZO,IN,II,I1,X,CO,                ,1AD0426EJP,92,2026-04-23,2027-03-31,
500,1001,23MAS1022,Mahindra Logistic Ltd,23AAFCM2530H1ZW,IN,CP,  , ,CO,31084341727,1AD0426EMH,60,2026-04-16,2027-03-31,
500,1001,23MAS1022,Mahindra Logistic Ltd,23AAFCM2530H1ZW,IN,CI,C1,X,CO,31084341727,1AD0426EMH,60,2026-04-16,2027-03-31,
500,1001,23MAS1022,Mahindra Logistic Ltd,23AAFCM2530H1ZW,IN,II,I1,X,CO,866946434,1AD0426EMI,92,2026-04-16,2027-03-31,
500,1001,23MAS1022,Mahindra Logistic Ltd,23AAFCM2530H1ZW,IN,JI,J1,X,CO,2070249434,1AD0426EMJ,92,2026-04-16,2027-03-31,
500,1036,23MAS1022,Mahindra Logistic Ltd,23AAFCM2530H1ZW,IN,II,I1,X,CO,                ,1AD0426EJO,92,2026-04-23,2027-03-31,
500,1001,33MAS1022,Mahindra Logistic Ltd,33AAFCM2530H1ZV,IN,CI,C1,X,CO,31084341727,1AD0426EMH,60,2026-04-16,2027-03-31,
500,1001,33MAS1022,Mahindra Logistic Ltd,33AAFCM2530H1ZV,IN,CP,C1, ,CO,31084341727,1AD0426EMH,60,2026-04-16,2027-03-31,
500,1001,33MAS1022,Mahindra Logistic Ltd,33AAFCM2530H1ZV,IN,II,I1, ,CO,866946434,1AD0426EMI,92,2026-04-16,2027-03-31,
500,1001,33MAS1022,Mahindra Logistic Ltd,33AAFCM2530H1ZV,IN,JI,J1,X,CO,2070249434,1AD0426EMJ,92,2026-04-16,2027-03-31,
500,1036,33MAS1022,Mahindra Logistic Ltd,33AAFCM2530H1ZV,IN,II,I1,X,CO,                ,1AD0426EJO,92,2026-04-23,2027-03-31,
500,1024,33MAS1022,Mahindra Logistic Ltd,33AAFCM2530H1ZV,IN,CI,C1,X,CO,RS 18766317,0218AS815J,48,2018-05-04,2019-03-31,
500,1067,33MAS1022,Mahindra Logistic Ltd,33AAFCM2530H1ZV,IN,CI,C1,X,CO,                ,1AE0523SWA,62.5,2023-05-16,2024-02-12,
500,1024,33MAS1022,Mahindra Logistic Ltd,33AAFCM2530H1ZV,IN,JI,  , ,CO,RS 213586,0218AS596F,75,2018-05-04,2019-03-31,
500,1024,33MAS1022,Mahindra Logistic Ltd,33AAFCM2530H1ZV,IN,II,  , ,CO,RS 3850000,0218AS531C,75,2018-05-04,2019-03-31,
500,9018,35050AT,ARVIND,27ABEFA0565B1ZY,IN,CI,C4,X,OT,1AC0723OKF,1AC0723OKF,85,2023-07-25,2024-03-31,
500,1009,1730000259,DELOITTE HASKINS & SELLS,33AACFD3771D1ZW,IN,JI,J3,X,OT,                ,0313ES761G,60,2013-09-08,2014-03-31,
500,1001,A00996,ANI TECHNOLOGIES PVT. LTD.,27AAJCA1389G1ZJ,IN,CP,  ,X,CO,1511019,1AE0423ZQR,95,2023-04-25,2024-03-31,
500,1001,A00996,ANI TECHNOLOGIES PVT. LTD.,27AAJCA1389G1ZJ,IN,CI,C1,X,CO,1511019,1AE0423ZQR,95,2023-04-25,2024-03-31,
500,1001,19MKTG1820,ADECCO INDIA PVT LTD,19AABCG3636Q1Z3,IN,JI,J1,X,CO,500000,1AC0521WVF,80,2021-05-15,2022-03-31,
500,1001,07MAS1022,Mahindra Logistic Ltd,07AAFCM2530H1ZQ,IN,CI,C1,X,CO,31084341727,1AD0426EMH,60,2026-04-16,2027-03-31,
500,1001,07MAS1022,Mahindra Logistic Ltd,07AAFCM2530H1ZQ,IN,CP,C1,X,CO,31084341727,1AD0426EMH,60,2026-04-16,2027-03-31,
500,1001,37MAS1022,Mahindra Logistic Ltd,37AAFCM2530H1ZN,IN,CP,C1, ,CO,31084341727,1AD0426EMH,60,2026-04-16,2027-03-31,
500,1001,37MAS1022,Mahindra Logistic Ltd,37AAFCM2530H1ZN,IN,CI,C1,X,CO,31084341727,1AD0426EMH,60,2026-04-16,2027-03-31,
500,1001,37MAS1022,Mahindra Logistic Ltd,37AAFCM2530H1ZN,IN,II,I1,X,CO,866946434,1AD0426EMI,92,2026-04-16,2027-03-31,
500,1001,02MAS1022,Mahindra Logistic Ltd,02AAFCM2530H1Z0,IN,CI,C1,X,CO,31084341727,1AD0426EMH,60,2026-04-16,2027-03-31,
500,1001,02MAS1022,Mahindra Logistic Ltd,02AAFCM2530H1Z0,IN,II,I1,X,CO,866946434,1AD0426EMI,92,2026-04-16,2027-03-31,
500,1001,02MAS1022,Mahindra Logistic Ltd,02AAFCM2530H1Z0,IN,JI,J1,X,CO,2070249434,1AD0426EMJ,92,2026-04-16,2027-03-31,
500,1001,32MAS1022,Mahindra Logistic Ltd,32AAFCM2530H1ZX,IN,CP,  , ,CO,31084341727,1AD0426EMH,60,2026-04-16,2027-03-31,
500,1001,32MAS1022,Mahindra Logistic Ltd,32AAFCM2530H1ZX,IN,CI,C1,X,CO,31084341727,1AD0426EMH,60,2026-04-16,2027-03-31,
500,1001,32MAS1022,Mahindra Logistic Ltd,32AAFCM2530H1ZX,IN,II,I1,X,CO,866946434,1AD0426EMI,92,2026-04-16,2027-03-31,
500,1024,32MAS1022,Mahindra Logistic Ltd,32AAFCM2530H1ZX,IN,CI,C1,X,CO,RS 18766317,0218AS815J,48,2018-05-04,2019-03-31,
500,1024,32MAS1022,Mahindra Logistic Ltd,32AAFCM2530H1ZX,IN,JI,  , ,CO,RS 213586,0218AS596F,75,2018-05-04,2019-03-31,
500,1024,32MAS1022,Mahindra Logistic Ltd,32AAFCM2530H1ZX,IN,II,  , ,CO,RS 3850000,0218AS531C,75,2018-05-04,2019-03-31,
500,1001,32S0001,SUNDHARAMS PRIVATE LIMITED,32AAACS4949P1ZW,IN,CI,C1,X,CO,16000000,1NB0626BVD,25,2026-06-17,2027-03-31,
500,1001,32S0001,SUNDHARAMS PRIVATE LIMITED,32AAACS4949P1ZW,IN,CP,C1, ,CO,16000000,1NB0626BVD,25,2026-06-17,2027-03-31,
500,1001,29S0001,SUNDHARAMS PRIVATE LIMITED,29AAACS4949P1ZJ,IN,CP,C1, ,CO,16000000,1NB0626BVD,25,2026-06-17,2027-03-31,
500,1001,29S0001,SUNDHARAMS PRIVATE LIMITED,29AAACS4949P1ZJ,IN,CI,C1,X,CO,16000000,1NB0626BVD,25,2026-06-17,2027-03-31,
500,1001,05MAS1022,Mahindra Logistic Ltd,05AAFCM2530H1ZU,IN,CI,C1,X,CO,31084341727,1AD0426EMH,60,2026-04-16,2027-03-31,
500,1001,05MAS1022,Mahindra Logistic Ltd,05AAFCM2530H1ZU,IN,CP,C1, ,CO,31084341727,1AD0426EMH,60,2026-04-16,2027-03-31,
500,1001,05MAS1022,Mahindra Logistic Ltd,05AAFCM2530H1ZU,IN,II,I1,X,CO,866946434,1AD0426EMI,92,2026-04-16,2027-03-31,
500,1001,05MAS1022,Mahindra Logistic Ltd,05AAFCM2530H1ZU,IN,JI,J1,X,CO,2070249434,1AD0426EMJ,92,2026-04-16,2027-03-31,
500,1001,1730000148,BUREAU VERITAS,27AABCB6767B1ZS,IN,JP,J1, ,CO,7500000,1NB0726UQA,30,2026-07-10,2027-03-31,
500,1001,1730000148,BUREAU VERITAS,27AABCB6767B1ZS,IN,JI,J1,X,CO,7500000,1NB0726UQA,30,2026-07-10,2027-03-31,
500,1069,1730000148,BUREAU VERITAS,27AABCB6767B1ZS,IN,JI,J1,X,CO,                ,1730000148,45,2021-12-02,2022-03-31,
500,1069,1730000148,BUREAU VERITAS,27AABCB6767B1ZS,IN,JP,  ,X,CO,                ,1730000148,45,2021-12-02,2022-03-31,
500,1001,30MAS1022,Mahindra Logistic Ltd,30AAFCM2530H1Z1,IN,CI,C1,X,CO,31084341727,1AD0426EMH,60,2026-04-16,2027-03-31,
500,1001,30MAS1022,Mahindra Logistic Ltd,30AAFCM2530H1Z1,IN,JI,J1,X,CO,2070249434,1AD0426EMJ,92,2026-04-16,2027-03-31,
500,1019,A00582,AUTOMOTIVE RESEARCH ASSOCIATION,27AAATT1989P1ZL,IN,JI,J3,X,OT,                ,GOVT,100,2000-04-01,2099-03-31,
500,1001,A00582,AUTOMOTIVE RESEARCH ASSOCIATION,27AAATT1989P1ZL,IN,JI,J3,X,OT,350000000,1AD0526CUH,100,2026-05-19,2027-03-31,
500,1001,A00582,AUTOMOTIVE RESEARCH ASSOCIATION,27AAATT1989P1ZL,IN,JP,J3,X,OT,350000000,1AD0526CUH,100,2026-05-19,2027-03-31,
500,1021,A00582,AUTOMOTIVE RESEARCH ASSOCIATION,27AAATT1989P1ZL,IN,JP,J1, ,OT,                ,0616AW690C,100,2016-04-01,2017-03-31,
500,1021,A00582,AUTOMOTIVE RESEARCH ASSOCIATION,27AAATT1989P1ZL,IN,JI,J1,X,OT,                ,0616AW690C,100,2016-04-01,2017-03-31,
500,1019,06MAS1022,Mahindra Logistic Ltd,06AAFCM2530H1ZS,IN,CI,C1,X,CO,"80,871,074",1AA0519DYB,32.5,2019-04-30,2020-03-31,
500,1001,06MAS1022,Mahindra Logistic Ltd,06AAFCM2530H1ZS,IN,CP,C1, ,CO,31084341727,1AD0426EMH,60,2026-04-16,2027-03-31,
500,1001,06MAS1022,Mahindra Logistic Ltd,06AAFCM2530H1ZS,IN,CI,C1,X,CO,31084341727,1AD0426EMH,60,2026-04-16,2027-03-31,
500,1001,06MAS1022,Mahindra Logistic Ltd,06AAFCM2530H1ZS,IN,II,I1,X,CO,866946434,1AD0426EMI,92,2026-04-16,2027-03-31,
500,1001,06MAS1022,Mahindra Logistic Ltd,06AAFCM2530H1ZS,IN,JI,J1,X,CO,2070249434,1AD0426EMJ,92,2026-04-16,2027-03-31,
500,1019,19MAS1022,Mahindra Logistic Ltd,19AAFCM2530H1ZL,IN,CI,C1,X,CO,"80,871,074",1AA0519DYB,32.5,2019-04-30,2020-03-31,
500,1001,19MAS1022,Mahindra Logistic Ltd,19AAFCM2530H1ZL,IN,CP,  , ,  ,31084341727,1AD0426EMH,60,2026-04-16,2027-03-31,
500,1001,19MAS1022,Mahindra Logistic Ltd,19AAFCM2530H1ZL,IN,CI,C1,X,CO,31084341727,1AD0426EMH,60,2026-04-16,2027-03-31,
500,1001,19MAS1022,Mahindra Logistic Ltd,19AAFCM2530H1ZL,IN,II,I1,X,CO,866946434,1AD0426EMI,92,2026-04-16,2027-03-31,
500,1001,19MAS1022,Mahindra Logistic Ltd,19AAFCM2530H1ZL,IN,JI,J1,X,CO,2070249434,1AD0426EMJ,92,2026-04-16,2027-03-31,
500,1024,19MAS1022,Mahindra Logistic Ltd,19AAFCM2530H1ZL,IN,II,  , ,CO,RS 3850000,0218AS531C,75,2018-05-04,2019-03-31,
500,1024,19MAS1022,Mahindra Logistic Ltd,19AAFCM2530H1ZL,IN,CI,C1,X,CO,RS 18766317,0218AS815J,48,2018-05-04,2019-03-31,
500,1024,19MAS1022,Mahindra Logistic Ltd,19AAFCM2530H1ZL,IN,JI,  , ,CO,RS 213586,0218AS596F,75,2018-05-04,2019-03-31,
500,1001,37MKTG1820,ADECCO INDIA PVT LTD,37AABCG3636Q1Z5,IN,JI,J1,X,CO,                ,1AE0519VZR,73.33,2020-04-01,2020-06-30,
500,1001,10MKTG1820,ADECCO INDIA PVT LTD,10AABCG3636Q1ZL,IN,JI,J1,X,CO,                ,1AE0519VZR,73.33,2020-04-01,2020-06-30,
500,1001,29MKTG1820,ADECCO INDIA PVT LTD,29AABCG3636Q1Z2,IN,JI,J1,X,CO,                ,1AE0519VZR,73.33,2020-04-01,2020-06-30,
500,1001,7MKTGA1820,ADECCO INDIA PVT LTD,07AABCG3636Q1Z8,IN,JI,J1,X,CO,                ,1AE0519VZR,73.33,2020-04-01,2020-06-30,
500,1001,22MKTG1820,ADECCO INDIA PVT LTD,22AABCG3636Q1ZG,IN,JI,J1,X,CO,                ,1AE0519VZR,73.33,2020-04-01,2020-06-30,
500,1001,8MKTGA1820,ADECCO INDIA PVT LTD,08AABCG3636Q1Z6,IN,JI,J1,X,CO,                ,1AE0519VZR,73.33,2020-04-01,2020-06-30,
500,1001,3MKTGA1820,ADECCO INDIA PVT LTD,03AABCG3636Q1ZG,IN,JI,J1,X,CO,                ,1AE0519VZR,73.33,2020-04-01,2020-06-30,
500,1049,3MKTGA1820,ADECCO INDIA PVT LTD,03AABCG3636Q1ZG,IN,JI,J1,X,CO,                ,197/AABCG3636Q/2017-18/45,0.75,2017-05-05,2018-03-31,
500,1001,30MKTG1820,ADECCO INDIA PVT LTD,30AABCG3636Q1ZJ,IN,JI,J1,X,CO,                ,1AE0519VZR,73.33,2020-04-01,2020-06-30,
500,1001,32MKTG1820,ADECCO INDIA PVT LTD,32AABCG3636Q1ZF,IN,JI,J1,X,CO,                ,1AE0519VZR,73.33,2020-04-01,2020-06-30,
500,1001,9MKTGA1820,ADECCO INDIA PVT LTD,09AABCG3636Q1Z4,IN,JI,J1,X,CO,                ,1AE0519VZR,73.33,2020-04-01,2020-06-30,
500,1001,1MKTGA1820,ADECCO INDIA PVT LTD,01AABCG3636Q1ZK,IN,JI,J1,X,CO,                ,1AE0519VZR,73.33,2020-04-01,2020-06-30,
500,1001,33MKTG1820,ADECCO INDIA PVT LTD,33AABCG3636Q1ZD,IN,JI,J1,X,CO,                ,1AE0519VZR,73.33,2020-04-01,2020-06-30,
500,1058,33MKTG1820,ADECCO INDIA PVT LTD,33AABCG3636Q1ZD,IN,CI,C1,X,CO,                ,0418AH613J,50,2018-05-08,2019-03-31,
500,1001,36MKTG1820,ADECCO INDIA PVT LTD,36AABCG3636Q1Z7,IN,JI,J1,X,CO,                ,1AE0519VZR,73.33,2020-04-01,2020-06-30,
500,1058,36MKTG1820,ADECCO INDIA PVT LTD,36AABCG3636Q1Z7,IN,CI,C1,X,CO,                ,0418AH613J,50,2018-05-08,2019-03-31,
500,1001,21MKTG1820,ADECCO INDIA PVT LTD,21AABCG3636Q1ZI,IN,JI,J1,X,CO,                ,1AE0519VZR,73.33,2020-04-01,2020-06-30,
500,1001,18MKTG1820,ADECCO INDIA PVT LTD,18AABCG3636Q1Z5,IN,JI,J1,X,CO,                ,1AE0519VZR,73.33,2020-04-01,2020-06-30,
500,1001,5MKTGA1820,ADECCO INDIA PVT LTD,05AABCG3636Q1ZC,IN,JI,J1,X,CO,                ,1AE0519VZR,73.33,2020-04-01,2020-06-30,
500,1001,6MKTGA1820,ADECCO INDIA PVT LTD,06AABCG3636Q1ZA,IN,JI,J1,X,CO,                ,1AE0519VZR,73.33,2020-04-01,2020-06-30,
500,1001,23MKTG1820,ADECCO INDIA PVT LTD,23AABCG3636Q1ZE,IN,JI,J1,X,CO,                ,1AE0519VZR,73.33,2020-04-01,2020-06-30,
500,1001,20MKTG1820,ADECCO INDIA PVT LTD,20AABCG3636Q1ZK,IN,JI,J1,X,CO,                ,1AE0519VZR,73.33,2020-04-01,2020-06-30,
500,1001,6VERMLN,VERMMILLION COMMUNICATIONS PVT LTD,06AACCV0488N1ZW,IN,CI,C1,X,CO,10000000,1AG0521ITE,90,2021-05-29,2022-03-31,
500,1001,24MKTG1820,ADECCO INDIA PVT LTD,24AABCG3636Q1ZC,IN,JI,J1,X,CO,17700000,1AC0521WVD,80,2021-05-15,2022-03-31,
500,9017,A00531,AFL PRIVATE LIMITED,27AABCA2213P1ZR,IN,IP,I1,X,CO,21050000,0218CN153G,20,2018-06-06,2019-03-31,
500,9017,A00531,AFL PRIVATE LIMITED,27AABCA2213P1ZR,IN,II,I1,X,CO,21050000,0218CN153G,20,2018-06-06,2019-03-31,
500,1001,7C0002,CADDIE HOTELS PRIVATE LIM ITED,07AADCC6520H1ZW,IN,CP,C1,X,CO,2000000,1AI0524PJP,95,2024-05-27,2025-03-31,
500,1001,7C0002,CADDIE HOTELS PRIVATE LIM ITED,07AADCC6520H1ZW,IN,CI,C1,X,CO,2000000,1AI0524PJP,95,2024-05-27,2025-03-31,
500,1001,24MAS1022,Mahindra Logistic Ltd,24AAFCM2530H1ZU,IN,CP,  , ,CO,31084341727,1AD0426EMH,60,2026-04-16,2027-03-31,
500,1001,24MAS1022,Mahindra Logistic Ltd,24AAFCM2530H1ZU,IN,CI,C1,X,CO,31084341727,1AD0426EMH,60,2026-04-16,2027-03-31,
500,1001,24MAS1022,Mahindra Logistic Ltd,24AAFCM2530H1ZU,IN,II,I1,X,CO,866946434,1AD0426EMI,92,2026-04-16,2027-03-31,
500,1001,24MAS1022,Mahindra Logistic Ltd,24AAFCM2530H1ZU,IN,JI,J1,X,CO,2070249434,1AD0426EMJ,92,2026-04-16,2027-03-31,
500,1024,24MAS1022,Mahindra Logistic Ltd,24AAFCM2530H1ZU,IN,II,  , ,CO,RS 3850000,0218AS531C,75,2018-05-04,2019-03-31,
500,1024,24MAS1022,Mahindra Logistic Ltd,24AAFCM2530H1ZU,IN,JI,  , ,CO,RS 213586,0218AS596F,75,2018-05-04,2019-03-31,
500,1024,24MAS1022,Mahindra Logistic Ltd,24AAFCM2530H1ZU,IN,CI,C1,X,CO,RS 18766317,0218AS815J,48,2018-05-04,2019-03-31,
500,1057,1730000361,R. SUBRAMANIAN AND COMPANY,33AAAFR0602F1Z0,IN,JI,J3,X,OT,                ,1AC0522MMZ,55,2022-05-12,2023-03-31,
500,1001,A00583,ADECCO FLEXIONE WORKFORCE SOLUTIONS,                  ,IN,CI,C1,X,CO,                ,0410AK440E,100,2010-08-13,2011-03-31,
500,1001,A00665,ADECCO FLEXIONE WORKFORCE SOLUTIONS,                  ,IN,CI,C1,X,CO,194C,0410AK440E,100,2010-08-13,2011-03-31,
500,1019,A00010,"DIRECTOR, THE AUTOMOTIVE RESEARCH",                  ,IN,JI,J3, ,OT,                ,GOVT,100,2000-04-01,2099-03-31,
500,1019,A00010,"DIRECTOR, THE AUTOMOTIVE RESEARCH",                  ,IN,JP,J3, ,OT,                ,GOVT,100,2000-04-01,2099-03-31,
500,1001,A079,ARAMARK INDIA PVT. LTD.,                  ,IN,CP,  ,X,CO,DC/ACIT CIR 1(1),197/PAN/14-15/1,100,2014-08-26,2015-03-31,
500,1001,A079,ARAMARK INDIA PVT. LTD.,                  ,IN,CI,C1,X,CO,DC/ACIT CIR 1(1),197/PAN/14-15/1,100,2014-08-26,2015-03-31,
500,1001,A0494,ADECCO INDIA PVT LTD,                  ,IN,JI,J1,X,CO,                ,0417AI575J,92.5,2017-05-05,2018-03-31,
500,1001,A073,ASIT C. MEHTA INVESTMENT,                  ,IN,HI,H1,X,CO,                ,0216EG686H,87,2016-08-17,2017-03-31,
500,1037,A00728,AVL TECHNICAL CENTRE PVT. LTD.,06AADCA1470C1ZB,IN,JP,  , ,CO,                ,1AG0521OMC,75,2021-05-31,2022-03-31,
500,1037,A00728,AVL TECHNICAL CENTRE PVT. LTD.,06AADCA1470C1ZB,IN,JI,J1,X,CO,                ,1AG0521OMC,75,2021-05-31,2022-03-31,
500,1001,A00783,AUTOMOTIVE EXCHANGE PVT. LTD.,27AACCV3039P1ZV,IN,CI,C1,X,CO,194CQ,0212JQ260A,99.99,2011-10-24,2012-03-31,
500,1001,A01361B,APOLLO HEALTH AND LIFESTYLE LIMITED,37AADCA0733E1Z6,IN,JP,J1,X,CO,10279707,1AG0523IOD,99,2023-05-19,2024-03-31,
500,1001,A01361B,APOLLO HEALTH AND LIFESTYLE LIMITED,37AADCA0733E1Z6,IN,JI,J1,X,CO,10279707,1AG0523IOD,99,2023-05-19,2024-03-31,
500,1001,33IBIS001,INTERGLOBE HOTELS PRIVATE LIMITED,33AABCI2732H1ZZ,IN,CI,C1,X,CO,2741307,1AA0525ARA,95,2025-04-30,2026-03-31,
500,1001,33IBIS001,INTERGLOBE HOTELS PRIVATE LIMITED,33AABCI2732H1ZZ,IN,II,I1,X,CO,6216308,1AA0525AZJ,99,2025-04-30,2026-03-31,
500,1001,29HT003,HT MEDIA LTD,29AABCH3165P1Z3,IN,CI,C1,X,CO,3846000,1AC0725LIB,85,2025-07-23,2026-03-31,
500,1001,4MKTGA1820,ADECCO INDIA PVT LTD,04AABCG3636Q1ZE,IN,JI,J1,X,CO,                ,0418AH473I,90,2018-05-08,2019-03-31,
500,1011,1100001162,KNIGHT FRANK INDIA PVT  LTD,                  ,IN,CI,C1,X,CO,                ,0213TO639F,55,2013-10-17,2014-03-31,
500,1007,1730000096,R.JAITLIA & CO.,27AADFR5434L2ZW,IN,JI,J3,X,OT,194J,197/AADFR5434L/,58.7,2010-06-11,2011-03-31,
500,1007,1730000096,R.JAITLIA & CO.,27AADFR5434L2ZW,IN,JP,J3, ,OT,194J,197/AADFR5434L/,58.7,2010-06-11,2011-03-31,
500,1001,1730000159,XLRI,20AAATI0475M1ZT,IN,JI,  ,X,OT,                ,3014AC120A,100,2014-11-08,2015-03-31,
500,1009,1100001586,Jones Lang Lassalle Meghraj,                  ,IN,CP,  ,X,CO,                ,0112FP7701,12.5,2012-10-18,2013-03-31,
500,1009,1100001586,Jones Lang Lassalle Meghraj,                  ,IN,CI,C1,X,CO,                ,0112FP7701,12.5,2012-10-18,2013-03-31,
500,1007,1100001488,REGISTRAR IIT BOMBAY,                  ,IN,CP,  ,X,OT,U/S 10 OF IT,153/127/02-TPL,100,2009-04-01,2010-03-31,
500,1007,1100001488,REGISTRAR IIT BOMBAY,                  ,IN,CI,C3,X,OT,U/S 10 OF IT,153/127/02-TPL,100,2009-04-01,2010-03-31,
500,1007,1100000603,MA FOI MANAGEMENT CONSULTANTS,                  ,IN,JP,  ,X,CO,0311AT8581,0311AT8581,99.9,2011-07-01,2012-03-31,
500,1007,1100000603,MA FOI MANAGEMENT CONSULTANTS,                  ,IN,JI,J1,X,CO,0311AT8581,0311AT8581,99.9,2011-07-01,2012-03-31,
500,1007,1730000116,SHAREPRO SERVICES {INDIA} PVT LTD,                  ,IN,JP,  ,X,CO,PROFESS & TECH,0210BR150A,55,2010-05-11,2011-03-31,
500,1007,1730000116,SHAREPRO SERVICES {INDIA} PVT LTD,                  ,IN,JI,J1,X,CO,PROFEES & TECH,0210BR150A,55,2010-05-11,2011-03-31,
500,1021,E5488,Energetic Consulting Pvt. Ltd.,27AABCE0708R1ZF,IN,JI,J1,X,CO,                ,0617AR806J,65,2017-07-05,2018-03-31,
500,1005,ERDA01,ELECTRICAL RESEARCH & DEVELOPMENT,24AAATE0499H2ZR,IN,JP,J3,X,OT,                ,197/AAATE0499H,100,2016-06-02,2017-03-31,
500,1005,ERDA01,ELECTRICAL RESEARCH & DEVELOPMENT,24AAATE0499H2ZR,IN,JI,J6,X,OT,                ,197/AAATE0499H,100,2016-06-02,2017-03-31,
500,1001,E00004,ENTEG INFOTECH PVT LTD.,                  ,IN,JP,  ,X,CO,TDS 16 (1),68/F-13,70,2012-09-17,2013-03-31,
500,1001,E00004,ENTEG INFOTECH PVT LTD.,                  ,IN,JI,J1,X,CO,TDS 16 (1),68/F-13,70,2012-09-17,2013-03-31,
500,1001,FEPL001,FOUNTAINHEAD ENTERTAINMENT,27AABCO6341C1ZR,IN,JI,J1,X,CO,5  CRORE,1AI0519GIH,85,2019-07-25,2020-03-31,
500,9025,FIPL01,FLIPKART INTERNET PRIVATE,29AACCF0683K1ZD,IN,CI,C1,X,CO,AACCF0683K,1AC0326NXF,95,2026-04-01,2027-03-31,
500,1001,FE9750,FOUNTAINHEAD ENTERTAINMENT PVT LTD,27AABCO6341C1ZR,IN,JI,J1,X,CO,5 CRORE,1AI0519GIH,85,2019-07-25,2020-03-31,
500,1001,DSA63568,ADECCO INDIA PVT LTD,23AABCG3636Q1ZE,IN,JI,J1,X,CO,17700000,1AC0521WVD,80,2021-05-15,2022-03-31,
500,1065,DSA63568,ADECCO INDIA PVT LTD,23AABCG3636Q1ZE,IN,JI,J1,X,CO,                ,0418AH931F,90,2018-05-08,2019-03-31,
500,1001,DSA63567,ADECCO INDIA PVT LTD,22AABCG3636Q1ZG,IN,JI,J1,X,CO,17700000,1AC0521WVD,80,2021-05-15,2022-03-31,
500,1001,DSA63570,ADECCO INDIA PVT LTD,30AABCG3636Q1ZJ,IN,JI,J1,X,CO,                ,0417AI573E,92.5,2017-05-05,2018-03-31,
500,1001,DSA63571,ADECCO INDIA PVT LTD,32AABCG3636Q1ZF,IN,JI,J1,X,CO,                ,0417AI573E,92.5,2017-05-05,2018-03-31,
500,1001,DSA63565,ADECCO INDIA PVT LTD,20AABCG3636Q1ZK,IN,JI,J1,X,CO,AABCG3636Q,1AB0520QYE,73.33,2020-06-01,2021-03-31,
500,1001,DSA63573,ADECCO INDIA PVT LTD,37AABCG3636Q1Z5,IN,JI,J1,X,CO,17700000,1AC0521WVD,80,2021-05-15,2022-03-31,
500,1001,DSA63555,ADECCO INDIA PVT LTD,01AABCG3636Q1ZK,IN,JI,J1,X,CO,AABCG3636Q,1AB0520QYE,73.33,2020-06-01,2021-03-31,
500,1001,ENIL01_TG,Entertainment Network (India) Ltd,36AAACE7796G1ZA,IN,CI,C1,X,CO,43261047,1AE0621PSR,0.5,2021-06-22,2022-03-31,
500,1001,DSC63834,CHECKMATE SERVICES PVT LTD.,36AAACC8465A1ZW,IN,CI,C1,X,CO,81266120,1NC0626AOZ,75,2026-06-30,2027-03-31,
500,1001,EBU11857,STAUNCH BUSINESS SOLUTIONS,01ADHFS4693M1ZN,IN,CI,C4,X,OT,2019-20/1,1AC0719CQX,40,2019-08-21,2020-03-31,
500,1001,EBU35832,POLESTAR ENGG.CO.,27AADFP6081H1Z3,IN,CI,C4,X,OT,1250000000,1NA0726NHG,72.5,2026-07-02,2027-03-31,
500,1001,EBU30822,IDEAL ENGINEERING SERVICES,24AAAFI6517L1ZD,IN,CI,C4,X,OT,                ,1011BB682I,50,2011-07-20,2012-03-31,
500,9023,EILISIONN5,ELISION TECHNOLOGIES PRIV,24AAFCE6111Q1ZI,IN,JI,J1,X,CO,                ,1NB0526KSL,70,2026-05-28,2027-03-31,
500,1038,EILISIONN5,ELISION TECHNOLOGIES PRIV,24AAFCE6111Q1ZI,IN,JI,J1,X,CO,                ,1NB0526KSO,70,2026-05-28,2027-03-31,
500,9017,FAB01KL,Casa2 Stays Private Limited,32AAFCC6416Q1ZF,IN,CI,C1,X,CO,                ,1AD0524GUI,87.5,2024-05-08,2025-03-31,
500,9017,FAB01PC,Casa2 Stays Private Limited,34AAFCC6416Q1ZB,IN,CI,C1,X,CO,                ,1AD0524GUI,87.5,2024-05-08,2025-03-31,
500,9017,FAB01TL,Casa2 Stays Private Limited,36AAFCC6416Q1Z7,IN,CI,C1,X,CO,                ,1AD0524GUI,87.5,2024-05-08,2025-03-31,
500,9017,FAB01GO,Casa2 Stays Private Limited,30AAFCC6416Q1ZJ,IN,CI,C1,X,CO,                ,1AD0524GUI,87.5,2024-05-08,2025-03-31,
500,1001,FAB01GO,Casa2 Stays Private Limited,30AAFCC6416Q1ZJ,IN,CI,C1,X,CO,                ,1AG0426KJR,87.5,2026-04-29,2027-03-31,
500,1001,FAB01GO,Casa2 Stays Private Limited,30AAFCC6416Q1ZJ,IN,CP,C1,X,CO,                ,1AG0426KJR,87.5,2026-04-29,2027-03-31,
500,9017,FAB01AP,Casa2 Stays Private Limited,37AAFCC6416Q1Z5,IN,CI,C1,X,CO,                ,1AD0524GUI,87.5,2024-05-08,2025-03-31,
500,9017,FAB01PJ,Casa2 Stays Private Limited,03AAFCC6416Q1ZG,IN,CI,C1,X,CO,                ,1AD0524GUI,87.5,2024-05-08,2025-03-31,
500,1001,DSM64923,MAHINDRA LOGISTICS LTD.,02AAFCM2530H1Z0,IN,CI,C1,X,CO,31084341727,1AD0426EMH,60,2026-04-16,2027-03-31,
500,1001,DSM64923,MAHINDRA LOGISTICS LTD.,02AAFCM2530H1Z0,IN,8I,IA,X,CO,866946434,1AD0426EMI,92,2026-04-16,2027-03-31,
500,1001,DSM64922,MAHINDRA LOGISTICS LTD.,01AAFCM2530H1Z2,IN,CI,C1,X,CO,31084341727,1AD0426EMH,60,2026-04-16,2027-03-31,
500,1001,DSM64922,MAHINDRA LOGISTICS LTD.,01AAFCM2530H1Z2,IN,8I,IA,X,CO,866946434,1AD0426EMI,92,2026-04-16,2027-03-31,
500,1001,DSM64944,MAHINDRA LOGISTICS LTD.,37AAFCM2530H1ZN,IN,CI,C1,X,CO,31084341727,1AD0426EMH,60,2026-04-16,2027-03-31,
500,1001,DSM64944,MAHINDRA LOGISTICS LTD.,37AAFCM2530H1ZN,IN,8I,IA,X,CO,866946434,1AD0426EMI,92,2026-04-16,2027-03-31,
500,1001,DSM64933,MAHINDRA LOGISTICS LTD.,20AAFCM2530H1Z2,IN,CI,C1,X,CO,31084341727,1AD0426EMH,60,2026-04-16,2027-03-31,
500,1001,DSM64933,MAHINDRA LOGISTICS LTD.,20AAFCM2530H1Z2,IN,8I,IA,X,CO,866946434,1AD0426EMI,92,2026-04-16,2027-03-31,
500,1001,DSM64940,MAHINDRA LOGISTICS LTD.,30AAFCM2530H1Z1,IN,CI,C1,X,CO,31084341727,1AD0426EMH,60,2026-04-16,2027-03-31,
500,1001,DSM64940,MAHINDRA LOGISTICS LTD.,30AAFCM2530H1Z1,IN,8I,IA,X,CO,866946434,1AD0426EMI,92,2026-04-16,2027-03-31,
500,1001,DSM64943,MAHINDRA LOGISTICS LTD.,36AAFCM2530H1ZP,IN,CI,C1,X,CO,31084341727,1AD0426EMH,60,2026-04-16,2027-03-31,
500,1001,DSM64943,MAHINDRA LOGISTICS LTD.,36AAFCM2530H1ZP,IN,8I,IA,X,CO,866946434,1AD0426EMI,92,2026-04-16,2027-03-31,
500,1001,DSM64941,MAHINDRA LOGISTICS LTD.,32AAFCM2530H1ZX,IN,CI,C1,X,CO,31084341727,1AD0426EMH,60,2026-04-16,2027-03-31,
500,1001,DSM64941,MAHINDRA LOGISTICS LTD.,32AAFCM2530H1ZX,IN,8I,IA,X,CO,866946434,1AD0426EMI,92,2026-04-16,2027-03-31,
500,1001,DSM64935,MAHINDRA LOGISTICS LTD.,22AAFCM2530H1ZY,IN,CI,C1,X,CO,31084341727,1AD0426EMH,60,2026-04-16,2027-03-31,
500,1001,DSM64935,MAHINDRA LOGISTICS LTD.,22AAFCM2530H1ZY,IN,8I,IA,X,CO,866946434,1AD0426EMI,92,2026-04-16,2027-03-31,
500,1001,DSM64934,MAHINDRA LOGISTICS LTD.,21AAFCM2530H1Z0,IN,CI,C1,X,CO,31084341727,1AD0426EMH,60,2026-04-16,2027-03-31,
500,1001,DSM64934,MAHINDRA LOGISTICS LTD.,21AAFCM2530H1Z0,IN,8I,IA,X,CO,866946434,1AD0426EMI,92,2026-04-16,2027-03-31,
500,9026,DSB65097,BHARAT PETROLEUM CORPORATION LIMITE,02AAACB2902M1Z5,IN,LI,L1,X,CO,ADVANCE PAYMENT,ADVANCE PAYMENT,100,2022-04-01,2023-03-31,
500,1001,FH0008,HAVOC CONSULTANTS PRIVATE LTD.,24AABCH2130G1Z9,IN,JI,J1,X,CO,194J,AABCH213OG/13-1,70,2013-04-03,2014-03-31,
500,1038,FH0008,HAVOC CONSULTANTS PRIVATE LTD.,24AABCH2130G1Z9,IN,JI,J1,X,CO,                ,1117AK746E,90,2017-05-29,2018-03-31,
500,1001,DSA63569,ADECCO INDIA PVT LTD,24AABCG3636Q1ZC,IN,JI,J1,X,CO,17700000,1AC0521WVD,80,2021-05-15,2022-03-31,
500,1065,DSA63569,ADECCO INDIA PVT LTD,24AABCG3636Q1ZC,IN,JI,J1,X,CO,                ,0418AH931F,90,2018-05-08,2019-03-31,
500,9017,FAB01GJ,Casa2 Stays Private Limited,24AAFCC6416Q1ZC,IN,CI,C1,X,CO,                ,1AD0524GUI,87.5,2024-05-08,2025-03-31,
500,1001,DSM64937,MAHINDRA LOGISTICS LTD.,24AAFCM2530H1ZU,IN,CI,C1,X,CO,31084341727,1AD0426EMH,60,2026-04-16,2027-03-31,
500,1001,DSM64937,MAHINDRA LOGISTICS LTD.,24AAFCM2530H1ZU,IN,8I,IA,X,CO,866946434,1AD0426EMI,92,2026-04-16,2027-03-31,
500,1001,E00131,EREHWON INNOVATION CONSUL,29AAACE7836P1ZX,IN,JP,J1,X,CO,194J,0410AM893C,98,2010-09-21,2011-03-31,
500,1001,E00131,EREHWON INNOVATION CONSUL,29AAACE7836P1ZX,IN,JI,J1,X,CO,194J,0410AM893C,98,2010-09-21,2011-03-31,
500,1001,DSA63048,ADECCO INDIA PVT LTD,29AABCG3636Q1Z2,IN,JI,J1,X,CO,AABCG3636Q,1AB0520QYE,73.33,2020-06-01,2021-03-31,
500,1065,DSA63048,ADECCO INDIA PVT LTD,29AABCG3636Q1Z2,IN,JI,J1,X,CO,AABCG3636Q,0418AH931F,90,2018-05-08,2019-03-31,
500,1065,DSA63048,ADECCO INDIA PVT LTD,29AABCG3636Q1Z2,IN,JP,J1, ,CO,AABCG3636Q,0418AH931F,90,2018-05-08,2019-03-31,
500,1001,F01771B,22FEET TRIBAL WORLDWIDE,29AAACZ3650J1Z0,IN,JP,  ,X,CO,AMT 5000000,1AA0422TJA,65,2022-04-12,2023-03-31,
500,1001,F01771B,22FEET TRIBAL WORLDWIDE,29AAACZ3650J1Z0,IN,JI,J1,X,CO,AMT 5000000,1AA0422TJA,65,2022-04-12,2023-03-31,
500,1037,F01771B,22FEET TRIBAL WORLDWIDE,29AAACZ3650J1Z0,IN,JP,J1, ,CO,                ,1AB0421BNW,50,2021-04-21,2022-03-31,
500,1037,F01771B,22FEET TRIBAL WORLDWIDE,29AAACZ3650J1Z0,IN,CI,C1,X,CO,                ,1AB0421BND,25,2021-04-21,2022-03-31,
500,1037,F01771B,22FEET TRIBAL WORLDWIDE,29AAACZ3650J1Z0,IN,CP,C1, ,CO,                ,1AB0421BND,25,2021-04-21,2022-03-31,
500,1037,F01771B,22FEET TRIBAL WORLDWIDE,29AAACZ3650J1Z0,IN,JI,J1,X,CO,                ,1AB0421BNW,50,2021-04-21,2022-03-31,
500,1037,E02186B,EUSU LOGISTICS INDIA PVT LTD,29AADCH0470R1Z3,IN,CI,C1,X,CO,                ,0218ER939J,37.5,2018-09-19,2019-03-31,
500,1037,F02287B,FLYJAC LOGISTICS PVT LTD,29AABCF2133M1ZL,IN,CI,C1,X,CO,                ,1AD0621RAH,0.5,2021-06-16,2022-03-31,
500,1037,F02287B,FLYJAC LOGISTICS PVT LTD,29AABCF2133M1ZL,IN,CP,C1, ,  ,                ,1AD0621RAH,0.5,2021-06-16,2022-03-31,
500,1081,F02287B,FLYJAC LOGISTICS PVT LTD,29AABCF2133M1ZL,IN,CI,C1,X,CO,21867716,1NF0726FMJ,50,2026-07-30,2027-03-31,
500,1001,DSM64531,MCKINSEY & COMPANY INDIA LLP,29AAXFM1434F1ZZ,IN,JI,J3,X,OT,1708633372,1NC0726MCH,62.7,2026-07-17,2027-03-31,
500,9023,E00030,Exotel TechcomPvt. Ltd.,29AACCE7697J1ZW,IN,CI,C1,X,CO,                ,1AA1219CHX,50,2019-12-04,2020-03-31,
500,9023,E00030,Exotel TechcomPvt. Ltd.,29AACCE7697J1ZW,IN,JI,J5,X,CO,                ,1AA1219CHX,50,2019-12-04,2020-03-31,
500,9017,FAB01KR,Casa2 Stays Private Limited,29AAFCC6416Q1Z2,IN,CI,C1,X,CO,                ,1AD0524GUI,87.5,2024-05-08,2025-03-31,
500,1001,DSM64939,MAHINDRA LOGISTICS LTD.,29AAFCM2530H1ZK,IN,CI,C1,X,CO,31084341727,1AD0426EMH,60,2026-04-16,2027-03-31,
500,1001,DSM64939,MAHINDRA LOGISTICS LTD.,29AAFCM2530H1ZK,IN,8I,IA,X,CO,866946434,1AD0426EMI,92,2026-04-16,2027-03-31,
500,1001,DSA63566,ADECCO INDIA PVT LTD,21AABCG3636Q1ZI,IN,JI,J1,X,CO,AABCG3636Q,1AB0520QYE,73.33,2020-06-01,2021-03-31,
500,9017,FAB01OD,Casa2 Stays Private Limited,21AAFCC6416Q1ZI,IN,CI,C1,X,CO,                ,1AD0524GUI,87.5,2024-05-08,2025-03-31,
500,1001,DSA63556,ADECCO INDIA PVT LTD,04AABCG3636Q1ZE,IN,JI,J1,X,CO,AABCG3636Q,1AB0520QYC,73.33,2020-06-29,2021-03-31,
500,1001,DSF63519,FCM TRAVEL SOLUTIONS INDIA PVT LTD.,04AAACF2674C1Z5,IN,CP,C1,X,CO,181110593,1AD0625YCY,94.5,2025-06-20,2026-03-31,
500,1001,DSF63519,FCM TRAVEL SOLUTIONS INDIA PVT LTD.,04AAACF2674C1Z5,IN,CI,C1,X,CO,181110593,1AD0625YCY,94.5,2025-06-20,2026-03-31,
500,1001,DVKEL105CH,D.V.K.ELECTRICALS,33AGKPV1847Q1ZL,IN,JI,J3,X,OT,                ,1AC0719GFK,64,2019-07-29,2020-03-31,
500,1001,DSA63572,ADECCO INDIA PVT LTD,33AABCG3636Q1ZD,IN,JI,J1,X,CO,17700000,1AC0521WVD,80,2021-05-15,2022-03-31,
500,9025,E00167,ENTERTAINMENT NETWORK (INDIA) LTD.,33AAACE7796G2ZF,IN,CI,C1,X,CO,AAACE7796G,1AB0822RKI,20,2022-08-26,2023-03-31,
500,9017,FAB01TN,Casa2 Stays Private Limited,33AAFCC6416Q1ZD,IN,CI,C1,X,CO,                ,1AD0524GUI,87.5,2024-05-08,2025-03-31,
500,1001,DSM64942,MAHINDRA LOGISTICS LTD.,33AAFCM2530H1ZV,IN,CI,C1,X,CO,31084341727,1AD0426EMH,60,2026-04-16,2027-03-31,
500,1001,DSM64942,MAHINDRA LOGISTICS LTD.,33AAFCM2530H1ZV,IN,8I,IA,X,CO,866946434,1AD0426EMI,92,2026-04-16,2027-03-31,
500,1001,E065,ERNST & YOUNG PVT. LTD.,                  ,IN,JP,  ,X,CO,157(3)KOL,0812EH127B,95,2012-12-22,2013-03-31,
500,1001,E065,ERNST & YOUNG PVT. LTD.,                  ,IN,JI,J1,X,CO,157(3)KOL,0812EH127B,95,2012-12-22,2013-03-31,
500,1017,E065,ERNST & YOUNG PVT. LTD.,                  ,IN,JI,J1,X,CO,                ,0811DB994C,95,2011-12-07,2012-03-31,
500,1001,EY001,ERNST & YOUNG LLP,06AAEFE1763C1ZW,IN,JP,J3, ,OT,24200000,1AB0820WHF,5.2,2020-10-26,2021-03-31,
500,1001,EY001,ERNST & YOUNG LLP,06AAEFE1763C1ZW,IN,JI,J3,X,OT,24200000,1AB0820WHF,5.2,2020-10-26,2021-03-31,
500,9025,EY001,ERNST & YOUNG LLP,06AAEFE1763C1ZW,IN,JI,J3,X,OT,AAEFE1763C,4NA0626AIE4A315,40,2026-06-25,2027-03-31,
500,1001,DSA63558,ADECCO INDIA PVT LTD,06AABCG3636Q1ZA,IN,JI,J1,X,CO,                ,1AB0520QYE,73.33,2020-06-01,2021-03-31,
500,1001,DSC63918,CHECKMATE SERVICES PVT LTD.,06AAACC8465A1ZZ,IN,CI,C1,X,CO,81266120,1NC0626AOZ,75,2026-06-30,2027-03-31,
500,1001,FA0153,AVL TECHNICAL CENTRE (P) LIMITED,06AADCA1470C1ZB,IN,JI,J5,X,CO,300000000,1AA0526LJX,41.5,2026-05-05,2027-03-31,
500,9017,FAB01HR,Casa2 Stays Private Limited,06AAFCC6416Q2Z9,IN,CI,C1,X,CO,                ,1AD0524GUI,87.5,2024-05-08,2025-03-31,
500,1001,DSM64926,MAHINDRA LOGISTICS LTD.,06AAFCM2530H1ZS,IN,CI,C1,X,CO,31084341727,1AD0426EMH,60,2026-04-16,2027-03-31,
500,1001,DSM64926,MAHINDRA LOGISTICS LTD.,06AAFCM2530H1ZS,IN,8I,IA,X,CO,866946434,1AD0426EMI,92,2026-04-16,2027-03-31,
500,1001,DSW65177,WEFREIGHT INDIA PRIVATE LIMITED,06AACCW4731B1ZQ,IN,CI,C1,X,CO,234000,1AA0824ZTI,37.5,2024-08-19,2025-03-31,
500,1001,DSA63563,ADECCO INDIA PVT LTD,18AABCG3636Q1Z5,IN,JI,J1,X,CO,AABCG3636Q,1AB0520QYE,73.33,2020-06-01,2021-03-31,
500,1001,DSM64931,MAHINDRA LOGISTICS LTD.,18AAFCM2530H1ZN,IN,CI,C1,X,CO,31084341727,1AD0426EMH,60,2026-04-16,2027-03-31,
500,1001,DSM64931,MAHINDRA LOGISTICS LTD.,18AAFCM2530H1ZN,IN,8I,IA,X,CO,866946434,1AD0426EMI,92,2026-04-16,2027-03-31,
500,1001,DSA63557,ADECCO INDIA PVT LTD,05AABCG3636Q1ZC,IN,JI,J1,X,CO,                ,0417AI573E,92.5,2017-05-05,2018-03-31,
500,1001,DSM64925,MAHINDRA LOGISTICS LTD.,05AAFCM2530H1ZU,IN,CI,C1,X,CO,31084341727,1AD0426EMH,60,2026-04-16,2027-03-31,
500,1001,DSM64925,MAHINDRA LOGISTICS LTD.,05AAFCM2530H1ZU,IN,8I,IA,X,CO,866946434,1AD0426EMI,92,2026-04-16,2027-03-31,
500,1001,DSA63575,ADECCO INDIA PVT LTD,36AABCG3636Q1Z7,IN,JI,J1,X,CO,AABCG3636Q,1AB0520QYE,73.33,2020-06-01,2021-03-31,
500,1001,W0001P,WOCKHARDT HEART HOSPITAL,27AAACW3342G1ZH,IN,JI,J1,X,CO,508622,1AG0820IZT,60,2020-09-02,2021-03-31,
500,1022,Y9029,YASHODA LOGISTICS PVT LTD,                  ,IN,CI,C1,X,CO,                ,1AA0519ITQ,94.5,2019-05-02,2020-03-31,
500,1022,Y9029,YASHODA LOGISTICS PVT LTD,                  ,IN,CP,  ,X,CO,                ,1AA0519ITQ,94.5,2019-05-02,2020-03-31,
500,1005,Z1006,Zee India Logistics Services Pvt. L,06AAACZ8361L1ZU,IN,CI,C1,X,CO,                ,2316AB227E,87.5,2016-05-11,2017-03-31,
500,1005,VTC0001,VAISHNAV TRANSPORT CO,24AEAPP0813J3ZS,IN,CI,C3,X,OT,                ,1,100,2022-04-01,2023-03-31,
500,1001,YURUA2020,YUVA RURAL ASSOCIATION,                  ,IN,CI,C4,X,OT,                ,351929520120521,100,2022-09-01,2023-03-31,
500,1001,YURUA2020,YUVA RURAL ASSOCIATION,                  ,IN,CP,C4, ,OT,                ,351929520120521,100,2022-09-01,2023-03-31,
500,9023,YMS100336,SURYODAY YARDS PRIVATE,27ABGCS8560D1Z5,IN,II,I1,X,CO,1ND0726GAF,1ND0726GAF,89,2026-07-24,2027-03-31,
500,9023,YMS100462,Suryoday Yards Pvt Ltd,27ABGCS8560D1Z5,IN,II,I1,X,CO,1ND0726GAF,1ND0726GAF,89,2026-07-24,2027-03-31,
500,9023,YMS100906,SURYODAY YARDS PVT LTD-CHIPLUN,27ABGCS8560D1Z5,IN,II,I4,X,OT,1ND0726GAF,1ND0726GAF,89,2026-07-24,2027-03-31,
500,9023,YMS100960,SURYODAY YARDS PVT LTD,27ABGCS8560D1Z5,IN,II,I4,X,CO,1ND0726GAF,1ND0726GAF,89,2026-07-24,2027-03-31,
500,9023,YMS101049,SURYODAY YARDS PVT LTD,27ABGCS8560D1Z5,IN,II,I4,X,OT,1ND0726GAF,1ND0726GAF,89,2026-07-24,2027-03-31,
500,9023,YMS101058,SURYODAY YARDS PVT.LTD,27ABGCS8560D1Z5,IN,II,I4,X,OT,1ND0726GAF,1ND0726GAF,89,2026-07-24,2027-03-31,
500,1001,X0143B,XITADEL CAE TECHNOLOGIES INDIA PVT,29AAACX1274C1ZH,IN,JI,J1,X,CO,4402000,1AE0525EIF,70,2025-05-20,2026-03-31,
500,1058,WEB1800021,Quess Corp Limited,29AABCI7601M1ZB,IN,JI,J1,X,CO,                ,0418AC420E,98,2018-04-19,2019-03-31,
500,9029,WEWORK01HR,WEWORK INDIA MANAGEMENT PRIVATE LIM,06AADCH8710J1ZK,IN,II,I1,X,CO,                ,1AB0522HTU,99.9,2022-05-06,2023-01-30,
500,1001,WM001,WOODLANDS MULTISPECIALITY,                  ,IN,JI,J3,X,OT,TDS 159(I),0814GD189B,69,2014-07-15,2015-03-31,
500,1022,WBA0212201,MANGALAM PARIVAHAN PVT LTD,19AACCM5920C1ZQ,IN,CI,C1,X,CO,                ,1AA0719ZGM,87.5,2019-07-19,2020-03-31,
500,1022,WBA0212201,MANGALAM PARIVAHAN PVT LTD,19AACCM5920C1ZQ,IN,CP,  ,X,CO,                ,1AA0719ZGM,87.5,2019-07-19,2020-03-31,
500,1022,WBA0216501,JAMUNA TRANSPORT CORPORATION LTD,19AAACJ6665R1ZO,IN,CP,  ,X,CO,                ,1AI0519HEB,50,2019-06-11,2020-03-31,
500,1022,WBA0216501,JAMUNA TRANSPORT CORPORATION LTD,19AAACJ6665R1ZO,IN,CI,C1,X,CO,                ,1AI0519HEB,50,2019-06-11,2020-03-31,
500,1001,WBA0319201,JONES LANG LASALLE PROPERTY CONSULT,19AAACL2089B1ZP,IN,JI,J1,X,CO,332748483,1AC0526XFO,65,2026-05-15,2027-03-31,
500,1022,WBA0024101,SECURITY AND INTELLIGENCE SERV (I),19AAECS3538A1ZK,IN,CI,C1,X,CO,                ,1AD0519MPE,99.5,2019-06-10,2020-03-31,
500,1022,WBA0024101,SECURITY AND INTELLIGENCE SERV (I),19AAECS3538A1ZK,IN,CP,  ,X,CO,                ,1AD0519MPE,99.5,2019-06-10,2020-03-31,
500,1022,WBA0343901,G J LOGISTICS PVT LTD,19AABCB1355K1ZO,IN,CP,  ,X,CO,                ,1AB0819MJP,45,2019-10-11,2020-03-31,
500,1022,WBA0343901,G J LOGISTICS PVT LTD,19AABCB1355K1ZO,IN,CI,C1,X,CO,                ,1AB0819MJP,45,2019-10-11,2020-03-31,
500,1001,WBA0184701,GATI-KINTETSU EXPRESS PVT LTD,19AADCG2096A1ZU,IN,CI,C1,X,CO,100000000,1AG0525ISM,95,2025-05-29,2026-03-31,
500,1001,WBA1820,ADECCO INDIA PVT LTD,19AABCG3636Q1Z3,IN,JI,J1,X,CO,                ,1AB0520QYC,73.33,2020-06-29,2021-03-31,
500,1001,WBA0203701,BHARTI AIRTEL LIMITED,19AAACB2894G1ZK,IN,CI,C1,X,CO,AMT 6223658,1AB0325SBT,90,2025-04-01,2026-03-31,
500,1022,WBA0203701,BHARTI AIRTEL LIMITED,19AAACB2894G1ZK,IN,CP,  ,X,CO,                ,1AC0419CLJ,55,2019-06-12,2020-03-31,
500,1022,WBA0203701,BHARTI AIRTEL LIMITED,19AAACB2894G1ZK,IN,CI,C1,X,CO,                ,1AC0419CLJ,55,2019-06-12,2020-03-31,
500,1022,WBA0466001,SERVICE MASTER CLEAN LTD,19AANCS2248G1Z2,IN,CI,C1,X,CO,                ,1AD0519TVY,75,2019-06-07,2020-03-31,
500,1022,WBA0466001,SERVICE MASTER CLEAN LTD,19AANCS2248G1Z2,IN,CP,  ,X,CO,                ,1AD0519TVY,75,2019-06-07,2020-03-31,
500,1001,W00049,WYSETEK SYSTEMS TECHNOLOGISTS,27AAACW0891L1ZY,IN,JI,J1,X,CO,3508148,1AH0425IUZ,67.5,2025-04-29,2026-03-31,
500,1001,W002,WADIA GRAPHICS & COMMUNICATIONS,                  ,IN,JP,  ,X,OT,ITO TDS 2(5)NEW,AAAPW0644A/1,55.9,2013-06-20,2014-03-31,
500,1001,W002,WADIA GRAPHICS & COMMUNICATIONS,                  ,IN,JI,J3,X,OT,ITO TDS 2(5)NEW,AAAPW0644A/1,55.9,2013-06-20,2014-03-31,
500,1001,W5093,WIZCRAFT INTERNATIONAL,27AAACW1931D1ZO,IN,JI,J1,X,CO,2000000,1AB0920DNM,93.33,2020-09-14,2021-03-31,
500,1001,WKHS07,WOCKHARDT HOSPITALS LIMITED,                  ,IN,JI,J1,X,CO,4000000,4NA0526AEQ4A054,87.5,2026-05-20,2027-03-31,
500,1001,WHL01,WOCKHARDT HOSPITALS LIMITED,                  ,IN,JI,J3,X,CO,3234491,1AC0725QWG,87.5,2025-07-24,2026-03-31,
500,9029,WEWORK01,WEWORK INDIA MANAGEMENT PVT LTD,27AADCH8710J1ZG,IN,RP,I1,X,CO,                ,1AE0423ABP,99.9,2023-04-21,2024-03-31,
500,9029,WEWORK01,WEWORK INDIA MANAGEMENT PVT LTD,27AADCH8710J1ZG,IN,II,I1,X,CO,                ,1AE0423ABP,99.9,2023-04-21,2024-03-31,
500,1001,VTSPLMH15,VISTA TECH SOLUTIONS PVT,27AACCV4166B1ZI,IN,JI,J1,X,CO,0,NOTIFI-21/2012,100,2025-07-01,2026-03-31,
500,1044,MS0243,SHIVA ANALYTICALS (INDIA),29AACCS8434K1ZV,IN,CI,C1,X,CO,                ,1AB0526DCJ,50,2026-05-08,2027-03-31,
500,1001,MS0017,AD ASTRA CONSULTANTS PVT,29AAGCA0236K1ZP,IN,JI,J1,X,CO,15000000,1AG0425SQN,80,2025-04-28,2026-03-31,
500,1081,MS0017,AD ASTRA CONSULTANTS PVT,29AAGCA0236K1ZP,IN,JI,J1,X,CO,"1,00,00,000",4AF0426WTO4A021,82.5,2026-04-27,2027-03-31,
500,1079,MS0017,AD ASTRA CONSULTANTS PVT,29AAGCA0236K1ZP,IN,JI,J1,X,CO,"1,00,00,000",4AF0426WTO4A009,82.5,2026-04-27,2027-03-31,
500,1001,MRVDS00041,ASM DIGITAL ENGINEERING PRIVATE LIM,29AACCC8083G1ZF,IN,JI,J1,X,CO,14971428,1AD0724HRL,80,2024-07-22,2025-03-31,
500,1079,MRVDO00351,TUV INDIA PRIVATE LTD,29AAACT2209D2ZP,IN,JI,J1,X,CO,"4,00,000",4NA0626AAB4G873,50,2026-06-01,2027-03-31,
500,1037,MRVDO00351,TUV INDIA PRIVATE LTD,29AAACT2209D2ZP,IN,JI,J1,X,CO,                ,1AD0422GGM,50,2022-04-26,2023-03-31,
500,1081,MRVDO00351,TUV INDIA PRIVATE LTD,29AAACT2209D2ZP,IN,JP,J1,X,CO,"18,40,000",4NA0626AAB4D060,50,2026-06-01,2027-03-31,
500,1037,MRVDO00351,TUV INDIA PRIVATE LTD,29AAACT2209D2ZP,IN,JP,  , ,CO,                ,0218AY855J,49.7,2018-05-10,2019-03-31,
500,1081,MRVDO00351,TUV INDIA PRIVATE LTD,29AAACT2209D2ZP,IN,JI,J1,X,CO,"18,40,000",4NA0626AAB4D060,50,2026-06-01,2027-03-31,
500,1037,MRVDS00068,DIGICALL TELESERVICES PVT LTD.,                  ,IN,CP,C7,X,CO,SPECIFIED PERSON,0112EY631F,75,2012-06-01,2013-03-31,
500,1037,MRVDS00068,DIGICALL TELESERVICES PVT LTD.,                  ,IN,CI,C7,X,CO,SPECIFIED PERSON,0112EY631F,75,2012-06-01,2013-03-31,
500,1001,MRVDS00087,UNIQ SECURITY SOLUTIONS PRIVATE LIM,29AAACU2509B1ZQ,IN,CI,C1,X,CO,16115613,1AB0523EOJ,40,2023-05-08,2024-03-31,
500,1044,MRVDS00087,UNIQ SECURITY SOLUTIONS PRIVATE LIM,29AAACU2509B1ZQ,IN,CP,C1,X,CO,                ,1AC0821ZQL,50,2021-08-23,2022-03-31,
500,1044,MRVDS00087,UNIQ SECURITY SOLUTIONS PRIVATE LIM,29AAACU2509B1ZQ,IN,CI,C1,X,CO,                ,1AC0821ZQL,50,2021-08-23,2022-03-31,
500,1081,MRVDS00087,UNIQ SECURITY SOLUTIONS PRIVATE LIM,29AAACU2509B1ZQ,IN,CI,C1,X,CO,16115613,1AB0523EOJ,40,2023-05-08,2024-03-31,
500,1037,MRVDS00087,UNIQ SECURITY SOLUTIONS PRIVATE LIM,29AAACU2509B1ZQ,IN,CI,C1,X,CO,                ,1AC0821ZQN,50,2021-08-23,2022-03-31,
500,1044,N00421,Nettur Technical Training,29AABCN1189R2ZO,IN,JP,J5,X,CO,                ,INA0626YUQ,100,2026-06-15,2027-03-31,
500,1044,N00421,Nettur Technical Training,29AABCN1189R2ZO,IN,JI,J5,X,CO,                ,INA0626YUQ,100,2026-06-15,2027-03-31,
500,1001,MRVDS00099,Bharti Airtel,29AAACB2894G1ZJ,IN,JI,J1,X,CO,20845569,1AB0325QYO,98,2025-04-01,2026-03-31,
500,1037,MRVDS00099,Bharti Airtel,29AAACB2894G1ZJ,IN,JI,J1,X,CO,                ,IAA0422ZLV,98.5,2022-04-13,2023-03-31,
500,1079,MRVTACTD01,ACTEVIA TECHNOLOGY SERVICES PRIVATE,29AAUCA3130C1ZT,IN,JI,J1,X,CO,10000000,1AB0326EUU,50,2026-04-01,2027-03-31,
500,1001,MPENIL001,Entertainment Network India ltd Rad,23AAACE7796G2ZG,IN,CI,C1,X,CO,43261047,1AE0621PSR,0.5,2021-06-22,2022-03-31,
500,1001,MPA1820,ADECCO INDIA PVT LTD,23AABCG3636Q1ZE,IN,JI,J1,X,CO,                ,1AB0520QYC,73.33,2020-06-29,2021-03-31,
500,1022,MPA0024101,SECURITY & INTELLIGENCE SERVICES (I,23AAECS3538A1ZV,IN,CP,  ,X,CO,                ,1AD0519MPE,99.5,2019-06-10,2020-03-31,
500,1022,MPA0024101,SECURITY & INTELLIGENCE SERVICES (I,23AAECS3538A1ZV,IN,CI,C1,X,CO,                ,1AD0519MPE,99.5,2019-06-10,2020-03-31,
500,1001,MRVM012,MACLELLAN INTEGRATED SERVICES,                  ,IN,CI,C1,X,CO,                ,0310AI261G,12.5,2011-04-01,2012-01-30,
500,1001,MRVS020,SGS India Private Limited,                  ,IN,JI,J1,X,CO,                ,0214WR472C,100,2014-06-06,2015-03-31,
500,1037,MRVI009,INDIAN INSTITUTE OF TECHNOLOGY MADR,33AAAAI3615G1Z6,IN,JI,J3,X,OT,                ,1AA1021WGV,100,2021-10-29,2022-03-31,
500,1001,MRVB001,BHARTI AIRTEL,33AAACB2894G1ZU,IN,CI,C1,X,CO,AMT 6223658,1AB0325SBT,90,2025-04-01,2026-03-31,
500,1001,MRVL002,LAYAM FLEXI SOLUTIONS PVT,33AABCL6457A1ZW,IN,CI,C1,X,CO,336616582,1NB0726FGJ,87.5,2026-07-09,2027-03-31,
500,1001,MRVL002,LAYAM FLEXI SOLUTIONS PVT,33AABCL6457A1ZW,IN,CP,C1,X,CO,336616582,1NB0726FGJ,87.5,2026-07-09,2027-03-31,
500,1037,MRVL002,LAYAM FLEXI SOLUTIONS PVT,33AABCL6457A1ZW,IN,CI,C1,X,CO,                ,0316AE152B,75,2016-04-01,2017-03-31,
500,1037,MRVL002,LAYAM FLEXI SOLUTIONS PVT,33AABCL6457A1ZW,IN,CP,  , ,CO,                ,0316AE152B,75,2016-04-01,2017-03-31,
500,1001,MRVL004,LAYAM MANAGEMENT SOLUTION,33AABCL2804K1ZS,IN,CI,C1,X,CO,336616582,1NB0726FGJ,87.5,2026-07-09,2027-03-31,
500,1001,MSBDPL06,DELHIVERY PRIVATE LIMITED,33AAPCS9575E1ZU,IN,CI,C1,X,CO,334906000,1AA0125VBY,95,2025-01-22,2025-03-31,
500,1008,MWCC111110,QUALITY PROPERTY MANAGEMENT SERVICE,33AAACQ4758N1Z1,IN,CP,C1,X,CO,                ,1AH0623OCQ,100,2023-06-28,2024-03-31,
500,1008,MWCC111110,QUALITY PROPERTY MANAGEMENT SERVICE,33AAACQ4758N1Z1,IN,CI,C1,X,CO,                ,1AH0623OCQ,100,2023-06-28,2024-03-31,
500,1001,MRVT017,SE/TANGEDCO/Chengalpattu,33AADCT4784E1ZC,IN,LI,L1,X,CO,224979000,1NB0726OFT,100,2026-07-10,2026-12-31,
500,1001,MRVT017,SE/TANGEDCO/Chengalpattu,33AADCT4784E1ZC,IN,LP,L1,X,CO,224979000,1NB0726OFT,100,2026-07-10,2026-12-31,
500,1022,MPA0336401,R SAI TRANSPORT COMPANY,23ABPPR6379F2Z4,IN,CI,C3,X,OT,                ,1AI0519FWY,50,2019-07-01,2020-03-31,
500,1022,MPA0336401,R SAI TRANSPORT COMPANY,23ABPPR6379F2Z4,IN,CP,  ,X,OT,                ,1AI0519FWY,50,2019-07-01,2020-03-31,
500,1001,MSBDPL01,DELHIVERY PRIVATE LIMITED,36AAPCS9575E1ZO,IN,CI,C1,X,CO,334906000,1AA0125VBY,95,2025-01-22,2025-03-31,
500,1022,MPA0297101,DISTINCT SERVICES PVT LTD,23AADCD0600P1ZZ,IN,CI,C1,X,CO,                ,1AC0719JWM,70,2019-08-07,2020-03-31,
500,1022,MPA0297101,DISTINCT SERVICES PVT LTD,23AADCD0600P1ZZ,IN,CP,  ,X,CO,                ,1AC0719JWM,70,2019-08-07,2020-03-31,
500,1022,MPA0181301,GEEKAY SECURITY SERVICES PVT LTD,23AACCG1282D1Z6,IN,CP,  ,X,CO,                ,1AA0120MSG,50,2020-03-13,2020-03-31,
500,1022,MPA0181301,GEEKAY SECURITY SERVICES PVT LTD,23AACCG1282D1Z6,IN,CI,C1,X,CO,                ,1AA0120MSG,50,2020-03-13,2020-03-31,
500,1001,MSBDPL05,DELHIVERY PRIVATE LIMITED,23AAPCS9575E1ZV,IN,CI,C1,X,CO,334906000,1AA0125VBY,95,2025-01-22,2025-03-31,
500,1001,MSBTVSJP01,TVS SUPPLY CHAIN SOLUTIONS LIMITED,08AACCT1412E1ZV,IN,CI,C1,X,CO,604520262,1AG0525CFZ,77.5,2025-05-27,2026-03-31,
500,1001,MSBTVSJP01,TVS SUPPLY CHAIN SOLUTIONS LIMITED,08AACCT1412E1ZV,IN,CP,C1,X,CO,604520262,1AG0525CFZ,77.5,2025-05-27,2026-03-31,
500,1001,MSBVMSL01,Vodafone Mobile Services,08AAACB2100P1ZX,IN,CI,C1,X,CO,467804953,1AE0425XCA,87.5,2025-04-17,2026-03-31,
500,1049,MPOT001722,Truckhall Private Limited,19AAFCT8875J1ZH,IN,JI,J5,X,CO,                ,1AB0825RNU,90,2025-08-27,2026-03-31,
500,1001,MSBDPL02,DELHIVERY PRIVATE LIMITED,09AAPCS9575E1ZL,IN,CI,C1,X,CO,1058100000,1AD0623KIT,95,2023-06-09,2024-03-31,
500,1001,MT0073,THE TATA POWER CO.,27AAACT0054A1Z1,IN,LP,  , ,CO,358350000,1NA0626NIV,50,2026-06-09,2027-03-31,
500,1001,MT0073,THE TATA POWER CO.,27AAACT0054A1Z1,IN,LI,L1,X,CO,358350000,1NA0626NIV,50,2026-06-09,2027-03-31,
500,1001,MT0094,TATA MEMORIAL HOSPITAL.,                  ,IN,JI,J3,X,OT,100000,1AC0724BAE,100,2024-07-10,2025-03-31,
500,1001,MS0015,SURANA  HOSPITAL & RESEARCH,27AAATS1061R1Z3,IN,JI,J3,X,OT,                ,1AF0525OHX,100,2025-05-23,2026-03-31,
500,1001,DNJ00103AM,JONES LANG LASALLE PROPERTY,10AAACL2089B1Z7,IN,JI,J1,X,CO,332748483,1AC0526XFO,65,2026-05-15,2027-03-31,
500,1001,DNI00531AE,INTERGLOBE HOTELS PVT.LTD.,27AABCI2732H1ZS,IN,CI,C1,X,CO,2741307,1AA0525ARA,95,2025-04-30,2026-03-31,
500,1001,DNI00531AE,INTERGLOBE HOTELS PVT.LTD.,27AABCI2732H1ZS,IN,CP,C1,X,CO,2741307,1AA0525ARA,95,2025-04-30,2026-03-31,
500,1001,DNT00472AA,THE AUTOMOTIVE RESEARCH,27AAATT1989P1ZL,IN,JP,J3,X,OT,350000000,1AD0526CUH,100,2026-05-19,2027-03-31,
500,1001,DNT00472AA,THE AUTOMOTIVE RESEARCH,27AAATT1989P1ZL,IN,JI,J3,X,OT,350000000,1AD0526CUH,100,2026-05-19,2027-03-31,
500,1001,DNF00079AC,FEDERATION OF INDIAN CHAMBERS,07AAACF1282E1Z1,IN,CP,  ,X,CO,5000000.00,4AB0326KEN4A027,100,2026-04-01,2027-03-31,
500,1001,DNF00079AC,FEDERATION OF INDIAN CHAMBERS,07AAACF1282E1Z1,IN,CI,C1,X,CO,5000000.00,4AB0326KEN4A027,100,2026-04-01,2027-03-31,
500,1001,DNM00398AE,MAHINDRA LOGISTICS LIMITED,21AAFCM2530H1Z0,IN,CP,C1, ,CO,31084341727,1AD0426EMH,60,2026-04-16,2027-03-31,
500,1001,DNM00398AE,MAHINDRA LOGISTICS LIMITED,21AAFCM2530H1Z0,IN,CI,C1,X,CO,31084341727,1AD0426EMH,60,2026-04-16,2027-03-31,
500,1001,DNM00398AE,MAHINDRA LOGISTICS LIMITED,21AAFCM2530H1Z0,IN,II,I1,X,CO,866946434,1AD0426EMI,92,2026-04-16,2027-03-31,
500,1001,DNG00491AA,GDX SECURITY SOLUTIONS INDIA,05AACCG5199H1ZG,IN,CI,C1,X,CO,37167656,1NB0726GKX,95,2026-07-09,2027-03-31,
500,1001,DLSIML02A,MAHINDRA LOGISTICS LIMITED,06AAFCM2530H1ZS,IN,8I,IA,X,CO,566423104,1AB0725BXW,92,2025-07-14,2026-03-31,
500,1001,DLSIML02A,MAHINDRA LOGISTICS LIMITED,06AAFCM2530H1ZS,IN,CI,C1,X,CO,31084341727,1AD0426EMH,60,2026-04-16,2027-03-31,
500,1001,DLSIML02A,MAHINDRA LOGISTICS LIMITED,06AAFCM2530H1ZS,IN,II,I1,X,CO,866946434,1AD0426EMI,92,2026-04-16,2027-03-31,
500,1001,DLSIML02A,MAHINDRA LOGISTICS LIMITED,06AAFCM2530H1ZS,IN,JI,J1,X,CO,2070249434,1AD0426EMJ,92,2026-04-16,2027-03-31,
500,1001,DM094A,MTC BUSINESS PVT LTD,27AACCM4795M1ZT,IN,LI,L1,X,CO,                ,1NH0826UIT,50,2026-08-19,2027-03-31,
500,1001,DNM00420AB,MAHINDRA INTEGRATED BUSINESS,18AAGCM9780N1ZJ,IN,CI,C1,X,CO,1433439613,1AD0725FHJ,62.5,2025-07-31,2026-03-31,
500,1001,DNM00420AB,MAHINDRA INTEGRATED BUSINESS,18AAGCM9780N1ZJ,IN,JI,J1,X,CO,1222281345,1AD0725FHI,70,2025-07-31,2026-03-31,
500,1081,DNF00332AA,FLEXING IT SERVICES PVT.,07AACCF3852A1Z3,IN,JI,J1,X,CO,3400000,1AA0426KMA,85,2026-04-01,2027-03-31,
500,1001,DNC00606AB,CHECKMATE SERVICES PRIVATE,36AAACC8465A1ZW,IN,CI,C1,X,CO,81266120,1NC0626AOZ,75,2026-06-30,2027-03-31,
500,1001,DNL00277AA,Livasa Hospital,03AABCI4594F1ZQ,IN,JI,J1,X,CO,1000000,1AA0525SWC,64,2025-05-02,2026-03-31,
500,1001,DIY00024AB,YASHASWI ACADEMY FOR SKILLS,27AAACY6741P1ZN,IN,CI,C1,X,CO,213222804,1AD0725EUN,100,2025-07-31,2026-03-31,
500,1001,DIY00024AB,YASHASWI ACADEMY FOR SKILLS,27AAACY6741P1ZN,IN,CP,C1, ,CO,213222804,1AD0725EUN,100,2025-07-31,2026-03-31,
500,1001,DNF00077AA,FREIGHT SYSTEMS (INDIA),27AAACF0677K2ZG,IN,CI,C1,X,CO,4100000,1AD0526MBZ,50,2026-05-21,2027-03-31,
500,1081,DNF00077AA,FREIGHT SYSTEMS (INDIA),27AAACF0677K2ZG,IN,CI,C1,X,CO,800000,1AD0526MCS,50,2026-05-21,2026-09-30,
500,1022,DLA0357001,MMM LOGISTICS,07AVCPS8339P1ZP,IN,CI,C3,X,OT,                ,1AE0519PPJ,34,2019-05-20,2020-03-31,
500,1022,DLA0357001,MMM LOGISTICS,07AVCPS8339P1ZP,IN,CP,  ,X,OT,                ,1AE0519PPJ,34,2019-05-20,2020-03-31,
500,1001,DNP01196AA,PHONOGRAPHIC PERFORMANCE LIMITED,27AACCP9099D1Z2,IN,JI,J1,X,CO,3428579688,1AG0425UUW,90,2025-04-28,2026-03-31,
500,1007,DNP01196AA,PHONOGRAPHIC PERFORMANCE LIMITED,27AACCP9099D1Z2,IN,JP,J1,X,CO,                ,1AG0425UUW,90,2025-04-28,2026-03-31,
500,1007,DNP01196AA,PHONOGRAPHIC PERFORMANCE LIMITED,27AACCP9099D1Z2,IN,JI,J1,X,CO,                ,1AG0425UUW,90,2025-04-28,2026-03-31,
500,1079,DIT00384AA,TUV INDIA PVT LTD.,29AAACT2209D2ZP,IN,JI,J1,X,CO,"4,00,000",4NA0626AAB4G873,50,2026-06-01,2027-03-31,
500,1081,DIT00384AA,TUV INDIA PVT LTD.,29AAACT2209D2ZP,IN,JP,J1,X,CO,"18,40,000",4NA0626AAB4D060,50,2026-06-01,2027-03-31,
500,1081,DIT00384AA,TUV INDIA PVT LTD.,29AAACT2209D2ZP,IN,JI,J1,X,CO,"18,40,000",4NA0626AAB4D060,50,2026-06-01,2027-03-31,
500,1001,DNP01003AD,POLESTAR ENGINEERING CO,29AADFP6081H1ZZ,IN,CI,C4,X,OT,1250000000,1NA0726NHG,72.5,2026-07-02,2027-03-31,
500,1001,DNT00610AA,TEAMLEASE SERVICES LIMITED,27AABCT5458K2ZW,IN,CI,C1,X,CO,314374365,1AB0326MHW,95,2026-04-01,2027-03-31,
500,1001,DNI00531AC,INTERGLOBE HOTELS PVT.LTD.,27AABCI2732H1ZS,IN,CI,C1,X,CO,2741307,1AA0525ARA,95,2025-04-30,2026-03-31,
500,1001,DNM00420AC,MAHINDRA INTEGRATED BUSINESS,23AAGCM9780N1ZS,IN,CI,C1,X,CO,1433439613,1AD0725FHJ,62.5,2025-07-31,2026-03-31,
500,1001,DNC00728AA,CENTRE FOR DIGESTIVE AND,27AACCC5117H1ZW,IN,JI,J1,X,CO,2000000,1AC0725KZO,90,2025-07-23,2026-03-31,
500,1001,DNI00426AA,INDIAN INSTITUTE OF,24AAATI1247F1Z4,IN,JP,J3,X,OT,600000,1AC0326KOZ,100,2026-04-01,2027-03-31,
500,1001,DNI00426AA,INDIAN INSTITUTE OF,24AAATI1247F1Z4,IN,JI,J3,X,OT,600000,1AC0326KOZ,100,2026-04-01,2027-03-31,
500,1001,DNP01003AE,POLESTAR ENGINEERING CO,33AADFP6081H1ZA,IN,CI,C4,X,OT,1250000000,1NA0726NHG,72.5,2026-07-02,2027-03-31,
500,1001,DIT00559AB,TEAMLEASE FOUNDATION,27AADCT8958N1ZE,IN,CI,C1,X,CO,31377000,1AE0625OEU,75,2025-06-24,2026-03-31,
500,1001,DNM00348AE,MLL MOBILITY PRIVATE LIMI,33AACCV3807B1ZV,IN,CI,C1,X,CO,864072072,1NA0626AKR,87.5,2026-06-01,2027-03-31,
500,1001,DNC00540AA,Casa2 Stays Private Limited,27AAFCC6416Q1Z6,IN,CI,C1,X,CO,                ,1AG0426KJR,87.5,2026-04-29,2027-03-31,
500,1001,DNC00540AA,Casa2 Stays Private Limited,27AAFCC6416Q1Z6,IN,CP,C1,X,CO,                ,1AG0426KJR,87.5,2026-04-29,2027-03-31,
500,1001,DIT00472AC,THE AUTOMOTIVE RESEARCH,27AAATT1989P1ZL,IN,JP,J3,X,OT,350000000,1AD0526CUH,100,2026-05-19,2027-03-31,
500,1001,DIT00472AC,THE AUTOMOTIVE RESEARCH,27AAATT1989P1ZL,IN,JI,J3,X,OT,350000000,1AD0526CUH,100,2026-05-19,2027-03-31,
500,9025,DNT00548AA,TALENT HIRED-THE JOB STOR,06AAECT4240J1ZE,IN,JI,J1,X,CO,AAECT4240J,1AF0426WOJ,88,2026-04-27,2027-03-31,
500,1081,DNT00548AA,TALENT HIRED-THE JOB STOR,06AAECT4240J1ZE,IN,JI,J1,X,CO,13799000,1AF0426WOG,88,2026-04-27,2027-03-31,
500,1001,DND00155AA,DACHSER INDIA PVT LTD,27AACCA7791D1ZM,IN,CI,C1,X,CO,129544037,1AB0526LDF,12.5,2026-05-12,2027-03-31,
500,1001,DND00155AA,DACHSER INDIA PVT LTD,27AACCA7791D1ZM,IN,CP,C1,X,CO,129544037,1AB0526LDF,12.5,2026-05-12,2027-03-31,
500,1001,DNM00348AC,MLL MOBILITY PRIVATE LIMI,08AACCV3807B1ZO,IN,CI,C1,X,CO,864072072,1NA0626AKR,87.5,2026-06-01,2027-03-31,
500,1001,DIT00198AB,TVS SUPPLY CHAIN SOLUTIONS,27AACCT1412E1ZV,IN,CI,C1,X,CO,604520262,1AG0525CFZ,77.5,2025-05-27,2026-03-31,
500,1036,DNO00139AA,OM LOGISTICS SUPPLY CHAIN PVT LTD,24AAECO4660K1ZB,IN,CI,C1,X,CO,                ,BRDM01211A,67.5,2026-04-29,2027-03-31,
500,1081,DIX00023AC,Xtelify,05AABCW6047M1Z1,IN,JI,J1,X,CO,56525104,1AD0526NGJ,77.5,2026-05-21,2027-03-31,
500,1001,DNB00904AA,B S R & CO LLP,27AAAFB9852F2ZE,IN,JI,J3,X,OT,13181000000,1AB0325GFT,19.9,2025-04-01,2026-03-31,
500,1001,DNP01003AF,POLESTAR ENGINEERING CO,37AADFP6081H1Z2,IN,CI,C4,X,OT,1250000000,1NA0726NHG,72.5,2026-07-02,2027-03-31,
500,1001,DLA0425601,HERO MINDMINE INSTITUTE PVT LTD,07AABCH8741B1ZU,IN,JI,J1,X,CO,10000000,1NA0626TBA,75,2026-06-12,2027-03-31,
500,1001,DNJ00103AJ,JONES LANG LASALLE PROPERTY,18AAACL2089B1ZR,IN,JI,J1,X,CO,332748483,1AC0526XFO,65,2026-05-15,2027-03-31,
500,1001,DIT00610AA,TeamLease Services Pvt. Ltd.,27AABCT5458K2ZW,IN,CI,C1,X,CO,314374365,1AB0326MHW,95,2026-04-01,2027-03-31,
500,1081,DIT00610AA,TeamLease Services Pvt. Ltd.,27AABCT5458K2ZW,IN,CI,C1,X,CO,7850918,1AB0326MIN,95,2026-04-01,2027-03-31,
500,1001,DNG00628AD,G S P Power Systems Private,08AACCG0581H1ZQ,IN,CI,C1,X,CO,1400000000,1AB0526FTL,50,2026-05-11,2027-03-31,
500,1001,DNH00156AA,HERO MINDMINE INSTITUTE,09AABCH8741B1ZQ,IN,JI,J1,X,CO,10000000,1NA0626TBA,75,2026-06-12,2027-03-31,
500,1001,DNM00374AA,MEHRAB MOTORS PVT. LTD.,08AAECM2799M1ZR,IN,CI,C1,X,CO,12000000,1NA0526JMH,62.5,2026-05-14,2027-03-31,
500,1001,DNK00212AA,KRIOS INFO SOLUTIONS PRIV,27AAFCT7273G2Z0,IN,JP,  ,X,CO,180000000,1NC0726CFF,75,2026-07-14,2027-03-31,
500,1001,DNK00212AA,KRIOS INFO SOLUTIONS PRIV,27AAFCT7273G2Z0,IN,JI,J1,X,CO,180000000,1NC0726CFF,75,2026-07-14,2027-03-31,
500,1022,DLA0105701,DELHI GUJRAT FLEET CARRIER PVT LTD,07AACCD6847K1ZB,IN,CP,  ,X,CO,                ,1AB0719HET,77.5,2019-08-08,2020-03-31,
500,1022,DLA0105701,DELHI GUJRAT FLEET CARRIER PVT LTD,07AACCD6847K1ZB,IN,CI,C1,X,CO,                ,1AB0719HET,77.5,2019-08-08,2020-03-31,
500,1001,DLI01,Distribution Logistics Infrastructu,27AABCV7123P1ZV,IN,CI,C1,X,CO,12101000,1AA1120BIR,93.34,2020-11-03,2021-03-31,
500,1001,DNG00628AC,G S P POWER SYSTEMS PRIVATE,36AACCG0581H1ZR,IN,CI,C1,X,CO,1400000000,1AB0526FTL,50,2026-05-11,2027-03-31,
500,1001,DIT00485AA,TERRIER SECURITY SERVICES,23AADCT1832F1ZS,IN,CI,C1,X,CO,12992344,1AA0426VTK,75,2026-04-02,2027-03-31,
500,1001,DNM00348AB,MLL MOBILITY PRIVATE LIMI,29AACCV3807B1ZK,IN,CI,C1,X,CO,864072072,1NA0626AKR,87.5,2026-06-01,2027-03-31,
500,1001,DNM00348AB,MLL MOBILITY PRIVATE LIMI,29AACCV3807B1ZK,IN,CP,C1,X,CO,864072072,1NA0626AKR,87.5,2026-06-01,2027-03-31,
500,1022,DLA0024101,SECURITY AND INTELLIGENCE SERVICES,07AAECS3538A1ZP,IN,CP,  ,X,CO,                ,1AD0519MPE,99.5,2019-06-10,2020-03-31,
500,1022,DLA0024101,SECURITY AND INTELLIGENCE SERVICES,07AAECS3538A1ZP,IN,CI,C1,X,CO,                ,1AD0519MPE,99.5,2019-06-10,2020-03-31,
500,1001,DNM00398AC,MAHINDRA LOGISTICS LTD.,18AAFCM2530H1ZN,IN,CP,C1, ,CO,31084341727,1AD0426EMH,60,2026-04-16,2027-03-31,
500,1001,DNM00398AC,MAHINDRA LOGISTICS LTD.,18AAFCM2530H1ZN,IN,CI,C1,X,CO,31084341727,1AD0426EMH,60,2026-04-16,2027-03-31,
500,1001,DNM00398AC,MAHINDRA LOGISTICS LTD.,18AAFCM2530H1ZN,IN,II,I1,X,CO,866946434,1AD0426EMI,92,2026-04-16,2027-03-31,
500,1001,DMLL02,M s. Mahindra Logistic Limited,27AAFCM2530H1ZO,IN,CP,  ,X,CO,29908879483,1AB0725BXV,60,2025-07-14,2026-03-31,
500,1001,DMLL02,M s. Mahindra Logistic Limited,27AAFCM2530H1ZO,IN,CI,C1,X,CO,29908879483,1AB0725BXV,60,2025-07-14,2026-03-31,
500,1001,DLSIF001,FCM TRAVEL SOLUTIONS,06AAACF2674C2Z0,IN,CI,C1,X,CO,181110593,1AD0625YCY,94.5,2025-06-20,2026-03-31,
500,1001,DLSIF001,FCM TRAVEL SOLUTIONS,06AAACF2674C2Z0,IN,CP,C1,X,CO,181110593,1AD0625YCY,94.5,2025-06-20,2026-03-31,
500,1048,DLSII03,IRIS BUSINESS SERVICES LIMITED,27AAACI9260R1ZV,IN,JI,J1,X,CO,                ,1AC0621WVG,80,2021-08-23,2022-03-31,
500,1048,DLSII03,IRIS BUSINESS SERVICES LIMITED,27AAACI9260R1ZV,IN,JP,J1,X,CO,                ,1AC0621WVG,80,2021-08-23,2022-03-31,
500,1001,DNT00144AA,THE TATA POWER COMPANY LIMITED,27AAACT0054A1Z1,IN,LP,  , ,CO,358350000,1NA0626NIV,50,2026-06-09,2027-03-31,
500,1001,DNT00144AA,THE TATA POWER COMPANY LIMITED,27AAACT0054A1Z1,IN,LI,L1,X,CO,358350000,1NA0626NIV,50,2026-06-09,2027-03-31,
500,1001,DNM00420AA,MAHINDRA INTEGRATED BUSINESS,03AAGCM9780N1ZU,IN,CI,C1,X,CO,1433439613,1AD0725FHJ,62.5,2025-07-31,2026-03-31,
500,1001,DNM00420AA,MAHINDRA INTEGRATED BUSINESS,03AAGCM9780N1ZU,IN,JI,J1,X,CO,1222281345,1AD0725FHI,70,2025-07-31,2026-03-31,
500,1019,DPLWB01,DELHIVERY PVT LTD,19AAPCS9575E1ZK,IN,CI,C1,X,CO,23230120,IAB1019BLE,70,2019-10-31,2020-03-31,
500,1001,DPLWB01,DELHIVERY PVT LTD,19AAPCS9575E1ZK,IN,CI,C1,X,CO,334906000,1AA0125VBY,95,2025-01-22,2025-03-31,
500,1001,DNJ00103AI,JONES LANG LASALLE PROPERTY,23AAACL2089B1Z0,IN,JI,J1,X,CO,332748483,1AC0526XFO,65,2026-05-15,2027-03-31,
500,1001,DNW00199AA,WOCKHARDT HOSPITALS LIMITED,27AAACW3342G1ZH,IN,JP,  , ,CO,4000000,4NA0526AEQ4A054,87.5,2026-05-20,2027-03-31,
500,1001,DNW00199AA,WOCKHARDT HOSPITALS LIMITED,27AAACW3342G1ZH,IN,JI,J1,X,CO,4000000,4NA0526AEQ4A054,87.5,2026-05-20,2027-03-31,
500,1001,DNJ00103AR,JONES LANG LASALLE PROPERTY,33AAACL2089B1ZZ,IN,JP,  ,X,CO,332748483,1AC0526XFO,65,2026-05-15,2027-03-31,
500,1001,DNJ00103AR,JONES LANG LASALLE PROPERTY,33AAACL2089B1ZZ,IN,JI,J1,X,CO,332748483,1AC0526XFO,65,2026-05-15,2027-03-31,
500,1081,DNE00207AE,Ernst & Young LLP,27AAEFE1763C1ZS,IN,JI,J3,X,OT,"60,00,000",4NA0626AIE4D263,40,2026-06-25,2027-03-31,
500,1079,DNE00207AE,Ernst & Young LLP,27AAEFE1763C1ZS,IN,JI,J3,X,OT,"5,00,00,000",4NA0626AIE4C526,40,2026-06-25,2027-03-31,
500,1001,DNC00796AA,COREINTEGRA CONSULTING,27AADCC6736H1ZK,IN,JI,J1,X,CO,1800000,1AB0426GSZ,95,2026-04-07,2027-03-31,
500,1001,DND00210AA,DELHIVERY LIMITED,03AAPCS9575E1ZX,IN,CI,C1,X,CO,476368248,4AC0326DIZ4A328,95,2026-04-01,2027-03-31,
500,1001,DND00210AA,DELHIVERY LIMITED,03AAPCS9575E1ZX,IN,II,I1,X,CO,630267130,4AC0326DJB4A002,99,2026-04-01,2027-03-31,
500,1001,DIX00023AB,Xtelify Limited,29AABCW6047M1ZR,IN,CI,C1,X,CO,127053547,1AD0526NGT,75,2026-05-21,2027-03-31,
500,1081,DIX00023AB,Xtelify Limited,29AABCW6047M1ZR,IN,JI,J1,X,CO,56525104,1AD0526NGJ,77.5,2026-05-21,2027-03-31,
500,1084,DLSIML02,MAHINDRA LOGISTICS LTD.,06AAFCM2530H1ZS,IN,II,I1,X,CO,                ,1AC0724WDD,93.5,2024-07-16,2025-03-31,
500,1084,DLSIML02,MAHINDRA LOGISTICS LTD.,06AAFCM2530H1ZS,IN,CI,C1,X,CO,                ,1AC0724WDC,67.5,2024-07-16,2025-03-31,
500,1027,DLSIML02,MAHINDRA LOGISTICS LTD.,06AAFCM2530H1ZS,IN,II,I1,X,CO,                ,1AC0724WDD,93.5,2024-07-16,2025-03-31,
500,1027,DLSIML02,MAHINDRA LOGISTICS LTD.,06AAFCM2530H1ZS,IN,CI,C1,X,CO,                ,1AC0724WDC,67.5,2024-07-16,2025-03-31,
500,1001,DNC00800AA,COLLECTIVE ARTISTS NETWORK,27AAHCP2434K1Z9,IN,CP,C1,X,CO,5000000,1AA1225LKT,25,2025-12-16,2026-03-31,
500,1001,DNC00800AA,COLLECTIVE ARTISTS NETWORK,27AAHCP2434K1Z9,IN,CI,C1,X,CO,5000000,1AA1225LKT,25,2025-12-16,2026-03-31,
500,1001,DNR00824AA,RETROFIT TECHNOLOGY PVT LTD,10AAHCR1573K1ZG,IN,CI,C1,X,CO,1100000000,1AC0426LLA,82.5,2026-04-13,2027-03-31,
500,1019,DPLHR01,Delhivery Pvt. Ltd,06AAPCS9575E1ZR,IN,CI,C1,X,CO,                ,1AB1019BLE,70,2019-10-31,2020-03-31,
500,1001,DPLHR01,Delhivery Pvt. Ltd,06AAPCS9575E1ZR,IN,CI,C1,X,CO,334906000,1AA0125VBY,95,2025-01-22,2025-03-31,
500,1001,DND00210AD,DELHIVERY LIMITED,36AAPCS9575E1ZO,IN,CI,C1,X,CO,476368248,4AC0326DIZ4A328,95,2026-04-01,2027-03-31,
500,1079,DNI00477AC,IPSOS RESEARCH PRIVATE LIMITED,27AABCI3609K1ZJ,IN,JI,J1,X,CO,2600000,1AD0526TWJ,35,2026-05-26,2027-03-31,
500,1022,DLA0181301,GEEKAY SECURITY SERVICES PVT LTD,07AACCG1282D1Z0,IN,CI,C1,X,CO,                ,1AA0120MSG,50,2020-03-13,2020-03-31,
500,1022,DLA0181301,GEEKAY SECURITY SERVICES PVT LTD,07AACCG1282D1Z0,IN,CP,  ,X,CO,                ,1AA0120MSG,50,2020-03-13,2020-03-31,
500,1001,DNN00750AA,NOBLE SHIPPING PVT LTD,27AABCN3498H1Z6,IN,CI,C1,X,CO,5200000,1AC0426RZI,67.5,2026-04-15,2027-03-31,
500,1001,DNH00180AB,HANSA CUSTOMER EQUITY,27AADCC3122F1Z6,IN,CI,C1,X,CO,10000000,1AA0726HLR,50,2026-07-07,2027-03-31,
500,1001,DNH00180AB,HANSA CUSTOMER EQUITY,27AADCC3122F1Z6,IN,JP,J1,X,CO,427800000,1AA0726HLP,76.5,2026-07-07,2027-03-31,
500,1001,DNH00180AB,HANSA CUSTOMER EQUITY,27AADCC3122F1Z6,IN,JI,J1,X,CO,427800000,1AA0726HLP,76.5,2026-07-07,2027-03-31,
500,1079,DNH00180AB,HANSA CUSTOMER EQUITY,27AADCC3122F1Z6,IN,JI,J1,X,CO,63960000,1AA0726HLS,76.5,2026-07-07,2027-03-31,
500,1081,DNH00180AB,HANSA CUSTOMER EQUITY,27AADCC3122F1Z6,IN,JI,J1,X,CO,50000000,1AA0726HLT,76.5,2026-07-07,2027-03-31,
500,1001,DNJ00103AB,JONES LANG LASALLE PROPERTY,29AAACL2089B1ZO,IN,JI,J1,X,CO,332748483,1AC0526XFO,65,2026-05-15,2027-03-31,
500,1001,DIT00472AA,THE AUTOMOTIVE RESEARCH,27AAATT1989P1ZL,IN,JI,J3,X,OT,350000000,1AD0526CUH,100,2026-05-19,2027-03-31,
500,9025,DIT00472AA,THE AUTOMOTIVE RESEARCH,27AAATT1989P1ZL,IN,JI,J3,X,OT,AAATT1989P,1AD0526CWB,100,2026-05-19,2027-03-31,
500,9025,DIT00472AA,THE AUTOMOTIVE RESEARCH,27AAATT1989P1ZL,IN,JP,J3,X,OT,AAATT1989P,1AD0526CWB,100,2026-05-19,2027-03-31,
500,1036,DIS02188AA,SHREE RANG OUTSOURCING,24AASCS9023Q1ZI,IN,CI,C1,X,CO,                ,BRDM01211A,50,2026-04-01,2027-03-31,
500,1001,DIU00228AA,UPGRAD EDUCATION PRIVATE,27AAECD4879M1ZZ,IN,JI,J1,X,CO,110000000,4AA0526NTJ4A008,80,2026-05-06,2027-03-31,
500,9025,DIU00228AA,UPGRAD EDUCATION PRIVATE,27AAECD4879M1ZZ,IN,CI,C1,X,CO,AAECD4879M,4AA0526NTF4A017,75,2026-05-06,2027-03-31,
500,1001,DND00312AB,DHL EXPRESS (INDIA),04AABCD3611Q1ZQ,IN,CP,  ,X,CO,72239817420,1AC0425LYY,32.5,2025-04-09,2026-03-31,
500,1001,DND00312AB,DHL EXPRESS (INDIA),04AABCD3611Q1ZQ,IN,CI,C1,X,CO,72239817420,1AC0425LYY,32.5,2025-04-09,2026-03-31,
500,1001,DNK00091AB,KEK ENGINEERING SERVICES,29AALFK2238B1ZH,IN,CI,C4,X,OT,160000000,1AA0126JCP,90,2026-01-20,2026-03-31,
500,1001,DII00181AA,INTERACTIVE AVENUES PRIVATE,27AACCI0954J1ZI,IN,CP,C1,X,CO,1476824000,1ND0726ETP,25,2026-07-24,2027-03-31,
500,1001,DII00181AA,INTERACTIVE AVENUES PRIVATE,27AACCI0954J1ZI,IN,CI,C1,X,CO,1476824000,1ND0726ETP,25,2026-07-24,2027-03-31,
500,1001,DII00181AA,INTERACTIVE AVENUES PRIVATE,27AACCI0954J1ZI,IN,JI,J1,X,CO,58622000,1ND0726EYS,70,2026-07-24,2027-03-31,
500,1079,DII00181AA,INTERACTIVE AVENUES PRIVATE,27AACCI0954J1ZI,IN,JI,J1,X,CO,7200000,1ND0726EZO,70,2026-07-24,2027-03-31,
500,1079,DII00181AA,INTERACTIVE AVENUES PRIVATE,27AACCI0954J1ZI,IN,CI,C1,X,CO,31189000,1ND0726EUX,25,2026-07-24,2027-03-31,
500,1001,DIG00491AD,GDX SECURITY SOLUTIONS INDIA,06AACCG5199H1ZE,IN,CI,C1,X,CO,37167656,1NB0726GKX,95,2026-07-09,2027-03-31,
500,1001,DIM00398AR,MAHINDRA LOGISTICS LTD,36AAFCM2530H1ZP,IN,CI,C1,X,CO,31084341727,1AD0426EMH,60,2026-04-16,2027-03-31,
500,1001,DIM00398AR,MAHINDRA LOGISTICS LTD,36AAFCM2530H1ZP,IN,CP,C1, ,CO,31084341727,1AD0426EMH,60,2026-04-16,2027-03-31,
500,1001,DIM00398AR,MAHINDRA LOGISTICS LTD,36AAFCM2530H1ZP,IN,IP,I1, ,CO,866946434,1AD0426EMI,92,2026-04-16,2027-03-31,
500,1001,DIM00398AR,MAHINDRA LOGISTICS LTD,36AAFCM2530H1ZP,IN,II,I1,X,CO,866946434,1AD0426EMI,92,2026-04-16,2027-03-31,
500,1001,DIM00398AR,MAHINDRA LOGISTICS LTD,36AAFCM2530H1ZP,IN,JI,J1,X,CO,2070249434,1AD0426EMJ,92,2026-04-16,2027-03-31,
500,1081,DIM00398AR,MAHINDRA LOGISTICS LTD,36AAFCM2530H1ZP,IN,CI,C1,X,CO,3423983036,1AD0426EMP,60,2026-04-16,2027-03-31,
500,1001,DDD00371AA,DASSAULT SYSTEMES INDIA,29AACCD7672A8ZI,IN,JI,J1,X,CO,914462070,1NC0726NSM,87,2026-07-17,2027-03-31,
500,1081,DDD00371AA,DASSAULT SYSTEMES INDIA,29AACCD7672A8ZI,IN,JI,J1,X,CO,96739212,1NC0726NTN,87,2026-07-17,2027-03-31,
500,9025,DIS00006AA,SHOBIZ EXPERIENTIAL,27AABCS4372D1ZI,IN,CI,C1,X,CO,AABCS4372D,4AE0426OPC,2.5,2026-04-22,2027-03-31,
500,9025,DIS00006AA,SHOBIZ EXPERIENTIAL,27AABCS4372D1ZI,IN,CP,C1,X,CO,AABCS4372D,4AE0426OPC,2.5,2026-04-22,2027-03-31,
500,1021,DI061X,IAC INTERNATIONAL AUTOMOTIVE INDIA,27AABCI8434J1ZC,IN,CI,C1,X,CO,                ,0614EP891E,50,2014-04-15,2015-03-31,
500,9025,DIA01154AC,APOLLO SUPPLY CHAIN PRIVATE,19AALCA0748D1ZR,IN,II,I1,X,CO,AALCA0748D,1AF0426DAE,75,2026-04-23,2027-03-31,
500,9025,DIA01154AC,APOLLO SUPPLY CHAIN PRIVATE,19AALCA0748D1ZR,IN,JI,J1,X,CO,AALCA0748D,1AF0426DAF,75,2026-04-23,2027-03-31,
500,9025,DIA01154AC,APOLLO SUPPLY CHAIN PRIVATE,19AALCA0748D1ZR,IN,CI,C1,X,CO,AALCA0748D,1AF0426DAD,75,2026-04-23,2027-03-31,
500,1001,DIC00858AB,CLR FACILITY SERVICES PVT LTD,27AADCC5478N1Z2,IN,CI,C1,X,CO,28702897,1NB0526SDZ,92.5,2026-05-29,2027-03-31,
500,9025,DIA01154AD,APOLLO SUPPLY CHAIN PRIVATE,06AALCA0748D1ZY,IN,JI,J1,X,CO,AALCA0748D,1AF0426DAF,75,2026-04-23,2027-03-31,
500,9025,DIA01154AD,APOLLO SUPPLY CHAIN PRIVATE,06AALCA0748D1ZY,IN,II,I1,X,CO,AALCA0748D,1AF0426DAE,75,2026-04-23,2027-03-31,
500,9025,DIA01154AD,APOLLO SUPPLY CHAIN PRIVATE,06AALCA0748D1ZY,IN,CI,C1,X,CO,AALCA0748D,1AF0426DAD,75,2026-04-23,2027-03-31,
500,1001,DID00384AA,DESIGNTECH SYSTEMS PRIVAT,27AABCD2335F1Z2,IN,JI,J1, ,CO,120097250,1NA0726SQB,66.5,2026-07-06,2027-03-31,
500,1001,DID00210AM,DELHIVERY LIMITED,36AAPCS9575E1ZO,IN,CI,C1,X,CO,476368248,4AC0326DIZ4A328,95,2026-04-01,2027-03-31,
500,1001,DIN00380AA,NETWORK18 MEDIA & INVESTMENTS,27AABCS2472G1ZF,IN,CI,C1,X,CO,7500000,4AB0426YFU4A294,92.5,2026-04-09,2027-03-31,
500,1001,DIN00380AA,NETWORK18 MEDIA & INVESTMENTS,27AABCS2472G1ZF,IN,JI,J1, ,CO,5000000,4AB0426YFY4A028,97.5,2026-04-09,2027-03-31,
500,1079,DIN00380AA,NETWORK18 MEDIA & INVESTMENTS,27AABCS2472G1ZF,IN,CP,C1,X,CO,10000000,4AB0426YFU4A241,92.5,2026-04-09,2027-03-31,
500,1079,DIN00380AA,NETWORK18 MEDIA & INVESTMENTS,27AABCS2472G1ZF,IN,CI,C1,X,CO,10000000,4AB0426YFU4A241,92.5,2026-04-09,2027-03-31,
500,1001,DIO00139AA,Om Logistics Supply Chain Private,03AAECO4660K1ZF,IN,CI,C1,X,CO,                ,1AG0426GGL,67.5,2026-04-29,2027-03-31,
500,9025,DID00728AA,Digitide Solutions Limited,27AAKCD6353Q1ZW,IN,JI,J1,X,CO,AAKCD6353Q,1AB0326IBP,95,2026-04-01,2027-03-31,
500,1001,DIB00155AA,BHARTI AIRTEL LTD.,19AAACB2894G1ZK,IN,CI,C1,X,CO,681819,1AC0325HPR,90,2025-04-01,2026-03-31,
500,1001,DIS00659AB,SIS LIMITED,27AAECS3538A1ZN,IN,CI,C1,X,CO,120068853,4AB0426EVC4C114,99.5,2026-04-06,2027-03-31,
500,1001,DIM00398AD,MAHINDRA LOGISTICS LIMITED,23AAFCM2530H1ZW,IN,CP,  , ,CO,31084341727,1AD0426EMH,60,2026-04-16,2027-03-31,
500,1001,DIM00398AD,MAHINDRA LOGISTICS LIMITED,23AAFCM2530H1ZW,IN,CI,C1,X,CO,31084341727,1AD0426EMH,60,2026-04-16,2027-03-31,
500,1001,DIM00398AD,MAHINDRA LOGISTICS LIMITED,23AAFCM2530H1ZW,IN,II,I1,X,CO,866946434,1AD0426EMI,92,2026-04-16,2027-03-31,
500,1001,DIM00398AD,MAHINDRA LOGISTICS LIMITED,23AAFCM2530H1ZW,IN,JI,J1,X,CO,2070249434,1AD0426EMJ,92,2026-04-16,2027-03-31,
500,1001,DIO00139AB,Om Logistics Supply Chain Private,27AAECO4660K1Z5,IN,CI,C1,X,CO,                ,1AG0426GGL,67.5,2026-04-29,2027-03-31,
500,1001,DID00362AJ,DUSTERS TOTAL SOLUTIONS,19AACCD5989Q1ZL,IN,CI,C1,X,CO,66544756,4AB0326QIP4A066,99.5,2026-04-01,2027-03-31,
500,1079,DIF00108AB,FLYJAC LOGISTICS PRIVATE,33AABCF2133M2ZV,IN,CI,C1,X,CO,4027553,1NF0726FMH,50,2026-07-30,2027-03-31,
500,1081,DIF00108AB,FLYJAC LOGISTICS PRIVATE,33AABCF2133M2ZV,IN,CI,C1,X,CO,21867716,1NF0726FMJ,50,2026-07-30,2027-03-31,
500,1001,DIF00108AB,FLYJAC LOGISTICS PRIVATE,33AABCF2133M2ZV,IN,CI,C1,X,CO,                ,1NF0726FLD,50,2026-07-30,2027-03-31,
500,1001,DIF00108AB,FLYJAC LOGISTICS PRIVATE,33AABCF2133M2ZV,IN,CP,C1, ,CO,                ,1NF0726FLD,50,2026-07-30,2027-03-31,
500,1081,DIM00398AK,MAHINDRA LOGISTICS LIMITED,27AAFCM2530H1ZO,IN,CI,C1,X,CO,3423983036,1AD0426EMP,60,2026-04-16,2027-03-31,
500,1079,DIM00398AK,MAHINDRA LOGISTICS LIMITED,27AAFCM2530H1ZO,IN,CI,C1,X,CO,1202274130,1AD0426EMO,60,2026-04-16,2027-03-31,
500,1001,DIB00155AF,BHARTI AIRTEL LIMITED,29AAACB2894G1ZJ,IN,CI,C1,X,CO,681819,1AC0325HPR,90,2025-04-01,2026-03-31,
500,1001,DIB00155AF,BHARTI AIRTEL LIMITED,29AAACB2894G1ZJ,IN,JI,J1,X,CO,20845569,1AB0325QYO,98,2025-04-01,2026-03-31,
500,1001,DIC00606AA,CHECKMATE SERVICES PVT. LTD.,33AAACC8465A1Z2,IN,CI,C1,X,CO,81266120,1NC0626AOZ,75,2026-06-30,2027-03-31,
500,1001,DIL00146AA,LIVING MEDIA INDIA LIMITED,09AAACL0087H2ZJ,IN,CP,C1,X,CO,24000000,1AC0525FUV,20,2025-05-09,2026-03-31,
500,1001,DIL00146AA,LIVING MEDIA INDIA LIMITED,09AAACL0087H2ZJ,IN,CI,C1,X,CO,24000000,1AC0525FUV,20,2025-05-09,2026-03-31,
500,1079,DIL00146AA,LIVING MEDIA INDIA LIMITED,09AAACL0087H2ZJ,IN,CI,C1,X,CO,1200000,1AD0326FEZ,50,2026-04-01,2027-03-31,
500,1001,DIM01158AK,MLL EXPRESS SERVICES PRIVATE,17AACCV3947L1ZV,IN,CI,C1,X,CO,1800000000,1AD0526PNP,87.5,2026-05-25,2027-03-31,
500,1081,DIM01158AK,MLL EXPRESS SERVICES PRIVATE,17AACCV3947L1ZV,IN,CI,C1,X,CO,"15,00,00,000",1AD0526PNS,87.5,2026-05-25,2027-03-31,
500,1001,DIM00398BA,MAHINDRA LOGISTICS LIMITED,23AAFCM2530H1ZW,IN,CI,C1,X,CO,31084341727,1AD0426EMH,60,2026-04-16,2027-03-31,
500,1001,DIM00398BA,MAHINDRA LOGISTICS LIMITED,23AAFCM2530H1ZW,IN,8I,IA,X,CO,866946434,1AD0426EMI,92,2026-04-16,2027-03-31,
500,1001,DIL00094AA,LEAP INDIA PVT LTD,27AACCL5087B1ZM,IN,CI,C1,X,CO,16000000,1AA0626FUE,80,2026-06-19,2027-03-31,
500,1081,DIE00207AB,Ernst & Young LLP,27AAEFE1763C1ZS,IN,JI,J3,X,OT,"60,00,000",4NA0626AIE4D263,40,2026-06-25,2027-03-31,
500,1079,DIE00207AB,Ernst & Young LLP,27AAEFE1763C1ZS,IN,JI,J3,X,OT,"5,00,00,000",4NA0626AIE4C526,40,2026-06-25,2027-03-31,
500,1001,DDX00023AB,Xtelify Limited,29AABCW6047M1ZR,IN,CI,C1,X,CO,127053547,1AD0526NGT,75,2026-05-21,2027-03-31,
500,9025,DIA01154AB,APOLLO SUPPLY CHAIN PRIVATE,18AALCA0748D1ZT,IN,II,I1,X,CO,AALCA0748D,1AF0426DAE,75,2026-04-23,2027-03-31,
500,9025,DIA01154AB,APOLLO SUPPLY CHAIN PRIVATE,18AALCA0748D1ZT,IN,JI,J1,X,CO,AALCA0748D,1AF0426DAF,75,2026-04-23,2027-03-31,
500,9025,DIA01154AB,APOLLO SUPPLY CHAIN PRIVATE,18AALCA0748D1ZT,IN,CI,C1,X,CO,AALCA0748D,1AF0426DAD,75,2026-04-23,2027-03-31,
500,1001,DID00210AD,Delhivery Private Limited,27AAPCS9575E1ZN,IN,CI,C1,X,CO,476368248,4AC0326DIZ4A328,95,2026-04-01,2027-03-31,
500,1001,DIM01158AL,MLL EXPRESS SERVICES PRIVATE,30AACCV3947L1Z7,IN,CI,C1,X,CO,1800000000,1AD0526PNP,87.5,2026-05-25,2027-03-31,
500,1081,DIM01158AL,MLL EXPRESS SERVICES PRIVATE,30AACCV3947L1Z7,IN,CI,C1,X,CO,"15,00,00,000",1AD0526PNS,87.5,2026-05-25,2027-03-31,
500,1001,DIM00398AC,MAHINDRA LOGISTICS LIMITED,09AAFCM2530H1ZM,IN,CP,  , ,CO,31084341727,1AD0426EMH,60,2026-04-16,2027-03-31,
500,1001,DIM00398AC,MAHINDRA LOGISTICS LIMITED,09AAFCM2530H1ZM,IN,CI,C1,X,CO,31084341727,1AD0426EMH,60,2026-04-16,2027-03-31,
500,1001,DIM00398AC,MAHINDRA LOGISTICS LIMITED,09AAFCM2530H1ZM,IN,II,I1,X,CO,866946434,1AD0426EMI,92,2026-04-16,2027-03-31,
500,1001,DIM00398AC,MAHINDRA LOGISTICS LIMITED,09AAFCM2530H1ZM,IN,JI,J1,X,CO,2070249434,1AD0426EMJ,92,2026-04-16,2027-03-31,
500,1022,DGFCPL1022,DELHI GUJRAT FLEET CARRIER PVT LTD,                  ,IN,CP,  ,X,CO,                ,1AB0719HET,77.5,2019-08-08,2020-03-31,
500,1022,DGFCPL1022,DELHI GUJRAT FLEET CARRIER PVT LTD,                  ,IN,CI,C1,X,CO,                ,1AB0719HET,77.5,2019-08-08,2020-03-31,
500,1001,DIS00585AA,SPHINX WORLDBIZ LTD,09AABCS7321Q1ZU,IN,JI,J1,X,CO,14900000,1AA1025FYH,50,2025-10-10,2026-03-31,
500,1001,DIG00415AB,GI STAFFING SERVICES PRIVATE,09AADCG3694A1ZP,IN,CI,C1,X,CO,7080000,1AB0326EZL,85,2026-04-01,2027-03-31,
500,1001,DIA01154AA,APOLLO SUPPLY CHAIN PRIVATE,23AALCA0748D1Z2,IN,CI,C1,X,CO,1300000,1AB0625RNU,75,2025-06-06,2026-03-31,
500,9025,DIA01154AA,APOLLO SUPPLY CHAIN PRIVATE,23AALCA0748D1Z2,IN,CI,C1,X,CO,AALCA0748D,1AF0426DAD,75,2026-04-23,2027-03-31,
500,9025,DIA01154AA,APOLLO SUPPLY CHAIN PRIVATE,23AALCA0748D1Z2,IN,JI,J1,X,CO,AALCA0748D,1AF0426DAF,75,2026-04-23,2027-03-31,
500,9025,DIA01154AA,APOLLO SUPPLY CHAIN PRIVATE,23AALCA0748D1Z2,IN,II,I1,X,CO,AALCA0748D,1AF0426DAE,75,2026-04-23,2027-03-31,
500,1001,DIA01168AA,AYANA RENEWABLE POWER PRIVATE,29AAPCA2514F1ZQ,IN,LI,L1,X,CO,4000000,1NA0526NBS,90,2026-05-15,2027-03-31,
500,1001,DII00229AA,INTELIZIGN LIFECYCLE SERV,33AAGCI2284M1ZC,IN,JI,J1,X,CO,64860552,1AB0526ELZ,65,2026-05-11,2027-03-31,
500,1081,DII00229AA,INTELIZIGN LIFECYCLE SERV,33AAGCI2284M1ZC,IN,JP,J1,X,CO,4274160,1AB0526EMB,65,2026-05-11,2027-03-31,
500,1081,DII00229AA,INTELIZIGN LIFECYCLE SERV,33AAGCI2284M1ZC,IN,JI,J1,X,CO,4274160,1AB0526EMB,65,2026-05-11,2027-03-31,
500,1001,DID00318AA,DHL SUPPLY CHAIN INDIA,27AAECD6334M1ZD,IN,CI,C1,X,CO,87362532,1AD0625UZJ,0.5,2025-06-19,2026-03-31,
500,1001,DID00210AN,DELHIVERY LIMITED,03AAPCS9575E1ZX,IN,CI,C1,X,CO,476368248,4AC0326DIZ4A328,95,2026-04-01,2027-03-31,
500,1001,DID00210AN,DELHIVERY LIMITED,03AAPCS9575E1ZX,IN,II,I1,X,CO,630267130,4AC0326DJB4A002,99,2026-04-01,2027-03-31,
500,1001,DIG00431AA,GATI EXPRESS & SUPPLY CHAIN,06AADCG2096A1Z1,IN,CI,C1,X,CO,100000000,1AG0525ISM,95,2025-05-29,2026-03-31,
500,1001,DIL00186AA,LTC LOGISTICS PRIVATE LIMITED,06AABCL0678F3ZM,IN,CI,C1,X,CO,15000000,1NB0726JMD,62.5,2026-07-10,2027-03-31,
500,1001,DIM01158AG,MLL EXPRESS SERVICES PRIVATE,05AACCV3947L1Z0,IN,CI,C1,X,CO,1800000000,1AD0526PNP,87.5,2026-05-25,2027-03-31,
500,1081,DIM01158AG,MLL EXPRESS SERVICES PRIVATE,05AACCV3947L1Z0,IN,CI,C1,X,CO,"15,00,00,000",1AD0526PNS,87.5,2026-05-25,2027-03-31,
500,1001,DIM01158AW,MLL EXPRESS SERVICES PRIVATE,23AACCV3947L1Z2,IN,CI,C1,X,CO,1800000000,1AD0526PNP,87.5,2026-05-25,2027-03-31,
500,1081,DIM01158AW,MLL EXPRESS SERVICES PRIVATE,23AACCV3947L1Z2,IN,CI,C1,X,CO,"15,00,00,000",1AD0526PNS,87.5,2026-05-25,2027-03-31,
500,1001,DID00384AC,DESIGNTECH SYSTEMS PRIVAT,27AABCD2335F1Z2,IN,JI,J1,X,CO,120097250,1NA0726SQB,66.5,2026-07-06,2027-03-31,
500,1001,DIS00548AB,SODEXO INDIA SERVICES PRIVATE LIMIT,27AAACR2547Q1ZW,IN,CI,C1,X,CO,26635571,AF0426RXQ,45,2026-04-27,2027-03-31,
500,9025,DIE00207AD,ERNST & YOUNG LLP,06AAEFE1763C1ZW,IN,JI,J3,X,OT,AAEFE1763C,4NA0626AIE4A315,40,2026-06-25,2027-03-31,
500,1001,DIM00398AA,MAHINDRA LOGISTICS LTD,24AAFCM2530H1ZU,IN,CP,  , ,CO,31084341727,1AD0426EMH,60,2026-04-16,2027-03-31,
500,1001,DIM00398AA,MAHINDRA LOGISTICS LTD,24AAFCM2530H1ZU,IN,CI,C1,X,CO,31084341727,1AD0426EMH,60,2026-04-16,2027-03-31,
500,1001,DIM00398AA,MAHINDRA LOGISTICS LTD,24AAFCM2530H1ZU,IN,II,I1,X,CO,866946434,1AD0426EMI,92,2026-04-16,2027-03-31,
500,1001,DIM00398AA,MAHINDRA LOGISTICS LTD,24AAFCM2530H1ZU,IN,JI,J1,X,CO,2070249434,1AD0426EMJ,92,2026-04-16,2027-03-31,
500,1079,DDA00224AA,Amazon Digital Services,27AADCJ1977B1ZO,IN,JI,J1,X,CO,91128000,1AC0326LBF,90,2026-04-01,2027-03-31,
500,1001,DIC00858AA,CLR FACILITY SERVICES PVT LTD,08AADCC5478N1Z2,IN,CI,C1,X,CO,28702897,1NB0526SDZ,92.5,2026-05-29,2027-03-31,
500,1001,DIM00398AE,MAHINDRA LOGISTICS LTD,05AAFCM2530H1ZU,IN,CI,C1,X,CO,31084341727,1AD0426EMH,60,2026-04-16,2027-03-31,
500,1001,DIM00398AE,MAHINDRA LOGISTICS LTD,05AAFCM2530H1ZU,IN,CP,C1, ,CO,31084341727,1AD0426EMH,60,2026-04-16,2027-03-31,
500,1001,DIM00398AE,MAHINDRA LOGISTICS LTD,05AAFCM2530H1ZU,IN,8I,IA,X,CO,866946434,1AD0426EMI,92,2026-04-16,2027-03-31,
500,1001,DIM00398AE,MAHINDRA LOGISTICS LTD,05AAFCM2530H1ZU,IN,JI,J1,X,CO,2070249434,1AD0426EMJ,92,2026-04-16,2027-03-31,
500,1001,DIP00221AA,PENTAGON SYSTEM AND SERVICES,27AAACP0547J1ZG,IN,JP,J1,X,CO,3084794102,1AA0825QGC,55,2025-08-11,2026-03-31,
500,1001,DIP00221AA,PENTAGON SYSTEM AND SERVICES,27AAACP0547J1ZG,IN,JI,J1,X,CO,3084794102,1AA0825QGC,55,2025-08-11,2026-03-31,
500,1001,DIM01158AV,MLL EXPRESS SERVICES PRIVATE,24AACCV3947L1Z0,IN,CI,C1,X,CO,1800000000,1AD0526PNP,87.5,2026-05-25,2027-03-31,
500,1081,DIM01158AV,MLL EXPRESS SERVICES PRIVATE,24AACCV3947L1Z0,IN,CI,C1,X,CO,"15,00,00,000",1AD0526PNS,87.5,2026-05-25,2027-03-31,
500,1001,DIE00571AA,ESTECH INDIA PRIVATE LIMI,27AADCE5018Q1ZA,IN,JI,J1,X,CO,                ,1NE0726NGD,90,2026-07-27,2027-03-31,
500,1001,DIE00571AA,ESTECH INDIA PRIVATE LIMI,27AADCE5018Q1ZA,IN,JP,J1, ,CO,                ,1NE0726NGD,90,2026-07-27,2027-03-31,
500,1001,DIF00136AA,FOXTROT INTERACTIVE PRIVATE,27AACCF9968R1ZH,IN,CI,C1,X,CO,200000000,1AB0825KIH,50,2025-08-22,2026-03-31,
500,1001,DIF00136AA,FOXTROT INTERACTIVE PRIVATE,27AACCF9968R1ZH,IN,CP,C1,X,CO,200000000,1AB0825KIH,50,2025-08-22,2026-03-31,
500,1001,DIM01158AR,MLL EXPRESS SERVICES PRIVATE,07AACCV3947L1ZW,IN,CI,C1,X,CO,1800000000,1AD0526PNP,87.5,2026-05-25,2027-03-31,
500,1081,DIM01158AR,MLL EXPRESS SERVICES PRIVATE,07AACCV3947L1ZW,IN,CI,C1,X,CO,"15,00,00,000",1AD0526PNS,87.5,2026-05-25,2027-03-31,
500,1001,DIS00642AA,STRATEGIC LEARNING SOLUTI,06AADCS9706K1Z1,IN,JP,J1, ,CO,70000000,1AD0426CLH,84,2026-04-15,2027-03-31,
500,1001,DIS00642AA,STRATEGIC LEARNING SOLUTI,06AADCS9706K1Z1,IN,JI,J1,X,CO,70000000,1AD0426CLH,84,2026-04-15,2027-03-31,
500,1081,DIS00642AA,STRATEGIC LEARNING SOLUTI,06AADCS9706K1Z1,IN,JI,J1,X,CO,17000000,1AD0426CLG,84,2026-04-15,2027-03-31,
500,1001,DIM01158AI,MLL EXPRESS SERVICES PRIVATE,29AACCV3947L1ZQ,IN,CI,C1,X,CO,1800000000,1AD0526PNP,87.5,2026-05-25,2027-03-31,
500,1081,DIM01158AI,MLL EXPRESS SERVICES PRIVATE,29AACCV3947L1ZQ,IN,CI,C1,X,CO,"15,00,00,000",1AD0526PNS,87.5,2026-05-25,2027-03-31,
500,1001,DIF00079AB,FEDERATION OF INDIAN CHAMBERS,07AAACF1282E1Z1,IN,CI,C1,X,CO,2886685303,4AB0326KEN,100,2026-04-01,2027-03-31,
500,1001,DIF00079AB,FEDERATION OF INDIAN CHAMBERS,07AAACF1282E1Z1,IN,JI,J1,X,CO,727671064,4AB0326KER,100,2026-04-01,2027-03-31,
500,1001,DIM01158AM,MLL EXPRESS SERVICES PRIVATE,09AACCV3947L1ZS,IN,CI,C1,X,CO,1800000000,1AD0526PNP,87.5,2026-05-25,2027-03-31,
500,1081,DIM01158AM,MLL EXPRESS SERVICES PRIVATE,09AACCV3947L1ZS,IN,CI,C1,X,CO,"15,00,00,000",1AD0526PNS,87.5,2026-05-25,2027-03-31,
500,1001,DIA00493AA,AD ASTRA CONSULTANTS PVT LTD,29AAGCA0236K1ZP,IN,JI,J1,X,CO,20000000,4AF0426WTO4A005,82.5,2026-04-27,2027-03-31,
500,1081,DIA00493AA,AD ASTRA CONSULTANTS PVT LTD,29AAGCA0236K1ZP,IN,JI,J1,X,CO,"10,000,000",4AF0426WTO4A021,82.5,2026-04-27,2027-03-31,
500,1079,DIA00493AA,AD ASTRA CONSULTANTS PVT LTD,29AAGCA0236K1ZP,IN,JI,J1,X,CO,10000000.00,4AF0426WTO4A009,82.5,2026-04-27,2027-03-31,
500,1079,DIF00108AF,LOGISTEED INDIA PRIVATE LIMITED,33AABCF2133M2ZV,IN,CI,C1,X,CO,4027553,1NF0726FMH,50,2026-07-30,2027-03-31,
500,1081,DIF00108AF,LOGISTEED INDIA PRIVATE LIMITED,33AABCF2133M2ZV,IN,CI,C1,X,CO,21867716,1NF0726FMJ,50,2026-07-30,2027-03-31,
500,1001,DIF00108AF,LOGISTEED INDIA PRIVATE LIMITED,33AABCF2133M2ZV,IN,CI,C1,X,CO,                ,1NF0726FLD,50,2026-07-30,2027-03-31,
500,1001,DIS00698AA,SAFE & SECURE LOGISTICS,27AAGCS5100E1ZR,IN,CI,C1,X,CO,150000000,4NA0626ADO4A003,62.5,2026-06-08,2027-03-31,
500,1081,DIS00698AA,SAFE & SECURE LOGISTICS,27AAGCS5100E1ZR,IN,CI,C1,X,CO,25000000,1AC0625VUO,75,2025-06-13,2026-03-31,
500,1081,DIL00192AF,LORDS FREIGHT (INDIA) PRIVATE,29AACCL0108M1ZJ,IN,CI,C1,X,CO,260298,1NA0626AVJ,25,2026-06-01,2027-03-31,
500,1001,DIJ00103AC,JONES LANG LASALLE PROPERTY,33AAACL2089B1ZZ,IN,JP,J1, ,CO,332748483,1AC0526XFO,65,2026-05-15,2027-03-31,
500,1001,DIJ00103AC,JONES LANG LASALLE PROPERTY,33AAACL2089B1ZZ,IN,JI,J1,X,CO,332748483,1AC0526XFO,65,2026-05-15,2027-03-31,
500,1001,DIR00178AA,RELIANCE JIO INFOCOMM LIMITED,03AABCI6363G1ZT,IN,JI,J1, ,CO,                ,1AB0426UVW,99,2026-04-09,2027-03-31,
500,1001,DIM01158AP,MLL EXPRESS SERVICES PRIVATE,21AACCV3947L1Z6,IN,CI,C1,X,CO,1800000000,1AD0526PNP,87.5,2026-05-25,2027-03-31,
500,1081,DIM01158AP,MLL EXPRESS SERVICES PRIVATE,21AACCV3947L1Z6,IN,CI,C1,X,CO,"15,00,00,000",1AD0526PNS,87.5,2026-05-25,2027-03-31,
500,1081,DII00167AB,IDIADA AUTOMOTIVE TECHNOL,27AABCI8147E1ZL,IN,JI,J1,X,CO,4500000,1AC0625ULU,47,2025-06-13,2026-03-31,
500,1081,DII00167AB,IDIADA AUTOMOTIVE TECHNOL,27AABCI8147E1ZL,IN,JP,J1,X,CO,4500000,1AC0625ULU,47,2025-06-13,2026-03-31,
500,1001,DIM01158AA,MLL EXPRESS SERVICES PRIVATE,27AACCV3947L1ZU,IN,CI,C1,X,CO,1800000000,1AD0526PNP,87.5,2026-05-25,2027-03-31,
500,1001,DIM01158AA,MLL EXPRESS SERVICES PRIVATE,27AACCV3947L1ZU,IN,CP,C1, ,CO,1800000000,1AD0526PNP,87.5,2026-05-25,2027-03-31,
500,1081,DIM01158AA,MLL EXPRESS SERVICES PRIVATE,27AACCV3947L1ZU,IN,CI,C1,X,CO,"15,00,00,000",1AD0526PNS,87.5,2026-05-25,2027-03-31,
500,1079,DIE00207AA,Ernst & Young LLP,07AAEFE1763C1ZU,IN,JI,J3,X,OT,"5,00,00,000",4NA0626AIE4C526,40,2026-06-25,2027-03-31,
500,1079,DIL00192AA,LORDS FREIGHT (INDIA) PRIVATE,33AACCL0108M1ZU,IN,CI,C1,X,CO,"2,94,56,153",1NA0626AVI,25,2026-06-01,2027-03-31,
500,1081,DIL00192AA,LORDS FREIGHT (INDIA) PRIVATE,33AACCL0108M1ZU,IN,CI,C1,X,CO,260298,1NA0626AVJ,25,2026-06-01,2027-03-31,
500,1001,DIM00398AV,MAHINDRA LOGISTICS LIMITED,27AAFCM2530H1ZO,IN,II,I1,X,CO,                ,1AD0426EMI,92,2026-04-16,2027-03-31,
500,1001,DIM00398AV,MAHINDRA LOGISTICS LIMITED,27AAFCM2530H1ZO,IN,JI,J1,X,CO,                ,1AD0426EMJ,92,2026-04-16,2027-03-31,
500,1001,DIM00398AV,MAHINDRA LOGISTICS LIMITED,27AAFCM2530H1ZO,IN,CP,C1, ,CO,                ,1AD0426EMH,60,2026-04-16,2027-03-31,
500,1001,DIM00398AV,MAHINDRA LOGISTICS LIMITED,27AAFCM2530H1ZO,IN,CI,C1,X,CO,                ,1AD0426EMH,60,2026-04-16,2027-03-31,
500,1001,DIM01158AU,MLL EXPRESS SERVICES PRIVATE,34AACCV3947L1ZZ,IN,CI,C1,X,CO,1800000000,1AD0526PNP,87.5,2026-05-25,2027-03-31,
500,1081,DIM01158AU,MLL EXPRESS SERVICES PRIVATE,34AACCV3947L1ZZ,IN,CI,C1,X,CO,"15,00,00,000",1AD0526PNS,87.5,2026-05-25,2027-03-31,
500,1001,DIM00398AB,MAHINDRA LOGISTICS LIMITED,08AAFCM2530H1ZO,IN,CP,C1, ,CO,31084341727,1AD0426EMH,60,2026-04-16,2027-03-31,
500,1001,DIM00398AB,MAHINDRA LOGISTICS LIMITED,08AAFCM2530H1ZO,IN,CI,C1,X,CO,31084341727,1AD0426EMH,60,2026-04-16,2027-03-31,
500,1001,DIM00398AB,MAHINDRA LOGISTICS LIMITED,08AAFCM2530H1ZO,IN,II,I1, ,CO,866946434,1AD0426EMI,92,2026-04-16,2027-03-31,
500,1001,DIM00398AB,MAHINDRA LOGISTICS LIMITED,08AAFCM2530H1ZO,IN,8I,IA, ,CO,866946434,1AD0426EMI,92,2026-04-16,2027-03-31,
500,1001,DIM00398AB,MAHINDRA LOGISTICS LIMITED,08AAFCM2530H1ZO,IN,JI,J1, ,CO,2070249434,1AD0426EMJ,92,2026-04-16,2027-03-31,
500,1001,DIM01158AS,MLL EXPRESS SERVICES PRIVATE,32AACCV3947L1Z3,IN,CI,C1,X,CO,1800000000,1AD0526PNP,87.5,2026-05-25,2027-03-31,
500,1081,DIM01158AS,MLL EXPRESS SERVICES PRIVATE,32AACCV3947L1Z3,IN,CI,C1,X,CO,"15,00,00,000",1AD0526PNS,87.5,2026-05-25,2027-03-31,
500,1081,DIF00108AD,FLYJAC LOGISTICS PVT LTD,29AABCF2133M1ZL,IN,CI,C1,X,CO,21867716,1NF0726FMJ,50,2026-07-30,2027-03-31,
500,1001,DIF00108AD,FLYJAC LOGISTICS PVT LTD,29AABCF2133M1ZL,IN,CI,C1,X,CO,                ,1NF0726FLD,50,2026-07-30,2027-03-31,
500,1001,DIL00067AA,LEPTON SOFTWARE EXPORT &,06AAACL6778R1ZN,IN,JI,J1,X,CO,34454861,1AA0725JNI,55,2025-07-02,2026-03-31,
500,1001,DII00470AA,INFOBIP INDIA PVT LTD,27AADCI4073K1ZD,IN,JI,J1,X,CO,23000000,1NA0726YDI,65,2026-07-07,2027-03-31,
500,1001,DIM01158AB,MLL EXPRESS SERVICES PRIVATE,02AACCV3947L1Z6,IN,CI,C1,X,CO,1800000000,1AD0526PNP,87.5,2026-05-25,2027-03-31,
500,1081,DIM01158AB,MLL EXPRESS SERVICES PRIVATE,02AACCV3947L1Z6,IN,CI,C1,X,CO,"15,00,00,000",1AD0526PNS,87.5,2026-05-25,2027-03-31,
500,1001,DIM01054AA,Mahindra First Choice Wheels Limite,27AACCM0794N1Z0,IN,II,I1,X,CO,192000000,4AG0426FWT4A005,90,2026-04-29,2027-03-31,
500,1079,DIM01054AA,Mahindra First Choice Wheels Limite,27AACCM0794N1Z0,IN,JI,J5,X,CO,"4,00,00,000",4AG0426FWU4A062,50,2026-04-29,2027-03-31,
500,1001,DIS00552AB,SUNDHARAMS PRIVATE LIMITED,27AAACS4949P1ZN,IN,CI,C1,X,CO,16000000,1NB0626BVD,25,2026-06-17,2027-03-31,
500,1001,DIS00552AB,SUNDHARAMS PRIVATE LIMITED,27AAACS4949P1ZN,IN,CP,C1, ,CO,16000000,1NB0626BVD,25,2026-06-17,2027-03-31,
500,1001,DIM00398AI,MAHINDRA LOGISTICS LIMITED,27AAFCM2530H1ZO,IN,CI,C1,X,CO,31084341727,1AD0426EMH,60,2026-04-16,2027-03-31,
500,1001,DIM00398AI,MAHINDRA LOGISTICS LIMITED,27AAFCM2530H1ZO,IN,CP,C1,X,CO,31084341727,1AD0426EMH,60,2026-04-16,2027-03-31,
500,1001,DIM00398AI,MAHINDRA LOGISTICS LIMITED,27AAFCM2530H1ZO,IN,RI,I1,X,CO,866946434,1AD0426EMI,92,2026-04-16,2027-03-31,
500,1001,DIM00398AI,MAHINDRA LOGISTICS LIMITED,27AAFCM2530H1ZO,IN,JI,J1,X,CO,2070249434,1AD0426EMJ,92,2026-04-16,2027-03-31,
500,1079,DIM00398AI,MAHINDRA LOGISTICS LIMITED,27AAFCM2530H1ZO,IN,CI,C1,X,CO,1202274130,1AD0426EMO,60,2026-04-16,2027-03-31,
500,1081,DIM00398AI,MAHINDRA LOGISTICS LIMITED,27AAFCM2530H1ZO,IN,CI,C1,X,CO,3423983036,1AD0426EMP,60,2026-04-16,2027-03-31,
500,1001,DIM01158AZ,MLL EXPRESS SERVICES PRIVATE,36AACCV3947L1ZV,IN,CI,C1,X,CO,1800000000,1AD0526PNP,87.5,2026-05-25,2027-03-31,
500,1081,DIM01158AZ,MLL EXPRESS SERVICES PRIVATE,36AACCV3947L1ZV,IN,CI,C1,X,CO,"15,00,00,000",1AD0526PNS,87.5,2026-05-25,2027-03-31,
500,1001,DIP00727AB,PLUXEE INDIA PRIVATE LIMI,27AALCS9822Q1ZC,IN,CP,C1,X,CO,20895111,1AC0426YUV,87.5,2026-04-15,2027-03-31,
500,1001,DIP00727AB,PLUXEE INDIA PRIVATE LIMI,27AALCS9822Q1ZC,IN,CI,C1,X,CO,20895111,1AC0426YUV,87.5,2026-04-15,2027-03-31,
500,1001,DIJ00103AD,JONES LANG LASALLE PROPERTY,29AAACL2089B1ZO,IN,JI,J1,X,CO,332748483,1AC0526XFO,65,2026-05-15,2027-03-31,
500,1001,DIS00651AA,SEABIRD LOGISOLUTIONS LIMITED,23AAECM3609A1Z5,IN,CI,C1,X,CO,11242481,1AA0525TRB,75,2025-05-03,2026-03-31,
500,1001,DIM00420AH,Mahindra Integrated Business,20AAGCM9780N1ZY,IN,CI,C1,X,CO,1433439613,1AD0725FHJ,62.5,2025-07-31,2026-03-31,
500,1001,DIM00420AH,Mahindra Integrated Business,20AAGCM9780N1ZY,IN,JI,J1,X,CO,1222281345,1AD0725FHI,70,2025-07-31,2026-03-31,
500,1001,DID00362AK,DUSTERS TOTAL SOLUTIONS,07AACCD5989Q1ZQ,IN,CI,C1,X,CO,66544756,4AB0326QIP4A066,99.5,2026-04-01,2027-03-31,
500,1001,DIH00144AB,HANSA RESEARCH GROUP PVT,27AAACH9516M1Z7,IN,JI,J1,X,CO,7000000,1AD0526NXJ,60,2026-05-22,2027-03-31,
500,1001,DIH00144AB,HANSA RESEARCH GROUP PVT,27AAACH9516M1Z7,IN,JP,J1,X,CO,7000000,1AD0526NXJ,60,2026-05-22,2027-03-31,
500,1001,AN013,ANI Technologies Pvt Ltd.,09AAJCA1389G1ZH,IN,CI,C1,X,CO,1511019,1AE0423ZQR,95,2023-04-25,2024-03-31,
500,1001,AN012,ANI Technologies Pvt Ltd.,36AAJCA1389G7ZE,IN,CI,C1,X,CO,1511019,1AE0423ZQR,95,2023-04-25,2024-03-31,
500,1001,AN006,ANI Technologies Pvt Ltd.,06AAJCA1389G1ZN,IN,CI,C1,X,CO,1511019,1AE0423ZQR,95,2023-04-25,2024-03-31,
500,9017,AIRTEL01,Bharti Airtel Ltd,07AAACB2894G1ZP,IN,CP,C1,X,CO,                ,1AB0422LQF,95,2022-04-13,2023-03-31,
500,9017,AIRTEL01,Bharti Airtel Ltd,07AAACB2894G1ZP,IN,CI,C1,X,CO,                ,1AB0422LQF,95,2022-04-13,2023-03-31,
500,1001,AN020,ANI Technologies Pvt Ltd.,24AAJCA1389G1ZP,IN,CI,C1,X,CO,1511019,1AE0423ZQR,95,2023-04-25,2024-03-31,
500,1001,AN016,ANI Technologies Pvt Ltd.,19AAJCA1389G1ZG,IN,CI,C1,X,CO,1511019,1AE0423ZQR,95,2023-04-25,2024-03-31,
500,1001,AN008,ANI Technologies Pvt Ltd.,20AAJCA1389G1ZX,IN,CI,C1,X,CO,1511019,1AE0423ZQR,95,2023-04-25,2024-03-31,
500,1001,AN010,ANI Technologies Pvt Ltd.,21AAJCA1389G1ZV,IN,CI,C1,X,CO,1511019,1AE0423ZQR,95,2023-04-25,2024-03-31,
500,1001,AN009,ANI Technologies Pvt Ltd.,23AAJCA1389G1ZR,IN,CI,C1,X,CO,1511019,1AE0423ZQR,95,2023-04-25,2024-03-31,
500,1001,AIL0002,AIR INDIA,27AACCN6194P1ZP,IN,JP,  ,X,CO,300000,1AD0521VKE,100,2021-05-20,2022-03-31,
500,1001,AIL0002,AIR INDIA,27AACCN6194P1ZP,IN,JI,J1,X,CO,300000,1AD0521VKE,100,2021-05-20,2022-03-31,
500,1001,AN003,ANI Technologies Pvt Ltd.,37AAJCA1389G1ZI,IN,CI,C1,X,CO,1511019,1AE0423ZQR,95,2023-04-25,2024-03-31,
500,1001,AK0001,Akamai Technologies Solutions India,29AADCK5389G3Z1,IN,JI,J1,X,CO,RS. 21 LACS,1AG0519ESD,70,2019-08-21,2020-03-31,
500,1001,AN022,ANI Technologies Pvt Ltd.,33AAJCA1389G1ZQ,IN,CI,C1,X,CO,1511019,1AE0423ZQR,95,2023-04-25,2024-03-31,
500,1001,AN015,ANI Technologies Pvt Ltd.,03AAJCA1389G1ZT,IN,CI,C1,X,CO,1511019,1AE0423ZQR,95,2023-04-25,2024-03-31,
500,1017,0002000533,Manyata Promoters Private Limited..,                  ,IN,II,I1,X,CO,                ,0412BT645H,85,2012-04-10,2013-03-31,
500,1017,0002000527,Pune Embassy Projects Pvt Ltd.,                  ,IN,II,I1,X,CO,                ,0413CU707C,95,2013-05-31,2014-03-31,
500,1017,0002000078,RENT WORKS INDIA PVT.LTD,                  ,IN,II,I2,X,CO,                ,0210BC526G,70,2010-04-29,2011-03-31,
500,1015,0002000078,RENT WORKS INDIA PVT.LTD,                  ,IN,II,I2,X,CO,AABCR8889C,0210BB8231,70,2010-04-28,2011-03-31,
500,1037,0002000398,CIPET – ARSTPS,33AAAAC0606R2ZV,IN,JP,  ,X,CO,                ,0314FR705C,100,2014-09-01,2015-03-31,
500,1037,0002000398,CIPET – ARSTPS,33AAAAC0606R2ZV,IN,JI,J1, ,CO,                ,0314FR705C,100,2014-09-01,2015-03-31,
500,1006,FMUBSR01,B S R & Co. LLP,27AAAFB9852F2ZE,IN,JI,J3,X,OT,                ,1AE0624FQE,2.8,2024-06-21,2025-03-31,
500,1079,FMUBSR01,B S R & Co. LLP,27AAAFB9852F2ZE,IN,JI,J3,X,OT,13181000000,1AB0325GFT,19.9,2025-04-01,2026-03-31,
500,1037,FLYJT105CH,FLYJAC LOGISTICS PRIVATE LIMITED,33AABCF2133M2ZV,IN,CI,C1,X,CO,                ,1AD0621RAH,0.5,2021-06-16,2022-03-31,
500,1079,FLYJT105CH,FLYJAC LOGISTICS PRIVATE LIMITED,33AABCF2133M2ZV,IN,CI,C1,X,CO,4027553,1NF0726FMH,50,2026-07-30,2027-03-31,
500,1081,FLYJT105CH,FLYJAC LOGISTICS PRIVATE LIMITED,33AABCF2133M2ZV,IN,CI,C1,X,CO,21867716,1NF0726FMJ,50,2026-07-30,2027-03-31,
500,1001,FLYJT105CH,FLYJAC LOGISTICS PRIVATE LIMITED,33AABCF2133M2ZV,IN,CP,C1, ,CO,                ,1NF0726FLD,50,2026-07-30,2027-03-31,
500,1001,FLYJT105CH,FLYJAC LOGISTICS PRIVATE LIMITED,33AABCF2133M2ZV,IN,CI,C1,X,CO,                ,1NF0726FLD,50,2026-07-30,2027-03-31,
500,1001,FLIPL02,FREIGHT LINES INDIA PVT L,27AAACF0535E1Z5,IN,CI,C1,X,CO,47500000,1AB0521HKA,62.5,2021-05-06,2022-03-31,
500,9018,0035011908,Reliance Hospital Management Servic,                  ,IN,JP,J1, ,CO,                ,197/AAACR7606L,99.5,2010-08-19,2011-03-31,
500,1030,0035011908,Reliance Hospital Management Servic,                  ,IN,JP,J1, ,CO,                ,197/AAACR7606L,99.5,2010-08-19,2011-03-31,
500,1001,0035050202,SAFE & SECURE LOGISTICS PVT.,27AAGCS5100E1ZR,IN,CI,C1,X,CO,133000000,1AC0625VUD,75,2025-06-13,2026-03-31,
500,1081,0035050202,SAFE & SECURE LOGISTICS PVT.,27AAGCS5100E1ZR,IN,CI,C1,X,CO,25000000,1AC0625VUO,75,2025-06-13,2026-03-31,
500,1022,0035050170,TCI HI-WAYS PVT. LTD.,                  ,IN,CI,C1,X,CO,                ,1AB0719MGE,40,2019-07-20,2020-03-31,
500,1022,0035050170,TCI HI-WAYS PVT. LTD.,                  ,IN,CP,  ,X,CO,                ,1AB0719MGE,40,2019-07-20,2020-03-31,
500,1030,0035012740,MECKLAI FINANCIAL SERVICES LTD.,                  ,IN,JI,J1,X,CO,                ,197/11-12/15,82.8,2011-05-06,2012-03-31,
500,1030,0035012740,MECKLAI FINANCIAL SERVICES LTD.,                  ,IN,JP,J1,X,CO,                ,197/11-12/15,82.8,2011-05-06,2012-03-31,
500,9018,0035012740,MECKLAI FINANCIAL SERVICES LTD.,                  ,IN,JI,J1,X,CO,                ,197/11-12/15,82.8,,,
500,9018,0035012740,MECKLAI FINANCIAL SERVICES LTD.,                  ,IN,JP,J1,X,CO,                ,197/11-12/15,82.8,,,
500,9018,0035012489,SHAREPRO SERVICES (INDIA) PVT LTD,                  ,IN,JP,J1,X,CO,                ,197/AAICS5500L/,51,,,
500,9018,0035012489,SHAREPRO SERVICES (INDIA) PVT LTD,                  ,IN,JI,J1,X,CO,                ,197/AAICS5500L/,51,,,
500,1030,0035012489,SHAREPRO SERVICES (INDIA) PVT LTD,                  ,IN,JI,J1,X,CO,                ,197/AAICS5500L/,51,2011-06-20,2012-03-31,
500,1030,0035012489,SHAREPRO SERVICES (INDIA) PVT LTD,                  ,IN,JP,J1,X,CO,                ,197/AAICS5500L/,51,2011-06-20,2012-03-31,
500,9018,0035012840,THANE SMALL SCALE INDUSTRIES,                  ,IN,IP,I4,X,OT,                ,0610AK293H,100,,,
500,1030,0035012840,THANE SMALL SCALE INDUSTRIES,                  ,IN,II,I4,X,OT,                ,0610AK293H,100,2010-07-19,2011-03-31,
500,1030,0035012840,THANE SMALL SCALE INDUSTRIES,                  ,IN,IP,I4,X,OT,                ,0610AK293H,100,2010-07-19,2011-03-31,
500,9018,0035012840,THANE SMALL SCALE INDUSTRIES,                  ,IN,II,I4,X,OT,                ,0610AK293H,100,,,
500,1030,0035013708,MEC ELEC INDUSTRIAL SERVI,27AAFCM3973Q1ZO,IN,JP,J1,X,CO,                ,0612BQ004A,90,2012-02-06,2012-03-31,
500,1030,0035013708,MEC ELEC INDUSTRIAL SERVI,27AAFCM3973Q1ZO,IN,JI,J1,X,CO,                ,0612BQ004A,90,2012-02-06,2012-03-31,
500,1001,A9047,The Automotive Research Association,06AAATN7662F1ZI,IN,JI,J3, ,OT,350000000,1AD0526CUH,100,2026-05-19,2027-03-31,
500,1001,A7100,ADITYA BIRLA HEALTH SERVICES LTD,27AADCA7613B1Z4,IN,JI,J1,X,CO,24390000,1AF0622DPV,99,2022-06-28,2023-03-31,
500,1001,AFE100,AUTOFORM ENGINEERING INDI,36AAFCA0098Q1Z7,IN,JP,  ,X,CO,36149177,1AI0524HEK,70,2024-05-24,2025-03-31,
500,1001,AFE100,AUTOFORM ENGINEERING INDI,36AAFCA0098Q1Z7,IN,JI,J1,X,CO,36149177,1AI0524HEK,70,2024-05-24,2025-03-31,
500,1001,A1820,ADECCO INDIA PVT LTD,27AABCG3636Q1Z6,IN,JI,J1, ,CO,300000,1AB0520QYD,73.33,2020-09-01,2021-03-31,
500,1024,A1820,ADECCO INDIA PVT LTD,27AABCG3636Q1Z6,IN,JP,  ,X,CO,AABCG3636Q,0413CT479J,92.5,2013-08-23,2014-03-31,
500,1038,A1820,ADECCO INDIA PVT LTD,27AABCG3636Q1Z6,IN,JI,J1,X,CO,                ,0416AG600H,94,2016-05-11,2017-03-31,
500,1038,A1820,ADECCO INDIA PVT LTD,27AABCG3636Q1Z6,IN,CI,C1,X,CO,                ,0418AI398G,50,2018-05-09,2019-03-31,
500,1065,A1820,ADECCO INDIA PVT LTD,27AABCG3636Q1Z6,IN,JI,J1,X,CO,                ,0418AH931F,90,2018-05-08,2019-03-31,
500,1024,A1820,ADECCO INDIA PVT LTD,27AABCG3636Q1Z6,IN,JI,  ,X,CO,AABCG3636Q,0413CT479J,92.5,2013-08-23,2014-03-31,
500,1001,AGPULSES14,MAHINDRA LOGISTIC LTD - PULSES,27AAFCM2530H1ZO,IN,CI,C1,X,CO,31084341727,1AD0426EMH,60,2026-04-16,2027-03-31,
500,1001,AGPULSES14,MAHINDRA LOGISTIC LTD - PULSES,27AAFCM2530H1ZO,IN,II,I1,X,CO,866946434,1AD0426EMI,92,2026-04-16,2027-03-31,
500,1049,AGFOR00003,CHECKMATE SERVICES PVT LTD,24AAACC8465A1Z1,IN,CI,C1,X,CO,                ,0918AB848H,50,2018-08-28,2019-03-31,
500,1070,AGFOR00003,CHECKMATE SERVICES PVT LTD,24AAACC8465A1Z1,IN,CI,C1,X,CO,                ,1AD0725BCT,62.5,2025-07-30,2026-03-31,
500,1001,AGMHZPC428,Apollo Health and Lifestyle Ltd A/c,                  ,IN,JI,J1,X,CO,10279707,1AG0523IOD,99,2023-05-19,2024-03-31,
500,1049,AGMUP0014,PEOPLESTRONG TECHNOLOGIES,06AADCP8140Q1ZY,IN,JI,J1,X,CO,197(1)_206C(9)/A,1AB0526KEN,95.5,2026-05-12,2027-03-31,
500,9023,AGMUP0014,PEOPLESTRONG TECHNOLOGIES,06AADCP8140Q1ZY,IN,JI,J1,X,CO,                ,1AB0526KAB,95.5,2026-05-12,2027-03-31,
500,1005,A1204,ANAND SHIPPING & LOGISTICS,                  ,IN,CI,C1,X,OT,                ,01,100,2016-04-01,2017-03-31,
500,1070,AGCCTCIF01,Transport Corporation of India Limi,19AAACT7966R1Z8,IN,CI,C1,X,CO,                ,1AA0721GFW,0.8,2021-07-02,2022-03-31,
500,1001,AGMSKAHO01,MSKA & ASSOCIATES,27AACFK3470E2ZJ,IN,JI,J1,X,CO,2760000000,1AC0625JYI,40,2025-07-12,2026-03-31,
500,1005,AGCOSLP01,COSCO SHIPPING LINES (INDIA) PRIVAT,27AABCC9418Q1Z2,IN,CP,C1,X,CO,                ,ABC,100,2022-04-01,2023-03-31,
500,1070,AGCCMOBI01,MOBISY TECHNOLOGIES PRIVA,29AAFCM4341L1Z6,IN,JI,J1,X,CO,                ,1AB0625JII,98,2025-06-06,2026-03-31,
500,1001,AEPL01,AWIGN ENTERPRISES PRIVATE,29AAOCA5799B1Z6,IN,CI,C1, ,CO,10000000,1NA0726EJF,95,2026-07-01,2027-03-31,
500,1001,AEPL01,AWIGN ENTERPRISES PRIVATE,29AAOCA5799B1Z6,IN,JI,J1,X,CO,1841600,1NA0726EJE,99,2026-07-01,2027-03-31,
500,1001,AAIAL01,ADANI AHMEDABAD INTERNATIONAL AIRPO,24AASCA7730J1ZC,IN,JP,  ,X,CO,AMT 254201,1AC0423KTF,99.5,2023-04-18,2024-03-31,
500,1001,AAIAL01,ADANI AHMEDABAD INTERNATIONAL AIRPO,24AASCA7730J1ZC,IN,JI,J5,X,CO,AMT 400000,1AC0423KTF,97.5,2023-04-18,2024-03-31,
500,1037,A5512,AVL Technical Centre Pvt.Ltd.,06AADCA1470C1ZB,IN,JI,J5,X,CO,                ,1AC0422IYH,75,2022-04-22,2023-03-31,
500,9023,AGHOE&Y01,ERNST & YOUNG LLP,27AAEFE1763C1ZS,IN,JI,J1,X,OT,                ,4NA0626AIE4D358,40,2026-06-25,2027-03-31,
500,9025,AGHOE&Y01,ERNST & YOUNG LLP,27AAEFE1763C1ZS,IN,JI,J3,X,OT,AAEFE1763C,4NA0626AIE4A315,40,2026-06-25,2027-03-31,
500,1070,AGCCEWR173,EAST WEST ROADLINES,24ABOPS5328Q1ZT,IN,CI,C3,X,OT,                ,1AG0426BSB,30,2026-04-28,2027-03-31,
500,1070,AGCCTCI180,Transport Corporation of India Limi,36AAACT7966R2ZB,IN,CI,C1,X,CO,                ,1AE0424LBM,70,2024-04-24,2025-03-31,
500,1001,AGCCIIM189,INDIAN INSTITUTE OF MANAGEMENT BANG,29AAAAI0405N1ZQ,IN,JI,J3,X,OT,1500000000,1AF0425DPR,100,2025-04-17,2026-03-31,
500,1070,AFCCRCS195,RCS LOGISTICS,24ERHPS4060L1ZE,IN,CI,C3,X,OT,                ,194C(6) TRANSPORT,100,2025-04-01,2026-03-31,
500,1070,AGCCATC218,AMIT TRANSPORT CORPORATION,                  ,IN,CI,C4,X,OT,                ,2023-2024,100,2023-04-01,2024-03-31,
500,1049,AGSDS5024,SIS LIMITED,36AAECS3538A1ZO,IN,JI,J1,X,CO,                ,4AB0426EVD,99.9,2026-04-06,2027-03-31,
500,1049,AGSDS5024,SIS LIMITED,36AAECS3538A1ZO,IN,CI,C1,X,CO,                ,4AB0426EVC,99.5,2026-04-06,2027-03-31,
500,1070,AGCCMIBS64,MAHINDRA INTEGRATED BUSINESS SOLU,32AAGCM9780N1ZT,IN,CI,C1,X,CO,                ,1AD0725FIZ,62.5,2025-07-31,2026-03-31,
500,9017,AARVI1,AARVI ENCON LIMITED,27AAACA3640H1Z0,IN,CI,C1,X,CO,                ,1AF0425UGF,82.5,2025-04-21,2026-03-31,
500,1070,AGCDELL290,DELHIVERY LIMITED,24AAPCS9575E1ZT,IN,CI,C1,X,CO,                ,4AC0326DIZ,95,2026-04-01,2027-03-31,
500,1070,AGCCDLL314,DELHIVERY LIMITED,19AAPCS9575E1ZK,IN,CI,C1,X,CO,                ,4AC0326DIZ,95,2026-04-01,2027-03-31,
500,1070,AGCCDLL315,DELHIVERY LIMITED,21AAPCS9575E1ZZ,IN,CI,C1,X,CO,                ,4AC0326DIZ,95,2026-04-01,2027-03-31,
500,1070,AGCCDLL312,DELHIVERY LIMITED,08AAPCS9575E1ZN,IN,CI,C1,X,CO,                ,4AC0326DIZ,95,2026-04-01,2027-03-31,
500,1070,AGCCDLL319,DELHIVERY LIMITED,32AAPCS9575E2ZV,IN,CI,C1,X,CO,                ,4AC0326DIZ,95,2026-04-01,2027-03-31,
500,1070,AGCCDLL316,DELHIVERY LIMITED,22AAPCS9575E1ZX,IN,CI,C1,X,CO,                ,4AC0326DIZ,95,2026-04-01,2027-03-31,
500,1001,AGCCDLL313,DELHIVERY LIMITED,09AAPCS9575E1ZL,IN,CI,C1,X,CO,334906000,1AA0125VBY,95,2025-01-22,2025-03-31,
500,1070,AGCCDFS329,DELHIVERY FREIGHT SERVICES PRIVATE,07AAHCD7291E1ZJ,IN,CI,C1,X,CO,                ,1AB0525SCX,95,2025-05-07,2026-03-31,
500,1070,AGCCVJL362,VIJETA INDIA LOGISTICS,24BTQPK0345A2Z2,IN,CI,C3,X,OT,                ,194C(6) TRANSPORT,100,2025-04-01,2026-03-31,
500,1070,AGFOR00010,SMT. JAYABEN MODY HOSPITAL,24AAATA4648Q1ZE,IN,JI,J3,X,OT,                ,1AF0622LSL,100,2022-06-29,2023-03-31,
500,1049,AGTEMIN01,TEMPINDIA STAFFING SERVICES PVT LTD,06AAECT3740M1Z5,IN,CI,C1,X,CO,                ,2317AB006C,87.5,2017-04-18,2018-03-31,
500,1001,A795,A. M. M. FOUNDATION.,                  ,IN,II,I4,X,OT,                ,0311BC495E,100,2011-06-09,2012-03-31,
500,1001,A6800,ADECCO FLEXIONE WORKFORCE,                  ,IN,JP,  , ,CO,                ,0410AC121I,100,2010-04-30,2010-09-30,
500,1024,A1605,ACCEL FRONTLINE LIMITED,                  ,IN,CP,  ,X,CO,AAACA5622M,0314FT904J,50,2014-06-05,2015-03-31,
500,1024,A1605,ACCEL FRONTLINE LIMITED,                  ,IN,CI,C1,X,CO,AAACA5622M,0314FT904J,50,2014-06-05,2015-03-31,
500,1001,A797,A T KEARNEY LIMITED,                  ,IN,JI,J1,X,CO,                ,318,70,2014-05-20,2015-03-31,
500,1024,A797,A T KEARNEY LIMITED,                  ,IN,5P,  ,X,CO,AADCA0861H,0116AJ523I,85,2016-04-01,2017-03-31,
500,1024,A797,A T KEARNEY LIMITED,                  ,IN,5I,5H,X,CO,AADCA0861H,0116AJ523I,85,2016-04-01,2017-03-31,
500,1001,A797,A T KEARNEY LIMITED,                  ,IN,5I,54, ,CO,                ,0114JF538A,70,2014-10-29,2015-03-31,
500,1001,A861,ARAMARK INDIA PRIVATE LTD.,                  ,IN,CP,  ,X,CO,DC/ACIT CIR1(1),2010-11/8,67.5,2010-12-23,2011-03-31,
500,1001,A861,ARAMARK INDIA PRIVATE LTD.,                  ,IN,CI,C1,X,CO,DC/ACIT CIR1(1),2010-11/8,67.5,2010-12-23,2011-03-31,
500,1016,A164,ACMA (ACT Division),                  ,IN,JP,J3,X,OT,AAATA1724F,197/2010-11/1,80,2010-09-21,2011-03-31,
500,1016,A164,ACMA (ACT Division),                  ,IN,JI,J3,X,OT,AAATA1724F,197/2010-11/1,80,2010-09-21,2011-03-31,
500,1001,A5010,AEGIS LIMITED,                  ,IN,JI,J1,X,CO,                ,0215DP721F,98.6,2015-06-22,2016-03-31,
500,1022,A00578,AFFORDABLE INFRA & HOUSING PROJECTS,                  ,IN,8P,  ,X,CO,                ,1AG0519XWJ,70,2019-06-04,2020-03-31,
500,1022,A00578,AFFORDABLE INFRA & HOUSING PROJECTS,                  ,IN,8I,IA,X,CO,                ,1AG0519XWJ,70,2019-06-04,2020-03-31,
500,1001,09RELBNT01,RELIANCE BROADCAST NETWORK LTD,09AADCR1885L1ZU,IN,CI,C1,X,CO,2286724,1AA0821ZBH,40,2021-08-10,2022-03-31,
500,1001,18RBNL083,RELIANCE BROADCAST NETWORK LIMITED,18AADCR1885L1ZV,IN,CI,C1,X,CO,2286724,1AA0821ZBH,40,2021-08-10,2022-03-31,
500,1002,PD00103,DELOITTE HASKINS & SELLS LLP,27AACFD4815A2ZZ,IN,JI,J3,X,OT,                ,0212N17171,74.6,2012-09-07,2014-03-31,
500,9018,PD00103,DELOITTE HASKINS & SELLS LLP,27AACFD4815A2ZZ,IN,JI,J3,X,OT,                ,197/AACFD4815A/19,59,2016-10-18,2017-03-31,
500,1001,P5078HYD,PEREGRINE GUARDING PVT LTD.,                  ,IN,CI,C1,X,CO,4351953,1AJ0523NLJ,75,2023-05-25,2024-03-31,
500,1001,PGPLD101,PEREGRINE GUARDING PVT LTD,                  ,IN,CI,C1,X,CO,4351953,1AJ0523NLJ,75,2023-05-25,2024-03-31,
500,1002,PP00094,POONA SECURITY INVESTIGATION &,                  ,IN,CI,C1,X,CO,                ,0614EJ339A,50,2014-04-01,2015-03-31,
500,1001,PLMR01,MAHINDRA REVA ELECTRIC VEHICLES PVT,29AABCR2858R1ZJ,IN,CI,C1,X,CO,150000000,1AF0621FKX,75,2021-06-26,2022-03-31,
500,1001,PLMR01,MAHINDRA REVA ELECTRIC VEHICLES PVT,29AABCR2858R1ZJ,IN,JI,J1,X,CO,                ,0418AQ534I,95,2018-06-21,2019-03-31,
500,1022,PPC1022,PROMPT PERSONNEL PVT LTD,                  ,IN,JP,  ,X,CO,                ,1AA0419RIP,60,2019-08-26,2020-03-31,
500,1022,PPC1022,PROMPT PERSONNEL PVT LTD,                  ,IN,CI,C1,X,CO,                ,1AA0419RIX,75,2019-05-06,2020-03-31,
500,1022,PPC1022,PROMPT PERSONNEL PVT LTD,                  ,IN,JI,J1,X,CO,                ,1AA0419RIP,60,2019-08-26,2020-03-31,
500,1022,PPC1022,PROMPT PERSONNEL PVT LTD,                  ,IN,CP,  ,X,CO,                ,1AA0419RIX,75,2019-05-06,2020-03-31,
500,1001,PERSU105CH,PEREGRINE GUARDING PVT. LTD,33AADCP2498P2ZT,IN,CI,C1,X,CO,4351953,1AJ0523NLJ,75,2023-05-25,2024-03-31,
500,1022,PNA0109001,QUADRANT TELEVENTURES LIMITED,03AABCT2862R1ZZ,IN,JI,J1,X,CO,                ,1AA0419FAG,100,2019-08-16,2020-03-31,
500,1022,PNA0109001,QUADRANT TELEVENTURES LIMITED,03AABCT2862R1ZZ,IN,JP,  ,X,CO,                ,1AA0419FAG,100,2019-08-16,2020-03-31,
500,1001,PEC1218,POLESTAR ENGINEERING CO,36AADFP6081H1Z4,IN,CI,C4,X,OT,1250000000,1NA0726NHG,72.5,2026-07-02,2027-03-31,
500,1001,PE00016,EMBEE SOFTWARE PVT LTD,27AAACE6958L1Z4,IN,JI,J1,X,CO,157(3) KOL,081CD100H,85,2011-06-06,2012-03-31,
500,1001,PNA1820,ADECCO INDIA PVT LTD,03AABCG3636Q1ZG,IN,JI,J1,X,CO,17700000,1AC0521WVD,80,2021-05-15,2022-03-31,
500,1001,P5670,P.D.HINDUJA  NATL HOSP.& MED RE CEN,27AAATN0093Q1Z4,IN,JI,J3,X,OT,15000000,1AA0725NKB,100,2025-07-04,2026-03-31,
500,1001,P6999,PREMON ASIA INDIA PVT. LTD.,06AAHCP4787H1Z0,IN,JP,J1,X,CO,1500000,1AC0725NYL,60,2025-07-24,2026-03-31,
500,1001,P6999,PREMON ASIA INDIA PVT. LTD.,06AAHCP4787H1Z0,IN,JI,J1, ,CO,1500000,1AC0725NYL,60,2025-07-24,2026-03-31,
500,1022,PNA0181301,GEEKAY SECURITY SERVICES PVT LTD,03AACCG1282D1Z8,IN,CP,  ,X,CO,                ,1AA0120MSG,50,2020-03-13,2020-03-31,
500,1022,PNA0181301,GEEKAY SECURITY SERVICES PVT LTD,03AACCG1282D1Z8,IN,CI,C1,X,CO,                ,1AA0120MSG,50,2020-03-13,2020-03-31,
500,1001,NSCF0122,Centum Foundation,                  ,IN,CP,C3, ,OT,                ,236101120040821,100,2022-09-01,2023-03-31,
500,1001,N5313T,BALABHAI NANAVATI HOSPITAL,27AAATD0094K1ZP,IN,JI,J3,X,OT,7000000,1AC0325SIX,100,2025-04-01,2026-03-31,
500,1001,N100,NETWORK18 MEDIA & INVESTMENT LTD.,                  ,IN,CI,C1,X,OT,1662789,1AF0423KEU,95,2023-04-27,2024-03-31,
500,1001,P00138,PRICEWATERHOUSE COOPERS PVT,06AABCP9181H1Z8,IN,JI,J1,X,CO,400000,1AE0623ROO,90,2023-06-16,2024-03-31,
500,1001,NHES01,NATIONAL HEALTH AND EDUCATION SOCIE,27AAATN0093Q1Z4,IN,JI,J3,X,OT,15000000,1AA0725NKB,100,2025-07-04,2026-03-31,
500,1001,NSXLRI0121,XAVIER LABOUR RELATIONS INSTITUTE,20AAATI0475M1ZT,IN,JI,J3,X,OT,5000000,1AB0723LNA,100,2023-07-13,2024-03-31,
500,1001,NSSBSP0123,SAVVY BUSINESS SOLUTIONS PRIVATE LI,27AAOCS8108A1ZD,IN,JI,J1,X,CO,2000000,1AC0725OGN,50,2025-07-24,2026-03-31,
500,1001,NSFSP0123,FIRMWAY SERVICES PRIVATE,27AACCF8827B1ZQ,IN,JI,J1,X,CO,1000000,1AA0724TXG,90,2024-07-05,2025-03-31,
500,1018,NS0176,SHYAM SPECTRA PRIVATE LIMITED,27AADCC3694E1ZN,IN,CI,C1,X,CO,AADCC3694E,1AE0426WLW,95,2026-04-22,2027-03-31,
500,1001,N1023,Nmah & Co,27AAKFN0438R1ZO,IN,JI,J3,X,OT,200000,1AA0623MGD,35,2023-06-01,2024-03-31,
500,1070,N1023,Nmah & Co,27AAKFN0438R1ZO,IN,JI,J1,X,CO,                ,1AA0623MDF,35,2023-06-01,2024-03-31,
500,1001,NASFT04,NATIONAL AVIATION SECURITY FEE TRUS,30AADTN2508F1Z5,IN,CI,C4,X,OT,9272,1AA1023CBY,100,2023-10-05,2024-03-31,
500,1001,NASFT03,NATIONAL AVIATION SECURITY FEE TRUS,24AADTN2508F1ZY,IN,CI,C4,X,OT,9272,1AA1023CBY,100,2023-10-05,2024-03-31,
500,1001,NASFT05,NATIONAL AVIATION SECURITY FEE TRUS,27AADTN2508F1ZS,IN,CI,C4,X,OT,9272,1AA1023CBY,100,2023-10-05,2024-03-31,
500,1001,NASFT01,NATIONAL AVIATION SECURITY FEE TRUS,27AADTN2508F1ZS,IN,CI,C4,X,OT,9272,1AA1023CBY,100,2023-10-05,2024-03-31,
500,1001,NASFT07,NATIONAL AVIATION SECURITY FEE TRUS,23AADTN2508F1Z0,IN,CI,C4,X,OT,9272,1AA1023CBY,100,2023-10-05,2024-03-31,
500,1001,NASFT06,NATIONAL AVIATION SECURITY FEE TRUS,33AADTN2508F1ZZ,IN,CI,C4,X,OT,9272,1AA1023CBY,100,2023-10-05,2024-03-31,
500,1001,N01114B,NEEDS MAN POWER SUPPORT SERV P.LTD.,29AACCN4867B1ZE,IN,CI,C1,X,CO,28754079,1NA0626QFK,67.5,2026-06-10,2027-03-31,
500,1037,N01114B,NEEDS MAN POWER SUPPORT SERV P.LTD.,29AACCN4867B1ZE,IN,CI,C1,X,CO,                ,1AB0522GAL,50,2022-05-06,2023-03-31,
500,1081,N01114B,NEEDS MAN POWER SUPPORT SERV P.LTD.,29AACCN4867B1ZE,IN,CI,C1,X,CO,28754079,1NA0626QFJ,67.5,2026-06-10,2027-03-31,
500,1037,N01114B,NEEDS MAN POWER SUPPORT SERV P.LTD.,29AACCN4867B1ZE,IN,CP,C1, ,CO,                ,1AB0522GAL,50,2022-05-06,2023-03-31,
500,1001,NMIL15,Network18 Media & Investments Ltd.,27AABCS2472G1ZF,IN,CI,C1,X,CO,1662789,1AF0423KEU,95,2023-04-27,2024-03-31,
500,1079,NMIL15,Network18 Media & Investments Ltd.,27AABCS2472G1ZF,IN,CI,C1,X,CO,10000000,4AB0426YFU4A241,92.5,2026-04-09,2027-03-31,
500,1001,NSKMP0121,Kinnect Media Private Limited,27ABACS0806Q1Z3,IN,JI,J1,X,CO,5000000,1AD0623LME,45,2023-06-09,2024-03-31,
500,1081,NSKMP0121,Kinnect Media Private Limited,27ABACS0806Q1Z3,IN,JI,J1,X,CO,20000000,1NA0526XPB,45,2026-05-21,2027-03-31,
500,1081,NSKMP0121,Kinnect Media Private Limited,27ABACS0806Q1Z3,IN,JP,J1,X,CO,20000000,1NA0526XPB,45,2026-05-21,2027-03-31,
500,1001,P080041,PAYU PAYMENTS PRIVATE LIMITED,06AAJCS9091D1Z4,IN,CI,C1,X,CO,600000,1AA0425XOM,97.5,2025-04-02,2026-03-31,
500,1079,P080041,PAYU PAYMENTS PRIVATE LIMITED,06AAJCS9091D1Z4,IN,CI,C1,X,CO,200000,1AA0526XYE,96.5,2026-05-08,2027-03-31,
500,1079,NSHAL0124,HIREGANGE & ASSOCIATES LLP,27AACFH8197H1ZZ,IN,JI,J3,X,OT,"1,94,700",4NA0626AIZ4A854,40,2026-06-29,2027-03-31,
500,1005,ONE TIME,ONE TIME VENDOR,27AAFCM5983Q1ZI,IN,CI,C3,X,OT,BN,A,100,2019-09-01,2019-09-30,
500,1037,P00607,PEOPLESTRONG TECHONOLOGIE,06AADCP8140Q1ZY,IN,JP,J1, ,CO,                ,1AH0522XXF,95.5,2022-05-26,2023-03-31,
500,1049,P00607,PEOPLESTRONG TECHONOLOGIE,06AADCP8140Q1ZY,IN,JI,J1,X,CO,                ,1AD0621HLA,95.5,2021-06-14,2022-03-31,
500,1070,P00607,PEOPLESTRONG TECHONOLOGIE,06AADCP8140Q1ZY,IN,JI,J1,X,CO,                ,1AB0526KEW,95.5,2026-05-12,2027-03-31,
500,1037,P00607,PEOPLESTRONG TECHONOLOGIE,06AADCP8140Q1ZY,IN,JI,J1,X,CO,                ,1AH0522XXF,95.5,2022-05-26,2023-03-31,
500,1001,P00351,THE POONA JESUIT SCHOOLS' SOCIETY,                  ,IN,II,I4,X,CO,MUMM01693G,0613DM4531,80,2013-04-17,2014-03-31,
500,1022,OSA0278601,BHARAT CARRIERS LTD,21AABCB7622H1Z4,IN,CP,  ,X,CO,                ,1AC0619KEH,50,2019-06-18,2020-03-31,
500,1022,OSA0278601,BHARAT CARRIERS LTD,21AABCB7622H1Z4,IN,CI,C1,X,CO,                ,1AC0619KEH,50,2019-06-18,2020-03-31,
500,1001,OEPL1501,OML ENTERTAINMENT PVT LTD,27AABCO1501G1ZZ,IN,CI,C1,X,CO,30000000,1AA1123ETJ,50,2023-11-07,2024-03-31,
500,1001,OEPL1501,OML ENTERTAINMENT PVT LTD,27AABCO1501G1ZZ,IN,JI,J1,X,CO,10000000,1AA0924JQO,60,2024-09-09,2025-03-31,
500,1006,NANDINI01,Nandini Road Carriers,27AFTPM6690N1ZB,IN,CI,C3,X,OT,                ,OWN194C(6),100,2019-04-01,2020-03-31,
500,1019,NST002,TeamLease Services Pvt. Ltd.,27AABCT5458K2ZW,IN,CI,C1,X,CO,                ,0418AU050B,97.5,2018-07-03,2019-03-31,
500,1019,NST002,TeamLease Services Pvt. Ltd.,27AABCT5458K2ZW,IN,HI,H1, ,CO,                ,0212NP763F,99.9,2013-04-01,2014-03-31,
500,1001,NST002,TeamLease Services Pvt. Ltd.,27AABCT5458K2ZW,IN,CI,C1,X,CO,314374365,1AB0326MHW,95,2026-04-01,2027-03-31,
500,1081,NST002,TeamLease Services Pvt. Ltd.,27AABCT5458K2ZW,IN,CI,C1,X,CO,7850918,1AB0326MIN,95,2026-04-01,2027-03-31,
500,1024,O0257,ONICRA CREDIT RATING AGENCY OF,                  ,IN,JP,  ,X,CO,AAACO0849E,0113HC625D,75,2013-07-25,2014-03-31,
500,1024,O0257,ONICRA CREDIT RATING AGENCY OF,                  ,IN,JI,J1,X,CO,AAACO0849E,0113HC625D,75,2013-07-25,2014-03-31,
500,1001,S&ISJAI538,Security & Intelligence Service (In,08AAECS3538A1ZN,IN,CI,C1,X,CO,475590,1AA0520WMB,99.33,2020-05-14,2021-03-31,
500,9017,QUESSDL1,QUESS CORP LTD,07AABCI7601M1ZH,IN,JI,J1,X,CO,                ,1AA0419EES,95,2019-04-10,2020-06-30,
500,9017,QUESSDL1,QUESS CORP LTD,07AABCI7601M1ZH,IN,JP,J1,X,CO,                ,1AA0419EES,95,2019-04-10,2020-06-30,
500,1001,RTPL0917,RETROFIT TECHNOLOGY PVT. LTD.,27AAHCR1573K1Z1,IN,CI,C1,X,CO,1100000000,1AC0426LLA,82.5,2026-04-13,2027-03-31,
500,1001,S0202,SONATA INFORMATION  TECHNOLOGY LTD.,                  ,IN,JI,J1,X,CO,15310000,1AA0623DID,65,2023-05-31,2024-03-31,
500,1001,S0202,SONATA INFORMATION  TECHNOLOGY LTD.,                  ,IN,JP,J1,X,CO,15310000,1AA0623DID,65,2023-05-31,2024-03-31,
500,1001,R0164,RCL FEEDER PTE LTD,27AABCR9993B1Z2,IN,CI,C1,X,CO,ADIT(IT)-2(1),2010-11/35,100,2010-05-28,2011-03-31,
500,1005,R0164,RCL FEEDER PTE LTD,27AABCR9993B1Z2,IN,CI,C1,X,OT,                ,ITBA/COM/F/17/2022-23/104,100,2022-04-11,2023-03-31,
500,1001,R6243,RURALSHORES BUSINESS,29AADCR9684F1ZS,IN,JI,J1,X,CO,                ,1AA0419HTJ,95,2019-04-12,2020-06-30,
500,1065,R6243,RURALSHORES BUSINESS,29AADCR9684F1ZS,IN,JI,J1,X,CO,                ,0418AJ634D,100,2018-05-16,2019-03-31,
500,9017,QCLKL01,QUESS CORP LIMITED,32AABCI7601M1ZO,IN,JI,J1,X,CO,                ,197(1)/AABCI7601M/2021-22,95,2021-04-01,2022-03-31,
500,1001,RT9003,TEAMLEASE SKILLS UNIVERSITY,24AAAJT2549P1ZL,IN,CI,C4,X,OT,75808000,1AA0421IGD,100,2021-05-01,2022-03-31,
500,1006,RT9003,TEAMLEASE SKILLS UNIVERSITY,24AAAJT2549P1ZL,IN,CI,C4,X,OT,                ,1AA0421IGG,100,2021-04-12,2022-03-31,
500,1001,QTP015,Qualitykiosk Technologies Pvt Ltd,27AAACQ0609C1ZZ,IN,JI,J1,X,CO,90000000,1AB0425FBP,59.5,2025-04-03,2026-03-31,
500,1079,QTP015,Qualitykiosk Technologies Pvt Ltd,27AAACQ0609C1ZZ,IN,JI,J1,X,CO,1000000,1AD0426MFB,59.5,2026-04-17,2027-03-31,
500,1081,QTP015,Qualitykiosk Technologies Pvt Ltd,27AAACQ0609C1ZZ,IN,JI,J1,X,CO,3500000,1AD0426MDK,59.5,2026-04-17,2027-03-31,
500,1001,R2290,RAMBHAU MHALGI PRABODHINI,                  ,IN,CP,  ,X,OT,                ,0210BV374C,100,2010-06-04,2010-06-04,
500,1001,R2290,RAMBHAU MHALGI PRABODHINI,                  ,IN,CI,C1,X,OT,                ,0210BV374C,100,2010-06-04,2010-06-04,
500,1001,Q00015,QUANTUM CONSUMER SOLUTIONS,                  ,IN,JP,J1,X,CO,                ,0215DI254E,72,2015-06-10,2016-03-31,
500,1001,Q00015,QUANTUM CONSUMER SOLUTIONS,                  ,IN,JI,J1,X,CO,                ,0215DI254E,72,2015-06-10,2016-03-31,
500,1022,S0846,SHRI KRSNA URJA PROJECT LTD,                  ,IN,CI,C1,X,CO,                ,1AI0519ALW,75,2019-05-31,2020-03-31,
500,1022,S0846,SHRI KRSNA URJA PROJECT LTD,                  ,IN,CP,  ,X,CO,                ,1AI0519ALW,75,2019-05-31,2020-03-31,
500,1001,QUESSD101,QUESS CORP LIMITED,07AABCI7601M1ZH,IN,CI,C1,X,CO,AMT 31698723,1AA0520HBJ,66.67,2020-10-22,2021-03-31,
500,1004,RNELAHMD,Elecon Peripherals Ltd,24AABCR1022K1ZT,IN,LI,L1,X,CO,                ,TDSU/S194Q,100,2021-04-01,2022-03-31,
500,1001,S0201,SONATA INFORMATION TECHNOLOGY LTD.,                  ,IN,JP,  ,X,CO,100000000,1AA1224JPP,70,2024-12-06,2025-03-31,
500,1001,S0201,SONATA INFORMATION TECHNOLOGY LTD.,                  ,IN,JI,J1,X,CO,100000000,1AA1224JPP,70,2024-12-06,2025-03-31,
500,1001,S00986,SUNDHARAMS PRIVATE LIMITED,33AAACS4949P1ZU,IN,CP,  , ,CO,16000000,1NB0626BVD,25,2026-06-17,2027-03-31,
500,1001,S00986,SUNDHARAMS PRIVATE LIMITED,33AAACS4949P1ZU,IN,CI,C1,X,CO,16000000,1NB0626BVD,25,2026-06-17,2027-03-31,
500,1001,S10153,SUNDHARAMS PRIVATE LIMITED,                  ,IN,CP,  ,X,CO,16000000,1NB0626BVD,25,2026-06-17,2027-03-31,
500,1001,S10153,SUNDHARAMS PRIVATE LIMITED,                  ,IN,CI,C1,X,CO,16000000,1NB0626BVD,25,2026-06-17,2027-03-31,
500,1001,S10323,SINGH TRANSPORT COMPANY,22ABIFS4804M1Z1,IN,CI,C4,X,OT,                ,2416AA729A,70,2016-10-20,2017-03-31,
500,1001,S2160,SUNDHARAMS PVT LTD,                  ,IN,CP,  ,X,CO,106316000,1AD0623TQW,40,2023-06-12,2024-03-31,
500,1001,S2160,SUNDHARAMS PVT LTD,                  ,IN,CI,C1,X,CO,106316000,1AD0623TQW,40,2023-06-12,2024-03-31,
500,1022,RJA0069201,MEHRAB MOTORS PVT LTD,08AAECM2799M1ZR,IN,CP,  ,X,CO,                ,1AB0519WMP,50,2019-05-13,2020-03-31,
500,1022,RJA0069201,MEHRAB MOTORS PVT LTD,08AAECM2799M1ZR,IN,8P,  ,X,CO,                ,1AB0519WMY,90,2019-05-13,2020-03-31,
500,1022,RJA0069201,MEHRAB MOTORS PVT LTD,08AAECM2799M1ZR,IN,CI,C1,X,CO,                ,1AB0519WMP,50,2019-05-13,2020-03-31,
500,1022,RJA0069201,MEHRAB MOTORS PVT LTD,08AAECM2799M1ZR,IN,8I,IA,X,CO,                ,1AB0519WMY,90,2019-05-13,2020-03-31,
500,1027,RJI001,RELIANCE JIO INFOCOMM LTD.,27AABCI6363G1ZJ,IN,JI,J1,X,CO,                , 1AC0325YRU,0.1,2025-04-01,2026-03-31,
500,1001,RJA1820,ADECCO INDIA PVT LTD,08AABCG3636Q1Z6,IN,JI,J1,X,CO,                ,1AB0520QYC,73.33,2020-06-29,2021-03-31,
500,1058,QUESS1DEL,Quess Corp Limited,07AABCI7601M1ZH,IN,JI,J1,X,CO,                ,0418AC420E,98,2018-04-19,2019-03-31,
500,1001,RSI001,Rigved Technologies Pvt. Ltd.,27AAECR1228G1ZL,IN,JI,J1,X,CO,197(1)_206C/1,1AE0519QMT,50,2019-05-28,2020-03-31,
500,1037,S02343B,Sumedhas Tech Solutions Private Lim,29AAYCS0574L1ZE,IN,JI,J1,X,CO,                ,1AD0421SVU,85,2021-04-30,2022-03-31,
500,1016,S362,SYNISE TECHNOLOGIES LTD.,                  ,IN,HP,H1,X,CO,AACCA4575B,0612CP340H,90,2012-07-02,2013-03-31,
500,1016,S362,SYNISE TECHNOLOGIES LTD.,                  ,IN,HI,H1,X,CO,AACCA4575B,0612CP340H,90,2012-07-02,2013-03-31,
500,1005,S362,SYNISE TECHNOLOGIES LTD.,                  ,IN,JI,J1,X,CO,                ,0612CP339J,90,2012-07-02,2013-03-31,
500,1019,RCD001,RICARDO UK LTD,                  ,GB,5I,53,X,CO,                ,MAIL BKK&CO,0.45,2011-04-01,2012-03-31,
500,1037,RCD001,RICARDO UK LTD,                  ,GB,5I,54,X,CO,                ,0118BK839F,78,2021-12-07,2022-03-31,
500,1001,S7119,SGS INDIA PVT. LTD.,27AAACS5514Q1ZY,IN,JI,J1,X,CO,                ,0214WR472C,100,2014-03-31,2014-03-31,
500,1001,DID00312AA,DHL EXPRESS (INDIA) PRIVATE,33AABCD3611Q1ZP,IN,CP,C1,X,CO,72239817420,1AC0425LYY,32.5,2025-04-09,2026-03-31,
500,1001,DID00312AA,DHL EXPRESS (INDIA) PRIVATE,33AABCD3611Q1ZP,IN,CI,C1,X,CO,72239817420,1AC0425LYY,32.5,2025-04-09,2026-03-31,
500,1001,DIM01158AO,MLL Express Services Private,11AACCV3947L1Z7,IN,CI,C1,X,CO,1800000000,1AD0526PNP,87.5,2026-05-25,2027-03-31,
500,1081,DIM01158AO,MLL Express Services Private,11AACCV3947L1Z7,IN,CI,C1,X,CO,"15,00,00,000",1AD0526PNS,87.5,2026-05-25,2027-03-31,
500,1001,DIM00398AX,MAHINDRA LOGISTICS LTD,24AAFCM2530H1ZU,IN,CI,C1,X,CO,31084341727,1AD0426EMH,60,2026-04-16,2027-03-31,
500,1001,DIM00398AX,MAHINDRA LOGISTICS LTD,24AAFCM2530H1ZU,IN,8I,IA,X,CO,866946434,1AD0426EMI,92,2026-04-16,2027-03-31,
500,1001,DIG00491AC,GDX SECURITY SOLUTIONS INDIA,23AACCG5199H1ZI,IN,CI,C1,X,CO,37167656,1NB0726GKX,95,2026-07-09,2027-03-31,
500,1001,DIH00180AB,HANSA CUSTOMER EQUITY,27AADCC3122F1Z6,IN,CI,C1,X,CO,10000000,1AA0726HLR,50,2026-07-07,2027-03-31,
500,1001,DIH00180AB,HANSA CUSTOMER EQUITY,27AADCC3122F1Z6,IN,CP,C1,X,CO,10000000,1AA0726HLR,50,2026-07-07,2027-03-31,
500,1001,DIH00180AB,HANSA CUSTOMER EQUITY,27AADCC3122F1Z6,IN,JP,J1,X,CO,427800000,1AA0726HLP,76.5,2026-07-07,2027-03-31,
500,1001,DIH00180AB,HANSA CUSTOMER EQUITY,27AADCC3122F1Z6,IN,JI,J1,X,CO,427800000,1AA0726HLP,76.5,2026-07-07,2027-03-31,
500,1081,DIH00180AB,HANSA CUSTOMER EQUITY,27AADCC3122F1Z6,IN,JI,J1,X,CO,50000000,1AA0726HLT,76.5,2026-07-07,2027-03-31,
500,1079,DIH00180AB,HANSA CUSTOMER EQUITY,27AADCC3122F1Z6,IN,JI,J1,X,CO,63960000,1AA0726HLS,76.5,2026-07-07,2027-03-31,
500,1001,DIM00398AL,MAHINDRA LOGISTICS LIMITED,27AAFCM2530H1ZO,IN,JP,  , ,CO,2070249434,1AD0426EMJ,92,2026-04-16,2027-03-31,
500,1001,DIM00398AL,MAHINDRA LOGISTICS LIMITED,27AAFCM2530H1ZO,IN,CP,  , ,CO,31084341727,1AD0426EMH,60,2026-04-16,2027-03-31,
500,1001,DIM00398AL,MAHINDRA LOGISTICS LIMITED,27AAFCM2530H1ZO,IN,8I,  , ,CO,866946434,1AD0426EMI,92,2026-04-16,2027-03-31,
500,1001,DIM00398AL,MAHINDRA LOGISTICS LIMITED,27AAFCM2530H1ZO,IN,CI,C1,X,CO,31084341727,1AD0426EMH,60,2026-04-16,2027-03-31,
500,1001,DIM00398AL,MAHINDRA LOGISTICS LIMITED,27AAFCM2530H1ZO,IN,II,I1,X,CO,866946434,1AD0426EMI,92,2026-04-16,2027-03-31,
500,1001,DIM00398AL,MAHINDRA LOGISTICS LIMITED,27AAFCM2530H1ZO,IN,JI,J1,X,CO,2070249434,1AD0426EMJ,92,2026-04-16,2027-03-31,
500,1081,DIM00398AL,MAHINDRA LOGISTICS LIMITED,27AAFCM2530H1ZO,IN,CI,C1,X,CO,3423983036,1AD0426EMP,60,2026-04-16,2027-03-31,
500,1079,DIM00398AL,MAHINDRA LOGISTICS LIMITED,27AAFCM2530H1ZO,IN,CI,C1,X,CO,1202274130,1AD0426EMO,60,2026-04-16,2027-03-31,
500,9025,DIA02004AA,AIDEM VENTURES PRIVATE LIMITED,27AAHCA0135G1Z3,IN,CI,C1,X,CO,AAHCA0135G,1NB0626PDO,75,2026-06-24,2027-03-31,
500,9025,DIA02004AA,AIDEM VENTURES PRIVATE LIMITED,27AAHCA0135G1Z3,IN,CP,C1,X,CO,AAHCA0135G,1NB0626PDO,75,2026-06-24,2027-03-31,
500,1001,DII00647AA,INPUT ZERO TECHNOLOGIES PVT LTD,06AACCI3367F1ZQ,IN,JI,J1,X,CO,9000000,1NA0826AEM,81.5,2026-08-04,2027-03-31,
500,1001,DHL0001,DHL EXPRESS INDIA PVT LTD,33AABCD3611Q1ZP,IN,CI,C1,X,CO,72239817420,1AC0425LYY,32.5,2025-04-09,2026-03-31,
500,1001,DID00210AK,DELHIVERY LIMITED,29AAPCS9575E1ZJ,IN,CI,C1,X,CO,476368248,4AC0326DIZ4A328,95,2026-04-01,2027-03-31,
500,1001,DIM00398AQ,Mahindra Logistic Ltd,29AAFCM2530H1ZK,IN,CI,C1,X,CO,31084341727,1AD0426EMH,60,2026-04-16,2027-03-31,
500,1001,DIM00398AQ,Mahindra Logistic Ltd,29AAFCM2530H1ZK,IN,CP,C1, ,CO,31084341727,1AD0426EMH,60,2026-04-16,2027-03-31,
500,1001,DIM00398AQ,Mahindra Logistic Ltd,29AAFCM2530H1ZK,IN,II,I1,X,CO,866946434,1AD0426EMI,92,2026-04-16,2027-03-31,
500,1001,DIM00398AQ,Mahindra Logistic Ltd,29AAFCM2530H1ZK,IN,JI,J1,X,CO,2070249434,1AD0426EMJ,92,2026-04-16,2027-03-31,
500,1081,DIM00398AQ,Mahindra Logistic Ltd,29AAFCM2530H1ZK,IN,CI,C1,X,CO,3423983036,1AD0426EMP,60,2026-04-16,2027-03-31,
500,1001,DHLTS2024,DHL Express India Pvt. Ltd,36AABCD3611Q1ZJ,IN,CI,C1,X,CO,72239817420,1AC0425LYY,32.5,2025-04-09,2026-03-31,
500,1001,DIM00398AN,MAHINDRA LOGISTICS LIMITED,27AAFCM2530H1ZO,IN,CI,C1,X,CO,29908879483,1AB0725BXV,60,2025-07-14,2026-03-31,
500,1081,DIM00398AN,MAHINDRA LOGISTICS LIMITED,27AAFCM2530H1ZO,IN,CI,C1,X,CO,3423983036,1AD0426EMP,60,2026-04-16,2027-03-31,
500,1001,DIC00248AA,CELEBAL TECHNOLOGIES PRIVATE,08AAGCC7144L1ZC,IN,JI,J1,X,CO,6527400,1AA1025USD,70,2025-10-17,2026-03-31,
500,1001,DIH00405AA,HT MEDIA LIMITED,19AABCH3165P1Z4,IN,CI,C1,X,CO,4160000,1NB0626EWU,85,2026-06-19,2027-03-31,
500,1001,DIC00540AA,Casa2 Stays Private Limited,27AAFCC6416Q1Z6,IN,CI,C1,X,CO,                ,1AG0426KJR,87.5,2026-04-29,2027-03-31,
500,1001,DIC00540AA,Casa2 Stays Private Limited,27AAFCC6416Q1Z6,IN,CP,C1,X,CO,                ,1AG0426KJR,87.5,2026-04-29,2027-03-31,
500,1001,DIL00146AB,LIVING MEDIA INDIA LIMITED,27AAACL0087H1ZM,IN,CP,C1,X,CO,24000000,1AC0525FUV,20,2025-05-09,2026-03-31,
500,1001,DIL00146AB,LIVING MEDIA INDIA LIMITED,27AAACL0087H1ZM,IN,CI,C1,X,CO,24000000,1AC0525FUV,20,2025-05-09,2026-03-31,
500,1079,DIH00128AA,HARITA TECHSERV PRIVATE,33AAACH2489K1ZG,IN,JI,J1,X,CO,20800000,1AD0526GQE,85,2026-05-20,2027-03-31,
500,1001,DID00210AB,DELHIVERY PRIVATE LIMITED,36AAPCS9575E1ZO,IN,CI,C1,X,CO,476368248,4AC0326DIZ4A328,95,2026-04-01,2027-03-31,
500,1001,DID00312AG,DHL EXPRESS (INDIA) PRIVATE,27AABCD3611Q1ZI,IN,CP,C1,X,CO,72239817420,1AC0425LYY,32.5,2025-04-09,2026-03-31,
500,1001,DID00312AG,DHL EXPRESS (INDIA) PRIVATE,27AABCD3611Q1ZI,IN,CI,C1,X,CO,72239817420,1AC0425LYY,32.5,2025-04-09,2026-03-31,
500,1001,DIB00081AB,BUREAU VERITAS (INDIA),27AABCB6767B1ZS,IN,JI,J1,X,CO,7500000,1NB0726UQA,30,2026-07-10,2027-03-31,
500,1001,DIB00081AB,BUREAU VERITAS (INDIA),27AABCB6767B1ZS,IN,JP,J1, ,CO,7500000,1NB0726UQA,30,2026-07-10,2027-03-31,
500,9025,DIE00207AE,Ernst & Young LLP,27AAEFE1763C1ZS,IN,JI,J3,X,OT,AAEFE1763C,4NA0626AIE4A315,40,2026-06-25,2027-03-31,
500,1081,DIF00108AA,FLYJAC LOGISTICS PRIVATE,27AABCF2133M1ZP,IN,CI,C1,X,CO,21867716,1NF0726FMJ,50,2026-07-30,2027-03-31,
500,1079,DIF00108AA,FLYJAC LOGISTICS PRIVATE,27AABCF2133M1ZP,IN,CI,C1,X,CO,4027553,1NF0726FMH,50,2026-07-30,2027-03-31,
500,1001,DIF00108AA,FLYJAC LOGISTICS PRIVATE,27AABCF2133M1ZP,IN,CI,C1,X,CO,                ,1NF0726FLD,50,2026-07-30,2027-03-31,
500,1001,DIF00108AA,FLYJAC LOGISTICS PRIVATE,27AABCF2133M1ZP,IN,CP,  , ,CO,                ,1NF0726FLD,50,2026-07-30,2027-03-31,
500,1001,DID00203AA,DMC FINISHING SCHOOL PRIVATE,27AAKCD4723A2ZY,IN,CI,C1,X,CO,953528000,1AD0526EYR,25,2026-05-19,2027-03-31,
500,1001,DHL1088,DHL Express (India) Pvt Ltd,23AABCD3611Q1ZQ,IN,CI,C1,X,CO,72239817420,1AC0425LYY,32.5,2025-04-09,2026-03-31,
500,1001,DIG00491AA,GDX SECURITY SOLUTIONS INDIA,05AACCG5199H1ZG,IN,CI,C1,X,CO,37167656,1NB0726GKX,95,2026-07-09,2027-03-31,
500,1001,DIM00374AA,MEHRAB MOTORS PVT. LTD.,08AAECM2799M1ZR,IN,CI,C1,X,CO,12000000,1NA0526JMH,62.5,2026-05-14,2027-03-31,
500,1001,DIH00156AA,HERO MINDMINE INSTITUTE,07AABCH8741B1ZU,IN,JI,J1,X,CO,10000000,1NA0626TBA,75,2026-06-12,2027-03-31,
500,1001,DCW00131AA,Wagons Learning Limited,27AABCW4538P1ZP,IN,JI,J1,X,CO,                ,1NF0726KJG,40,2026-07-31,2027-03-31,
500,1001,DIM00398AJ,MAHINDRA LOGISTICS LIMITED,27AAFCM2530H1ZO,IN,CI,C1,X,CO,31084341727,1AD0426EMH,60,2026-04-16,2027-03-31,
500,1001,DIM00398AJ,MAHINDRA LOGISTICS LIMITED,27AAFCM2530H1ZO,IN,II,I1,X,CO,866946434,1AD0426EMI,92,2026-04-16,2027-03-31,
500,1001,DIM00398AJ,MAHINDRA LOGISTICS LIMITED,27AAFCM2530H1ZO,IN,JI,J1,X,CO,2070249434,1AD0426EMJ,92,2026-04-16,2027-03-31,
500,1001,DIG00491AB,GDX SECURITY SOLUTIONS INDIA,08AACCG5199H1ZA,IN,CI,C1,X,CO,37167656,1NB0726GKX,95,2026-07-09,2027-03-31,
500,1001,DIA01162AA,AWIGN ENTERPRISES PRIVATE,29AAOCA5799B1Z6,IN,CI,C1,X,CO,10000000,1NA0726EJF,95,2026-07-01,2027-03-31,
500,1001,DIA01162AA,AWIGN ENTERPRISES PRIVATE,29AAOCA5799B1Z6,IN,JP,J1,X,CO,1841600,1NA0726EJE,99,2026-07-01,2027-03-31,
500,1001,DIA01162AA,AWIGN ENTERPRISES PRIVATE,29AAOCA5799B1Z6,IN,JI,J1,X,CO,1841600,1NA0726EJE,99,2026-07-01,2027-03-31,
500,1001,DIM01158BA,MLL EXPRESS SERVICES PRIVATE,08AACCV3947L1ZU,IN,CI,C1,X,CO,1800000000,1AD0526PNP,87.5,2026-05-25,2027-03-31,
500,1081,DIM01158BA,MLL EXPRESS SERVICES PRIVATE,08AACCV3947L1ZU,IN,CI,C1,X,CO,"15,00,00,000",1AD0526PNS,87.5,2026-05-25,2027-03-31,
500,1001,DID00210AA,DELHIVERY  LIMITED,27AAPCS9575E1ZN,IN,CI,C1,X,CO,476368248,4AC0326DIZ4A328,95,2026-04-01,2027-03-31,
500,1001,DID00210AA,DELHIVERY  LIMITED,27AAPCS9575E1ZN,IN,II,I1,X,CO,630267130,4AC0326DJB4A002,99,2026-04-01,2027-03-31,
500,1001,DIP00727AA,PLUXEE INDIA PRIVATE LIMI,27AALCS9822Q1ZC,IN,CP,C1,X,CO,20895111,1AC0426YUV,87.5,2026-04-15,2027-03-31,
500,1001,DIP00727AA,PLUXEE INDIA PRIVATE LIMI,27AALCS9822Q1ZC,IN,CI,C1,X,CO,20895111,1AC0426YUV,87.5,2026-04-15,2027-03-31,
500,1001,DIH00442AA,HealthQuarters India Private Limite,27AACCH2341C2Z4,IN,JI,J1,X,CO,2231986,1NA0626THP,90,2026-06-12,2027-03-31,
500,1081,DIH00442AA,HealthQuarters India Private Limite,27AACCH2341C2Z4,IN,JI,J1,X,CO,2183531,1NA0626THQ,90,2026-06-12,2027-03-31,
500,1001,DIS00556AE,SIFY TECHNOLOGIES LIMITED,27AAACS9032R1ZR,IN,JI,J1,X,CO,                ,1AA0526DTJ,85,2026-04-30,2027-03-31,
500,1001,DIF00077AA,FREIGHT SYSTEMS (INDIA),27AAACF0677K2ZG,IN,CI,C1,X,CO,4100000,1AD0526MBZ,50,2026-05-21,2027-03-31,
500,1081,DIF00077AA,FREIGHT SYSTEMS (INDIA),27AAACF0677K2ZG,IN,CI,C1,X,CO,800000,1AD0526MCS,50,2026-05-21,2026-09-30,
500,1079,DIM00474AA,MIRUM DIGITAL PRIVATE LIM,27AANCS0273K1ZZ,IN,JI,J1,X,CO,12000000,1AC0526TKB,58,2026-05-15,2027-03-31,
500,1001,DID00210AI,DELHIVERY LIMITED,20AAPCS9575E2Z0,IN,CI,C1,X,CO,476368248,4AC0326DIZ4A328,95,2026-04-01,2027-03-31,
500,1001,DID00210AI,DELHIVERY LIMITED,20AAPCS9575E2Z0,IN,II,I1,X,CO,630267130,4AC0326DJB4A002,99,2026-04-01,2027-03-31,
500,1001,DIM00398AS,MAHINDRA LOGISTICS LIMITED,33AAFCM2530H1ZV,IN,CI,C1,X,CO,31084341727,1AD0426EMH,60,2026-04-16,2027-03-31,
500,1001,DIM00398AS,MAHINDRA LOGISTICS LIMITED,33AAFCM2530H1ZV,IN,8I,IA,X,CO,866946434,1AD0426EMI,92,2026-04-16,2027-03-31,
500,1001,DIM00398AS,MAHINDRA LOGISTICS LIMITED,33AAFCM2530H1ZV,IN,JI,J1,X,CO,2070249434,1AD0426EMJ,92,2026-04-16,2027-03-31,
500,1081,DIM00398AS,MAHINDRA LOGISTICS LIMITED,33AAFCM2530H1ZV,IN,CI,C1,X,CO,3423983036,1AD0426EMP,60,2026-04-16,2027-03-31,
500,1001,DIN00463AA,NETCORE PRIVATE LIMITED,27AAACR2730D1ZU,IN,JI,J5,X,CO,6900000,4NA0726AGF4A020,1.75,2026-07-15,2027-03-31,
500,9025,DIN00463AA,NETCORE PRIVATE LIMITED,27AAACR2730D1ZU,IN,CI,C1,X,CO,AAACR2730D,4NA0726AGE4A045,12.5,2026-07-15,2027-03-31,
500,1081,DIN00463AA,NETCORE PRIVATE LIMITED,27AAACR2730D1ZU,IN,CI,C1,X,CO,"1,00,000",4NA0726AGE4A194,12.5,2026-07-15,2027-03-31,
500,1001,DIM00497AA,MCKINSEY & COMPANY INDIA LLP,06AAXFM1434F1Z7,IN,JP,J3,X,OT,1708633372,1NC0726MCH,62.7,2026-07-17,2027-03-31,
500,1001,DIM00497AA,MCKINSEY & COMPANY INDIA LLP,06AAXFM1434F1Z7,IN,JI,J3,X,OT,1708633372,1NC0726MCH,62.7,2026-07-17,2027-03-31,
500,1001,DIM00420AD,MAHINDRA INTEGRATED BUSINESS,32AAGCM9780N1ZT,IN,CI,C1,X,CO,1433439613,1AD0725FHJ,62.5,2025-07-31,2026-03-31,
500,1001,DIS00556AB,SIFY TECHNOLOGIES LTD,33AAACS9032R1ZY,IN,JI,J1,X,CO,                ,1AA0526DTJ,85,2026-04-30,2027-03-31,
500,9025,DIA01154AE,APOLLO SUPPLY CHAIN PRIVATE,33AALCA0748D1Z1,IN,II,I1,X,CO,AALCA0748D,1AF0426DAE,75,2026-04-23,2027-03-31,
500,9025,DIA01154AE,APOLLO SUPPLY CHAIN PRIVATE,33AALCA0748D1Z1,IN,CI,C1,X,CO,AALCA0748D,1AF0426DAD,75,2026-04-23,2027-03-31,
500,9025,DIA01154AE,APOLLO SUPPLY CHAIN PRIVATE,33AALCA0748D1Z1,IN,JI,J1,X,CO,AALCA0748D,1AF0426DAF,75,2026-04-23,2027-03-31,
500,1001,DIB00596AA,BLUSPRING ENTERPRISES LIMITED,27AAMCB3236E1ZT,IN,CI,C1,X,CO,15965599921,1AG0425KNL,75,2025-04-24,2026-03-31,
500,1001,DIG00167AA,GALAXY OFFICE AUTOMATION PVT,27AABCG4672N1Z6,IN,JP,  ,X,CO,10000000,1NB0726LCV,45,2026-07-10,2027-03-31,
500,1001,DIG00167AA,GALAXY OFFICE AUTOMATION PVT,27AABCG4672N1Z6,IN,JI,J1, ,CO,10000000,1NB0726LCV,45,2026-07-10,2027-03-31,
500,1001,DIM01158AX,MLL EXPRESS SERVICES PRIVATE,37AACCV3947L1ZT,IN,CI,C1,X,CO,1800000000,1AD0526PNP,87.5,2026-05-25,2027-03-31,
500,1081,DIM01158AX,MLL EXPRESS SERVICES PRIVATE,37AACCV3947L1ZT,IN,CI,C1,X,CO,"15,00,00,000",1AD0526PNS,87.5,2026-05-25,2027-03-31,
500,1001,DIB00544AA,BOXOFFICE COWORKING SPACE,27AALCB9518J1Z6,IN,II,I1,X,CO,6360000,4AD0526ITY4A005,70,2026-05-21,2027-03-31,
500,1001,DIB00544AA,BOXOFFICE COWORKING SPACE,27AALCB9518J1Z6,IN,IP,I1, ,CO,6360000,4AD0526ITY4A005,70,2026-05-21,2027-03-31,
500,9025,DIC00191AA,CARTRADE TECH LIMITED,27AABCK6981G1Z9,IN,CI,C1,X,CO,AABCK6981G,4AD0526VDW4A014,75,2026-05-27,2027-03-31,
500,1001,DHA1820,ADECCO INDIA PVT LTD,07AABCG3636Q1Z8,IN,JI,J1,X,CO,                ,1AE0519VZT,80,2019-05-30,2020-03-31,
500,1001,DIM01158AD,MLL EXPRESS SERVICES PRIVATE,03AACCV3947L1Z4,IN,CI,C1,X,CO,1800000000,1AD0526PNP,87.5,2026-05-25,2027-03-31,
500,1081,DIM01158AD,MLL EXPRESS SERVICES PRIVATE,03AACCV3947L1Z4,IN,CI,C1,X,CO,"15,00,00,000",1AD0526PNS,87.5,2026-05-25,2027-03-31,
500,1001,DI061MNX,IAC INTERNATIONAL AUTOMOTIVE INDIA,                  ,IN,JP,J1, ,CO,                ,0610AA957H,70,2010-04-05,2011-03-31,
500,1001,DI061MNX,IAC INTERNATIONAL AUTOMOTIVE INDIA,                  ,IN,JI,J1, ,CO,                ,0610AA957H,70,2010-04-05,2011-03-31,
500,9025,DID00707AA,DENTSU MEDIA INDIA PRIVATE LIMITED,27AAGCM1226P1Z7,IN,CI,C1,X,CO,AAGCM1226P,1NA0726PMZ,25,2026-07-03,2027-03-31,
500,9025,DID00707AA,DENTSU MEDIA INDIA PRIVATE LIMITED,27AAGCM1226P1Z7,IN,CP,C1, ,CO,AAGCM1226P,1NA0726PMZ,25,2026-07-03,2027-03-31,
500,1001,DII00477AA,IPSOS RESEARCH PRIVATE LIMITED,27AABCI3609K1ZJ,IN,JI,J1,X,CO,12400000,1AD0526TWI,35,2026-05-26,2027-03-31,
500,1081,DIF00108AG,LOGISTEED INDIA PRIVATE LIMITED,29AABCF2133M1ZL,IN,CI,C1,X,CO,21867716,1NF0726FMJ,50,2026-07-30,2027-03-31,
500,1079,DIF00108AG,LOGISTEED INDIA PRIVATE LIMITED,29AABCF2133M1ZL,IN,CI,C1,X,CO,4027553,1NF0726FMH,50,2026-07-30,2027-03-31,
500,1001,DIF00108AG,LOGISTEED INDIA PRIVATE LIMITED,29AABCF2133M1ZL,IN,CI,C1,X,CO,                ,1NF0726FLD,50,2026-07-30,2027-03-31,
500,1001,DIM00398AG,Mahindra Logistics Limited,01AAFCM2530H1Z2,IN,CI,C1,X,CO,31084341727,1AD0426EMH,60,2026-04-16,2027-03-31,
500,1001,DIM00398AG,Mahindra Logistics Limited,01AAFCM2530H1Z2,IN,II,I1,X,CO,866946434,1AD0426EMI,92,2026-04-16,2027-03-31,
500,1001,DIM00398AG,Mahindra Logistics Limited,01AAFCM2530H1Z2,IN,JI,J1,X,CO,2070249434,1AD0426EMJ,92,2026-04-16,2027-03-31,
500,1001,DIB00081AA,BUREAU VERITAS INDIA PRIVATE,23AABCB6767B1Z0,IN,JI,J1,X,CO,7500000,1NB0726UQA,30,2026-07-10,2027-03-31,
500,1001,DIL00080AA,LAYAM FLEXI SOLUTIONS PRI,33AABCL6457A1ZW,IN,CI,C1,X,CO,336616582,1NB0726FGJ,87.5,2026-07-09,2027-03-31,
500,1001,DIL00080AA,LAYAM FLEXI SOLUTIONS PRI,33AABCL6457A1ZW,IN,CP,C1,X,CO,336616582,1NB0726FGJ,87.5,2026-07-09,2027-03-31,
500,1001,DDM00398AA,M s. Mahindra Logistic Limited,27AAFCM2530H1ZO,IN,CP,  ,X,CO,31084341727,1AD0426EMH,60,2026-04-16,2027-03-31,
500,1001,DDM00398AA,M s. Mahindra Logistic Limited,27AAFCM2530H1ZO,IN,CI,C1,X,CO,31084341727,1AD0426EMH,60,2026-04-16,2027-03-31,
500,1001,DDT00472AB,The Automotive Research Association,27AAATT1989P1ZL,IN,JP,J3,X,OT,350000000,1AD0526CUH,100,2026-05-19,2027-03-31,
500,1081,DDT00472AB,The Automotive Research Association,27AAATT1989P1ZL,IN,JI,J3,X,OT,110000000,1AD0526CVA,100,2026-05-19,2027-03-31,
500,1001,DIJ00281AA,JIO HAPTIK TECHNOLOGIES,27AAGCR2800L1ZC,IN,JI,J1,X,CO,3000000,1AF0426FEG,95,2026-04-23,2027-03-31,
500,1001,DIF00108AC,FLYJAC LOGISTICS PVT. LTD.,27AABCF2133M1ZP,IN,CI,C1,X,CO,                ,1NF0726FLD,50,2026-07-30,2027-03-31,
500,1001,DIF00108AC,FLYJAC LOGISTICS PVT. LTD.,27AABCF2133M1ZP,IN,CP,  , ,CO,                ,1NF0726FLD,50,2026-07-30,2027-03-31,
500,1001,DID00210AL,DELHIVERY LIMITED,09AAPCS9575E1ZL,IN,CI,C1,X,CO,476368248,4AC0326DIZ4A328,95,2026-04-01,2027-03-31,
500,1001,DID00210AL,DELHIVERY LIMITED,09AAPCS9575E1ZL,IN,II,I1,X,CO,630267130,4AC0326DJB4A002,99,2026-04-01,2027-03-31,
500,1001,DII00426AC,INDIAN INSTITUTE OF MANAGEMENT,24AAATI1247F1Z4,IN,JP,J3,X,OT,4000000,1AB0325DVQ,100,2025-04-01,2026-03-31,
500,1001,DII00426AC,INDIAN INSTITUTE OF MANAGEMENT,24AAATI1247F1Z4,IN,JI,J3,X,OT,4000000,1AB0325DVQ,100,2025-04-01,2026-03-31,
500,1001,DIM01158AJ,MLL EXPRESS SERVICES PRIVATE,22AACCV3947L1Z4,IN,CI,C1,X,CO,1800000000,1AD0526PNP,87.5,2026-05-25,2027-03-31,
500,1081,DIM01158AJ,MLL EXPRESS SERVICES PRIVATE,22AACCV3947L1Z4,IN,CI,C1,X,CO,"15,00,00,000",1AD0526PNS,87.5,2026-05-25,2027-03-31,
500,1001,DIN00170AA,NEEDS MANPOWER SUPPORT,29AACCN4867B1ZE,IN,CI,C1,X,CO,28754079,1NA0626QFK,67.5,2026-06-10,2027-03-31,
500,1001,DIN00170AA,NEEDS MANPOWER SUPPORT,29AACCN4867B1ZE,IN,CP,C1, ,CO,28754079,1NA0626QFK,67.5,2026-06-10,2027-03-31,
500,1081,DIN00170AA,NEEDS MANPOWER SUPPORT,29AACCN4867B1ZE,IN,CI,C1,X,CO,28754079,1NA0626QFJ,67.5,2026-06-10,2027-03-31,
500,1001,DIH00144AA,HANSA RESEARCH GROUP PVT,27AAACH9516M1Z7,IN,JI,J1,X,CO,7000000,1AD0526NXJ,60,2026-05-22,2027-03-31,
500,1001,DIH00144AA,HANSA RESEARCH GROUP PVT,27AAACH9516M1Z7,IN,JP,J1,X,CO,7000000,1AD0526NXJ,60,2026-05-22,2027-03-31,
500,1001,DIM00348AA,MLL MOBILITY PRIVATE LIMI,27AACCV3807B1ZO,IN,CI,C1,X,CO,864072072,1NA0626AKR,87.5,2026-06-01,2027-03-31,
500,1001,DIM00348AA,MLL MOBILITY PRIVATE LIMI,27AACCV3807B1ZO,IN,CP,C1,X,CO,864072072,1NA0626AKR,87.5,2026-06-01,2027-03-31,
500,1001,DIM00398AH,MAHINDRA LOGISTICS LTD,05AAFCM2530H1ZU,IN,CP,  , ,CO,31084341727,1AD0426EMH,60,2026-04-16,2027-03-31,
500,1001,DIM00398AH,MAHINDRA LOGISTICS LTD,05AAFCM2530H1ZU,IN,CI,C1,X,CO,31084341727,1AD0426EMH,60,2026-04-16,2027-03-31,
500,1001,DIM00398AH,MAHINDRA LOGISTICS LTD,05AAFCM2530H1ZU,IN,II,I1, ,CO,866946434,1AD0426EMI,92,2026-04-16,2027-03-31,
500,1001,DIM00398AH,MAHINDRA LOGISTICS LTD,05AAFCM2530H1ZU,IN,8I,IA, ,CO,866946434,1AD0426EMI,92,2026-04-16,2027-03-31,
500,1001,DIM00398AH,MAHINDRA LOGISTICS LTD,05AAFCM2530H1ZU,IN,JI,J1,X,CO,2070249434,1AD0426EMJ,92,2026-04-16,2027-03-31,
500,1081,DIM00398AH,MAHINDRA LOGISTICS LTD,05AAFCM2530H1ZU,IN,CI,C1,X,CO,3423983036,1AD0426EMP,60,2026-04-16,2027-03-31,
500,1079,DIL00192AC,LORDS FREIGHT PRIVATE,36AACCL0108M1ZO,IN,CI,C1,X,CO,"2,94,56,153",1NA0626AVI,25,2026-06-01,2027-03-31,
500,1081,DIL00192AB,LORDS FREIGHT INDIA PRIVATE,27AACCL0108M1ZN,IN,CI,C1,X,CO,260298,1NA0626AVJ,25,2026-06-01,2027-03-31,
500,1079,DIL00192AB,LORDS FREIGHT INDIA PRIVATE,27AACCL0108M1ZN,IN,CI,C1,X,CO,"2,94,56,153",1NA0626AVI,25,2026-06-01,2027-03-31,
500,1081,DIF00108AE,LOGISTEED INDIA PRIVATE LIMITED,27AABCF2133M1ZP,IN,CI,C1,X,CO,21867716,1NF0726FMJ,50,2026-07-30,2027-03-31,
500,1079,DIF00108AE,LOGISTEED INDIA PRIVATE LIMITED,27AABCF2133M1ZP,IN,CI,C1,X,CO,4027553,1NF0726FMH,50,2026-07-30,2027-03-31,
500,1001,DIF00108AE,LOGISTEED INDIA PRIVATE LIMITED,27AABCF2133M1ZP,IN,CI,C1,X,CO,                ,1NF0726FLD,50,2026-07-30,2027-03-31,
500,1001,DID00210AJ,DELHIVERY LIMITED,19AAPCS9575E1ZK,IN,CI,C1,X,CO,476368248,4AC0326DIZ4A328,95,2026-04-01,2027-03-31,
500,1001,DIM00398AZ,M/S MAHINDRA LOGISTICS LIMITED,09AAFCM2530H1ZM,IN,CI,C1,X,CO,31084341727,1AD0426EMH,60,2026-04-16,2027-03-31,
500,1001,DIM00398AZ,M/S MAHINDRA LOGISTICS LIMITED,09AAFCM2530H1ZM,IN,8I,IA,X,CO,866946434,1AD0426EMI,92,2026-04-16,2027-03-31,
500,1081,DIS00698AB,SAFE & SECURE LOGISTICS,27AAGCS5100E1ZR,IN,CI,C1,X,CO,25000000,1AC0625VUO,75,2025-06-13,2026-03-31,
500,1001,DIM01158AF,MLL EXPRESS SERVICES PRIVATE,06AACCV3947L1ZY,IN,CI,C1,X,CO,1800000000,1AD0526PNP,87.5,2026-05-25,2027-03-31,
500,1081,DIM01158AF,MLL EXPRESS SERVICES PRIVATE,06AACCV3947L1ZY,IN,CI,C1,X,CO,"15,00,00,000",1AD0526PNS,87.5,2026-05-25,2027-03-31,
500,1001,DIA00441AB,AVL Technical Centre Pvt. Ltd.,06AADCA1470C1ZB,IN,JI,J5,X,CO,300000000,1AA0526LJX,41.5,2026-05-05,2027-03-31,
500,1001,DIM01158AH,MLL EXPRESS SERVICES PRIVATE,18AACCV3947L1ZT,IN,CI,C1,X,CO,1800000000,1AD0526PNP,87.5,2026-05-25,2027-03-31,
500,1081,DIM01158AH,MLL EXPRESS SERVICES PRIVATE,18AACCV3947L1ZT,IN,CI,C1,X,CO,"15,00,00,000",1AD0526PNS,87.5,2026-05-25,2027-03-31,
500,1001,DIM01158AQ,MLL EXPRESS SERVICES PRIVATE,19AACCV3947L1ZR,IN,CI,C1,X,CO,1800000000,1AD0526PNP,87.5,2026-05-25,2027-03-31,
500,1081,DIM01158AQ,MLL EXPRESS SERVICES PRIVATE,19AACCV3947L1ZR,IN,CI,C1,X,CO,"15,00,00,000",1AD0526PNS,87.5,2026-05-25,2027-03-31,
500,1001,DIM01158AY,MLL EXPRESS SERVICES PRIVATE,16AACCV3947L1ZX,IN,CI,C1,X,CO,1800000000,1AD0526PNP,87.5,2026-05-25,2027-03-31,
500,1081,DIM01158AY,MLL EXPRESS SERVICES PRIVATE,16AACCV3947L1ZX,IN,CI,C1,X,CO,"15,00,00,000",1AD0526PNS,87.5,2026-05-25,2027-03-31,
500,1001,DID00384AB,DESIGNTECH SYSTEMS PRIVAT,27AABCD2335F1Z2,IN,JI,J1,X,CO,120097250,1NA0726SQB,66.5,2026-07-06,2027-03-31,
500,1079,DID00384AB,DESIGNTECH SYSTEMS PRIVAT,27AABCD2335F1Z2,IN,JI,J1,X,CO,8426700,1NA0726SQD,66.5,2026-07-06,2027-03-31,
500,1001,DDT00472AC,AUTOMOTIVE RESEARCH ASSOCIATION,27AAATT1989P1ZL,IN,JP,J3,X,OT,350000000,1AD0526CUH,100,2026-05-19,2027-03-31,
500,1001,DDT00472AC,AUTOMOTIVE RESEARCH ASSOCIATION,27AAATT1989P1ZL,IN,JI,J3,X,OT,350000000,1AD0526CUH,100,2026-05-19,2027-03-31,
500,1081,DIK00512AA,KINNECT MEDIA PRIVATE LIMITED,27ABACS0806Q1Z3,IN,JP,J1,X,CO,20000000,1NA0526XPB,45,2026-05-21,2027-03-31,
500,1081,DIK00512AA,KINNECT MEDIA PRIVATE LIMITED,27ABACS0806Q1Z3,IN,JI,J1,X,CO,20000000,1NA0526XPB,45,2026-05-21,2027-03-31,
500,1001,DIJ00581AA,JUBILANT MOTORWORKS PRIVATE LIMITED,27AACCJ1534B1Z4,IN,CI,C1,X,CO,                ,1NE0726VFD,75,2026-07-28,2027-03-31,
500,1001,DIJ00581AA,JUBILANT MOTORWORKS PRIVATE LIMITED,27AACCJ1534B1Z4,IN,CP,C1,X,CO,                ,1NE0726VFD,75,2026-07-28,2027-03-31,
500,1001,DIS00659AC,SIS LIMITED,04AAECS3538A1ZV,IN,CI,C1,X,CO,120068853,4AB0426EVC4C114,99.5,2026-04-06,2027-03-31,
500,1001,DIP00333AB,PARAMTECH ENGINEERING SER,27AAHCP6576C1Z7,IN,JI,J1,X,CO,                ,1NA0826DJV,84,2026-08-06,2027-03-31,
500,1081,DIP00333AB,PARAMTECH ENGINEERING SER,27AAHCP6576C1Z7,IN,JI,J1,X,CO,36241947,1NA0826DJW,84,2026-08-06,2027-03-31,
500,9023,WH11600057,SPECTRUM TALENT MANAGEMENT,                  ,IN,CI,C1,X,OT,                ,0116BX791F,1.5,2016-06-20,2017-03-31,
500,9023,WH11400129,Lodestar,27AAACU0566E1ZJ,IN,CI,C1,X,CO,                ,1AC0519TWA,12.5,2019-05-13,2020-03-31,
500,9023,WH11500027,Aegis Media India Pvt Ltd,27AAHCA3058N1ZC,IN,HI,H1,X,CO,43690000,0219AJ055B,1,2019-02-07,2019-03-31,
500,9023,WH11300192,Mahindra Integrated Business Soluti,27AAGCM9780N1ZK,IN,CI,C1,X,CO,                ,1AD0725FIB,62.5,2025-07-31,2025-12-31,
500,9029,WH11300192,Mahindra Integrated Business Soluti,27AAGCM9780N1ZK,IN,CI,C1,X,CO,                ,1AD0725FIX,62.5,2025-07-31,2026-03-31,
500,9029,WH11300192,Mahindra Integrated Business Soluti,27AAGCM9780N1ZK,IN,CP,C1,X,CO,                ,1AD0725FIX,62.5,2025-07-31,2026-03-31,
500,9023,WH11300192,Mahindra Integrated Business Soluti,27AAGCM9780N1ZK,IN,JI,J1,X,CO,                ,1AE0624HGV,75,2024-06-21,2025-01-31,
500,9017,WH11300192,Mahindra Integrated Business Soluti,27AAGCM9780N1ZK,IN,CP,C1,X,CO,                ,1AE0624HHZ,62.5,2024-06-21,2025-03-31,
500,9017,WH11300192,Mahindra Integrated Business Soluti,27AAGCM9780N1ZK,IN,CI,C1,X,CO,                ,1AE0624HHZ,62.5,2024-06-21,2025-03-31,
500,9023,WW21000001,OZONETEL COMMUNICATIONS PVT LTD,27AACCO2603E1ZX,IN,JI,J1,X,CO,                ,1AE0625VFC,95,2025-06-26,2026-03-31,
500,1001,W00058,WEBCHUTNEY STUDIO PVT. LTD.,                  ,IN,JI,J1,X,CO,194J,496/10.9.10,99.6,2009-09-10,2010-03-31,
500,1001,WH11700090,Link Legal,07AABFL6757A1ZI,IN,JP,J3,X,OT,980000000,1AC0724LFI,75,2024-07-11,2025-03-31,
500,1001,WH11700090,Link Legal,07AABFL6757A1ZI,IN,JI,J3,X,OT,980000000,1AC0724LFI,75,2024-07-11,2025-03-31,
500,9017,WAR1800006,Spectrum Talent Management Pvt Ltd,09AARCS4776M1Z9,IN,CP,C1,X,CO,                ,1AC0424ZHJ,95,2024-04-19,2025-03-31,
500,9027,WAR1800006,Spectrum Talent Management Pvt Ltd,09AARCS4776M1Z9,IN,CI,C1,X,CO,1AA1223QFZ,1AA1223QFZ,95,2023-12-21,2024-03-31,
500,9029,WAR1800006,Spectrum Talent Management Pvt Ltd,09AARCS4776M1Z9,IN,CP,C1,X,CO,                ,1AB0523CPK,95,2023-05-08,2024-03-31,
500,9023,WAR1800006,Spectrum Talent Management Pvt Ltd,09AARCS4776M1Z9,IN,CI,C1,X,CO,                ,1AA0426XCJ,75,2026-04-02,2027-03-31,
500,9029,WAR1800006,Spectrum Talent Management Pvt Ltd,09AARCS4776M1Z9,IN,CI,C1,X,CO,                ,1AB0523CPK,95,2023-05-08,2024-03-31,
500,1001,WAGONS27,WAGONS LEARNING PRIVATE L,27AABCW4538P1ZP,IN,JI,J1,X,CO,                ,1NF0726KJG,40,2026-07-31,2027-03-31,
500,1037,WAGONS27,WAGONS LEARNING PRIVATE L,27AABCW4538P1ZP,IN,JI,J1, ,OT,                ,1AD0721VDN,80,2021-07-31,2022-03-31,
500,1081,Y0059,YASHASWI ACADEMY FOR,27AAACY6741P1ZN,IN,CI,C1,X,CO,                ,1AB0724XVV,100,2024-07-09,2025-03-31,
500,1049,Y0059,YASHASWI ACADEMY FOR,27AAACY6741P1ZN,IN,CI,C1,X,CO,                ,1AD0521AOE,100,2021-05-17,2022-03-31,
500,1070,Y0059,YASHASWI ACADEMY FOR,27AAACY6741P1ZN,IN,CI,C1,X,CO,                ,1AA0623BXQ,100,2024-06-09,2025-03-31,
500,9023,YMS100025,SURYODAY YARDS PRIVATE,27ABGCS8560D1Z5,IN,II,I4,X,CO,1ND0726GAF,1ND0726GAF,89,2026-07-24,2027-03-31,
500,9023,YMS100234,SURYODAY YARDS PRIVATE,27ABGCS8560D1Z5,IN,II,I1,X,CO,1ND0726GAF,1ND0726GAF,89,2026-07-24,2027-03-31,
500,9023,YMS100241,SURYODAY YARDS PRIVATE LIMITED-PANV,27ABGCS8560D1Z5,IN,II,I4,X,CO,1ND0726GAF,1ND0726GAF,89,2026-07-24,2027-03-31,
500,1081,YSL02,YASHASWI SKILLS LTD,27AABCY5001H1ZK,IN,CI,C1,X,CO,                ,1AB0724XVV,100,2024-07-09,2025-03-31,
500,9023,YMS100928,SURYODAY YARDS PRIVATE LIMITED -WAK,27ABGCS8560D1Z5,IN,II,I4,X,OT,1ND0726GAF,1ND0726GAF,89,2026-07-24,2027-03-31,
500,9023,YMS101012,Suryoday Yards Pvt. Ltd.,27ABGCS8560D1Z5,IN,II,I4,X,CO,1ND0726GAF,1ND0726GAF,89,2026-07-24,2027-03-31,
500,1001,BAL041,BHARTI AIRTEL LTD,05AAACB2894G1ZT,IN,CI,C1,X,CO,AMT 6223658,1AB0325SBT,90,2025-04-01,2026-03-31,
500,1081,BAL041,BHARTI AIRTEL LTD,05AAACB2894G1ZT,IN,JI,J1,X,CO,10734313,1AB0325RLQ,98,2025-04-01,2026-03-31,
500,1081,BAL041,BHARTI AIRTEL LTD,05AAACB2894G1ZT,IN,JP,J1,X,CO,10734313,1AB0325RLQ,98,2025-04-01,2026-03-31,
500,1001,BAL037,BHARTI AIRTEL LTD,03AAACB2894G1ZX,IN,CI,C1,X,CO,AMT 6223658,1AB0325SBT,90,2025-04-01,2026-03-31,
500,1001,BAL038,BHARTI AIRTEL LTD,08AAACB2894G1ZN,IN,CI,C1,X,CO,AMT 6223658,1AB0325SBT,90,2025-04-01,2026-03-31,
500,9017,BAL038,BHARTI AIRTEL LTD,08AAACB2894G1ZN,IN,CI,C1,X,CO,                ,1AB0422LQF,95,2022-04-13,2023-03-31,
500,9017,BAL038,BHARTI AIRTEL LTD,08AAACB2894G1ZN,IN,CP,C1,X,CO,                ,1AB0422LQF,95,2022-04-13,2203-03-31,
500,1001,B254,BOMBAY HOSPITAL TRUST,27AAATB3815C1Z9,IN,8P,  ,X,OT,800000,1AC0325MJI,100,2025-04-01,2026-03-31,
500,1001,B254,BOMBAY HOSPITAL TRUST,27AAATB3815C1Z9,IN,8I,IB,X,OT,800000,1AC0325MJI,100,2025-04-01,2026-03-31,
500,1001,B452,BHATIA HOSPITAL,                  ,IN,JI,J3,X,OT,RS. 15 LACS,1AC0719FVE,100,2019-08-21,2020-03-31,
500,1022,CHA0024101,SECURITY AND INTELLIGENCE SERV INDI,22AAECS3538A1ZX,IN,CI,C1,X,CO,                ,1AD0519MPE,99.5,2019-06-10,2020-03-31,
500,1022,CHA0024101,SECURITY AND INTELLIGENCE SERV INDI,22AAECS3538A1ZX,IN,CP,  ,X,CO,                ,1AD0519MPE,99.5,2019-06-10,2020-03-31,
500,1001,BRT001,BLANCHARD RESEARCH & TRAINING INDIA,06AAKFB5793R1ZK,IN,JI,J1,X,OT,                ,2315AL078B,55,2015-06-05,2016-03-31,
500,1022,ASA0553701,SERVICE MASTER CLEAN LTD,18AANCS2248G1Z4,IN,CP,  ,X,CO,                ,1AD0519TVY,75,2019-06-07,2020-03-31,
500,1022,ASA0553701,SERVICE MASTER CLEAN LTD,18AANCS2248G1Z4,IN,CI,C1,X,CO,                ,1AD0519TVY,75,2019-06-07,2020-03-31,
500,1001,CESREI001,SREI EQUIPMENT FINANCE LIMITED,19AAKCS3431L1ZZ,IN,HI,H1,X,CO,1450000,1AA0622BWF,70,2022-06-01,2023-03-31,
500,1022,ASA0466001,SERVICE MASTER CLEAN LTD,18AANCS2248G1Z4,IN,CP,  ,X,CO,                ,1AD0519TVY,75,2019-06-07,2020-03-31,
500,1022,ASA0466001,SERVICE MASTER CLEAN LTD,18AANCS2248G1Z4,IN,CI,C1,X,CO,                ,1AD0519TVY,75,2019-06-07,2020-03-31,
500,1022,BPA0466001,SERVICE MASTER CLEAN LTD,10AANCS2248G1ZK,IN,CP,  ,X,CO,                ,1AD0519TVY,75,2019-06-07,2020-03-31,
500,1022,BPA0466001,SERVICE MASTER CLEAN LTD,10AANCS2248G1ZK,IN,CI,C1,X,CO,                ,1AD0519TVY,75,2019-06-07,2020-03-31,
500,1079,CF0019,Flyjac Logistics Private Ltd,27AABCF2133M1ZP,IN,CI,C1,X,CO,4027553,1NF0726FMH,50,2026-07-30,2027-03-31,
500,1081,CF0019,Flyjac Logistics Private Ltd,27AABCF2133M1ZP,IN,CI,C1,X,CO,21867716,1NF0726FMJ,50,2026-07-30,2027-03-31,
500,1037,CF0019,Flyjac Logistics Private Ltd,27AABCF2133M1ZP,IN,CI,C1,X,CO,                ,1AD0621RAH,0.55,2021-06-16,2022-03-31,
500,1022,APA0305301,CJ DARCL LOGISTICS LTD,37AAACD2086J1ZL,IN,CP,  ,X,CO,                ,1AA1019OWP,89,2019-10-21,2020-03-31,
500,1022,APA0305301,CJ DARCL LOGISTICS LTD,37AAACD2086J1ZL,IN,CI,C1,X,CO,                ,1AA1019OWP,89,2019-10-21,2020-03-31,
500,1069,C7586,COWRKS INDIA PVT. LTD.,27AABCE7586M1ZZ,IN,IP,  ,X,CO,                ,1AA0220IPA,90,2020-02-12,2020-03-31,
500,1069,C7586,COWRKS INDIA PVT. LTD.,27AABCE7586M1ZZ,IN,II,I1,X,CO,                ,1AA0220IPA,90,2020-02-12,2020-03-31,
500,1005,CH5951,HAPAG LLOYD INDIA PVT. LTD.,27AAACH0979G1ZJ,IN,CI,C1,X,OT,                ,524862210116,100,2023-04-01,2024-03-31,
500,9017,CASSA6416,TRAVELSTACK TECH LIMITED,27AAFCC6416Q1Z6,IN,CI,C1,X,CO,                ,1AD0524GUI,87.5,2024-05-08,2025-03-31,
500,1027,CASSA6416,TRAVELSTACK TECH LIMITED,27AAFCC6416Q1Z6,IN,8I,IA,X,CO,                ,1AG0426KHB,90,2026-04-29,2027-03-31,
500,9025,AVPL0135,AIDEM VENTURES PRIVATE LIMITED,27AAHCA0135G1Z3,IN,CP,C1,X,CO,AAHCA0135G,1NB0626PDO,75,2026-06-24,2027-03-31,
500,9025,AVPL0135,AIDEM VENTURES PRIVATE LIMITED,27AAHCA0135G1Z3,IN,CI,C1,X,CO,AAHCA0135G,1NB0626PDO,75,2026-06-24,2027-03-31,
500,1001,BTPLMH15,BLAZECLAN TECHNOLOGIES PV,27AAECB1523E1Z7,IN,JI,J1,X,CO,6036800,1AA0723HFG,88,2023-07-06,2024-03-31,
500,1001,B00661,BAIN AND COMPANY INDIA PRIVATE LIMI,06AACCB8671R1ZZ,IN,JI,J1,X,CO,100000000,1AD0724VBK,65,2024-07-26,2025-03-31,
500,9017,CASASTAY2,Casa2 Stays Private Limited,06AAFCC6416Q1ZA,IN,CI,C1,X,CO,                ,1AD0524GUI,87.5,2024-05-08,2025-03-31,
500,9029,AWFIS01,AWFIS Space Solutions Private Limit,27AANCA1175G1ZN,IN,CI,C1,X,CO,                ,1AD0525LPZ,95,2025-05-14,2026-03-31,
500,9029,AWFIS01,AWFIS Space Solutions Private Limit,27AANCA1175G1ZN,IN,II,I1,X,CO,                ,1AA0426OFD,99,2026-04-01,2027-03-31,
500,9033,BHARTIAIR1,BHARTI AIRTEL LIMITED,29AAACB2894G1ZJ,IN,CI,C1,X,CO,                ,1AC0325BQX,90,2025-04-01,2026-03-31,
500,1044,CE1382,ERNST & YOUNG LLP,27AAEFE1763C1ZS,IN,JI,J3,X,OT,                ,4NA0626AIE4D654,40,2026-06-25,2027-03-31,
500,1001,BMSPL001,BGPS MANAGEMENT SOLUTIONS,09AAHCB5875A1ZN,IN,CI,C1,X,CO,3500000,1AC0725CTZ,65,2025-07-18,2026-03-31,
500,1001,BHOP0DTDC,DTDC EXPRESS LIMITED,23AAACD8017H1Z0,IN,CI,C1,X,CO,47000000,1AF0525EER,37.5,2025-05-22,2026-03-31,
500,1079,BJ011261,Jubilant MotorWorks Private Limited,33AACCJ1534B3Z9,IN,CI,C1,X,CO,2995974,1NE0726VFO,75,2026-07-28,2027-03-31,
500,1005,ARCELOI01,ARCELORMITTAL NIPPON STEEL INDIA PR,23AAACE1741P1ZP,IN,LI,L1,X,CO,                ,1AA0726IIR,60,2026-07-10,2027-03-31,
500,1067,CCM0794N,MAHINDRA FIRST CHOICE WHEELS LIMITE,29AACCM0794N2ZV,IN,CI,C1,X,CO,                ,4AG0426FWR4A005,50,2026-04-29,2027-03-31,
500,1079,BJ011311,Jubilant Motorworks Pvt Ltd,29AACCJ1534B1Z0,IN,CI,C1,X,CO,2995974,1NE0726VFO,75,2026-07-28,2027-03-31,
500,1021,CH0023,Hindustan Cargo Ltd,27AAACH1471R2Z6,IN,CI,C1,X,CO,AAACH1471R,0213RZ191B,38,2013-06-13,2014-03-31,
500,1021,CH0023,Hindustan Cargo Ltd,27AAACH1471R2Z6,IN,CP,C1,X,CO,AAACH1471R,0213RZ191B,38,2013-06-13,2014-03-31,
500,9017,CA0078,AGILITY LOGISTICS PVT.LTD,27AAACL3717A1Z1,IN,II,I1,X,CO,                ,0215AY026H,99.8,2015-04-29,2016-03-31,
500,9017,CA0078,AGILITY LOGISTICS PVT.LTD,27AAACL3717A1Z1,IN,CP,C1,X,CO,100000,0215BF331I,99,2015-04-29,2016-03-31,
500,9017,CA0078,AGILITY LOGISTICS PVT.LTD,27AAACL3717A1Z1,IN,CI,C1,X,CO,100000,0215BF331I,99,2015-04-29,2016-03-31,
500,1001,CA0078,AGILITY LOGISTICS PVT.LTD,27AAACL3717A1Z1,IN,CI,C1,X,CO,                ,0214XW725F,99.69,2014-06-18,2015-03-31,
500,1005,C1130,CONTINENTAL WAREHOUSING CORPORATION,27AAACC5849C1ZT,IN,CP,C1,X,CO,                ,1AE820NBB,80,2020-08-24,2021-03-31,
500,1001,CG01234,GALAXY OFFICE AUTOMATION PVT LTD,27AABCG4672N1Z6,IN,JP,  ,X,CO,10000000,1NB0726LCV,45,2026-07-10,2027-03-31,
500,1001,CG01234,GALAXY OFFICE AUTOMATION PVT LTD,27AABCG4672N1Z6,IN,JI,J1,X,CO,10000000,1NB0726LCV,45,2026-07-10,2027-03-31,
500,1037,B000006,BLUE DART EXPRESS LIMITED.,27AAACB0446L1ZS,IN,CI,C1,X,CO,                ,1AG0820RZL,9.3,2020-08-31,2021-03-31,
500,1001,C00292,CHANNEL FREIGHT SERVICES (I) PVT,27AABCC6891K1Z7,IN,CI,C1,X,CO,                ,1AI0519KIQ,50,2019-05-31,2020-03-31,
500,1001,B5419,THE BHATIA GENERAL HOSPITAL,27AAATT3440K1ZD,IN,JI,J3,X,OT,5554500,1AI0524LNF,100,2024-05-27,2025-03-31,
500,1022,C470,CUSHMAN and WAKEFIELD INDIA,                  ,IN,HP,  ,X,CO,                ,1AB0819RJS,40,2019-09-05,2020-03-31,
500,1022,C470,CUSHMAN and WAKEFIELD INDIA,                  ,IN,HI,H1,X,CO,                ,1AB0819RJS,40,2019-09-05,2020-03-31,
500,1005,C132,CALCUTTA,27AABCM8298E1Z5,IN,CI,C1,X,CO,                ,0818AG606E,75,2018-05-25,2019-03-31,
500,1006,C132,CALCUTTA,27AABCM8298E1Z5,IN,CI,C1,X,CO,                ,0818AG604J,75,2018-05-25,2019-03-31,
500,1001,C00393,CUSTOMER EQUITY SOLUTIONS,                  ,IN,CP,  ,X,CO,10000000,1AA0726HLR,50,2026-07-07,2027-03-31,
500,1001,C00393,CUSTOMER EQUITY SOLUTIONS,                  ,IN,CI,C1,X,CO,10000000,1AA0726HLR,50,2026-07-07,2027-03-31,
500,1001,C00393,CUSTOMER EQUITY SOLUTIONS,                  ,IN,JI,J1,X,CO,427800000,1AA0726HLP,76.5,2026-07-07,2027-03-31,
500,1007,BRISMUMB,BRISTLECONE INDIA LIMITED,27AAACM5186E1ZH,IN,JP,  ,X,CO,                ,0213TB081D,71.6,2013-08-28,2014-03-31,
500,1001,BRISMUMB,BRISTLECONE INDIA LIMITED,27AAACM5186E1ZH,IN,JP,  , ,CO,197/2013-14/1,0213TB062D,71.6,2013-08-28,2014-03-31,
500,1001,BRISMUMB,BRISTLECONE INDIA LIMITED,27AAACM5186E1ZH,IN,JI,J1,X,CO,197/2013-14/1,0213TB062D,71.6,2013-08-28,2014-03-31,
500,1003,BRISMUMB,BRISTLECONE INDIA LIMITED,27AAACM5186E1ZH,IN,JI,J1,X,CO,                ,197/AAACM5186E,71.6,2013-08-28,2014-03-31,
500,1007,BRISMUMB,BRISTLECONE INDIA LIMITED,27AAACM5186E1ZH,IN,JI,J1,X,CO,                ,0213TB081D,71.6,2013-08-28,2014-03-31,
500,1022,B10103,BHARAT CARRIERS LTD,                  ,IN,CI,C1,X,CO,                ,1AC0619KEH,50,2019-06-18,2020-03-31,
500,1022,B10103,BHARAT CARRIERS LTD,                  ,IN,CP,  ,X,CO,                ,1AC0619KEH,50,2019-06-18,2020-03-31,
500,1001,CA1080,The Automotive Research Association,27AAATT1989P1ZL,IN,JI,J3,X,OT,350000000,1AD0526CUH,100,2026-05-19,2027-03-31,
500,1001,CA1080,The Automotive Research Association,27AAATT1989P1ZL,IN,JP,J3,X,OT,350000000,1AD0526CUH,100,2026-05-19,2027-03-31,
500,1084,CA1080,The Automotive Research Association,27AAATT1989P1ZL,IN,JI,J3,X,OT,                ,1AF0524PEG,100,2024-05-20,2025-03-31,
500,1027,CA1080,The Automotive Research Association,27AAATT1989P1ZL,IN,JP,J3,X,OT,                ,1AC0625RXZ,100,2025-06-13,2026-03-31,
500,1081,CA1080,The Automotive Research Association,27AAATT1989P1ZL,IN,JI,J3,X,OT,110000000,1AD0526CVA,100,2026-05-19,2027-03-31,
500,1027,CA1080,The Automotive Research Association,27AAATT1989P1ZL,IN,JI,J3,X,OT,                ,1AC0625RXZ,100,2025-06-13,2026-03-31,
500,1001,CC077,C.R.NARAYANA RAO,                  ,IN,JI,J3,X,OT,                ,0311B09876,50,2011-08-03,2012-03-31,
500,1001,CD5246,DHL EXPRESS (INDIA) PVT. LTD.,27AABCD3611Q1ZI,IN,CI,C1,X,CO,72239817420,1AC0425LYY,32.5,2025-04-09,2026-03-31,
500,1001,B478,BSES M G HOSPITAL,                  ,IN,JI,J3,X,OT,                ,0217EV514G,100,2017-12-19,2018-03-31,
500,1001,B478,BSES M G HOSPITAL,                  ,IN,JP,  ,X,OT,                ,0217EV514G,100,2017-12-19,2018-03-31,
500,1045,CG029,G-TECH SOLUTIONS,27ABOPT2484L1ZT,IN,CI,C3,X,OT,                ,0210BT717E,10,2010-05-13,2011-03-31,
500,1001,C00246,CMA CGM AGENCIES (INDIA) PVT. LTD.,27AABCC9048G1ZL,IN,CI,C1,X,CO,                ,ITBA/COM/F/17/2021-22/103,100,2021-04-01,2022-03-31,
500,1001,C00246,CMA CGM AGENCIES (INDIA) PVT. LTD.,27AABCC9048G1ZL,IN,CP,  , ,OT,                ,2021-22/1032376362(1),100,2021-04-01,2022-03-31,
500,1001,B5426,BHAKTI VEDANTA HOSPITAL,                  ,IN,JI,J3,X,OT,                ,0614ET077G,100,2014-09-24,2015-03-31,
500,1001,BUREAU1,BUREAU VERITAS INDIA PVT LTD,36AABCB6767B1ZT,IN,JI,J1,X,CO,7500000,1NB0726UQA,30,2026-07-10,2027-03-31,
500,1001,PSB2700298,GSP POWER SYSTEMS PVT LTD,09AACCG0581H1ZO,IN,CI,C1,X,CO,1400000000,1AB0526FTL,50,2026-05-11,2027-03-31,
500,1038,PSTPLHR15,PEOPLESTRONG TECHNOLOGIES,06AADCP8140Q1ZY,IN,JI,J1,X,CO,                ,1AB0526KES,95.5,2026-05-12,2027-03-31,
500,1001,PTIM290126,POLESTAR ENGINEERING CO,29AADFP6081H1ZZ,IN,CI,C4,X,OT,1250000000,1NA0726NHG,72.5,2026-07-02,2027-03-31,
500,1001,PSB2700356,MLL MOBILITY PRIVATE LIMI,29AACCV3807B1ZK,IN,CP,C1,X,CO,864072072,1NA0626AKR,87.5,2026-06-01,2027-03-31,
500,1001,PSB2700356,MLL MOBILITY PRIVATE LIMI,29AACCV3807B1ZK,IN,CI,C1,X,CO,864072072,1NA0626AKR,87.5,2026-06-01,2027-03-31,
500,1001,PSB2700379,G S P Power Systems Private Limited,09AACCG0581H1ZO,IN,CI,C1,X,CO,1400000000,1AB0526FTL,50,2026-05-11,2027-03-31,
500,1001,PSB2700401,MLL MOBILITY PRIVATE LIMI,36AACCV3807B2ZO,IN,CI,C1,X,CO,864072072,1NA0626AKR,87.5,2026-06-01,2027-03-31,
500,1001,PT20010,POLESTAR ENGINEERING CO,20AADFP6081H1ZH,IN,CI,C4,X,OT,1250000000,1NA0726NHG,72.5,2026-07-02,2027-03-31,
500,1001,PTIM050016,POLESTAR ENGINEERING CO,05AADFP6081H1Z9,IN,CP,  ,X,OT,1250000000,1NA0726NHG,72.5,2026-07-02,2027-03-31,
500,1001,PTIM050016,POLESTAR ENGINEERING CO,05AADFP6081H1Z9,IN,CI,C4,X,OT,1250000000,1NA0726NHG,72.5,2026-07-02,2027-03-31,
500,1001,PTIM330213,POLESTAR ENGINEERING CO,33AADFP6081H1ZA,IN,CI,C4,X,OT,1500000000,1AD0625REG,82.5,2025-06-18,2026-03-31,
500,9033,PSPL020724,Preflex Solutions Pvt Ltd,29AAHCP5797R1Z3,IN,JI,J1,X,CO,                ,4AB0326DTA,80,2026-04-01,2027-03-31,
500,1001,PSB2700389,RETROFIT TECHNOLOGY PRIVATE LIMITED,29AAHCR1573K1ZX,IN,CI,C1,X,CO,1100000000,1AC0426LLA,82.5,2026-04-13,2027-03-31,
500,1022,L0019,LTC LOGISTICS PVT LTD,                  ,IN,CP,  ,X,CO,                ,1AA0419VRT,80,2019-04-30,2020-03-31,
500,1022,L0019,LTC LOGISTICS PVT LTD,                  ,IN,CI,C1,X,CO,                ,1AA0419VRT,80,2019-04-30,2020-03-31,
500,1022,M5834,MAHAVEERA TRANSPORT PVT. LTD.,                  ,IN,CI,C1,X,CO,                ,1AA0519CJG,62.5,2019-05-03,2020-03-31,
500,1022,M5834,MAHAVEERA TRANSPORT PVT. LTD.,                  ,IN,CP,  ,X,CO,                ,1AA0519CJG,62.5,2019-05-03,2020-03-31,
500,1001,M426,MITHI SOFTWARE TECHNOLOGIES,27AABCM9352P1ZT,IN,JI,J1,X,CO,RS 2472524,1AA0124CIK,100,2024-01-03,2024-03-31,
500,1001,MA200,A.T.C. (CLEARING,                  ,IN,CI,C1,X,CO,                ,0215CJ098H,34.5,2015-05-22,2016-03-31,
500,1001,M00217,MAERSK INDIA PVT. LTD.,                  ,IN,CP,  , ,CO,ADDIT(IT),2010-11/2A,100,2010-05-28,2011-03-31,
500,1001,M00217,MAERSK INDIA PVT. LTD.,                  ,IN,CI,C1,X,CO,ADDIT(IT),2010-11/2A,100,2010-05-28,2011-03-31,
500,1001,M5711,MASINA HOSPITAL,27AAATM0786D1ZO,IN,JI,J3,X,OT,                ,0212JY988I,100,2012-04-12,2013-03-31,
500,1001,KD001,KOKILABEN DHIRUBHAI AMBANI HOSPITAL,27AAATM4557G1ZH,IN,JI,J3,X,OT,7192450,1AA0923DBA,100,2023-09-04,2024-03-31,
500,1001,LS002,LEPTON SOFTWARE EXPORT AN,                  ,IN,JI,J1,X,CO,34454861,1AA0725JNI,55,2025-07-02,2026-03-31,
500,1001,MAS1062,MAHINDRA LOGISTICS LTD.,03AAFCM2530H1ZY,IN,CP,C1, ,CO,31084341727,1AD0426EMH,60,2026-04-16,2027-03-31,
500,1001,MAS1062,MAHINDRA LOGISTICS LTD.,03AAFCM2530H1ZY,IN,CI,C1,X,CO,31084341727,1AD0426EMH,60,2026-04-16,2027-03-31,
500,1001,MAS1062,MAHINDRA LOGISTICS LTD.,03AAFCM2530H1ZY,IN,JI,J1,X,CO,2070249434,1AD0426EMJ,92,2026-04-16,2027-03-31,
500,1037,MAS1062,MAHINDRA LOGISTICS LTD.,03AAFCM2530H1ZY,IN,CI,C1,X,CO,                ,1AB0521OGL,50,2021-05-07,2022-03-31,
500,1001,M1478,matrix india entertainment,                  ,IN,JI,J1,X,CO,                ,0216FN664F,60,2016-09-29,2017-03-31,
500,1001,MA0010,MARKET EYES CONSULTANCY PVT LTD,                  ,IN,JI,J1,X,CO,                ,0214UM311B,97.6,2014-04-01,2015-03-31,
500,1001,MA0010,MARKET EYES CONSULTANCY PVT LTD,                  ,IN,JP,  ,X,CO,                ,0214UM311B,97.6,2014-04-01,2015-03-31,
500,1001,M00115,MINDCRAFT SOFTWARE PVT. L,29AADCM1893K1ZZ,IN,JI,J1,X,CO,DC/ACIT TDS 2(1),0212LK167J,94.9,2012-04-18,2013-03-31,
500,1001,M1505,MILLWARD BROWN MARKET RES,                  ,IN,JI,J1,X,CO,                ,0216EQ844C,40,2016-08-18,2017-03-31,
500,1001,MA3494A,MAHINDRA LOGISTICS LTD.,27AAFCM2530H1ZO,IN,CI,C1,X,CO,31084341727,1AD0426EMH,60,2026-04-16,2027-03-31,
500,1022,M0492,MANGALAM PARIVAHAN PVT LTD,                  ,IN,CP,  ,X,CO,                ,1AA0719ZGM,87.5,2019-07-19,2020-03-31,
500,1022,M0492,MANGALAM PARIVAHAN PVT LTD,                  ,IN,CI,C1,X,CO,                ,1AA0719ZGM,87.5,2019-07-19,2020-03-31,
500,1037,M01893B,MULLEN LINTAS PVT LTD,29AABCS1752P1ZV,IN,JI,J1,X,CO,                ,0217DF504F,40,2017-05-29,2018-03-31,
500,1001,LM004,LIVING MEDIA INDIA LTD.,09AAACL0087H2ZJ,IN,CI,C1,X,CO,24000000,1AC0525FUV,20,2025-05-09,2026-03-31,
500,1001,LM004,LIVING MEDIA INDIA LTD.,09AAACL0087H2ZJ,IN,CP,C1,X,CO,24000000,1AC0525FUV,20,2025-05-09,2026-03-31,
500,1079,LM004,LIVING MEDIA INDIA LTD.,09AAACL0087H2ZJ,IN,CI,C1,X,CO,1200000,1AD0326FEZ,50,2026-04-01,2027-03-31,
500,1001,KDS400092,KNOC DOOR SERVICES PVT. LTD.,27AAGCK2017C1Z1,IN,JI,  ,X,CO,49000000,1AA0422VMU,95,2022-04-12,2023-03-31,
500,1022,KTA0317201,PROBE INFORMATION SERVICE PVT LTD,29AADCP5722A1ZP,IN,JI,J1,X,CO,                ,1AB0819LFA,97.5,2019-09-24,2020-03-31,
500,1022,KTA0317201,PROBE INFORMATION SERVICE PVT LTD,29AADCP5722A1ZP,IN,JP,  ,X,CO,                ,1AB0819LFA,97.5,2019-09-24,2020-03-31,
500,1001,MAXPUB06,MAX PUBLICITY  COMMUNICATION PVT.LT,06AAHCM3403H1ZS,IN,CI,C1,X,CO,20000000,1AB0521OAW,75,2021-05-07,2022-03-31,
500,1001,MAXPUB06,MAX PUBLICITY  COMMUNICATION PVT.LT,06AAHCM3403H1ZS,IN,CP,C1,X,CO,20000000,1AB0521OAW,75,2021-05-07,2022-03-31,
500,9026,M144209707,POWER TOOLS DISTRIBUTION N.V.,                  ,BE,LI,L1,X,CO,IMPORT,IMPORT,100,2022-04-01,2023-03-31,
500,9026,M144200516,M\S BHARAT PETROLEUM CO. LTD,03AAACB2902M1Z3,IN,LI,L1,X,CO,TDS ON ADV,TDSONADVBOOKING,100,2022-04-01,2023-03-31,
500,9026,M144200169,AVL LIST GMBH,                  ,AT,LI,L1,X,CO,IMPORT,IMPORT,100,2022-04-01,2023-03-31,
500,9026,M144209958,THE AUTOMOTIVE RESEARCH ASSOCIATION,27AAATT1989P1ZL,IN,JI,J3,X,OT,1AC0625SVX,1AC0625SVX,100,2025-06-13,2026-03-31,
500,1022,M0091,M Y TRANSPORT CO PVT LTD,                  ,IN,CI,C1,X,CO,                ,1AA1019CUC,75,2019-10-25,2020-03-31,
500,1022,M0091,M Y TRANSPORT CO PVT LTD,                  ,IN,CP,  ,X,CO,                ,1AA1019CUC,75,2019-10-25,2020-03-31,
500,1001,M165,MCKINSEY AND COMPANY  INC,27AAACM8361R1ZR,IN,JI,J1,X,CO,773545159,1AB0725LFF,62.7,2025-07-16,2026-03-31,
500,1024,M1444,MSC AGENCY (INDIA),27AACCM7663A2ZK,IN,CI,C1,X,CO,AACCM7663A,MUM/ACIT(TDS)2-,100,2010-04-27,2011-03-31,
500,1024,M1444,MSC AGENCY (INDIA),27AACCM7663A2ZK,IN,CP,  ,X,CO,AACCM7663A,MUM/ACIT(TDS)2-,100,2010-04-27,2011-03-31,
500,1001,MAS1053,Mahindra Business & Consulting,                  ,IN,JP,  ,X,CO,DC ACIT 2(1),021RY4901,94.8,2013-06-13,2014-03-31,
500,1001,MAS1053,Mahindra Business & Consulting,                  ,IN,JI,J1,X,CO,DC ACIT 2(1),021RY4901,94.8,2013-06-13,2014-03-31,
500,1001,MAS1023,MAHINDRA FIRST CHOICE SER LTD.,27AAFCM4835P1ZV,IN,CI,C1,X,CO,"RS. 40,00,000/-",1AD0421KLH,95,2021-04-29,2022-03-31,
500,1081,MAS1051,Mahindra First Choice Wheels Limite,27AACCM0794N1Z0,IN,JI,J5,X,CO,"40,00,000",4AG0426FWU4A063,50,2026-04-29,2027-03-31,
500,9018,MAS1051,Mahindra First Choice Wheels Limite,27AACCM0794N1Z0,IN,AI,A1,X,CO,                ,187/AACCM0794N,95,,,
500,1024,MAS1051,Mahindra First Choice Wheels Limite,27AACCM0794N1Z0,IN,AI,  ,X,CO,AACCM0794N,0213RX558D,99.9,2013-06-10,2014-03-31,
500,9018,MAS1051,Mahindra First Choice Wheels Limite,27AACCM0794N1Z0,IN,AP,A1,X,CO,                ,187/AACCM0794N,95,,,
500,1030,MAS1051,Mahindra First Choice Wheels Limite,27AACCM0794N1Z0,IN,AI,A1,X,CO,                ,187/AACCM0794N,95,2011-06-30,2012-03-31,
500,1030,MAS1051,Mahindra First Choice Wheels Limite,27AACCM0794N1Z0,IN,AP,A1,X,CO,                ,187/AACCM0794N,95,2011-06-30,2012-03-31,
500,1016,MAS1051,Mahindra First Choice Wheels Limite,27AACCM0794N1Z0,IN,AI,A1,X,CO,AACCM0794N,0212MA410B,83,2012-06-07,2013-03-31,
500,1016,MAS1051,Mahindra First Choice Wheels Limite,27AACCM0794N1Z0,IN,AP,A1,X,CO,AACCM0794N,0212MA410B,83,2012-06-07,2013-03-31,
500,1001,MAS1051,Mahindra First Choice Wheels Limite,27AACCM0794N1Z0,IN,HI,H1,X,CO,2224771,1AB0523XYA,90,2023-05-11,2024-03-31,
500,1018,MAS1051,Mahindra First Choice Wheels Limite,27AACCM0794N1Z0,IN,JI,J1,X,CO,AACCM0794N,4AG0426FWV4A182,90,2026-04-29,2027-03-31,
500,1001,MAS1022A,MAHINDRA LOGISTICS  LTD.,27AAFCM2530H1ZO,IN,RI,I1, ,CO,566423104,1AB0725BXW,92,2025-07-14,2026-03-31,
500,1001,MAS1022A,MAHINDRA LOGISTICS  LTD.,27AAFCM2530H1ZO,IN,CI,C1,X,CO,31084341727,1AD0426EMH,60,2026-04-16,2027-03-31,
500,1001,MAS1022A,MAHINDRA LOGISTICS  LTD.,27AAFCM2530H1ZO,IN,CP,C1, ,CO,31084341727,1AD0426EMH,60,2026-04-16,2027-03-31,
500,1001,MAS1022A,MAHINDRA LOGISTICS  LTD.,27AAFCM2530H1ZO,IN,JI,J1, ,CO,2070249434,1AD0426EMJ,92,2026-04-16,2027-03-31,
500,1001,MAS1022A,MAHINDRA LOGISTICS  LTD.,27AAFCM2530H1ZO,IN,JP,J1, ,CO,2070249434,1AD0426EMJ,92,2026-04-16,2027-03-31,
500,1081,MAS1022A,MAHINDRA LOGISTICS  LTD.,27AAFCM2530H1ZO,IN,CI,C1,X,CO,3423983036,1AD0426EMP,60,2026-04-16,2027-03-31,
500,1079,MAS1022A,MAHINDRA LOGISTICS  LTD.,27AAFCM2530H1ZO,IN,CI,C1,X,CO,1202274130,1AD0426EMO,60,2026-04-16,2027-03-31,
500,1036,LS957,SURAT GOODS TRANSPORT PVT LTD,                  ,IN,CI,C1,X,CO,                ,1NA0526DLG,55,2026-05-07,2027-03-31,
500,1001,M9018,MEC ELEC INDL. SERVICES P,27AAFCM3973Q1ZO,IN,JI,J1,X,CO,ITO TDS-1 THANE,0616BB912J,50,2016-05-13,2017-03-31,
500,1022,KTA0240501,COACHIEVE SOLUTIONS PVT LTD,29AADCC1301Q1ZM,IN,JP,  ,X,CO,                ,1AA0519DGM,90,2019-05-13,2020-03-31,
500,1022,KTA0240501,COACHIEVE SOLUTIONS PVT LTD,29AADCC1301Q1ZM,IN,JI,J1,X,CO,                ,1AA0519DGM,90,2019-05-13,2020-03-31,
500,1004,MAS1022B,MAHINDRA LOGISTICS LTD,27AAFCM2530H1ZO,IN,CI,C1,X,CO,                ,1AE0720JLV,20,2020-07-21,2021-03-31,
500,1001,MAS1022B,MAHINDRA LOGISTICS LTD,27AAFCM2530H1ZO,IN,CP,C1, ,CO,31084341727,1AD0426EMH,60,2026-04-16,2027-03-31,
500,1001,MAS1022B,MAHINDRA LOGISTICS LTD,27AAFCM2530H1ZO,IN,CI,C1,X,CO,31084341727,1AD0426EMH,60,2026-04-16,2027-03-31,
500,1001,MAS1022B,MAHINDRA LOGISTICS LTD,27AAFCM2530H1ZO,IN,II,I1,X,CO,866946434,1AD0426EMI,92,2026-04-16,2027-03-31,
500,1001,MAS1022B,MAHINDRA LOGISTICS LTD,27AAFCM2530H1ZO,IN,JI,J1,X,CO,2070249434,1AD0426EMJ,92,2026-04-16,2027-03-31,
500,1001,MAS1036,BRISTLECONE INDIA PRIVATE LIMITED,27AAACM5186E1ZH,IN,JP,  , ,CO,197-2013-14/4,AAACM5186E/13-4,71.6,2013-08-28,2014-03-31,
500,1019,MAS1036,BRISTLECONE INDIA PRIVATE LIMITED,27AAACM5186E1ZH,IN,JI,J1,X,CO,                ,0213TB065G,71.6,2013-08-28,2014-03-31,
500,1024,MAS1036,BRISTLECONE INDIA PRIVATE LIMITED,27AAACM5186E1ZH,IN,JI,J1,X,CO,AAACM5186E,0212NI32E,68.5,2012-09-17,2013-03-31,
500,1024,MAS1036,BRISTLECONE INDIA PRIVATE LIMITED,27AAACM5186E1ZH,IN,JP,  ,X,CO,AAACM5186E,0212NI32E,68.5,2012-09-17,2013-03-31,
500,1022,KTA0181301,GEEKAY SECURITY SERVICES PVT LTD,29AACCG1282D1ZU,IN,CI,C1,X,CO,                ,1AA0120MSG,50,2020-03-13,2020-03-31,
500,1022,KTA0181301,GEEKAY SECURITY SERVICES PVT LTD,29AACCG1282D1ZU,IN,CP,  ,X,CO,                ,1AA0120MSG,50,2020-03-13,2020-03-31,
500,1001,MAS1022C,MAHINDRA LOGISTICS LTD,05AAFCM2530H1ZU,IN,CP,C1, ,CO,31084341727,1AD0426EMH,60,2026-04-16,2027-03-31,
500,1001,MAS1022C,MAHINDRA LOGISTICS LTD,05AAFCM2530H1ZU,IN,CI,C1,X,CO,31084341727,1AD0426EMH,60,2026-04-16,2027-03-31,
500,1001,MAS1022C,MAHINDRA LOGISTICS LTD,05AAFCM2530H1ZU,IN,8I,IA,X,CO,866946434,1AD0426EMI,92,2026-04-16,2027-03-31,
500,1001,MAS1022C,MAHINDRA LOGISTICS LTD,05AAFCM2530H1ZU,IN,JI,J1,X,CO,2070249434,1AD0426EMJ,92,2026-04-16,2027-03-31,
500,1001,MB0006,BOMBAY INTELLIGENCE SECURITY (I)LTD,27AABCB5803G1ZZ,IN,CP,C1, ,CO,4437728,1AA0924ZHB,10,2024-09-24,2025-03-31,
500,1001,MB0006,BOMBAY INTELLIGENCE SECURITY (I)LTD,27AABCB5803G1ZZ,IN,CI,C1,X,CO,4437728,1AA0924ZHB,10,2024-09-24,2025-03-31,
500,1036,LR1035,RELIANCE JIOINFOCOMM LTD,24AABCI6363G1ZP,IN,JI,J1,X,CO,                ,1AB0426OHA,99,2026-04-01,2027-03-31,
500,1001,MAXPUB27,MAX PUBLICITY & COMMUNICATION PVT.L,27AAHCM3403H1ZO,IN,CP,C1,X,CO,20000000,1AB0521OAW,75,2021-05-07,2022-03-31,
500,1001,MAXPUB27,MAX PUBLICITY & COMMUNICATION PVT.L,27AAHCM3403H1ZO,IN,CI,C1,X,CO,20000000,1AB0521OAW,75,2021-05-07,2022-03-31,
500,1024,MAS1022,MAHINDRA LOGISTICS LTD,27AAFCM2530H1ZO,IN,II,  , ,CO,RS 3850000,0218AS531C,75,2018-05-04,2019-03-31,
500,1024,MAS1022,MAHINDRA LOGISTICS LTD,27AAFCM2530H1ZO,IN,JI,  , ,CO,RS 213586,0218AS596F,75,2018-05-04,2019-03-31,
500,1027,MAS1022,MAHINDRA LOGISTICS LTD,27AAFCM2530H1ZO,IN,CI,C1,X,CO,                ,1AB0725BVX,60,2025-07-14,2026-03-31,
500,1081,MAS1022,MAHINDRA LOGISTICS LTD,27AAFCM2530H1ZO,IN,CI,C1,X,CO,3423983036,1AD0426EMP,60,2026-04-16,2027-03-31,
500,1037,MAS1022,MAHINDRA LOGISTICS LTD,27AAFCM2530H1ZO,IN,CI,C1,X,CO,                ,1AB0521OGL,50,2021-05-07,2021-05-07,
500,1024,MAS1022,MAHINDRA LOGISTICS LTD,27AAFCM2530H1ZO,IN,CI,C1,X,CO,RS 18766317,0218AS815J,48,2018-05-04,2019-03-31,
500,1004,MAS1022,MAHINDRA LOGISTICS LTD,27AAFCM2530H1ZO,IN,CI,C1,X,CO,                ,1AE0720JLV,20,2020-07-21,2021-03-31,
500,1002,MAS1022,MAHINDRA LOGISTICS LTD,27AAFCM2530H1ZO,IN,CI,C1,X,CO,                ,0210DB988E,0.25,2010-05-31,2011-03-31,
500,1019,MAS1022,MAHINDRA LOGISTICS LTD,27AAFCM2530H1ZO,IN,CI,C1,X,CO,"80,871,074",1AA0519DYB,32.5,2019-04-30,2020-03-31,
500,1020,MAS1022,MAHINDRA LOGISTICS LTD,27AAFCM2530H1ZO,IN,CI,C1,X,CO,                ,1AE0523SVX,62.5,2023-05-16,2024-03-31,
500,1005,MAS1022,MAHINDRA LOGISTICS LTD,27AAFCM2530H1ZO,IN,CI,C1, ,CO,CO,1AA0519DXY,32.5,2019-04-30,2020-03-31,
500,1001,MAS1022,MAHINDRA LOGISTICS LTD,27AAFCM2530H1ZO,IN,CP,C1, ,CO,31084341727,1AD0426EMH,60,2026-04-16,2027-03-31,
500,1001,MAS1022,MAHINDRA LOGISTICS LTD,27AAFCM2530H1ZO,IN,CI,C1,X,CO,31084341727,1AD0426EMH,60,2026-04-16,2027-03-31,
500,1001,MAS1022,MAHINDRA LOGISTICS LTD,27AAFCM2530H1ZO,IN,II,I1, ,CO,866946434,1AD0426EMI,92,2026-04-16,2027-03-31,
500,1001,MAS1022,MAHINDRA LOGISTICS LTD,27AAFCM2530H1ZO,IN,JI,J1,X,CO,2070249434,1AD0426EMJ,92,2026-04-16,2027-03-31,
500,1001,MAS1022,MAHINDRA LOGISTICS LTD,27AAFCM2530H1ZO,IN,JP,J1, ,CO,2070249434,1AD0426EMJ,92,2026-04-16,2027-03-31,
500,1027,MAS1022,MAHINDRA LOGISTICS LTD,27AAFCM2530H1ZO,IN,II,I1,X,CO,                ,1AD0426EKQ,92,2026-04-16,2027-03-31,
500,1084,MAS1022,MAHINDRA LOGISTICS LTD,27AAFCM2530H1ZO,IN,II,I1,X,CO,                ,1AC0724WDD,93.5,2024-07-16,2025-03-31,
500,1079,MAS1022,MAHINDRA LOGISTICS LTD,27AAFCM2530H1ZO,IN,CI,C1,X,CO,1202274130,1AD0426EMO,60,2026-04-16,2027-03-31,
500,1084,MAS1022,MAHINDRA LOGISTICS LTD,27AAFCM2530H1ZO,IN,CI,C1,X,CO,                ,1AC0724WDC,67.5,2024-07-16,2025-03-31,
500,1001,MA0149,ADITYA BIRLA MEMORIAL HOSPITAL,                  ,IN,JP,J1,X,CO,24390000,1AF0622DPV,99,2022-06-28,2023-03-31,
500,1001,MA0149,ADITYA BIRLA MEMORIAL HOSPITAL,                  ,IN,JI,J1,X,CO,24390000,1AF0622DPV,99,2022-06-28,2023-03-31,
500,1001,KGISLTN15,KGISL TECHNOLOGIES PVT LTD,33AAICK9819Q1ZP,IN,JI,J1,X,CO,882555,1AA0724OUI,60,2024-07-04,2025-03-31,
500,1001,MAS1154,MLL EXPRESS SERVICES PRIVATE LIMITE,27AACCV3947L1ZU,IN,CI,C1,X,CO,1800000000,1AD0526PNP,87.5,2026-05-25,2027-03-31,
500,1001,MAS9905GJ,MAHINDRA INTEGRATED BUSINESS SOLUTI,24AAGCM9780N1ZQ,IN,CI,C1,X,CO,1433439613,1AD0725FHJ,62.5,2025-07-31,2026-03-31,
500,1067,MAS9905GJ,MAHINDRA INTEGRATED BUSINESS SOLUTI,24AAGCM9780N1ZQ,IN,CI,C1,X,CO,                ,1AD0725FIU,62.5,2025-07-31,2026-03-31,
500,1070,MAS9905GJ,MAHINDRA INTEGRATED BUSINESS SOLUTI,24AAGCM9780N1ZQ,IN,CI,C1,X,CO,                ,1AD0725FIZ,62.5,2025-07-31,2026-03-31,
500,1001,MAS9905TN,MAHINDRA INTEGRATED BUSINESS SOLUTI,33AAGCM9780N1ZR,IN,CI,C1,X,CO,1433439613,1AD0725FHJ,62.5,2025-07-31,2026-03-31,
500,1001,MAS9905TN,MAHINDRA INTEGRATED BUSINESS SOLUTI,33AAGCM9780N1ZR,IN,CP,C1,X,CO,1433439613,1AD0725FHJ,62.5,2025-07-31,2026-03-31,
500,1001,MAS9905TN,MAHINDRA INTEGRATED BUSINESS SOLUTI,33AAGCM9780N1ZR,IN,JI,J1,X,CO,1222281345,1AD0725FHI,70,2025-07-31,2026-03-31,
500,1001,MAS9905PB,MAHINDRA INTEGRATED BUSINESS SOLUTI,03AAGCM9780N1ZU,IN,CI,C1,X,CO,1433439613,1AD0725FHJ,62.5,2025-07-31,2026-03-31,
500,1001,MAS9905PB,MAHINDRA INTEGRATED BUSINESS SOLUTI,03AAGCM9780N1ZU,IN,JI,J1,X,CO,1222281345,1AD0725FHI,70,2025-07-31,2026-03-31,
500,1070,MAS9905PB,MAHINDRA INTEGRATED BUSINESS SOLUTI,03AAGCM9780N1ZU,IN,CI,C1,X,CO,                ,1AD0725FIZ,62.5,2025-07-31,2026-03-31,
500,1001,MAS9905AS,MAHINDRA INTEGRATED BUSINESS SOLUTI,18AAGCM9780N1ZJ,IN,CI,C1,X,CO,1433439613,1AD0725FHJ,62.5,2025-07-31,2026-03-31,
500,1001,MAS9905AS,MAHINDRA INTEGRATED BUSINESS SOLUTI,18AAGCM9780N1ZJ,IN,JI,J1,X,CO,1222281345,1AD0725FHI,70,2025-07-31,2026-03-31,
500,1067,MAS9905AS,MAHINDRA INTEGRATED BUSINESS SOLUTI,18AAGCM9780N1ZJ,IN,CI,C1,X,CO,                ,1AD0725FIU,62.5,2025-07-31,2026-03-31,
500,1001,G010751,GSP POWER SYSTEM PVT. LTD.,06AACCG0581H1ZU,IN,CI,C1,X,CO,1400000000,1AB0526FTL,50,2026-05-11,2027-03-31,
500,1001,FSS2085I,S.TANDON & ASSOCIATES,04AASFS7956F1ZN,IN,JI,J3,X,OT,                ,2017AB019F,65,2017-05-30,2018-03-31,
500,1009,FSS2085I,S.TANDON & ASSOCIATES,04AASFS7956F1ZN,IN,JI,J3,X,OT,                ,2011AE508E 1918,6.5,2012-03-01,2012-03-31,
500,1001,FSA2118I,APOLLO HEALTH AND LIFESTYLE,36AADCA0733E1Z8,IN,JI,J1,X,CO,10279707,1AG0523IOD,99,2023-05-19,2024-03-31,
500,1001,G00378,GI STAFFING SERVICES PVT.LTD.,                  ,IN,CI,C1,X,CO,21240000.00,1AH0519FKC,33.33,2020-04-01,2020-06-30,
500,1001,G010931,GSP POWER SYSTEMS PVT LTD,07AACCG0581H1ZS,IN,CI,C1,X,CO,1400000000,1AB0526FTL,50,2026-05-11,2027-03-31,
500,1001,G335,GLOBAL HOSPITAL & RESEARCH,                  ,IN,JI,J3,X,OT,500000,1AB0823CTM,100,2023-08-16,2024-03-31,
500,1001,G152,GREENLAND TELECOM SERVICES PRIVATE,07AAGCG3205J1ZS,IN,CI,C1,X,CO,                ,0118CU601H,62.5,2019-01-25,2019-03-31,
500,1022,G00019,GLOBE ECOLOGISTICS PVT.LTD.,                  ,IN,7P,  ,X,CO,                ,1AB0619WVR,60,2019-07-03,2020-03-31,
500,1022,G00019,GLOBE ECOLOGISTICS PVT.LTD.,                  ,IN,CI,C1,X,CO,                ,1AB0619WVQ,60,2019-07-03,2020-03-31,
500,1022,G00019,GLOBE ECOLOGISTICS PVT.LTD.,                  ,IN,CP,  ,X,CO,                ,1AB0619WVQ,60,2019-07-03,2020-03-31,
500,1022,G00019,GLOBE ECOLOGISTICS PVT.LTD.,                  ,IN,7I,IA,X,CO,                ,1AB0619WVR,60,2019-07-03,2020-03-31,
500,1001,G6599T,GI Staffing Services Pvt Ltd,27AADCG3694A1ZR,IN,CI,C1,X,CO,                ,1AH0519FKC,33.33,2020-04-01,2020-06-30,
500,1001,FSM2101G,MIS OUTSOURCING PVT LTD,                  ,IN,JI,J1,X,CO,                ,11,90,2011-08-29,2012-03-31,
500,1001,G1ZN1495,BHARTI AIRTEL LIMITED,27AAACB2894G1ZN,IN,CI,C1,X,CO,681819,1AC0325HPR,90,2025-04-01,2026-03-31,
500,1001,G1ZN1495,BHARTI AIRTEL LIMITED,27AAACB2894G1ZN,IN,CP,C1,X,CO,681819,1AC0325HPR,90,2025-04-01,2026-03-31,
500,9018,G8007,GRANT MEDICAL FOUNDATION,27AAATP1145P1Z9,IN,JI,J3, ,OT,                ,0617AQ932E,100,2017-05-03,2018-03-31,
500,9018,G8007,GRANT MEDICAL FOUNDATION,27AAATP1145P1Z9,IN,JP,J3, ,OT,                ,0617AQ932E,100,2017-05-03,2018-03-31,
500,1030,G8007,GRANT MEDICAL FOUNDATION,27AAATP1145P1Z9,IN,JI,J3,X,OT,                ,0611BF290G/8.7,80,2011-08-05,2012-03-31,
500,1030,G8007,GRANT MEDICAL FOUNDATION,27AAATP1145P1Z9,IN,JP,J3,X,OT,                ,0611BF290G/8.7,80,2011-08-05,2012-03-31,
500,1001,FSD2087D,DHL EXPRESS (INDIA) PVT.,27AABCD3611Q1ZI,IN,CP,C1, ,CO,194(C),0212OC9411,99.5,2012-12-07,2013-03-31,
500,1001,FSD2087D,DHL EXPRESS (INDIA) PVT.,27AABCD3611Q1ZI,IN,CI,C1,X,CO,194(C),1AC0425LYY,32.5,2025-04-09,2026-03-31,
500,1001,FS003,FREIGHT SYSTEMS (INDIA) PVT. LTD.,27AAACF0677K2ZG,IN,CI,C1,X,CO,4100000,1AD0526MBZ,50,2026-05-21,2027-03-31,
500,1081,FS003,FREIGHT SYSTEMS (INDIA) PVT. LTD.,27AAACF0677K2ZG,IN,CI,C1,X,CO,800000,1AD0526MCS,50,2026-05-21,2026-09-30,
500,1001,G0188,GI STAFFING SERVICES,09AADCG3694A1ZP,IN,CI,C1,X,  ,21240000.00,1AH0519FKC,33.33,2020-04-01,2020-06-30,
500,1001,G0188,GI STAFFING SERVICES,09AADCG3694A1ZP,IN,JI,J1,X,  ,                ,0117AO721O,80,2018-05-04,2019-03-31,
500,1070,G6599,GI STAFFING SERVICES PVT,09AADCG3694A1ZP,IN,CI,C1,X,CO,AADCG3694A,1AB0326FAV,85,2026-04-01,2027-03-31,
500,1070,G6599,GI STAFFING SERVICES PVT,09AADCG3694A1ZP,IN,JP,J1, ,CO,AADCG3694A,AB0323FFG,98,2023-04-01,2024-03-31,
500,1049,G6599,GI STAFFING SERVICES PVT,09AADCG3694A1ZP,IN,JI,J1, ,CO,194J PROFESSION,1AB0425AJJ,97.5,2025-04-01,2026-03-31,
500,1049,G6599,GI STAFFING SERVICES PVT,09AADCG3694A1ZP,IN,CI,C1,X,CO,194C CONTRACTS,1AB0326FAQ,85,2026-04-01,2027-03-31,
500,1024,G6599,GI STAFFING SERVICES PVT,09AADCG3694A1ZP,IN,CI,C1,X,CO,AADCG3694A,0117AP386E,75,2017-04-10,2018-03-31,
500,1070,G6599,GI STAFFING SERVICES PVT,09AADCG3694A1ZP,IN,JI,J1, ,CO,AADCG3694A,1AB0326FAV,97,2026-04-01,2027-03-31,
500,1001,G6599,GI STAFFING SERVICES PVT,09AADCG3694A1ZP,IN,CI,C1,X,CO,7080000,1AB0326EZL,85,2026-04-01,2027-03-31,
500,1001,FN0116,NASIK ENGINERRING CLUSTER,27AACCN6264C1ZL,IN,JI,J1,X,CO,150000,1AC0624XOK,100,2024-06-12,2025-03-31,
500,1001,FP0066,PEREGRINE GUARDING PVT. LTD.,05AADCP2498P1ZT,IN,II,I1,X,CO,61333,1AJ0523NRY,90,2023-05-25,2024-03-31,
500,1001,FP0066,PEREGRINE GUARDING PVT. LTD.,05AADCP2498P1ZT,IN,CI,C1,X,CO,2979972,1AE0524DUH,85,2024-05-11,2025-03-31,
500,1001,GATIHYD01,GATI KINTETSU EXPRESS PVT. LTD.,36AADCG2096A1ZY,IN,CI,C1,X,CO,100000000,1AG0525ISM,95,2025-05-29,2026-03-31,
500,1001,GATIHYD01,GATI KINTETSU EXPRESS PVT. LTD.,36AADCG2096A1ZY,IN,CP,C1, ,CO,100000000,1AG0525ISM,95,2025-05-29,2026-03-31,
500,1003,UODYL0101,ODYSSEY LOGISTICS PVT LTD.,                  ,IN,CI,C1,X,CO,                ,0210BQ075A,50,2010-04-01,2011-03-31,
500,1003,UPOOS0201,POONA SECU & CONSU SER P L,                  ,IN,CP,  , ,CO,                ,0612CC744D,37.5,2012-04-03,2013-03-31,
500,1003,UPOOS0201,POONA SECU & CONSU SER P L,                  ,IN,CI,C1,X,CO,                ,0612CC744D,37.5,2012-04-03,2013-03-31,
500,1024,V0555,Don Basco Vyawasaik Prashikshan Ken,27AAATD7356C1ZV,IN,II,I4,X,OT,AAATD7356C,0613DN480A,100,2013-08-28,2014-03-31,
500,1024,V0555,Don Basco Vyawasaik Prashikshan Ken,27AAATD7356C1ZV,IN,IP,  ,X,OT,AAATD7356C,0613DN480A,100,2013-08-28,2014-03-31,
500,1063,VNSK-03779,JAYSHREE ROADLINES,27AAEFJ7618K1Z0,IN,CI,C4,X,OT,                ,206C(9)AAEFJ7618K/2022-23,50,2022-06-29,2023-03-31,
500,1080,VNSK-04435,MAHINDRA INTEGRATED BUSINESS SOLU P,27AAGCM9780N1ZK,IN,JP,J1, ,CO,                ,1AD0725FHD,70,2025-07-31,2026-03-31,
500,1080,VNSK-04435,MAHINDRA INTEGRATED BUSINESS SOLU P,27AAGCM9780N1ZK,IN,JI,J1,X,CO,                ,1AD0725FHD,70,2025-07-31,2026-03-31,
500,1063,VNSK-04435,MAHINDRA INTEGRATED BUSINESS SOLU P,27AAGCM9780N1ZK,IN,CI,C1,X,CO,                ,1AD0725FIA,62.5,2025-07-31,2026-03-31,
500,1001,UDS002,UPDATER SERVICES PVT. LTD.,19AAACU6845J1ZV,IN,CI,C1,X,CO,AMT 2188510,1AC0422QQW,50,2022-04-25,2023-03-31,
500,9017,VQUESSUP1,QUESS CORP LIMITED,09AABCI7601M1ZD,IN,JI,J1,X,CO,                ,197(1)/AABCI7601M/2021-22,95,2021-04-01,2022-03-31,
500,1005,VGBRD0475,KAMAL LOGISTIC,24AAOFK8649K1ZM,IN,CI,C4,X,OT,                ,1,100,2020-04-01,2021-03-31,
500,1001,UPA0150001,CHECKMATE SERVICES PVT LTD,09AAACC8465A1ZT,IN,CI,C1,X,CO,81266120,1NC0626AOZ,75,2026-06-30,2027-03-31,
500,9023,VHO1900021,Vikhroli Corporate Park Pvt Ltd,27AADCV3413C1ZR,IN,II,I1,X,CO,                ,1AD0421DCV,10,2021-05-17,2022-03-31,
500,1022,UPA0048201,SVT LOGISTICS PVT LTD,09AAACU9384J1ZO,IN,CP,  ,X,CO,                ,1AD0519CON,55,2019-05-22,2020-03-31,
500,1022,UPA0048201,SVT LOGISTICS PVT LTD,09AAACU9384J1ZO,IN,CI,C1,X,CO,                ,1AD0519CON,55,2019-05-22,2020-03-31,
500,9033,VDARWINB1,DARWINBOX DIGITAL SOLUTIONS PVT LTD,36AAFCD5265L1ZB,IN,JI,J1,X,CO,                ,1AC0426OMB,99,2026-04-13,2027-03-31,
500,1001,VISU016,VODAFONE IDEA LTD,05AAACB2100P1Z3,IN,JI,J1,X,CO,4479275,1AF0521CYA,90,2021-05-25,2022-03-31,
500,1001,VISU016,VODAFONE IDEA LTD,05AAACB2100P1Z3,IN,CI,C1,X,CO,AMT 2334807,1AE0423UAO,75,2023-04-25,2024-03-31,
500,1001,VIMSO15,VODAFONE IDEA LTD,21AAACB2100P1Z9,IN,JI,J1,X,CO,4479275,1AF0521CYA,90,2021-05-25,2022-03-31,
500,1001,VIMSO15,VODAFONE IDEA LTD,21AAACB2100P1Z9,IN,CI,C1,X,CO,AMT 2334807,1AE0423UAO,75,2023-04-25,2024-03-31,
500,1001,VI03572,VODAFONE IDEA LTD,27AAACB2100P1ZX,IN,JI,J1,X,CO,4479275,1AF0521CYA,90,2021-05-25,2022-03-31,
500,1001,VI03572,VODAFONE IDEA LTD,27AAACB2100P1ZX,IN,CI,C1,X,CO,AMT 2334807,1AE0423UAO,75,2023-04-25,2024-03-31,
500,1001,VIMSM15,VODAFONE IDEA LTD,23AAACB2100P1Z5,IN,CI,C1,X,CO,AMT 2334807,1AE0423UAO,75,2023-04-25,2024-03-31,
500,1001,VIMSK15,VODAFONE IDEA LTD,29AAACB2100P1ZT,IN,JI,J1,X,CO,4479275,1AF0521CYA,90,2021-05-25,2022-03-31,
500,1001,VIMSK15,VODAFONE IDEA LTD,29AAACB2100P1ZT,IN,CI,C1,X,CO,AMT 2334807,1AE0423UAO,75,2023-04-25,2024-03-31,
500,1001,VIMSP15,VODAFONE IDEA LTD,03AAACB2100P1Z7,IN,CI,C1,X,CO,AMT 2334807,1AE0423UAO,75,2023-04-25,2024-03-31,
500,1001,VIWB015,VODAFONE IDEA LTD,19AAACB2100P1ZU,IN,CI,C1,X,CO,AMT 2334807,1AE0423UAO,75,2023-04-25,2024-03-31,
500,1001,VIMSL01,VODAFONE IDEA LTD,08AAACB2100P1ZX,IN,CI,C1,X,CO,AMT 2334807,1AE0423UAO,75,2023-04-25,2024-03-31,
500,1001,VIMSU15,VODAFONE IDEA LTD,09AAACB2100P3ZT,IN,JI,J1,X,CO,4479275,1AF0521CYA,90,2021-05-25,2022-03-31,
500,1001,VIMSU15,VODAFONE IDEA LTD,09AAACB2100P3ZT,IN,CI,C1,X,CO,AMT 2334807,1AE0423UAO,75,2023-04-25,2024-03-31,
500,1007,V100000082,Vigilante Services Pvt. Ltd,27AAACV2944F1ZE,IN,CI,C1,X,CO,                ,1AE0820CGB,53.33,2020-08-20,2021-03-31,
500,1007,V100000082,Vigilante Services Pvt. Ltd,27AAACV2944F1ZE,IN,CP,C1,X,CO,                ,1AE0820CGB,53.33,2020-08-20,2021-03-31,
500,1001,VI417A0,VODAFONE IDEA LTD,07AAACB2100P1ZZ,IN,CI,C1,X,CO,AMT 2334807,1AE0423UAO,75,2023-04-25,2024-03-31,
500,1022,UTA0018501,OKAY LOGISTICS PVT LTD,05AABCO5777E1ZF,IN,CP,  ,X,CO,                ,1AC0619NNB,62.5,2019-06-21,2020-03-31,
500,1022,UTA0018501,OKAY LOGISTICS PVT LTD,05AABCO5777E1ZF,IN,CI,C1,X,CO,                ,1AC0619NNB,62.5,2019-06-21,2020-03-31,
500,1001,VIMSA15,VODAFONE IDEA LTD,18AAACB2100P1ZW,IN,JI,J1,X,CO,4479275,1AF0521CYA,90,2021-05-25,2022-03-31,
500,1001,VIMSA15,VODAFONE IDEA LTD,18AAACB2100P1ZW,IN,CI,C1,X,CO,AMT 2334807,1AE0423UAO,75,2023-04-25,2024-03-31,
500,1001,VIMSG15,VODAFONE IDEA LTD,24AAACB2100P1Z3,IN,JI,J1,X,CO,4479275,1AF0521CYA,90,2021-05-25,2022-03-31,
500,1001,VIMSG15,VODAFONE IDEA LTD,24AAACB2100P1Z3,IN,CI,C1,X,CO,AMT 2334807,1AE0423UAO,75,2023-04-25,2024-03-31,
500,1001,VIMSB15,VODAFONE IDEA LTD,10AAACB2100P1ZC,IN,CI,C1,X,CO,AMT 2334807,1AE0423UAO,75,2023-04-25,2024-03-31,
500,1001,VIAP015,VODAFONE IDEA LTD,37AAACB2100P1ZW,IN,CI,C1,X,CO,AMT 2334807,1AE0423UAO,75,2023-04-25,2024-03-31,
500,1022,UTA0305301,CJ DARCL LOGISTICS LTD,05AAACD2086J1ZS,IN,CI,C1,X,CO,                ,1AA1019OWP,89,2019-10-21,2020-03-31,
500,1022,UTA0305301,CJ DARCL LOGISTICS LTD,05AAACD2086J1ZS,IN,CP,  ,X,CO,                ,1AA1019OWP,89,2019-10-21,2020-03-31,
500,9023,VANITECHN3,ANI Technologies Pvt.Ltd,29AAJCA1389G1ZF,IN,CI,C1,X,CO,                ,1AB0819OGP,95,2019-08-28,2020-03-31,
500,1001,VIV196A,VODAFONE IDEA LTD,33AAACB2100P1Z4,IN,CI,C1,X,CO,467804953,1AE0425XCA,87.5,2025-04-17,2026-03-31,
500,1001,VIV196A,VODAFONE IDEA LTD,33AAACB2100P1Z4,IN,II,I2,X,CO,377450446,1AE0425XCB,87.5,2025-04-17,2026-03-31,
500,1022,UTA0059901,OM LOGISTICS LTD,05AAACO4716C1ZZ,IN,CI,C1,X,CO,                ,1AA1219XVM,90,2020-01-01,2020-03-31,
500,1022,UTA0059901,OM LOGISTICS LTD,05AAACO4716C1ZZ,IN,CP,  ,X,CO,                ,1AA1219XVM,90,2020-01-01,2020-03-31,
500,1007,V100000090,KPM Design Services Pvt. Ltd.,27AADCK5605P1Z5,IN,JP,J1,X,CO,                ,1AA1119OMS,98,2021-04-30,2022-03-31,
500,1007,V100000090,KPM Design Services Pvt. Ltd.,27AADCK5605P1Z5,IN,JI,J1,X,CO,                ,1AA1119OMS,98,2021-04-30,2022-03-31,
500,1038,VIVAC01,VIVACONNECT PVT LTD,27AADCV0332Q1Z2,IN,JI,J1,X,CO,                ,1AF0525QZY,70,2025-05-23,2026-03-31,
500,1038,VIVAC01,VIVACONNECT PVT LTD,27AADCV0332Q1Z2,IN,JP,J1,X,CO,                ,1AF0525QZY,70,2025-05-23,2026-03-31,
500,9023,VHO1900127,DENTSU COMMUNICATIONS INDIA PVT. LT,27AABCC8936F1ZK,IN,CI,C1,X,CO,                ,197(1)_206C(9)/AABC8936F/,25,2019-07-22,2020-03-31,
500,1063,VHYD00337,COSMO CARRYING PRIVATE LIMITED,37AAACC8374N2Z2,IN,CI,C1,X,CO,                ,1AD0525KCX,82.5,2025-05-14,2026-03-31,
500,9017,VQUESSKN1,QUESS CORP LTD,29AABCI7601M1ZB,IN,JI,J1,X,CO,                ,197(1)/AABCI7601M/2021-22,95,2021-04-01,2022-03-31,
500,9017,VQUESSTN1,QUESS CORP LTD,33AABCI7601M1ZM,IN,JI,J1,X,CO,                ,197(1)/AABCI7601M/2021-22,95,2021-04-01,2022-03-31,
500,9017,VQUESSHY1,QUESS CORP LTD,06AABCI7601M1ZJ,IN,JI,J1,X,CO,                ,197(1)/AABCI7601M/2021-22,95,2021-04-01,2022-03-31,
500,9017,VQUESSGJ1,QUESS CORP LTD,24AABCI7601M1ZL,IN,JI,J1,X,CO,                ,197(1)/AABCI7601M/2021-22,95,2021-04-01,2022-03-31,
500,1058,VQUESSGJ1,QUESS CORP LTD,24AABCI7601M1ZL,IN,JI,J1,X,CO,                ,0418AC420E,98,2018-04-19,2019-03-31,
500,9017,VQUESSMP1,QUESS CORP LTD,23AABCI7601M1ZN,IN,JI,J1,X,CO,                ,197(1)/AABCI7601M/2021-22,95,2021-04-01,2022-03-31,
500,9017,VQUESSRJ1,QUESS CORP LTD,08AABCI7601M1ZF,IN,JI,J1,X,CO,                ,197(1)/AABCI7601M/2021-22,95,2021-04-01,2022-03-31,
500,9017,VQUESSTL1,QUESS CORP LTD,36AABCI7601M1ZG,IN,JI,J1,X,CO,                ,197(1)/AABCI7601M/2021-22,95,2021-04-01,2022-03-31,
500,1001,UL001,UNIWORLD LOGISTICS PVT,27AAACU5187H1Z2,IN,CI,C1,X,CO,4000000,1AG0525GXZ,95,2025-05-28,2026-03-31,
500,1001,UL001,UNIWORLD LOGISTICS PVT,27AAACU5187H1Z2,IN,CP,C1,X,CO,4000000,1AG0525GXZ,95,2025-05-28,2026-03-31,
500,1001,VLP015,VYOM LABS PVT LTD,27AABCV7581M1ZN,IN,JI,J1,X,CO,17000000,1AC0821CTR,80.6,2021-08-11,2022-03-31,
500,9017,VQUESSAP1,QUESS CORP LTD,37AABCI7601M1ZE,IN,JI,J1,X,CO,                ,197(1)/AABCI7601M/2021-22,95,2021-04-01,2022-03-31,
500,9027,VCDT0296,Talent Maximus India Pvt Ltd,33AACCT3076C1ZQ,IN,JI,J1,X,CO,                ,1AC0522LLO,80,2022-05-12,2023-03-31,
500,1006,VAISHNAV01,VAISHNAV TRANSPORT CO,24AEAPP0813J3ZS,IN,CI,C3,X,OT,LESS THAN10TRUCK,194C (6),100,2021-04-01,2022-03-31,
500,9025,CLPL0686,UPGRAD EDUCATION PRIVATE LIMITED,27AAECD4879M1ZZ,IN,CI,C1,X,CO,AAECD4879M,4AA0526NTF4A017,75,2026-05-06,2027-03-31,
500,1001,CLPL0489,CARTRADE TECH LIMITED,27AABCK6981G1Z9,IN,JI,J1,X,CO,8500000.00,1AC0625WET,90,2025-06-14,2026-03-31,
500,9025,CLPL0489,CARTRADE TECH LIMITED,27AABCK6981G1Z9,IN,CI,C1,X,CO,AABCK6981G,4AD0526VDW4A014,75,2026-05-27,2027-03-31,
500,1001,CS0085,STRATEGIC LEARNING SOLUTI,06AADCS9706K1Z1,IN,JI,J1,X,CO,70000000,1AD0426CLH,84,2026-04-15,2027-03-31,
500,1001,CS0085,STRATEGIC LEARNING SOLUTI,06AADCS9706K1Z1,IN,JP,J1, ,CO,70000000,1AD0426CLH,84,2026-04-15,2027-03-31,
500,1081,CS0085,STRATEGIC LEARNING SOLUTI,06AADCS9706K1Z1,IN,JI,J1,X,CO,17000000,1AD0426CLG,84,2026-04-15,2027-03-31,
500,1081,DCI00167AA,IDIADA AUTOMOTIVE TECHNOL,27AABCI8147E1ZL,IN,JP,J1,X,CO,4500000,1AC0625ULU,47,2025-06-13,2026-03-31,
500,1081,DCI00167AA,IDIADA AUTOMOTIVE TECHNOL,27AABCI8147E1ZL,IN,JI,J1,X,CO,4500000,1AC0625ULU,47,2025-06-13,2026-03-31,
500,1020,CO5115,ONWARD TECHNOLOGIES LTD.,                  ,IN,JI,J1,X,CO,                ,0215DD649A,41.7,2015-06-09,2016-03-31,
500,1001,CIS002,COGENCIS INFORMATION SERVICES LTD.,                  ,IN,JI,J1,X,CO,TDS CERCLE 1(1),0215DE762A,100,2015-06-09,2016-03-31,
500,1027,CO0153,OM LOGISTICS LTD.,27AAACO4716C1ZT,IN,CI,C1,X,CO,                ,1AG0426GUR,67.5,2026-04-29,2027-03-31,
500,1001,D00376,DVA ENGINEERING AND,27AADCD4230D1Z6,IN,JI,J1,X,CO,194J,0611BO928,75,2011-11-24,2012-03-31,
500,1001,CSEIPVMH15,CRAYON SOFTWARE EXPERTS INDIA PVT L,27AAFCC6808E1ZR,IN,JI,J1,X,CO,150000000,1AA0824WVQ,63.5,2024-08-14,2025-03-31,
500,1011,CORO2813,"COROMANDEL ENGINEERING CO. LTD.,",                  ,IN,CI,C1,X,CO,                ,0314FF509A,100,2014-04-01,2015-03-31,
500,1001,CP1469,PC TECHNOWLEDGE CENTER PV,27AACCP0100H1Z2,IN,JP,  , ,CO,450000,1AB0323IXB,75,2023-04-01,2024-03-31,
500,1001,CP1469,PC TECHNOWLEDGE CENTER PV,27AACCP0100H1Z2,IN,JI,J1,X,CO,450000,1AB0323IXB,75,2023-04-01,2024-03-31,
500,9017,CP1469,PC TECHNOWLEDGE CENTER PV,27AACCP0100H1Z2,IN,CI,C1,X,CO,                ,0212ME845E,61,2012-04-20,2013-03-31,
500,1001,DCL00067AA,LEPTON SOFTWARE EXPORT &,06AAACL6778R1ZN,IN,JI,J1,X,CO,34454861,1AA0725JNI,55,2025-07-02,2026-03-31,
500,9025,DCE00207AA,Ernst & Young LLP,27AAEFE1763C1ZS,IN,JI,J3,X,OT,AAEFE1763C,4NA0626AIE4A315,40,2026-06-25,2027-03-31,
500,9025,CLPL0613,APOLLO SUPPLY CHAIN PRIVATE LIMITED,19AALCA0748D1ZR,IN,JI,J1,X,CO,AALCA0748D,1AF0426DAF,75,2026-04-23,2027-03-31,
500,9025,CLPL0613,APOLLO SUPPLY CHAIN PRIVATE LIMITED,19AALCA0748D1ZR,IN,CI,C1,X,CO,AALCA0748D,1AF0426DAD,75,2026-04-23,2027-03-31,
500,9025,CLPL0613,APOLLO SUPPLY CHAIN PRIVATE LIMITED,19AALCA0748D1ZR,IN,II,I1,X,CO,AALCA0748D,1AF0426DAE,75,2026-04-23,2027-03-31,
500,1001,CHMAT105CH,CHECKMATE SERVICES PVT. LTD.,33AAACC8465A1Z2,IN,CI,C1,X,CO,81266120,1NC0626AOZ,75,2026-06-30,2027-03-31,
500,1001,DCS00642AA,STRATEGIC LEARNING SOLUTI,06AADCS9706K1Z1,IN,JP,J1, ,CO,70000000,1AD0426CLH,84,2026-04-15,2027-03-31,
500,1001,DCS00642AA,STRATEGIC LEARNING SOLUTI,06AADCS9706K1Z1,IN,JI,J1,X,CO,70000000,1AD0426CLH,84,2026-04-15,2027-03-31,
500,1081,DCS00642AA,STRATEGIC LEARNING SOLUTI,06AADCS9706K1Z1,IN,JI,J1,X,CO,17000000,1AD0426CLG,84,2026-04-15,2027-03-31,
500,1001,DCM00374AA,MEHRAB MOTORS PVT. LTD.,08AAECM2799M1ZR,IN,CI,C1,X,CO,12000000,1NA0526JMH,62.5,2026-05-14,2027-03-31,
500,9025,CLPL0655,ESTECH INDIA PRIVATE LIMI,27AADCE5018Q1ZA,IN,JI,J5,X,CO,AADCE5018Q,1NE0726NGI,50,2026-07-27,2027-03-31,
500,9025,CLPL0655,ESTECH INDIA PRIVATE LIMI,27AADCE5018Q1ZA,IN,JP,J5,X,CO,AADCE5018Q,1NE0726NGI,50,2026-07-27,2027-03-31,
500,9025,CLPL0615,APOLLO SUPPLY CHAIN PRIVATE LIMITED,33AALCA0748D1Z1,IN,II,I1,X,CO,AALCA0748D,1AF0426DAE,75,2026-04-23,2027-03-31,
500,9025,CLPL0615,APOLLO SUPPLY CHAIN PRIVATE LIMITED,33AALCA0748D1Z1,IN,CI,C1,X,CO,AALCA0748D,1AF0426DAD,75,2026-04-23,2027-03-31,
500,9025,CLPL0615,APOLLO SUPPLY CHAIN PRIVATE LIMITED,33AALCA0748D1Z1,IN,JI,J1,X,CO,AALCA0748D,1AF0426DAF,75,2026-04-23,2027-03-31,
500,1081,DCQ00013AA,QUALITYKIOSK TECHNOLOGIES,27AAACQ0609C1ZZ,IN,JI,J1,X,CO,3500000,1AD0426MDK,59.5,2026-04-17,2027-03-31,
500,1001,CIR811,RICARDO UK LTD.,                  ,GB,5I,5M,X,CO,                ,1AD0519GIU,78.28,2019-05-14,2020-03-31,
500,1001,DCD00384AA,DESIGNTECH SYSTEMS PRIVAT,27AABCD2335F1Z2,IN,JI,J1, ,CO,120097250,1NA0726SQB,66.5,2026-07-06,2027-03-31,
500,1001,DCB00900AA,BLACK BOX LIMITED,27AAACT3992M1ZR,IN,JI,J1, ,CO,                ,1AF0426XIU,80,2026-04-27,2027-03-31,
500,1038,CIIPL18,CNERGYIS INFOTECH INDIA P,27AAACF4961A1ZZ,IN,JP,J1, ,CO,                ,1AB0825JIW,60,2025-08-22,2026-03-31,
500,1038,CIIPL18,CNERGYIS INFOTECH INDIA P,27AAACF4961A1ZZ,IN,JI,J1,X,CO,                ,4AD0526ABG,60,2026-05-06,2027-03-31,
500,9017,CHECKMATE1,CHECKMATE SERVICES PVT LTD,32AAACC8465A1Z4,IN,CI,C1,X,CO,                ,0918AB928H,50,2018-08-28,2019-03-31,
500,1001,CP121,PCS TECHNOLOGY LTD,                  ,IN,JI,J1,X,CO,                ,0615FV369D,80,2015-04-15,2016-03-31,
500,1001,D647,DRSHTI STRATEGIC RESEARCH,27AAACD3062C1Z7,IN,JI,J1,X,CO,CIR 1 (1),0211HW013C,71.6,2011-08-04,2012-03-31,
500,1067,CM0794N,MAHINDRA FIRST CHOICE WHEELS LIMITE,24AACCM0794N1Z6,IN,CI,C1,X,CO,                ,4AG0426FWR4A005,50,2026-04-29,2027-03-31,
500,1001,D1234,Dassault Systemes India Pvt Ltd,29AACCD7672A8ZI,IN,JI,J1,X,CO,914462070,1NC0726NSM,87,2026-07-17,2027-03-31,
500,1001,D1234,Dassault Systemes India Pvt Ltd,29AACCD7672A8ZI,IN,JP,J1,X,CO,914462070,1NC0726NSM,87,2026-07-17,2027-03-31,
500,1081,D1234,Dassault Systemes India Pvt Ltd,29AACCD7672A8ZI,IN,JI,J1,X,CO,96739212,1NC0726NTN,87,2026-07-17,2027-03-31,
500,1079,D1234,Dassault Systemes India Pvt Ltd,29AACCD7672A8ZI,IN,JI,J1,X,CO,101918936,1AC0625EYK,56,2025-06-11,2026-03-31,
500,1044,D1234,Dassault Systemes India Pvt Ltd,29AACCD7672A8ZI,IN,JI,J1,X,CO,                ,1NC0726NWX,87,2026-07-17,2027-03-31,
500,1001,CLPL0614,APOLLO SUPPLY CHAIN PRIVATE LIMITED,23AALCA0748D1Z2,IN,CI,C1,X,CO,1300000.00,1AB0625RNU,75,2025-06-06,2026-03-31,
500,9025,CLPL0614,APOLLO SUPPLY CHAIN PRIVATE LIMITED,23AALCA0748D1Z2,IN,CI,C1,X,CO,AALCA0748D,1AF0426DAD,75,2026-04-23,2027-03-31,
500,9025,CLPL0614,APOLLO SUPPLY CHAIN PRIVATE LIMITED,23AALCA0748D1Z2,IN,JI,J1,X,CO,AALCA0748D,1AF0426DAF,75,2026-04-23,2027-03-31,
500,9025,CLPL0614,APOLLO SUPPLY CHAIN PRIVATE LIMITED,23AALCA0748D1Z2,IN,II,I1,X,CO,AALCA0748D,1AF0426DAE,75,2026-04-23,2027-03-31,
500,1001,CM00165,MAHINDRA LOGISTICS,27AAFCM2530H1ZO,IN,CP,C1,X,CO,31084341727,1AD0426EMH,60,2026-04-16,2027-03-31,
500,1001,CM00165,MAHINDRA LOGISTICS,27AAFCM2530H1ZO,IN,CI,C1,X,CO,31084341727,1AD0426EMH,60,2026-04-16,2027-03-31,
500,1036,CM00165,MAHINDRA LOGISTICS,27AAFCM2530H1ZO,IN,CI,C1,X,CO,                ,1AD0426EJO,60,2026-04-23,2027-03-31,
500,1036,CM00165,MAHINDRA LOGISTICS,27AAFCM2530H1ZO,IN,II,I1, ,CO,                ,1AD0426EJO,92,2026-04-23,2027-03-31,
500,1001,CMA35010,CMA CGM S A,27AABCC9048G1ZL,IN,CI,C1,X,CO,                ,2021-22/1032376362(1),100,2021-04-01,2022-03-31,
500,1001,CHHR139,HYATT REGENCY CHENNAI,33AADCR5418B2ZU,IN,CI,C1,X,CO,1100000,1AC0323MUQ,100,2023-04-01,2024-03-31,
500,1001,CS296,SIFY TECHNOLOGIES LTD,27AAACS9032R1ZR,IN,JI,J1,X,CO,3189842,1AD0625HQY,90,2025-06-17,2026-03-31,
500,1019,CIMG716,"GOI TECH IND. CO., LTD",                  ,KR,5I,57,X,CO,                ,DD DESAI CERT,0.45,2011-04-01,2012-03-31,
500,1081,DCM00398AB,MAHINDRA LOGISTICS LIMITED,27AAFCM2530H1ZO,IN,CI,C1,X,CO,3423983036,1AD0426EMP,60,2026-04-16,2027-03-31,
500,1019,SO001,ONICRA CREDIT RATING AGENCY,                  ,IN,JI,J1,X,CO,                ,476,75,2013-07-25,2014-03-31,
500,1022,SS0006,SECURITY & INTELLIGENCE SERVICES,                  ,IN,CI,C1,X,CO,                ,1AD0519MPE,99.5,2019-06-10,2020-03-31,
500,1022,SS0006,SECURITY & INTELLIGENCE SERVICES,                  ,IN,CP,  ,X,CO,                ,1AD0519MPE,99.5,2019-06-10,2020-03-31,
500,1001,SMGDX0122,GDX FACILITY AND MANAGEMENT SERVICE,09AACCG5199H1Z8,IN,CI,C1,X,CO,37167656,1NB0726GKX,95,2026-07-09,2027-03-31,
500,1001,SPSBVP0124,BUREAU VERITAS INDIA PRIVATE,23AABCB6767B1Z0,IN,JI,J1,X,CO,7500000,1NB0726UQA,30,2026-07-10,2027-03-31,
500,1001,SMDMCFS224,DMC FINISHING SCHOOL PRIVATE,27AAKCD4723A2ZY,IN,CI,C1,X,CO,953528000,1AD0526EYR,25,2026-05-19,2027-03-31,
500,1001,SMGDXS225,GDX Security Solutions India,05AACCG5199H1ZG,IN,CI,C1,X,CO,23396701,1AE0525JNK,95,2025-05-20,2026-03-31,
500,9025,SPTAL0125,TALENT HIRED-THE JOB STOR,06AAECT4240J1ZE,IN,JI,J1,X,CO,AAECT4240J,1AF0426WOJ,88,2026-04-27,2027-03-31,
500,1081,SPTAL0125,TALENT HIRED-THE JOB STOR,06AAECT4240J1ZE,IN,JI,J1,X,CO,13799000,1AF0426WOG,88,2026-04-27,2027-03-31,
500,1001,SRMIST105C,SRM IST,33AADTS3688K1Z0,IN,JI,J3,X,OT,10169,1AE0621QMR,100,2021-06-22,2022-03-31,
500,1001,SMS24,SMS INTEGRATED FACILITY SERVICES PR,24AAFCS4166H2ZB,IN,CI,C1,X,CO,502064,1AC0422PJA,65,2022-04-23,2023-03-31,
500,1084,SSG0000823,RUPA RENAISSANCE LTD,27AAHCR5542A1ZL,IN,8I,IA,X,CO,AAHCR5542A,1AB0423LYO,85,2023-04-11,2024-03-31,
500,1046,SSG0000823,RUPA RENAISSANCE LTD,27AAHCR5542A1ZL,IN,8I,IA,X,CO,AAHCR5542A,1AB0423LYO,85,2023-04-11,2024-03-31,
500,1027,SSG0000823,RUPA RENAISSANCE LTD,27AAHCR5542A1ZL,IN,8I,IA,X,CO,AAHCR5542A,1AC0425NVM,0.25,2025-04-09,2026-03-31,
500,1027,SSG0000879,INGRAM MICRO INDIA PRIVATE LIMITED,37AABCT1296R1ZM,IN,JI,J1,X,CO,AABCT1296R,1AC0325NNL,1.5,2025-04-01,2026-03-31,
500,1027,SSG0000879,INGRAM MICRO INDIA PRIVATE LIMITED,37AABCT1296R1ZM,IN,LI,L1,X,CO,AABCT1296R,1AC0325NNN,0.01,2025-04-01,2026-03-31,
500,1046,SSG0000681,INFLOW TECHNOLOGIES,33AAACW8310Q1Z1,IN,JI,J1,X,CO,                ,197,70,2017-04-28,2018-03-31,
500,1084,SSG0000681,INFLOW TECHNOLOGIES,33AAACW8310Q1Z1,IN,JI,J1,X,CO,                ,197,70,2017-04-28,2018-03-31,
500,1027,SSG0000681,INFLOW TECHNOLOGIES,33AAACW8310Q1Z1,IN,JI,J1,X,CO,                ,1AF0525SOG,1,2025-05-26,2026-03-31,
500,1027,SSG0000779,RELIANCE JIO INFOCOMM LIMITED,29AABCI6363G1ZF,IN,JI,J1,X,CO,                , 1AC0325YRU,0.1,2025-04-01,2026-03-31,
500,1027,SSG0000888, NOVAMESH LIMITED,27AAJCN4387R1ZF,IN,JI,J1,X,CO,                ,1AD0426XZS,1.5,2026-04-20,2027-03-31,
500,1001,SOTC001,SOTC TRAVEL LTD.,27AAGCS6725D1ZC,IN,CI,C1,X,CO,100000000,1AA1223PST,75,2023-12-20,2024-03-31,
500,1001,SOFTE105CH,SODEXO INDIA SERVICES PRIVATE LIMIT,33AAACR2547Q1Z3,IN,CI,C1,X,CO,18180580,1AB0523OHJ,47.5,2023-05-10,2024-03-31,
500,1001,SMTLEF0121,TEAMLEASE EDUCATION FOUNDATION,29AADCT8958N1ZA,IN,CI,C1,X,CO,31377000,1AE0625OEU,75,2025-06-24,2026-03-31,
500,1001,SMDTS0222,DUSTERS TOTAL SOLUTIONS SERVICES PR,06AACCD5989Q1ZS,IN,CI,C1,X,CO,14098064,1AA0823FYS,62.5,2023-08-02,2024-03-31,
500,1001,SPSIBT0123,INFRABEAT TECHNOLOGIES PR,27AADCI2231B1Z8,IN,JI,J1,X,CO,6000000,1AH0425EJC,81,2025-04-29,2026-03-31,
500,1001,SOBIS0125,BOMBAY INTEGRATED SECURITY INDIA,08AABCB5803G1ZZ,IN,CI,C1,X,CO,8335661,1AA0924ZGQ,5,2024-09-24,2025-03-31,
500,1001,SMHQIP0122,HealthQuarters India Private Limite,27AACCH2341C2Z4,IN,JI,J1,X,CO,2231986,1NA0626THP,90,2026-06-12,2027-03-31,
500,1081,SMHQIP0122,HealthQuarters India Private Limite,27AACCH2341C2Z4,IN,JI,J1,X,CO,2183531,1NA0626THQ,90,2026-06-12,2027-03-31,
500,1079,SPSHAR2401,HARITA TECHSERV PRIVATE LIMITED,33AAACH2489K1ZG,IN,JI,J1,X,CO,20800000,1AD0526GQE,85,2026-05-20,2027-03-31,
500,1001,SOSVC10CH,SODEXO SVC INDIA PRIVATE,27AALCS9822Q1ZC,IN,CP,C1,X,CO,20895111,1AC0426YUV,87.5,2026-04-15,2027-03-31,
500,1001,SOSVC10CH,SODEXO SVC INDIA PRIVATE,27AALCS9822Q1ZC,IN,CI,C1,X,CO,20895111,1AC0426YUV,87.5,2026-04-15,2027-03-31,
500,1001,SRM105CH,SRM MEDICAL COLLEGE,33AADTS3688K1Z0,IN,JI,J1,X,CO,10169,1AE0621QMR,100,2021-06-22,2022-03-31,
500,1046,SSG0000404,INFLOW TECHNOLOGIES PVT LTD,                  ,IN,JI,J1,X,CO,                ,0417AF805D,70,2017-04-20,2018-03-31,
500,1044,KARAIN001,RANDSTAD INDIA PRIVATE LIMITED,29AABCM4781A1ZL,IN,CI,C1,X,CO,                ,1AD0526BQL,50,2026-05-19,2027-03-31,
500,1001,JLHL001,JUPITER LIFELINE HOSPITALS LIMITED,27AABCJ1982E1ZN,IN,JI,J1,X,CO,2239804,1AA1023JRN,35,2023-10-11,2024-03-31,
500,1001,INPK037MT,A.T. KEARNEY CONSULTING (INDIA) PRI,27AATCA4674L1ZW,IN,JP,J5,X,CO,158111169,1AD0522PGR,25,2022-05-17,2023-03-31,
500,1001,INPK037MT,A.T. KEARNEY CONSULTING (INDIA) PRI,27AATCA4674L1ZW,IN,JI,J5,X,CO,158111169,1AD0522PGR,25,2022-05-17,2023-03-31,
500,1001,ILL02,IVC LOGISTICS LIMITED,06AAACI0755K2ZM,IN,CI,C1,X,CO,10000000,1AG0523KJJ,60,2023-05-19,2024-03-31,
500,1001,IATPL3897,IDIADA AUTOMOTIVE TECHNOL,06AABCI8147E2ZO,IN,JI,J1,X,CO,22500000,1AC0625ULT,47,2025-06-13,2026-03-31,
500,1001,IES100,INTELIZIGN ENGINEERING SE,33AABCI6225K1ZO,IN,JI,J1,X,CO,                ,1AA0819GXS,20,2019-08-05,2020-06-30,
500,1001,ILS250322,Intelizign Lifecycle Services Priva,33AAGCI2284M1ZC,IN,JI,J1,X,CO,64860552,1AB0526ELZ,65,2026-05-11,2027-03-31,
500,1044,ILS250322,Intelizign Lifecycle Services Priva,33AAGCI2284M1ZC,IN,JI,J1,X,CO,                ,1AB0526EMA,65,2026-05-11,2027-03-31,
500,1081,ILS250322,Intelizign Lifecycle Services Priva,33AAGCI2284M1ZC,IN,JP,J1,X,CO,4274160,1AB0526EMB,65,2026-05-11,2027-03-31,
500,1081,ILS250322,Intelizign Lifecycle Services Priva,33AAGCI2284M1ZC,IN,JI,J1,X,CO,4274160,1AB0526EMB,65,2026-05-11,2027-03-31,
500,1001,JMBH01,J M BAXI HEAVY PRIVATE LIMITED,27AAHCB1624K1ZP,IN,CI,C1,X,CO,5000000,1AD0724BLQ,90,2024-07-18,2025-03-31,
500,1001,JMPL01,JUBILANT MOTORWORKS PRIVATE LIMITED,27AACCJ1534B1Z4,IN,CP,C1,X,CO,                ,1NE0726VFD,75,2026-07-28,2027-03-31,
500,1001,JMPL01,JUBILANT MOTORWORKS PRIVATE LIMITED,27AACCJ1534B1Z4,IN,CI,C1,X,CO,                ,1NE0726VFD,75,2026-07-28,2027-03-31,
500,1044,KACSET01,CADMAXX SOLUTIONS EDUCATION TRUST,29AABTC0127F1Z6,IN,CI,C4,X,OT,                ,1AC0326CQO,100,2026-04-01,2027-03-31,
500,1044,KACSET01,CADMAXX SOLUTIONS EDUCATION TRUST,29AABTC0127F1Z6,IN,CP,C4,X,OT,                ,1AC0326CQO,100,2026-04-01,2027-03-31,
500,1006,KAN01,KANEN LOGISTICS SERVICES PRIVATE LT,23AAHCK1962F1ZQ,IN,CI,C1,X,CO,                ,4AD0326IGO,50,2026-04-10,2027-03-31,
500,1001,J011261,Jubilant MotorWorks Private Limited,33AACCJ1534B3Z9,IN,LI,L1,X,CO,                ,1NE0726VFG,80,2026-07-28,2027-03-31,
500,1001,J011261,Jubilant MotorWorks Private Limited,33AACCJ1534B3Z9,IN,MI,M1,X,CO,                ,1NE0726VFN,95,2026-07-28,2027-03-31,
500,1001,J011261,Jubilant MotorWorks Private Limited,33AACCJ1534B3Z9,IN,CI,C1,X,CO,                ,1NE0726VFD,75,2026-07-28,2027-03-31,
500,9017,KALOLWB01,Kalolwala & Associates Private Limi,19AAGCK0968C1ZI,IN,JI,J1,X,CO,                ,1AD0525OXK,43,2025-05-14,2026-03-31,
500,1044,KASISL01,SIS LIMITED,29AAECS3538A1ZJ,IN,CI,C1,X,CO,                ,4AB0426EVC4D140,99.99,2026-04-06,2027-03-31,
500,1001,J011301,JUBILANT MOTORWORKS PRIVATE LIMITED,29AACCJ1534B1Z0,IN,LI,L1,X,CO,                ,1NE0726VFG,80,2026-07-28,2027-03-31,
500,1001,J011301,JUBILANT MOTORWORKS PRIVATE LIMITED,29AACCJ1534B1Z0,IN,MI,M1,X,CO,                ,1NE0726VFN,95,2026-07-28,2027-03-31,
500,1001,J011301,JUBILANT MOTORWORKS PRIVATE LIMITED,29AACCJ1534B1Z0,IN,CI,C1,X,CO,                ,1NE0726VFD,75,2026-07-28,2027-03-31,
500,1001,J011311, JUBILANT MOTORWORKS PVT LTD,29AACCJ1534B1Z0,IN,LI,L1,X,CO,                ,1NE0726VFG,80,2026-07-28,2027-03-31,
500,1001,J011311, JUBILANT MOTORWORKS PVT LTD,29AACCJ1534B1Z0,IN,MI,M1,X,CO,                ,1NE0726VFN,95,2026-07-28,2027-03-31,
500,1001,J011311, JUBILANT MOTORWORKS PVT LTD,29AACCJ1534B1Z0,IN,CI,C1,X,CO,                ,1NE0726VFD,75,2026-07-28,2027-03-31,
500,1044,K00112,KPMG,29AAAFK1415H2ZM,IN,JP,J3, ,OT,                ,0213QP144C,99.9,2013-05-07,2014-03-31,
500,1044,K00112,KPMG,29AAAFK1415H2ZM,IN,JI,J3,X,OT,                ,0215EX064A,93.4,2015-11-20,2016-03-31,
500,1001,I321,INDIAN INSTITUTE OF MANAGEMENT,23AAAJI0057R1Z3,IN,JP,  ,X,CO,CCIT/IND/TECH,U/S 10(23C)92,100,2011-04-01,2012-03-31,
500,1001,I321,INDIAN INSTITUTE OF MANAGEMENT,23AAAJI0057R1Z3,IN,JI,J1,X,CO,CCIT/IND/TECH,U/S 10(23C)92,100,2011-04-01,2012-03-31,
500,1001,I8010,IPSOS INDICA RESEARCH PVT. LTD,                  ,IN,JI,J1,X,CO,28226825,1AI0522MYC,50,2022-05-30,2023-03-31,
500,1022,J10093,JAMUNA TRANSPORT CORPORATION LTD,                  ,IN,CI,C1,X,CO,                ,1AI0519HEB,50,2019-06-11,2020-03-31,
500,1022,J10093,JAMUNA TRANSPORT CORPORATION LTD,                  ,IN,CP,  ,X,CO,                ,1AI0519HEB,50,2019-06-11,2020-03-31,
500,1001,I287,ISS INTEGRATED FACILITY SERVICES,                  ,IN,CP,  ,X,CO,WD 2 (5) NEW,197/11-12/20,80.5,2011-08-08,2012-03-31,
500,1001,I287,ISS INTEGRATED FACILITY SERVICES,                  ,IN,CI,C1,X,CO,WD 2 (5) NEW,197/11-12/20,80.5,2011-08-08,2012-03-31,
500,1021,IMG010,GEMU GEBR MULLER APPARATEBAU GMBH &,                  ,DE,5I,58,X,OT,                ,1AB0619FJH,70,2019-06-10,2020-03-31,
500,1001,IATPL105CH,IDIADA AUTOMOTIVE TECHNOL,27AABCI8147E1ZL,IN,JP,J1, ,CO,22500000,1AC0625ULT,47,2025-06-13,2026-03-31,
500,1001,IATPL105CH,IDIADA AUTOMOTIVE TECHNOL,27AABCI8147E1ZL,IN,JI,J1,X,CO,22500000,1AC0625ULT,47,2025-06-13,2026-03-31,
500,1001,I6824,INTERGLOBE HOTELS PVT LTD,27AABCI2732H1ZS,IN,CI,C1,X,CO,2741307,1AA0525ARA,95,2025-04-30,2026-03-31,
500,1001,I6824,INTERGLOBE HOTELS PVT LTD,27AABCI2732H1ZS,IN,II,I1,X,CO,6216308,1AA0525AZJ,99,2025-04-30,2026-03-31,
500,1001,J00258,JELITTA PUBLICITY,32AADFJ0880A1Z1,IN,CI,C4,X,OT,                ,3616AA082E,50,2017-07-25,2018-03-31,
500,1019,INM506MN,MIS OUTSOURCING PVT. LTD.,                  ,IN,HP,H1, ,CO,                ,2313AG854A,90,2013-04-30,2014-03-31,
500,1019,INM506MN,MIS OUTSOURCING PVT. LTD.,                  ,IN,HI,H1,X,CO,                ,2313AG854A,90,2013-04-30,2014-03-31,
500,1007,INH504MN,HAVOC CONSULTANTS PVT LTD,24AABCH2130G1Z9,IN,JP,  ,X,CO,                ,117AK7541,90,2017-05-29,2018-03-31,
500,1019,INH504MN,HAVOC CONSULTANTS PVT LTD,24AABCH2130G1Z9,IN,JI,J1,X,CO,                ,1113BT4281,70,2013-04-09,2014-03-31,
500,1007,INH504MN,HAVOC CONSULTANTS PVT LTD,24AABCH2130G1Z9,IN,JI,J1,X,CO,                ,117AK7541,90,2017-05-29,2018-03-31,
500,9017,INH504MN,HAVOC CONSULTANTS PVT LTD,24AABCH2130G1Z9,IN,JI,J1,X,CO,900000.00,1113BT435D,70,2015-04-09,2016-03-31,
500,1024,INH504MN,HAVOC CONSULTANTS PVT LTD,24AABCH2130G1Z9,IN,JP,  ,X,CO,AABCH2130G,1113CL452E,75,2013-11-29,2014-03-31,
500,1024,INH504MN,HAVOC CONSULTANTS PVT LTD,24AABCH2130G1Z9,IN,JI,J1,X,CO,AABCH2130G,1113CL452E,75,2013-11-29,2014-03-31,
500,1046,IV0015,IVALUE INFOSOLUTIONS PVT LTD,27AABCI8601B1Z0,IN,CI,C1,X,CO,                ,1AF0622MRC,2.5,2022-10-29,2023-03-31,
500,1027,IV0015,IVALUE INFOSOLUTIONS PVT LTD,27AABCI8601B1Z0,IN,CI,C1,X,CO,                ,1AF0622MRC,2.5,2022-10-29,2023-03-31,
500,1084,IV0015,IVALUE INFOSOLUTIONS PVT LTD,27AABCI8601B1Z0,IN,CI,C1,X,CO,                ,1AF0622MRC,2.5,2022-10-29,2023-03-31,
500,1046,IV0015,IVALUE INFOSOLUTIONS PVT LTD,27AABCI8601B1Z0,IN,JI,J1,X,CO,AABCI8601B,1AF0622MRC,97.5,2022-10-29,2023-03-31,
500,1084,IV0015,IVALUE INFOSOLUTIONS PVT LTD,27AABCI8601B1Z0,IN,JI,J1,X,CO,AABCI8601B,1AF0622MRC,97.5,2022-10-29,2023-03-31,
500,1027,IV0015,IVALUE INFOSOLUTIONS PVT LTD,27AABCI8601B1Z0,IN,JI,J1,X,CO,AABCI8601B,1AF0622MRC,97.5,2022-10-29,2023-03-31,
500,1001,IV0015,IVALUE INFOSOLUTIONS PVT LTD,27AABCI8601B1Z0,IN,JI,J1,X,CO,30000000,1NB0626AIL,90,2026-06-17,2027-03-31,
500,1001,IP002,INTEGRON HUMAN CAPITAL SERVICES PVT,27AACCI0431Q1ZG,IN,CI,C1,X,CO,ITO TDS OSD 2(1),197/14-15/1,95,2014-04-30,2015-03-31,
500,9017,IP002,INTEGRON HUMAN CAPITAL SERVICES PVT,27AACCI0431Q1ZG,IN,CI,C1,X,CO,                ,0216DA258D,84,2016-06-14,2017-03-31,
500,9017,IP002,INTEGRON HUMAN CAPITAL SERVICES PVT,27AACCI0431Q1ZG,IN,CP,C1,X,CO,                ,0216DA258D,84,2016-06-14,2017-03-31,
500,1001,INV510MN,VINDSOR LOGISTICS (INDIA),                  ,IN,HI,H1, ,CO,                ,0215CQ719B,77.8,2015-05-29,2016-03-31,
500,1001,ISS001,ISS FACILITY SERVICES,19AABCI3815M1ZC,IN,CI,C1,X,CO,333372,1AC0624MKG,42.5,2024-06-10,2025-03-31,
500,1001,JLL001,JONES LANG LASALLE,27AAACL2089B1ZS,IN,JI,J1,X,CO,332748483,1AC0526XFO,65,2026-05-15,2027-03-31,
500,1001,JLL002,JONES LANG LASALLE,29AAACL2089B1ZO,IN,JI,J1,X,CO,332748483,1AC0526XFO,65,2026-05-15,2027-03-31,
500,1024,JW950,CHALET HOTEL PVT. LTD,27AAACK0411E1Z9,IN,CI,C1,X,CO,AAACK0411E,AAACK0411E,62,2016-04-28,2017-03-31,
500,1024,JW950,CHALET HOTEL PVT. LTD,27AAACK0411E1Z9,IN,CP,  ,X,CO,AAACK0411E,AAACK0411E,62,2016-04-28,2017-03-31,
500,1001,KAS1001,KPMG ADVISORY SERVICES PVT. LTD.,06AABCK2895D1ZM,IN,JI,J1,X,CO,                ,0217BX885F,99.9,2017-05-03,2018-03-31,
500,1001,ICTPL123,INTERCONTINENTAL CONSULTANTS,07AAACI1674B1Z0,IN,JI,J1,X,CO,                ,0116DB747E,75,2016-10-28,2017-03-31,
500,9017,IPSPL03,Integrated Personnel Services Pvt L,27AABCI1962K1ZF,IN,CI,C1,X,CO,                ,0218BH033I,75,2018-06-19,2019-03-31,
500,1001,ING502MN,GATI-KINTETSU EXPRESS PVT.,27AADCG2096A1ZX,IN,CI,C1,X,CO,100000000,1AG0525ISM,95,2025-05-29,2026-03-31,
500,1001,ING502MN,GATI-KINTETSU EXPRESS PVT.,27AADCG2096A1ZX,IN,II,I1, ,CO,5000000,1AG0525MAO,50,2025-05-29,2026-03-31,
500,1001,K106,KNIGHT FRANK (INDIA)PVT. LTD.,27AAACK1544J1ZM,IN,CI,C1,X,CO,DCIT(TDS)CIR2(1),0213TO632A,55,2013-10-22,2014-03-31,
500,1022,I5007,ICM LOGISTICS PVT LTD,33AABCI8695P1ZS,IN,CI,C1,X,CO,                ,1AC0519SDV,93.5,2019-05-17,2020-03-31,
500,1022,I5007,ICM LOGISTICS PVT LTD,33AABCI8695P1ZS,IN,CP,  ,X,CO,                ,1AC0519SDV,93.5,2019-05-17,2020-03-31,
500,1001,JHA1820,ADECCO INDIA PVT LTD,20AABCG3636Q1ZK,IN,JI,J1,X,CO,                ,1AB0520QYC,73.33,2020-06-29,2021-03-31,
500,1022,CHA0119701,SECURITY & INTELLIGENCE SERVICES(I),22AAECS3538A1ZX,IN,CI,C1,X,CO,                ,1AD0519MPE,99.5,2019-06-10,2020-03-31,
500,1022,CHA0119701,SECURITY & INTELLIGENCE SERVICES(I),22AAECS3538A1ZX,IN,CP,  ,X,CO,                ,1AD0519MPE,99.5,2019-06-10,2020-03-31,
500,1001,BBH01,BBH COMMUNICATIONS INDIA PRIVATE LI,27AADCB7259E1ZN,IN,CI,C1,X,CO,AMT 2500000,1AF0523RSP,75,2023-05-19,2024-03-31,
500,1001,BBH01,BBH COMMUNICATIONS INDIA PRIVATE LI,27AADCB7259E1ZN,IN,JI,J1,X,CO,AMT 10000000,1AF0523RSQ,75,2023-05-19,2024-03-31,
500,1001,BCG01,THE BOSTON CONSULTING GROUP INDIA P,27AABCB3524G1Z1,IN,JI,J1,X,CO,47772469381,1AD0625UKD,55,2025-06-19,2026-03-31,
500,1001,BTLH001,BETHANY TRUST LOK HOSPITAL,27AAATB1222H1ZA,IN,JI,J3,X,OT,                ,0613DK427E,97.5,2013-07-24,2014-03-31,
500,1022,ARPL1022,AHMEDABAD ROADLINES PVT LTD,06AAGCA9338Q1Z0,IN,CI,C1,X,CO,                ,1AA0519RBU,60,2019-05-07,2020-03-31,
500,1022,ARPL1022,AHMEDABAD ROADLINES PVT LTD,06AAGCA9338Q1Z0,IN,CP,  ,X,CO,                ,1AA0519RBU,60,2019-05-07,2020-03-31,
500,1001,CG0124,GALAXY BUSINESS SOLUTIONS,                  ,IN,JP,  ,X,CO,10000000,1NB0726LCV,45,2026-07-10,2027-03-31,
500,1001,CG0124,GALAXY BUSINESS SOLUTIONS,                  ,IN,JI,J1,X,CO,10000000,1NB0726LCV,45,2026-07-10,2027-03-31,
500,1005,BMIL0099,BABA GOLDEN SHIPPING & LOGISTICS PV,27AADCB5987F2ZD,IN,CI,C1,X,CO,                ,01,100,2021-04-01,2022-03-31,
500,1006,BMIL0099,BABA GOLDEN SHIPPING & LOGISTICS PV,27AADCB5987F2ZD,IN,CI,C1,X,CO,                ,01,100,2020-04-01,2021-03-31,
500,1001,CCS001,THE CHILDREN'S CLUB SOCIETY,                  ,IN,JI,J3,X,OT,II (5) CN T,0312DC822E,100,2012-04-01,2013-03-31,
500,1001,CDKD001,CENTRE FOR DIGESTIVE AND,27AACCC5117H1ZW,IN,JI,J1,X,CO,2000000,1AC0725KZO,90,2025-07-23,2026-03-31,
500,1001,C00351B,CTRL S DATACENTERS,36AADCC1951A1Z8,IN,JI,J1,X,CO,1140000,0517AD595C,90,2017-07-11,2018-03-31,
500,9017,BRUNEL1,BRUNEL INDIA PRIVATE,                  ,IN,JP,J1,X,CO,3780000,0215DP522H,99.6,2015-06-23,2016-03-31,
500,9017,BRUNEL1,BRUNEL INDIA PRIVATE,                  ,IN,JI,J1,X,CO,3780000,0215DP522H,99.6,2015-06-23,2016-03-31,
500,1037,C01766B,CYBER METRIC SERVICES (IN,29AADCC8689H1Z0,IN,JI,J1,X,CO,                ,1AA0119AJL,90,2019-01-25,2019-03-31,
500,1001,APLLH105CH,APPOLO SPECIALITY HOSPITALS PVT LTD,                  ,IN,JI,J1,X,CO,704480,1AE0423YHA,99,2023-04-25,2024-03-31,
500,1037,C00579,COMPACT HOMETEL,29AAECC1736G1ZR,IN,CI,C1,X,CO,                ,1AA0719VQI,75,2019-07-10,2020-03-31,
500,1001,ASH1010,APOLLO SPECIALTY HOSPITALS,                  ,IN,JI,J1,X,CO,704480,1AE0423YHA,99,2023-04-25,2024-03-31,
500,1001,APA1820,ADECCO INDIA PVT LTD,37AABCG3636Q1Z5,IN,JI,J1,X,CO,                ,1AB0520QYC,73.33,2020-06-29,2021-03-31,
500,1005,C1042,Classic Products Pvt  Ltd,24AACCC3604R1ZL,IN,CI,C1,X,CO,                ,0218EV421E,37.5,2018-09-28,2019-03-31,
500,1001,BC100WEB,BC WEB WISE PVT LTD,27AABCB9495J1Z4,IN,JI,J1,X,CO,7500000,1AD0625RZS,95,2025-06-18,2026-03-31,
500,1001,CGA1820,ADECCO INDIA PVT LTD,22AABCG3636Q1ZG,IN,JI,J1,X,CO,                ,1AB0520QYC,73.33,2020-06-29,2021-03-31,
500,1001,B0126,BHARTI AIRTEL,29AAACB2894G1ZJ,IN,CI,C1,X,CO,AMT 6223658,1AB0325SBT,90,2025-04-01,2026-03-31,
500,1001,B0126,BHARTI AIRTEL,29AAACB2894G1ZJ,IN,JI,J1,X,CO,20845569,1AB0325QYO,98,2025-04-01,2026-03-31,
500,1001,B0126,BHARTI AIRTEL,29AAACB2894G1ZJ,IN,JP,J1,X,CO,20845569,1AB0325QYO,98,2025-04-01,2026-03-31,
500,1022,B0126,BHARTI AIRTEL,29AAACB2894G1ZJ,IN,CI,C1,X,CO,                ,1AC0419CLJ,55,2019-06-12,2020-03-31,
500,1081,B0126,BHARTI AIRTEL,29AAACB2894G1ZJ,IN,JI,J1,X,CO,10734313,1AB0325RLQ,98,2025-04-01,2026-03-31,
500,1081,B0126,BHARTI AIRTEL,29AAACB2894G1ZJ,IN,JP,J1,X,CO,10734313,1AB0325RLQ,98,2025-04-01,2026-03-31,
500,1022,B0126,BHARTI AIRTEL,29AAACB2894G1ZJ,IN,CP,  ,X,CO,                ,1AC0419CLJ,55,2019-06-12,2020-03-31,
500,1001,BAL024,BHARTI AIRTEL LTD,02AAACB2894G1ZZ,IN,CI,C1,X,CO,AMT 9509441,1AB0323MAB,94.5,2023-04-01,2024-03-31,
500,1001,BAL019,BHARTI AIRTEL LTD,10AAACB2894G1Z2,IN,CI,C1,X,CO,AMT 6223658,1AB0325SBT,90,2025-04-01,2026-03-31,
500,1001,BAL018,BHARTI AIRTEL LTD,18AAACB2894G1ZM,IN,CI,C1,X,CO,AMT 6223658,1AB0325SBT,90,2025-04-01,2026-03-31,
500,1001,BAL027,BHARTI AIRTEL LTD,20AAACB2894G2Z0,IN,CI,C1,X,CO,AMT 6223658,1AB0325SBT,90,2025-04-01,2026-03-31,
500,1001,BAL016,BHARTI AIRTEL LTD,37AAACB2894G1ZM,IN,CI,C1,X,CO,AMT 6223658,1AB0325SBT,90,2025-04-01,2026-03-31,
500,1001,BAL020,BHARTI AIRTEL LTD,22AAACB2894G1ZX,IN,CI,C1,X,CO,AMT 6223658,1AB0325SBT,90,2025-04-01,2026-03-31,
500,1001,BAL026,BHARTI AIRTEL LTD,01AAACB2894G1Z1,IN,CI,C1,X,CO,AMT 9509441,1AB0323MAB,94.5,2023-04-01,2024-03-31,
500,1001,BAL025,BHARTI AIRTEL LTD,36AAACB2894G1ZO,IN,CI,C1,X,CO,AMT 6223658,1AB0325SBT,90,2025-04-01,2026-03-31,
500,9033,BAL025,BHARTI AIRTEL LTD,36AAACB2894G1ZO,IN,CI,C1,X,CO,                ,1AC0325BQX,90,2025-04-01,2026-03-31,
500,1081,BAL025,BHARTI AIRTEL LTD,36AAACB2894G1ZO,IN,JP,J1,X,CO,10734313,1AB0325RLQ,98,2025-04-01,2026-03-31,
500,1081,BAL025,BHARTI AIRTEL LTD,36AAACB2894G1ZO,IN,JI,J1,X,CO,10734313,1AB0325RLQ,98,2025-04-01,2026-03-31,
500,1001,BHA1820,ADECCO INDIA PVT LTD,10AABCG3636Q1ZL,IN,JI,J1,X,CO,                ,1AE0519VZT,80,2019-05-30,2020-03-31,
500,9017,CASA2,Casa2 Stay Private Limited,07AAFCC6416Q1Z8,IN,CI,C1,X,CO,                ,1AA0224JJC,87.5,2024-05-08,2025-03-31,
500,1024,C0924,CHALET HOTELS PVT LTD,27AAACK0411E1Z9,IN,CI,C1,X,CO,AAACK0411E,AAACK0411E,62,2016-04-28,2017-03-31,
500,1024,C0924,CHALET HOTELS PVT LTD,27AAACK0411E1Z9,IN,CP,  ,X,CO,AAACK0411E,AAACK0411E,62,2016-04-28,2017-03-31,
500,1001,AS010,ARAVON SERVICES PVT. LTD.,27AAGCA4383F1ZO,IN,CI,C1,X,CO,"RS.3,62,12,500/-",0218DF560H,50,2018-06-11,2019-03-31,
500,1001,AS010,ARAVON SERVICES PVT. LTD.,27AAGCA4383F1ZO,IN,CP,  ,X,CO,                ,0218DF560H,50,2018-06-11,2019-03-31,
500,1001,BAL030,BHARTI AIRTEL LTD,23AAACB2894G2ZU,IN,CI,C1,X,CO,AMT 6223658,1AB0325SBT,90,2025-04-01,2026-03-31,
500,9023,C00025,CNERGYIS INFOTECH INDIA P,27AAACF4961A1ZZ,IN,JI,J1,X,CO,                ,1AB0621VIP,70,2021-06-09,2022-03-31,
500,1001,BAL023,BHARTI AIRTEL LTD,06AAACB2894G1ZR,IN,CI,C1,X,CO,AMT 6223658,1AB0325SBT,90,2025-04-01,2026-03-31,
500,1022,C0751,COACHIEVE SOLUTIONS PVT LTD,                  ,IN,JI,J1,X,CO,                ,1AA0519DGM,90,2019-05-13,2020-03-31,
500,1022,C0751,COACHIEVE SOLUTIONS PVT LTD,                  ,IN,JP,  ,X,CO,                ,1AA0519DGM,90,2019-05-13,2020-03-31,
500,1001,B00233,BHARTI  AIRTEL,27AAACB2894G1ZN,IN,CI,C1,X,CO,681819,1AC0325HPR,90,2025-04-01,2026-03-31,
500,1001,B0685,OERLIKON BALZERS COATING INDIA LTD,27AAACI3916N1ZC,IN,CI,C1,X,CO,7830000,1AB0621WZW,100,2021-06-09,2022-03-31,
500,1049,BSR9852,B S R & CO. LLP,27AAAFB9852F2ZE,IN,JI,J3,X,OT,                ,1AB0325GFT,19.9,2025-04-01,2026-03-31,
500,1052,BSR9852,B S R & CO. LLP,27AAAFB9852F2ZE,IN,JI,J3,X,OT,                ,1AB0325GFT,19.9,2025-04-01,2026-03-31,
500,1067,BSR9852,B S R & CO. LLP,27AAAFB9852F2ZE,IN,JI,J3,X,OT,                ,1AB0325GFT,19.9,2025-04-01,2026-03-31,
500,1063,BSR9852,B S R & CO. LLP,27AAAFB9852F2ZE,IN,JI,J3,X,OT,                ,1AB0325GFT,19.9,2025-04-28,2026-03-31,
500,1070,BSR9852,B S R & CO. LLP,27AAAFB9852F2ZE,IN,JI,J3,X,OT,                ,1AB0325GFT,19.9,2025-04-01,2026-03-31,
500,9023,BSR9852,B S R & CO. LLP,27AAAFB9852F2ZE,IN,JI,J3,X,OT,                ,1AB0325GFT,19.9,2025-04-01,2026-03-31,
500,1005,BSR9852,B S R & CO. LLP,27AAAFB9852F2ZE,IN,JI,J3,X,OT,                ,1AB0325GFT,19.9,2025-04-01,2026-03-31,
500,1006,BSR9852,B S R & CO. LLP,27AAAFB9852F2ZE,IN,JI,J3,X,OT,                ,1AB0325GFT,19.9,2025-04-01,2026-03-21,
500,1001,PSS1022,PENTAGON SYSTEM AND SERVICES PVT LT,27AAACP0547J1ZG,IN,JI,J1,X,CO,12000000,1AA0921CKN,65.5,2021-09-01,2022-03-31,
500,1027,PSS1022,PENTAGON SYSTEM AND SERVICES PVT LT,27AAACP0547J1ZG,IN,LI,L1,X,CO,                ,1AA0825QGI,90,2025-08-11,2026-03-31,
500,1001,PSB2700378,GSP POWER SYSTEMS PRIVATE LIMITED,08AACCG0581H1ZQ,IN,CI,C1,X,CO,1400000000,1AB0526FTL,50,2026-05-11,2027-03-31,
500,1001,PTS1000124,RETROFIT TECHNOLOGY PVT LTD,10AAHCR1573K1ZG,IN,CI,C1,X,CO,1100000000,1AC0426LLA,82.5,2026-04-13,2027-03-31,
500,1001,PTIM270207,G S P POWER SYSTEMS PRIVATE LIMITED,27AACCG0581H1ZQ,IN,CI,C1,X,CO,1400000000,1AB0526FTL,50,2026-05-11,2027-03-31,
500,1001,PSB2700400,INNOVSOURCE SERVICES PRIVATE LIMITE,33AAECI0979D1ZR,IN,CI,C1,X,CO,800000000,1AE0426GNE,80,2026-04-21,2027-03-31,
500,1001,DNM00348AF,MLL MOBILITY PRIVATE LIMI,19AACCV3807B1ZL,IN,CI,C1,X,CO,864072072,1NA0626AKR,87.5,2026-06-01,2027-03-31,
500,1001,DNJ00103AH,JONES LANG LASALLE PROPERTY,21AAACL2089B1Z4,IN,JI,J1,X,CO,332748483,1AC0526XFO,65,2026-05-15,2027-03-31,
500,1001,DNG00628AA,G S P POWER SYSTEMS PRIVATE,23AACCG0581H1ZY,IN,CI,C1,X,CO,1400000000,1AB0526FTL,50,2026-05-11,2027-03-31,
500,1001,DNT00161AA,TCI Supply Chain Solutions,29AAACT7966R3Z5,IN,CI,C1,X,CO,9390000,1AA0426SYZ,65,2026-04-02,2027-03-31,
500,1001,DNI00181AA,INTERACTIVE AVENUES PRIVATE,27AACCI0954J1ZI,IN,CP,  , ,CO,1476824000,1ND0726ETP,25,2026-07-24,2027-03-31,
500,1001,DNI00181AA,INTERACTIVE AVENUES PRIVATE,27AACCI0954J1ZI,IN,CI,C1,X,CO,1476824000,1ND0726ETP,25,2026-07-24,2027-03-31,
500,1001,DNI00181AA,INTERACTIVE AVENUES PRIVATE,27AACCI0954J1ZI,IN,JI,J1,X,CO,58622000,1ND0726EYS,70,2026-07-24,2027-03-31,
500,1001,DNI00181AA,INTERACTIVE AVENUES PRIVATE,27AACCI0954J1ZI,IN,JP,J1,X,CO,58622000,1ND0726EYS,70,2026-07-24,2027-03-31,
500,1079,DNI00181AA,INTERACTIVE AVENUES PRIVATE,27AACCI0954J1ZI,IN,CI,C1,X,CO,31189000,1ND0726EUX,25,2026-07-24,2027-03-31,
500,1079,DNL00192AA,LORDS FREIGHT (INDIA) PRIVATE LIMIT,27AACCL0108M1ZN,IN,CI,C1,X,CO,"2,94,56,153",1NA0626AVI,25,2026-06-01,2027-03-31,
500,1001,DNM00398AB,MAHINDRA LOGISTICS LTD,33AAFCM2530H1ZV,IN,CP,C1,X,CO,31084341727,1AD0426EMH,60,2026-04-16,2027-03-31,
500,1001,DNM00398AB,MAHINDRA LOGISTICS LTD,33AAFCM2530H1ZV,IN,CI,C1,X,CO,31084341727,1AD0426EMH,60,2026-04-16,2027-03-31,
500,1001,DNM00398AB,MAHINDRA LOGISTICS LTD,33AAFCM2530H1ZV,IN,II,I1,X,CO,866946434,1AD0426EMI,92,2026-04-16,2027-03-31,
500,1001,DNM00398AB,MAHINDRA LOGISTICS LTD,33AAFCM2530H1ZV,IN,JI,J1,X,CO,2070249434,1AD0426EMJ,92,2026-04-16,2027-03-31,
500,1001,DND00210AB,DELHIVERY LIMITED,20AAPCS9575E2Z0,IN,CI,C1,X,CO,476368248,4AC0326DIZ4A328,95,2026-04-01,2027-03-31,
500,1001,DND00210AB,DELHIVERY LIMITED,20AAPCS9575E2Z0,IN,II,I1,X,CO,630267130,4AC0326DJB4A002,99,2026-04-01,2027-03-31,
500,1001,DNH00405AA,HT MEDIA LIMITED,29AABCH3165P1Z3,IN,CI,C1,X,CO,4160000,1NB0626EWU,85,2026-06-19,2027-03-31,
500,1001,DNR00887AA,REFINITIV INDIA PRIVATE,27AADCF3926A1Z1,IN,JI,J1,X,CO,1807509,1NA0726UJA,75,2026-07-06,2027-03-31,
500,9025,DIT00548AA,TALENT HIRED-THE JOB STOR,06AAECT4240J1ZE,IN,JI,J1,X,CO,AAECT4240J,1AF0426WOJ,88,2026-04-27,2027-03-31,
500,1081,DIT00548AA,TALENT HIRED-THE JOB STOR,06AAECT4240J1ZE,IN,JI,J1,X,CO,13799000,1AF0426WOG,88,2026-04-27,2027-03-31,
500,1001,DNJ00103AA,JONES LANG LASALLE PROPERTY,24AAACL2089B1ZY,IN,JI,J1,X,CO,332748483,1AC0526XFO,65,2026-05-15,2027-03-31,
500,1027,DLSISA01,SARVODAYA HOSPITAL,06AABCA3631R2ZI,IN,JI,J1,X,CO,                ,1AC0326GUR,79.5,2026-04-01,2027-03-31,
500,1001,DNR00824AB,RETROFIT TECHNOLOGY PRIVATE,09AAHCR1573K2ZY,IN,CI,C1,X,CO,1100000000,1AC0426LLA,82.5,2026-04-13,2027-03-31,
500,1001,DIT00198AA,TVS SUPPLY CHAIN SOLUTIONS,36AACCT1412E2ZV,IN,CI,C1,X,CO,604520262,1AG0525CFZ,77.5,2025-05-27,2026-03-31,
500,1022,DLA0099201,DELHI GUJRAT FLEET CARRIERS PVT LTD,07AACCD6847K1ZB,IN,CP,  ,X,CO,                ,1AB0719HET,77.5,2019-08-08,2020-03-31,
500,1022,DLA0099201,DELHI GUJRAT FLEET CARRIERS PVT LTD,07AACCD6847K1ZB,IN,CI,C1,X,CO,                ,1AB0719HET,77.5,2019-08-08,2020-03-31,
500,1001,DNS03516AA,SUZLON ENERGY LIMITED,27AADCS0472N1Z2,IN,CI,C1,X,CO,10700000,1AG0525REE,99.5,2025-05-30,2026-03-31,
500,1001,DNM00398AA,MAHINDRA LOGISTICS LIMITED,32AAFCM2530H1ZX,IN,CP,  , ,CO,31084341727,1AD0426EMH,60,2026-04-16,2027-03-31,
500,1001,DNM00398AA,MAHINDRA LOGISTICS LIMITED,32AAFCM2530H1ZX,IN,CI,C1,X,CO,31084341727,1AD0426EMH,60,2026-04-16,2027-03-31,
500,1001,DNM00398AA,MAHINDRA LOGISTICS LIMITED,32AAFCM2530H1ZX,IN,II,I1,X,CO,866946434,1AD0426EMI,92,2026-04-16,2027-03-31,
500,1001,DNH00405AD,HT MEDIA LIMITED,36AABCH3165P1Z8,IN,CI,C1,X,CO,4160000,1NB0626EWU,85,2026-06-19,2027-03-31,
500,1001,DNI00650AA,Innovsource Services Private,33AAECI0979D1ZR,IN,CI,C1,X,CO,800000000,1AE0426GNE,80,2026-04-21,2027-03-31,
500,1001,DNB00880AA,BDO INDIA SERVICES PRIVATE LIMITED,27AANCB2576N1Z0,IN,JI,J1,X,CO,                ,4NA0726ALV,65,2026-07-29,2027-03-31,
500,1022,DLA0331701,IVC LOGISTICS LTD,07AAACI0755K1ZL,IN,CI,C1,X,CO,                ,1AB0719TUA,50,2019-07-24,2020-03-31,
500,1022,DLA0331701,IVC LOGISTICS LTD,07AAACI0755K1ZL,IN,CP,  ,X,CO,                ,1AB0719TUA,50,2019-07-24,2020-03-31,
500,1001,DNK00091AA,KEK ENGINEERING SERVICES,08AALFK2238B1ZL,IN,CI,C4,X,OT,756000000,1AB0725BTD,90,2025-07-14,2026-12-31,
500,1001,DIT00167AA,THE INDIAN INSTITUTE OF,27AAATI1446A1Z7,IN,JP,  ,X,OT,5000000000,1AE0425CJW,100,2025-04-15,2026-03-31,
500,1001,DIT00167AA,THE INDIAN INSTITUTE OF,27AAATI1446A1Z7,IN,JI,J3,X,OT,5000000000,1AE0425CJW,100,2025-04-15,2026-03-31,
500,1001,DNB00596AA,BLUSPRING ENTERPRISES LIMITED,07AAMCB3236E1ZV,IN,CI,C1,X,CO,15965599921,1AG0425KNL,75,2025-04-24,2026-03-31,
500,1001,DNB00596AA,BLUSPRING ENTERPRISES LIMITED,07AAMCB3236E1ZV,IN,JI,J1,X,CO,222788693,1AG0425KNO,95,2025-04-24,2026-03-31,
500,1019,DPLTEL01,Delhivery Private Limited,36AAPCS9575E1ZO,IN,CI,C1,X,CO,23230120,1AB1019BLE,70,2019-10-31,2020-03-31,
500,1001,DPLTEL01,Delhivery Private Limited,36AAPCS9575E1ZO,IN,CI,C1,X,CO,1AA0125VBY,1AA0125VBY,95,2025-01-22,2025-03-31,
500,1001,DNJ00103AD,JONES LANG LASALLE,09AAACL2089B1ZQ,IN,JI,J1,X,CO,332748483,1AC0526XFO,65,2026-05-15,2027-03-31,
500,1001,DIT00610AB,TEAMLEASE SERVICES PVT. LTD.,                  ,IN,CI,C1,X,CO,314374365,1AB0326MHW,95,2026-04-01,2027-03-31,
500,1022,DLA0158101,AHMEDABAD ROADLINES PVT LTD,07AAGCA9338Q1ZY,IN,CI,C1,X,CO,                ,1AA0519RBU,60,2019-05-07,2020-03-31,
500,1022,DLA0158101,AHMEDABAD ROADLINES PVT LTD,07AAGCA9338Q1ZY,IN,CP,  ,X,CO,                ,1AA0519RBU,60,2019-05-07,2020-03-31,
500,1022,DLA0262301,MAHAVEERA TRANSPORT PVT LTD,07AAACM5917F1ZM,IN,CP,  ,X,CO,                ,1AA0519CJG,62.5,2019-05-03,2020-03-31,
500,1022,DLA0262301,MAHAVEERA TRANSPORT PVT LTD,07AAACM5917F1ZM,IN,CI,C1,X,CO,                ,1AA0519CJG,62.5,2019-05-03,2020-03-31,
500,1001,DNS03063AA,SAVVY BUSINESS SOLUTIONS,27AAOCS8108A1ZD,IN,JI,J1,X,CO,1728207,1AA0526NTN,15,2026-05-06,2027-03-31,
500,1001,DNJ00103AQ,JONES LANG LASALLE PROPERTY,19AAACL2089B1ZP,IN,JI,J1,X,CO,332748483,1AC0526XFO,65,2026-05-15,2027-03-31,
500,1001,DIS02332AA,SDB SELECT SERVICES PVT L,33AAVCS1072J1Z1,IN,CI,C1,X,CO,48214019,1AA0526VLO,70,2026-05-07,2027-03-31,
500,1001,DNM00420AD,Mahindra Integrated Business,27AAGCM9780N1ZK,IN,CP,C1,X,CO,1433439613,1AD0725FHJ,62.5,2025-07-31,2026-03-31,
500,1001,DNM00420AD,Mahindra Integrated Business,27AAGCM9780N1ZK,IN,CI,C1,X,CO,1433439613,1AD0725FHJ,62.5,2025-07-31,2026-03-31,
500,1001,DNM00420AD,Mahindra Integrated Business,27AAGCM9780N1ZK,IN,JI,J1,X,CO,1222281345,1AD0725FHI,70,2025-07-31,2026-03-31,
500,1001,DNM00497AB,MCKINSEY & COMPANY INDIA LLP,06AAXFM1434F1Z7,IN,JP,J3,X,OT,1708633372,1NC0726MCH,62.7,2026-07-17,2027-03-31,
500,1001,DNM00497AB,MCKINSEY & COMPANY INDIA LLP,06AAXFM1434F1Z7,IN,JI,J3,X,OT,1708633372,1NC0726MCH,62.7,2026-07-17,2027-03-31,
500,1020,DLSIDI,DACHSER INDIA PVT LTD,27AACCA7791D1ZM,IN,CI,C1,X,CO,                ,1AJ0523HWT,25,2023-05-24,2024-03-31,
500,1001,DLSIDI,DACHSER INDIA PVT LTD,27AACCA7791D1ZM,IN,CI,C1,X,CO,129544037,1AB0526LDF,12.5,2026-05-12,2027-03-31,
500,1001,DLSIDI,DACHSER INDIA PVT LTD,27AACCA7791D1ZM,IN,CP,C1,X,CO,129544037,1AB0526LDF,12.5,2026-05-12,2027-03-31,
500,1021,DLSIDI,DACHSER INDIA PVT LTD,27AACCA7791D1ZM,IN,CI,C1,X,CO,AACCA7791D,7,50,2013-06-15,2021-03-31,
500,1021,DLSIDI,DACHSER INDIA PVT LTD,27AACCA7791D1ZM,IN,CP,C1,X,CO,AACCA7791D,7,50,2020-07-08,2021-03-31,
500,1001,DNR00824AC,RETROFIT TECHNOLOGY PRIVATE,29AAHCR1573K1ZX,IN,CI,C1,X,CO,1100000000,1AC0426LLA,82.5,2026-04-13,2027-03-31,
500,1001,DND00210AC,DELHIVERY LIMITED,19AAPCS9575E1ZK,IN,CI,C1,X,CO,476368248,4AC0326DIZ4A328,95,2026-04-01,2027-03-31,
500,1001,DNS00642AA,STRATEGIC LEARNING SOLUTI,06AADCS9706K1Z1,IN,JP,J1, ,CO,70000000,1AD0426CLH,84,2026-04-15,2027-03-31,
500,1001,DNS00642AA,STRATEGIC LEARNING SOLUTI,06AADCS9706K1Z1,IN,JI,J1,X,CO,70000000,1AD0426CLH,84,2026-04-15,2027-03-31,
500,1081,DNS00642AA,STRATEGIC LEARNING SOLUTI,06AADCS9706K1Z1,IN,JI,J1,X,CO,17000000,1AD0426CLG,84,2026-04-15,2027-03-31,
500,1001,DNP01003AA,POLESTAR ENGINEERINHG CO,27AADFP6081H1Z3,IN,CP,  , ,OT,1250000000,1NA0726NHG,72.5,2026-07-02,2027-03-31,
500,1001,DNP01003AA,POLESTAR ENGINEERINHG CO,27AADFP6081H1Z3,IN,CI,C4,X,OT,1250000000,1NA0726NHG,72.5,2026-07-02,2027-03-31,
500,1001,DNJ00103AG,JONES LANG LASALLE PROPERTY,03AAACL2089B1Z2,IN,JI,J1,X,CO,332748483,1AC0526XFO,65,2026-05-15,2027-03-31,
500,1001,DNI00538AA,INDIAN INSTITUTE OF,29AAAAI0405N1ZQ,IN,JI,J3,X,OT,7000000.00,4AB0426YWE4A019,100,2026-04-09,2027-03-31,
500,1001,DNI00538AA,INDIAN INSTITUTE OF,29AAAAI0405N1ZQ,IN,JP,J3,X,OT,7000000.00,4AB0426YWE4A019,100,2026-04-09,2027-03-31,
500,1001,DNI00531AD,INTERGLOBE HOTELS PRIVATE,29AABCI2732H1ZO,IN,CI,C1,X,CO,2741307,1AA0525ARA,95,2025-04-30,2026-03-31,
500,1001,DNI00531AD,INTERGLOBE HOTELS PRIVATE,29AABCI2732H1ZO,IN,CP,C1,X,CO,2741307,1AA0525ARA,95,2025-04-30,2026-03-31,
500,1001,DNJ00103AL,JONES LANG LASALLE PROPERTY,32AAACL2089B1Z1,IN,JI,J1,X,CO,332748483,1AC0526XFO,65,2026-05-15,2027-03-31,
500,1001,DIT00198AC,TVS SUPPLY CHAIN SOLUTIONS LIMITED,08AACCT1412E1ZV,IN,CI,C1,X,CO,604520262,1AG0525CFZ,77.5,2025-05-27,2026-03-31,
500,1001,DNM00348AG,MLL MOBILITY PRIVATE LIMI,27AACCV3807B1ZO,IN,CI,C1,X,CO,864072072,1NA0626AKR,87.5,2026-06-01,2027-03-31,
500,1001,DND00210AE,DELHIVERY LIMITED,29AAPCS9575E1ZJ,IN,CI,C1,X,CO,476368248,4AC0326DIZ4A328,95,2026-04-01,2027-03-31,
500,1079,DNE00207AD,Ernst & Young LLP,27AAEFE1763C1ZS,IN,JI,J3,X,OT,"5,00,00,000",4NA0626AIE4C526,40,2026-06-25,2027-03-31,
500,9025,DNE00207AD,Ernst & Young LLP,27AAEFE1763C1ZS,IN,JI,J3,X,OT,AAEFE1763C,4NA0626AIE4A315,40,2026-06-25,2027-03-31,
500,1001,DMM0419,MAX PUBLICITY & COMMUNICATION,27AAHCM3403H1ZO,IN,CI,C1,X,CO,20000000,1AB0521OAW,75,2021-05-07,2022-03-31,
500,1001,DMM0419,MAX PUBLICITY & COMMUNICATION,27AAHCM3403H1ZO,IN,CP,C1,X,CO,20000000,1AB0521OAW,75,2021-05-07,2022-03-31,
500,1001,DNO00139AB,Om Logistics Supply Chain Private L,29AAECO4660K1Z1,IN,CI,C1,X,CO,25569000,1AG0426GGL,67.5,2026-04-29,2027-03-31,
500,1001,DNJ00103AC,JONES LANG LASALLE PROPERTY,27AAACL2089B1ZS,IN,JI,J1,X,CO,332748483,1AC0526XFO,65,2026-05-15,2027-03-31,
500,1001,DNG00415AA,GI STAFFING SERVICES PRIVATE,09AADCG3694A1ZP,IN,CI,C1,X,CO,7080000,1AB0326EZL,85,2026-04-01,2027-03-31,
500,1001,DNM00398AF,MAHINDRA LOGISTICS LIMITED,09AAFCM2530H1ZM,IN,8I,IA,X,CO,                ,1AD0426EMI,92,2026-04-16,2027-03-31,
500,1001,DNM00398AF,MAHINDRA LOGISTICS LIMITED,09AAFCM2530H1ZM,IN,CI,C1,X,CO,                ,1AD0426EMH,60,2026-04-16,2027-03-31,
500,1001,DIT00559AA,TEAMLEASE FOUNDATION,29AADCT8958N1ZA,IN,CI,C1,X,CO,6819000,1AB0326PSB,100,2026-04-01,2027-03-31,
500,1081,DIT00559AA,TEAMLEASE FOUNDATION,29AADCT8958N1ZA,IN,CI,C1,X,CO,156000,1AB0326PSD,100,2026-04-01,2027-03-31,
500,1001,DND00210AF,DELHIVERY LIMITED,09AAPCS9575E1ZL,IN,CI,C1,X,CO,476368248,4AC0326DIZ4A328,95,2026-04-01,2027-03-31,
500,1001,DIT00875AA,THE INDIAN PERFORMING RIGHT,27AAACT1594K1Z1,IN,JI,J1,X,CO,1200000,4AA0526QJR4A551,70,2026-05-06,2027-03-31,
500,1079,DIT00875AA,THE INDIAN PERFORMING RIGHT,27AAACT1594K1Z1,IN,JI,J1,X,CO,2900000,4AA0526QJR4A242,70,2026-05-06,2027-03-31,
500,1001,DNE00571AA,ESTECH INDIA PRIVATE LIMI,27AADCE5018Q1ZA,IN,JP,J1, ,CO,                ,1NE0726NGD,90,2026-07-27,2027-03-31,
500,1001,DNE00571AA,ESTECH INDIA PRIVATE LIMI,27AADCE5018Q1ZA,IN,JI,J1,X,CO,                ,1NE0726NGD,90,2026-07-27,2027-03-31,
500,1001,DND00362AA,DUSTERS TOTAL SOLUTIONS,23AACCD5989Q1ZW,IN,CI,C1,X,CO,66544756,4AB0326QIP4A066,99.5,2026-04-01,2027-03-31,
500,1081,DIT00161AB,TCI SUPPLY CHAIN SOLUTION (A,06AAACT7966R7Z9,IN,CI,C1,X,CO,69190000,1AA0426SZQ,65,2026-04-02,2027-03-31,
500,1081,DNS00681AA,SHARPSELL TECHNOLOGY,27AAFCH5205E1ZX,IN,JI,J1,X,CO,14030000,1NC0626BQR,90,2026-06-30,2027-03-31,
500,1001,DNH00180AA,HANSA CUSTOMER EQUITY PRI,27AADCC3122F1Z6,IN,CI,C1,X,CO,10000000,1AA0726HLR,50,2026-07-07,2027-03-31,
500,1001,DNH00180AA,HANSA CUSTOMER EQUITY PRI,27AADCC3122F1Z6,IN,JI,J1,X,CO,427800000,1AA0726HLP,76.5,2026-07-07,2027-03-31,
500,1001,DNG00628AB,G S P POWER SYSTEMS PRIVATE,33AACCG0581H1ZX,IN,CI,C1,X,CO,1400000000,1AB0526FTL,50,2026-05-11,2027-03-31,
500,1001,DNB00081AA,BUREAU VERITAS (INDIA),27AABCB6767B1ZS,IN,JI,J1,X,CO,7500000,1NB0726UQA,30,2026-07-10,2027-03-31,
500,1001,DNB00081AA,BUREAU VERITAS (INDIA),27AABCB6767B1ZS,IN,JP,J1, ,CO,7500000,1NB0726UQA,30,2026-07-10,2027-03-31,
500,1001,DND00312AJ,DHL EXPRESS (INDIA),27AABCD3611Q1ZI,IN,CI,C1,X,CO,72239817420,1AC0425LYY,32.5,2025-04-09,2026-03-31,
500,1001,DIT00472AB,THE AUTOMOTIVE RESEARCH,27AAATT1989P1ZL,IN,JP,J3,X,OT,350000000,1AD0526CUH,100,2026-05-19,2027-03-31,
500,1001,DIT00472AB,THE AUTOMOTIVE RESEARCH,27AAATT1989P1ZL,IN,JI,J3,X,OT,350000000,1AD0526CUH,100,2026-05-19,2027-03-31,
500,1001,DIT00472AD,THE AUTOMOTIVE RESEARCH,27AAATT1989P1ZL,IN,JP,J3, ,OT,350000000,1AD0526CUH,100,2026-05-19,2027-03-31,
500,1001,DIT00472AD,THE AUTOMOTIVE RESEARCH,27AAATT1989P1ZL,IN,JI,J3,X,OT,350000000,1AD0526CUH,100,2026-05-19,2027-03-31,
500,1081,DIT00472AD,THE AUTOMOTIVE RESEARCH,27AAATT1989P1ZL,IN,JI,J3,X,OT,110000000,1AD0526CVA,100,2026-05-19,2027-03-31,
500,1079,DIT00472AD,THE AUTOMOTIVE RESEARCH,27AAATT1989P1ZL,IN,JI,J3,X,OT,110000000,1AD0526CVD,100,2026-05-19,2027-03-31,
500,1001,DIT00384AI,TUV INDIA PVT LTD.,27AAACT2209D2ZT,IN,JI,J1,X,CO,5569000,1AA0625ISU,50,2025-06-02,2026-03-31,
500,1001,DNM00348AD,MLL MOBILITY PRIVATE LIMI,09AACCV3807B1ZM,IN,CI,C1,X,CO,864072072,1NA0626AKR,87.5,2026-06-01,2027-03-31,
500,1021,DP180,PLASTIC OMNIUM AUTO,27AAECP4725A1ZR,IN,CI,C1,X,CO,                ,0615GA550H,75,2015-05-08,2016-03-31,
500,1001,INP526MN,PARAMTECH CAD SERVICES PV,27AAHCP6576C1Z7,IN,JI,J1,X,CO,                ,1NA0826DJV,84,2026-08-06,2027-03-31,
500,1037,INP526MN,PARAMTECH CAD SERVICES PV,27AAHCP6576C1Z7,IN,JI,J1,X,CO,                ,1AF0622KUR,80.1,2022-06-28,2023-03-31,
500,1081,INP526MN,PARAMTECH CAD SERVICES PV,27AAHCP6576C1Z7,IN,JI,J1,X,CO,36241947,1NA0826DJW,84,2026-08-06,2027-03-31,
500,1001,INP526MN,PARAMTECH CAD SERVICES PV,27AAHCP6576C1Z7,IN,JP,  , ,CO,                ,1NA0826DJV,84,2026-08-06,2027-03-31,
500,1001,IH001,INTEGRON HUMAN CAPITAL SERVICES,27AACCI0431Q1ZG,IN,CI,C1,X,CO,                ,0216DA268C,84,2016-06-14,2017-03-31,
500,1001,INO002,OERLIKON BALZERS COATING I P.,27AAACI3916N1ZC,IN,CI,C1,X,CO,7830000,1AB0621WZW,100,2021-06-09,2022-03-31,
500,1068,POLESTARJ1,POLESTAR ENGINEERING CO,08AADFP6081H1Z3,IN,CI,C4,X,OT,                ,1AC0622LQD,70.5,2022-06-14,2023-03-31,
500,1001,PLIL001,PROTEK LOGISTICS ( INDIA) LIMITED,27AAGCP0457P1ZX,IN,CI,C1,X,CO,                ,0218DD615B,50,2018-06-19,2019-03-31,
500,1022,PNA0107801,QUADRANT TELEVENTURES LIMITED,03AABCT2862R1ZZ,IN,JP,  ,X,CO,                ,1AA0419FAG,100,2019-08-16,2020-03-31,
500,1022,PNA0107801,QUADRANT TELEVENTURES LIMITED,03AABCT2862R1ZZ,IN,JI,J1,X,CO,                ,1AA0419FAG,100,2019-08-16,2020-03-31,
500,1022,PNA0024101,SECURITY & INTELLIGENCE SERVICES (I,03AAECS3538A1ZX,IN,CI,C1,X,CO,                ,1AD0519MPE,99.5,2019-06-10,2020-03-31,
500,1022,PNA0024101,SECURITY & INTELLIGENCE SERVICES (I,03AAECS3538A1ZX,IN,CP,  ,X,CO,                ,1AD0519MPE,99.5,2019-06-10,2020-03-31,
500,1022,P1698,PROBE INFORMATION SERVICE PVT LTD,29AADCP5722A1ZP,IN,JI,J1,X,CO,                ,1AB0819LFA,97.5,2019-09-24,2020-03-31,
500,1022,P1698,PROBE INFORMATION SERVICE PVT LTD,29AADCP5722A1ZP,IN,JP,  ,X,CO,                ,1AB0819LFA,97.5,2019-09-24,2020-03-31,
500,1001,PEXP270214,BUREAU VERITAS (INDIA) PRIVATE LIMI,27AABCB6767B1ZS,IN,JI,J1,X,CO,7500000,1NB0726UQA,30,2026-07-10,2027-03-31,
500,1001,PLMR02,MAHINDRA ELECTRIC MOBILITY LIMITED,29AABCR2858R1ZJ,IN,JI,J5,X,CO,1072380500,1AF0522DGH,75,2022-05-23,2023-03-31,
500,1001,POLESTAR01,POLESTAR ENGINEERING CO.,27AADFP6081H1Z3,IN,CI,C4,X,OT,1250000000,1NA0726NHG,72.5,2026-07-02,2027-03-31,
500,1068,POLESTAR01,POLESTAR ENGINEERING CO.,27AADFP6081H1Z3,IN,CI,C4,X,OT,                ,1AA0623MQU,70,2023-06-01,2024-03-31,
500,9029,POLESTAR01,POLESTAR ENGINEERING CO.,27AADFP6081H1Z3,IN,CI,C4,X,OT,                ,1AA0623MQV,70,2023-06-01,2024-03-31,
500,1024,P1375,PATH INFOTECH LTD,                  ,IN,JP,  ,X,CO,AABCP0471C,21/2012 (197A),100,2012-11-01,2013-03-31,
500,1024,P1375,PATH INFOTECH LTD,                  ,IN,JI,J1,X,CO,AABCP0471C,21/2012 (197A),100,2012-11-01,2013-03-31,
500,1005,PMSPL01,PAREKH MARINE SERVICES PVT LTD,27AAJCP0051C1ZV,IN,CP,C1, ,CO,                ,SEC 172/44B,100,2024-04-08,2025-03-31,
500,1052,PMSPL01,PAREKH MARINE SERVICES PVT LTD,27AAJCP0051C1ZV,IN,CP,C1, ,CO,                ,SEC 172,100,2022-04-01,2023-03-31,
500,1005,PNST100532,TUV INDIA PVT LTD.,27AAACT2209D2ZT,IN,JI,J1,X,CO,148000, 4NA0626AAB4D018,50,2026-06-01,2027-03-31,
500,1001,PEC0219,POLESTAR ENGINEERING CO,37AADFP6081H1Z2,IN,CI,C4,X,OT,1250000000,1NA0726NHG,72.5,2026-07-02,2027-03-31,
500,9017,FAB01MP,Casa2 Stays Private Limited,23AAFCC6416Q1ZE,IN,CI,C1,X,CO,                ,1AD0524GUI,87.5,2024-05-08,2025-03-31,
500,1001,DSM64936,MAHINDRA LOGISTICS LTD.,23AAFCM2530H1ZW,IN,8I,IA,X,CO,866946434,1AD0426EMI,92,2026-04-16,2027-03-31,
500,1001,DSM64936,MAHINDRA LOGISTICS LTD.,23AAFCM2530H1ZW,IN,CI,C1,X,CO,31084341727,1AD0426EMH,60,2026-04-16,2027-03-31,
500,1001,EBU50830,GSP POWER SYSTEMS PRIVATE LIMITED,23AACCG0581H1ZY,IN,CI,C1,X,CO,1400000000,1AB0526FTL,50,2026-05-11,2027-03-31,
500,1001,DSA63560,ADECCO INDIA PVT LTD,08AABCG3636Q1Z6,IN,JI,J1,X,CO,17700000,1AC0521WVD,80,2021-05-15,2022-03-31,
500,1065,DSA63560,ADECCO INDIA PVT LTD,08AABCG3636Q1Z6,IN,JI,J1,X,CO,                ,0418AH931F,90,2018-05-08,2019-03-31,
500,1001,DSC63683,CHECKMATE SERVICES PVT LTD.,08AAACC8465A1ZV,IN,CI,C1,X,CO,81266120,1NC0626AOZ,75,2026-06-30,2027-03-31,
500,9017,FAB01RJ,Casa2 Stays Private Limited,08AAFCC6416Q1Z6,IN,CI,C1,X,CO,                ,1AD0524GUI,87.5,2024-05-08,2025-03-31,
500,1001,DSM64928,MAHINDRA LOGISTICS LTD.,08AAFCM2530H1ZO,IN,CI,C1,X,CO,31084341727,1AD0426EMH,60,2026-04-16,2027-03-31,
500,1001,DSM64928,MAHINDRA LOGISTICS LTD.,08AAFCM2530H1ZO,IN,8I,IA,X,CO,866946434,1AD0426EMI,92,2026-04-16,2027-03-31,
500,1001,E00198,ERNST & YOUNG PVT LTD,                  ,IN,JI,J1,X,CO,157(3) KOL,0812EH127B,95,2012-12-22,2013-03-31,
500,1001,DSA63564,ADECCO INDIA PVT LTD,19AABCG3636Q1Z3,IN,JI,J1,X,CO,AABCG3636Q,1AB0520QYE,73.33,2020-06-01,2021-03-31,
500,9017,FAB01WB,Casa2 Stays Private Limited,19AAFCC6416Q1Z3,IN,CI,C1,X,CO,                ,1AD0524GUI,87.5,2024-05-08,2025-03-31,
500,1001,DSM64932,MAHINDRA LOGISTICS LTD.,19AAFCM2530H1ZL,IN,CI,C1,X,CO,31084341727,1AD0426EMH,60,2026-04-16,2027-03-31,
500,1001,DSM64932,MAHINDRA LOGISTICS LTD.,19AAFCM2530H1ZL,IN,8I,IA,X,CO,866946434,1AD0426EMI,92,2026-04-16,2027-03-31,
500,1001,DSA63561,ADECCO INDIA PVT LTD,09AABCG3636Q1Z4,IN,JI,J1,X,CO,AABCG3636Q,1AB0520QYE,73.33,2020-06-01,2021-03-31,
500,1001,E00234,ENTERTAINMENT NETWORK INDIA LIMITED,09AAACE7796G1Z7,IN,CI,C1,X,CO,43261047,1AE0621PSR,0.5,2021-06-22,2022-03-31,
500,1001,DSC62181,CHECKMATE SERVICES PVT. LTD,03AAACC8465A1Z5,IN,CP,C1, ,CO,81266120,1NC0626AOZ,75,2026-06-30,2027-03-31,
500,1001,DSC62181,CHECKMATE SERVICES PVT. LTD,03AAACC8465A1Z5,IN,CI,C1,X,CO,81266120,1NC0626AOZ,75,2026-06-30,2027-03-31,
500,1001,DSG62812,GATI KINTETSU EXPRESS PVT LTD,03AADCG2096A1Z7,IN,CI,C1,X,CO,100000000,1AG0525ISM,95,2025-05-29,2026-03-31,
500,9026,DSS63107,SRI GURU HARKRISHAN,03AABTS7942L1Z6,IN,JI,J3,X,OT,1AF0525RKS,1AF0525RKS,100,2025-09-03,2026-03-31,
500,1001,DSR63552,RELIANCE JIO INFOCOMM LTD.,03AABCI6363G1ZT,IN,JI,J1, ,CO,                ,1AB0426UVW,99,2026-04-09,2027-03-31,
500,1001,DSD63632,DTDC EXPRESS LTD.,03AAACD8017H1Z2,IN,CI,C1,X,CO,47000000,1AF0525EER,37.5,2025-05-22,2026-03-31,
500,1001,DSB63646,BHARTI AIRTEL LTD.,03AAACB2894G1ZX,IN,CI,C1,X,CO,681819,1AC0325HPR,90,2025-04-01,2026-03-31,
500,1001,DSA64508,AFORESERVE.COM LIMITED,03AADCA8568P1Z5,IN,JI,J5,X,CO,                ,1AB0620WNM,33.33,2020-06-17,2021-03-31,
500,1001,DSI62022,IVY HEALTH & LIFESCIENCES,03AABCI4594F1ZQ,IN,JI,J1,X,CO,1000000,1AA0525SWC,64,2025-05-02,2026-03-31,
500,1001,DSM64924,MAHINDRA LOGISTICS LTD.,03AAFCM2530H1ZY,IN,CP,  , ,CO,31084341727,1AD0426EMH,60,2026-04-16,2027-03-31,
500,1001,DSM64924,MAHINDRA LOGISTICS LTD.,03AAFCM2530H1ZY,IN,CI,C1,X,CO,31084341727,1AD0426EMH,60,2026-04-16,2027-03-31,
500,1001,DSM64924,MAHINDRA LOGISTICS LTD.,03AAFCM2530H1ZY,IN,8I,IA,X,CO,866946434,1AD0426EMI,92,2026-04-16,2027-03-31,
500,1001,DSM64924,MAHINDRA LOGISTICS LTD.,03AAFCM2530H1ZY,IN,JI,J1,X,CO,2070249434,1AD0426EMJ,92,2026-04-16,2027-03-31,
500,1037,F5156,FEDERAL EXPRESS CORPORATION,                  ,IN,CI,C1,X,CO,                ,2012-13/25,100,2013-06-18,2014-03-31,
500,1037,F5156,FEDERAL EXPRESS CORPORATION,                  ,IN,CP,  , ,CO,                ,2012-13/25,100,2013-06-18,2014-03-31,
500,1001,F0309,FLYJAC LOGISTICS PVT.LTD.,27AABCF2133M1ZP,IN,CP,  ,X,CO,128789198,1AD0625EMD,5,2025-06-17,2026-03-31,
500,1001,F0309,FLYJAC LOGISTICS PVT.LTD.,27AABCF2133M1ZP,IN,CI,C1,X,CO,128789198,1AD0625EMD,5,2025-06-17,2026-03-31,
500,1001,F047,FRISCA SERVICES,                  ,IN,CI,C3,X,OT,ITO TDS WD 1(5),197/AIRPK6913B/,17,2013-09-01,2014-03-31,
500,1001,E00118,ERNST & YOUNG PVT. LTD.,                  ,IN,JP,  ,X,CO,157(3) KOL,0812EH127B,95,2012-12-22,2013-03-31,
500,1001,E00118,ERNST & YOUNG PVT. LTD.,                  ,IN,JI,J1,X,CO,157(3) KOL,0812EH127B,95,2012-12-22,2013-03-31,
500,1004,EMCOMUMB,EMCO ENGINEERING,27AACFE6426A1ZW,IN,LI,L2,X,OT,                ,TDSU/S194Q,100,2021-04-01,2022-03-31,
500,1001,FF0044,"FA & CAO,  MBPT",                  ,IN,II,I4,X,OT,                ,0213SJ455D,100,2013-07-23,2014-03-31,
500,1001,ET020,PROTEK LOGISTICS ( I ) PVT LTD,27AAGCP0457P1ZX,IN,CI,C1,X,CO,                ,197/2014-15/01,58,2014-04-17,2015-03-31,
500,1037,E00195,EUROP ASSISTANCE INDIA,27AABCE7775Q1ZS,IN,JI,  ,X,CO,                ,197/13-14/1,99.9,2013-07-19,2014-03-31,
500,1037,E00195,EUROP ASSISTANCE INDIA,27AABCE7775Q1ZS,IN,JP,  , ,CO,                ,197/13-14/1,99.9,2013-07-19,2014-03-31,
500,1001,DSF62657,FORBES FACILITY SERVICES PVT,27AAACF8177A1ZR,IN,CI,C1,X,CO,197/2013-14/03,0213TO166J,72.5,2013-10-10,2014-03-31,
500,1003,F0387,FEDERAL EXPRESS CORPORATION,                  ,IN,CP,C6,X,CO,                ,25,100,2013-04-01,2014-03-31,
500,1001,EYAS001,ERNST AND YOUNG ASSOCIATES,27AAEFE1778R1ZQ,IN,JI,J3,X,CO,3720000,1AC0625GHS,50,2025-06-11,2026-03-31,
500,1001,DTDC16,DTDC EXPRESS,27AAACD8017H1ZS,IN,CI,C1,X,CO,47000000,1AF0525EER,37.5,2025-05-22,2026-03-31,
500,1001,DSA63711,ADECCO INDIA PVT LTD.,27AABCG3636Q1Z6,IN,JI,J1,X,CO,17700000,1AC0521WVD,80,2021-05-15,2022-03-31,
500,1001,DSB64513,BUREAU VERITAS INDIA PVT LTD.,27AABCB6767B1ZS,IN,JI,J1,X,CO,7500000,1NB0726UQA,30,2026-07-10,2027-03-31,
500,1001,DTT001,DELOITTE TOUCHE TOHMATSU,27AALFD7157J1ZZ,IN,JI,J1,X,CO,DC ACIT (1),197/12-13/26,93.2,2012-09-07,2013-03-31,
500,1024,DTT001,DELOITTE TOUCHE TOHMATSU,27AALFD7157J1ZZ,IN,JP,  ,X,CO,AABCD1147R,0214ZR895H,95.6,2014-11-14,2015-03-31,
500,1024,DTT001,DELOITTE TOUCHE TOHMATSU,27AALFD7157J1ZZ,IN,JI,J1,X,CO,AABCD1147R,0214ZR895H,95.6,2014-11-14,2015-03-31,
500,1022,F0405,FLYING GREEN CARRIERS PVT. LTD.,                  ,IN,CP,  ,X,CO,                ,1AA1019XLZ,87.5,2019-12-02,2020-03-31,
500,1022,F0405,FLYING GREEN CARRIERS PVT. LTD.,                  ,IN,CI,C1,X,CO,                ,1AA1019XLZ,87.5,2019-12-02,2020-03-31,
500,1001,ET067,PROTEK LOGISTICS ( INDIA) LIMITED,27AAGCP0457P1ZX,IN,CI,C1,X,CO,                ,1AA0419OGX,62.5,2019-04-18,2020-03-31,
500,1001,F01771M,22FEET TRIBAL WORLDWIDE PVT. LTD.,27AAACZ3650J1Z4,IN,JP,  ,X,CO,AMT 5000000,1AA0422TJA,65,2022-04-12,2023-03-31,
500,1001,F01771M,22FEET TRIBAL WORLDWIDE PVT. LTD.,27AAACZ3650J1Z4,IN,JI,J1,X,CO,AMT 5000000,1AA0422TJA,65,2022-04-12,2023-03-31,
500,1005,E452,EVERGREEN SHIPPING AGENCY,27AABCE2879H1ZG,IN,CP,C1, ,CO,                ,01,100,2023-04-01,2024-03-31,
500,1001,F00180,FOUNTAINHEAD ENTERTAINMENT PVT. LTD,27AABCO6341C1ZR,IN,CI,  ,X,CO,                ,0218DO100D,75,2018-07-06,2019-03-31,
500,1001,F00180,FOUNTAINHEAD ENTERTAINMENT PVT. LTD,27AABCO6341C1ZR,IN,CP,  , ,CO,                ,0218DO100D,75,2018-07-06,2019-03-31,
500,1001,F5633,FREIGHT SYSTEMS INDIA PVT. LTD.,27AAACF0677K2ZG,IN,CI,C1,X,CO,4100000,1AD0526MBZ,50,2026-05-21,2027-03-31,
500,1001,F5633,FREIGHT SYSTEMS INDIA PVT. LTD.,27AAACF0677K2ZG,IN,CP,C1,X,CO,4100000,1AD0526MBZ,50,2026-05-21,2027-03-31,
500,1001,EEPL53CE,ECCENTRIC ENGINE PVT,27AADCE1135A1ZD,IN,JI,J1,X,CO,20000000,1AF0426ZBP,50,2026-04-28,2027-03-31,
500,1001,DSM63864,MAHINDRA INTEGRATED BUSINESS SOLUTI,27AAGCM9780N1ZK,IN,CI,C1,X,CO,1433439613,1AD0725FHJ,62.5,2025-07-31,2026-03-31,
500,1001,DSM63864,MAHINDRA INTEGRATED BUSINESS SOLUTI,27AAGCM9780N1ZK,IN,JI,J1,X,CO,1222281345,1AD0725FHI,70,2025-07-31,2026-03-31,
500,1001,DSH64763,HANSA RESEARCH GROUP PRIV,27AAACH9516M1Z7,IN,JI,J1,X,CO,7000000,1AD0526NXJ,60,2026-05-22,2027-03-31,
500,9017,FFS047,FRISCA FACILITY SERVICES PVT. LTD.,27AACCF3802A1ZB,IN,CI,C1,X,CO,                ,0216DA915I,42,2016-06-17,2017-03-31,
500,9017,FFS047,FRISCA FACILITY SERVICES PVT. LTD.,27AACCF3802A1ZB,IN,CP,C1,X,CO,                ,0216DA915I,42,2016-06-17,2017-03-31,
500,9017,FABHOTEL01,Casa2 Stays Private Limited,27AAFCC6416Q1Z6,IN,CI,C1,X,CO,                ,1AD0524GUI,87.5,2024-05-08,2025-03-31,
500,1001,FABHOTEL01,Casa2 Stays Private Limited,27AAFCC6416Q1Z6,IN,CI,C1,X,CO,                ,1AG0426KJR,87.5,2026-04-29,2027-03-31,
500,1001,FABHOTEL01,Casa2 Stays Private Limited,27AAFCC6416Q1Z6,IN,CP,C1,X,CO,                ,1AG0426KJR,87.5,2026-04-29,2027-03-31,
500,1007,EY002,ERNST & YOUNG,27AAEFE1763C1ZS,IN,JP,J3,X,OT,                ,1AC0625AQB,40,2025-06-10,2026-03-31,
500,1007,EY002,ERNST & YOUNG,27AAEFE1763C1ZS,IN,JI,J3,X,OT,                ,1AC0625AQB,40,2025-06-10,2026-03-31,
500,1081,EY002,ERNST & YOUNG,27AAEFE1763C1ZS,IN,JI,J3,X,OT,"60,00,000",4NA0626AIE4D263,40,2026-06-25,2027-03-31,
500,1079,EY002,ERNST & YOUNG,27AAEFE1763C1ZS,IN,JI,J3,X,OT,"5,00,00,000",4NA0626AIE4C526,40,2026-06-25,2027-03-31,
500,1001,ETPLMH015,EXPOUND TECHNIVO PVT LTD,27AAECE9971B1ZI,IN,JI,J1,X,CO,19000000,1AC0723XVH,80,2023-07-31,2024-03-31,
500,1001,DSM64938,MAHINDRA LOGISTICS LTD.,27AAFCM2530H1ZO,IN,CI,C1,X,CO,31084341727,1AD0426EMH,60,2026-04-16,2027-03-31,
500,1001,DSM64938,MAHINDRA LOGISTICS LTD.,27AAFCM2530H1ZO,IN,8I,IA,X,CO,866946434,1AD0426EMI,92,2026-04-16,2027-03-31,
500,1001,F279968,FOXTROT INTERACTIVE PRIVATE LIMITED,27AACCF9968R1ZH,IN,CP,C1,X,CO,34400000,1AA1024ATV,50,2024-10-01,2025-03-31,
500,1001,F279968,FOXTROT INTERACTIVE PRIVATE LIMITED,27AACCF9968R1ZH,IN,CI,C1,X,CO,34400000,1AA1024ATV,50,2024-10-01,2025-03-31,
500,1001,EAIPLMH15,EXPONENTIA.AI PVT LTD,27AAGCE1659Q1Z0,IN,JI,J1,X,CO,AMT 9030194,1AC0425MBV,90,2025-04-09,2026-03-31,
500,1001,FI0088,INTERGLOBE HOTELS PVT LTD.,27AABCI2732H1ZS,IN,CI,C1,X,CO,2741307,1AA0525ARA,95,2025-04-30,2026-03-31,
500,1001,FI0088,INTERGLOBE HOTELS PVT LTD.,27AABCI2732H1ZS,IN,CP,C1,X,CO,2741307,1AA0525ARA,95,2025-04-30,2026-03-31,
500,1001,FI0088,INTERGLOBE HOTELS PVT LTD.,27AABCI2732H1ZS,IN,II,I1,X,CO,6216308,1AA0525AZJ,99,2025-04-30,2026-03-31,
500,1001,FI0088,INTERGLOBE HOTELS PVT LTD.,27AABCI2732H1ZS,IN,8I,IA,X,CO,6216308,1AA0525AZJ,99,2025-04-30,2026-03-31,
500,9017,E00172,ELIXIR WEB SOLUTIONS PVT. LTD.,                  ,IN,JI,J1,X,CO,                ,0113GU383D,80,2013-06-05,2014-03-31,
500,1001,FITS01,FLEXING IT SERVICES PVT L,07AACCF3852A1Z3,IN,JI,J1,X,CO,5000000,1AC0425KZJ,84.5,2025-04-08,2026-03-31,
500,1001,DSA63559,ADECCO INDIA PVT LTD,07AABCG3636Q1Z8,IN,JI,J1,X,CO,                ,0417AI573E,92.5,2017-05-05,2018-03-31,
500,1001,DSS63699,SOTC TRAVEL LTD.,07AAGCS6725D2ZD,IN,CI,C1,X,CO,100000000,1AA1223PST,75,2023-12-20,2024-03-31,
500,1001,DSS63699,SOTC TRAVEL LTD.,07AAGCS6725D2ZD,IN,CP,C1,X,CO,100000000,1AA1223PST,75,2023-12-20,2024-03-31,
500,1001,F00014,FLYJAC LOGISTICS PVT.,07AABCF2133M1ZR,IN,CI,C1,X,CO,82274470,1AD0624JGS,5,2024-06-13,2025-03-31,
500,1081,F00014,FLYJAC LOGISTICS PVT.,07AABCF2133M1ZR,IN,CI,C1,X,CO,21867716,1NF0726FMJ,50,2026-07-30,2027-03-31,
500,1001,DSM64927,MAHINDRA LOGISTICS LTD.,07AAFCM2530H1ZQ,IN,CI,C1,X,CO,31084341727,1AD0426EMH,60,2026-04-16,2027-03-31,
500,1001,DSM64927,MAHINDRA LOGISTICS LTD.,07AAFCM2530H1ZQ,IN,8I,IA,X,CO,866946434,1AD0426EMI,92,2026-04-16,2027-03-31,
500,1001,FICCI02,FEDERATION OF INDIAN CHAMBERS OF CO,07AAACF1282E1Z1,IN,CP,C1,X,CO,2736450409,1AG0425ZKY,100,2025-04-28,2026-03-31,
500,1001,FICCI02,FEDERATION OF INDIAN CHAMBERS OF CO,07AAACF1282E1Z1,IN,CI,C1,X,CO,2736450409,1AG0425ZKY,100,2025-04-28,2026-03-31,
500,1001,FICCI02,FEDERATION OF INDIAN CHAMBERS OF CO,07AAACF1282E1Z1,IN,JP,J1,X,CO,29930627,1AG0425ZLB,100,2025-04-28,2026-03-31,
500,1001,FICCI02,FEDERATION OF INDIAN CHAMBERS OF CO,07AAACF1282E1Z1,IN,JI,J1,X,CO,29930627,1AG0425ZLB,100,2025-04-28,2026-03-31,
500,1079,FICCI02,FEDERATION OF INDIAN CHAMBERS OF CO,07AAACF1282E1Z1,IN,CP,C1,X,CO,1AG0425ZKY,2736450409,100,2025-04-28,2026-03-31,
500,1079,FICCI02,FEDERATION OF INDIAN CHAMBERS OF CO,07AAACF1282E1Z1,IN,JI,J1,X,CO,1AG0425ZLB,29930627,100,2025-04-28,2026-03-31,
500,1079,FICCI02,FEDERATION OF INDIAN CHAMBERS OF CO,07AAACF1282E1Z1,IN,JP,J1,X,CO,1AG0425ZLB,29930627,100,2025-04-28,2026-03-31,
500,1079,FICCI02,FEDERATION OF INDIAN CHAMBERS OF CO,07AAACF1282E1Z1,IN,CI,C1,X,CO,1AG0425ZKY,2736450409,100,2025-04-28,2026-03-31,
500,9017,FAB01UP,Casa2 Stays Private Limited,09AAFCC6416Q1Z4,IN,CI,C1,X,CO,                ,1AD0524GUI,87.5,2024-05-08,2025-03-31,
500,1001,DSG64830,GI STAFFING SERVICES PVT LTD.,09AADCG3694A1ZP,IN,CI,C1,X,CO,                ,1AA0321OHO,95,2021-05-01,2022-03-31,
500,1001,DSM64929,MAHINDRA LOGISTICS LTD.,09AAFCM2530H1ZM,IN,CI,C1,X,CO,31084341727,1AD0426EMH,60,2026-04-16,2027-03-31,
500,1001,DSM64929,MAHINDRA LOGISTICS LTD.,09AAFCM2530H1ZM,IN,8I,IA,X,CO,866946434,1AD0426EMI,92,2026-04-16,2027-03-31,
500,1001,DSB65159,BUREAU VERITAS INDIA PRIVATE LIMITE,09AABCB6767B1ZQ,IN,JI,J1,X,CO,7500000,1NB0726UQA,30,2026-07-10,2027-03-31,
500,1001,EBU22809,RETROFIT TECHNOLOGY PRIVATE LTD,10AAHCR1573K1ZG,IN,CI,C1,X,CO,1100000000,1AC0426LLA,82.5,2026-04-13,2027-03-31,
500,1001,EBU22809,RETROFIT TECHNOLOGY PRIVATE LTD,10AAHCR1573K1ZG,IN,CP,C1,X,CO,1100000000,1AC0426LLA,82.5,2026-04-13,2027-03-31,
500,1001,DSM64930,MAHINDRA LOGISTICS LTD.,10AAFCM2530H1Z3,IN,CI,C1,X,CO,31084341727,1AD0426EMH,60,2026-04-16,2027-03-31,
500,1001,DSM64930,MAHINDRA LOGISTICS LTD.,10AAFCM2530H1Z3,IN,8I,IA,X,CO,866946434,1AD0426EMI,92,2026-04-16,2027-03-31,
500,1001,EBU44345,RETROFIT TECHNOLOGY PVT LTD,10AAHCR1573K1ZG,IN,CI,C1,X,CO,1100000000,1AC0426LLA,82.5,2026-04-13,2027-03-31,
500,1021,FA0148,ADIRAJ MANPOWER SERVICES,27AAFCA8122K1ZL,IN,CI,C1,X,CO,                ,0616BJ7731F,50,2017-04-06,2018-03-31,
500,1001,FA0148,ADIRAJ MANPOWER SERVICES,27AAFCA8122K1ZL,IN,CI,C1,X,CO,61738817,1AC0723NZK,50,2023-07-25,2024-03-31,
500,1020,FD0017,DACHSER INDIA PVT LTD,27AACCA7791D1ZM,IN,CI,C1,X,CO,                ,1AJ0523HWT,25,2023-05-24,2024-03-31,
500,1001,EQUIPINFO1,EQUIP INFOTECH PRIVATE LIMITED,27AAECE1716E1Z1,IN,HI,H1,X,CO,0,1AA0719XJN,98.67,2020-04-01,2020-06-30,
500,1001,EQUIPINFO1,EQUIP INFOTECH PRIVATE LIMITED,27AAECE1716E1Z1,IN,JI,J1,X,CO,65324608,1AA0819TUH,98.66,2020-06-25,2021-03-31,
500,9025,EQUIPINFO1,EQUIP INFOTECH PRIVATE LIMITED,27AAECE1716E1Z1,IN,JI,J1,X,CO,                ,0618AX031I,95,2018-07-20,2019-03-31,
500,1001,DST63547,THE AUTOMOTIVE RESEARCH ASSOCIATION,27AAATT1989P1ZL,IN,JI,J3,X,OT,350000000,1AD0526CUH,100,2026-05-19,2027-03-31,
500,1001,DST63547,THE AUTOMOTIVE RESEARCH ASSOCIATION,27AAATT1989P1ZL,IN,JP,J3,X,OT,350000000,1AD0526CUH,100,2026-05-19,2027-03-31,
500,1001,DSTSL105CH,DESIGNTECH SYSTEMS PRIVAT,27AABCD2335F1Z2,IN,JI,J1,X,CO,120097250,1NA0726SQB,66.5,2026-07-06,2027-03-31,
500,1079,DSTSL105CH,DESIGNTECH SYSTEMS PRIVAT,27AABCD2335F1Z2,IN,JI,J1,X,CO,8426700,1NA0726SQD,66.5,2026-07-06,2027-03-31,
500,1005,E021,ARCELORMITTAL NIPPON STEEL INDIA LI,27AAACE1741P1ZH,IN,LI,L1,X,CO,4612649380,1AA0726IIR,60,2026-07-10,2027-03-31,
500,1001,DSY64803,YASHASWI ACEDEMY FOR SKILLS,27AAACY6741P1ZN,IN,CI,C1,X,CO,213222804,1AD0725EUN,100,2025-07-31,2026-03-31,
500,1001,DSV65127,VAY NETWORK SERVICES PRIVATE LIMITE,27AAFCV6085L1ZO,IN,JI,J1,X,CO,2627926,1AA0623NBO,99.9,2023-06-01,2024-03-31,
500,1001,DCJ00103AA,JONES LANG LASALLE PROPERTY,33AAACL2089B1ZZ,IN,JP,  ,X,CO,332748483,1AC0526XFO,65,2026-05-15,2027-03-31,
500,1001,DCJ00103AA,JONES LANG LASALLE PROPERTY,33AAACL2089B1ZZ,IN,JI,J1,X,CO,332748483,1AC0526XFO,65,2026-05-15,2027-03-31,
500,1001,CHESH134,SIESTA HOSPITALITY SERVICES LTD.,27AAJCS4536R1ZJ,IN,8I,IA,X,CO,                ,34/ACIT/C-18(2),50,2012-04-23,2013-03-31,
500,9025,CLPL0764,APOLLO SUPPLY CHAIN PRIVATE LIMITED,18AALCA0748D1ZT,IN,II,I1,X,CO,AALCA0748D,1AF0426DAE,75,2026-04-23,2027-03-31,
500,9025,CLPL0764,APOLLO SUPPLY CHAIN PRIVATE LIMITED,18AALCA0748D1ZT,IN,JI,J1,X,CO,AALCA0748D,1AF0426DAF,75,2026-04-23,2027-03-31,
500,9025,CLPL0764,APOLLO SUPPLY CHAIN PRIVATE LIMITED,18AALCA0748D1ZT,IN,CI,C1,X,CO,AALCA0748D,1AF0426DAD,75,2026-04-23,2027-03-31,
500,1001,DCK00212AA,KRIOS INFO SOLUTIONS PRIV,27AAFCT7273G2Z0,IN,JI,J1,X,CO,180000000,1NC0726CFF,75,2026-07-14,2027-03-31,
500,9025,CLPL0524,PIMPRI CHINCHWAD MATHADI AND UNPROT,                  ,IN,CI,C4,X,OT,AAAAP4829M,1NA0626GPZ,100,2026-06-04,2027-03-31,
500,1001,D5027,DAGA LOGISTICS PRIVATE LTD,                  ,IN,CI,C1,X,CO,                ,0813FH062I,50,2013-09-10,2014-03-31,
500,1005,D0623,DELOITTE HASKINS & SELLS,24AABFD7919A1ZW,IN,JI,J3,X,OT,                ,197/AABFD7919A/17-18/6,72.5,2017-09-02,2018-03-31,
500,1001,D0623,DELOITTE HASKINS & SELLS,24AABFD7919A1ZW,IN,JI,J3,X,OT,                ,1118AS146J,45,2018-10-16,2019-03-31,
500,1006,D0623,DELOITTE HASKINS & SELLS,24AABFD7919A1ZW,IN,JI,J3,X,OT,                ,197/AABFD7919A/17-18/6,72.5,2017-09-02,2018-03-31,
500,1019,D0623,DELOITTE HASKINS & SELLS,24AABFD7919A1ZW,IN,JI,J3,X,OT,"10,50,000",1118AS151J,45,2018-11-26,2019-03-31,
500,1024,D0623,DELOITTE HASKINS & SELLS,24AABFD7919A1ZW,IN,JI,J3,X,OT,AABFD7919A,1118AS153F,45,2018-10-11,2019-03-31,
500,1001,D0623,DELOITTE HASKINS & SELLS,24AABFD7919A1ZW,IN,JP,  ,X,OT,                ,1118AS146J,45,2018-10-16,2019-03-31,
500,1001,DCI00181AA,INTERACTIVE AVENUES PRIVATE,27AACCI0954J1ZI,IN,CP,  , ,CO,1476824000,1ND0726ETP,25,2026-07-24,2027-03-31,
500,1001,DCI00181AA,INTERACTIVE AVENUES PRIVATE,27AACCI0954J1ZI,IN,CI,C1,X,CO,1476824000,1ND0726ETP,25,2026-07-24,2027-03-31,
500,1001,DCI00181AA,INTERACTIVE AVENUES PRIVATE,27AACCI0954J1ZI,IN,JI,J1,X,CO,58622000,1ND0726EYS,70,2026-07-24,2027-03-31,
500,1001,DCI00181AA,INTERACTIVE AVENUES PRIVATE,27AACCI0954J1ZI,IN,JP,J1,X,CO,58622000,1ND0726EYS,70,2026-07-24,2027-03-31,
500,1079,DCI00181AA,INTERACTIVE AVENUES PRIVATE,27AACCI0954J1ZI,IN,CI,C1,X,CO,31189000,1ND0726EUX,25,2026-07-24,2027-03-31,
500,1001,CSPLD101,CHECKMATE SERVICES PVT LTD,06AAACC8465A1ZZ,IN,CI,C1,X,CO,1017000,1AC0520AXO,60,2020-09-19,2021-03-31,
500,1067,CSPLD101,CHECKMATE SERVICES PVT LTD,06AAACC8465A1ZZ,IN,CI,C4,X,CO,                ,1AE0422OHB,75,2022-04-29,2023-03-31,
500,9025,CLPL0797,TEAMLEASE HRTECH PRIVATE LIMITED,29AACCC7527R1ZX,IN,JI,J1,X,CO,AACCC7527R,1AB0426LNN,80,2026-04-09,2027-03-31,
500,1001,DCH00180AA,HANSA CUSTOMER EQUITY,27AADCC3122F1Z6,IN,CI,C1,X,CO,10000000,1AA0726HLR,50,2026-07-07,2027-03-31,
500,1001,DCH00180AA,HANSA CUSTOMER EQUITY,27AADCC3122F1Z6,IN,JI,J1,X,CO,427800000,1AA0726HLP,76.5,2026-07-07,2027-03-31,
500,1001,DCH00180AA,HANSA CUSTOMER EQUITY,27AADCC3122F1Z6,IN,JP,J1,X,CO,427800000,1AA0726HLP,76.5,2026-07-07,2027-03-31,
500,1081,DCH00180AA,HANSA CUSTOMER EQUITY,27AADCC3122F1Z6,IN,JI,J1,X,CO,50000000,1AA0726HLT,76.5,2026-07-07,2027-03-31,
500,1079,DCH00180AA,HANSA CUSTOMER EQUITY,27AADCC3122F1Z6,IN,JI,J1,X,CO,63960000,1AA0726HLS,76.5,2026-07-07,2027-03-31,
500,1081,DCH00180AA,HANSA CUSTOMER EQUITY,27AADCC3122F1Z6,IN,JP,J1,X,CO,50000000,1AA0726HLT,76.5,2026-07-07,2027-03-31,
500,1021,CS0347P,"SHAPOORJI PALLONJI & CO. LTD.,",27AAACS6994C1Z5,IN,CI,C1,X,CO,1%,0218DX369F,50,2018-07-18,2019-03-31,
500,1001,D0185,DTDC EXPRESS LTD,                  ,IN,CI,C1,X,CO,47000000,1AF0525EER,37.5,2025-05-22,2026-03-31,
500,9018,CT0969,TRISTAR OCEANIC SERVICES PVT. LTD,27AAACT2922P1Z1,IN,CP,C1, ,CO,                ,1AD0622MOI,50,2022-06-17,2023-03-31,
500,9018,CT0969,TRISTAR OCEANIC SERVICES PVT. LTD,27AAACT2922P1Z1,IN,CI,C1,X,CO,                ,1AD0622MOI,50,2022-06-17,2023-03-31,
500,1081,DCM00420AA,Mahindra Integrated Business,27AAGCM9780N1ZK,IN,JI,J1,X,CO,11848236,1AD0725FIL,70,2025-07-31,2026-03-31,
500,1081,DCM00420AA,Mahindra Integrated Business,27AAGCM9780N1ZK,IN,JP,J1, ,CO,11848236,1AD0725FIL,70,2025-07-31,2026-03-31,
500,1081,DCM00420AA,Mahindra Integrated Business,27AAGCM9780N1ZK,IN,CP,C1, ,CO,112621764,1AD0725FIM,62.5,2025-07-31,2026-03-31,
500,1081,DCM00420AA,Mahindra Integrated Business,27AAGCM9780N1ZK,IN,CI,C1,X,CO,112621764,1AD0725FIM,62.5,2025-07-31,2026-03-31,
500,1001,DCD00203AA,DMC FINISHING SCHOOL PRIVATE,27AAKCD4723A2ZY,IN,CI,C1,X,CO,953528000,1AD0526EYR,25,2026-05-19,2027-03-31,
500,1005,CWCNSL01,DP World Multimodal Logistics Pvt L,27AAACC5849C3ZR,IN,CP,C1,X,CO,                ,1AD0621KHH,85,2021-06-15,2022-03-31,
500,1037,CI0505,"THE REGISTRAR, IIT BOMBAY",27AAATI1446A1Z7,IN,CI,C4,X,OT,                ,6227/01-14,100,2014-07-23,2015-03-31,
500,1037,CI0505,"THE REGISTRAR, IIT BOMBAY",27AAATI1446A1Z7,IN,CP,  ,X,OT,                ,6227/01-14,100,2014-07-23,2015-03-31,
500,1001,CHSHP105CH,CHETTINAD SUPER SPECIALITY HOSPITAL,                  ,IN,JI,J3,X,OT,1500000,1AI0524TON,100,2024-05-28,2025-03-31,
500,1001,CIPLMH015,CNERGYIS INFOTECH INDIA P,27AAACF4961A1ZZ,IN,JI,J1,X,CO,1262000,1AE0720GWI,86.67,2021-01-01,2021-12-31,
500,1001,CLPL0637,BOMBAY INTEGRATED SECURITY (INDIA),27AABCB5803G1ZZ,IN,CI,C1,X,CO,8335661,1AA0924ZGQ,5,2024-09-24,2025-03-31,
500,1079,DADSPL1,Amazon Digital Services Private Lim,27AADCJ1977B1ZO,IN,JI,J1,X,CO,91128000,1AC0326LBF,90,2026-04-01,2027-03-31,
500,9025,CLPL0605,APOLLO SUPPLY CHAIN PRIVATE LIMITED,06AALCA0748D1ZY,IN,CI,C1,X,CO,AALCA0748D,1AF0426DAD,75,2026-04-23,2027-03-31,
500,9025,CLPL0605,APOLLO SUPPLY CHAIN PRIVATE LIMITED,06AALCA0748D1ZY,IN,JI,J1,X,CO,AALCA0748D,1AF0426DAF,75,2026-04-23,2027-03-31,
500,9025,CLPL0605,APOLLO SUPPLY CHAIN PRIVATE LIMITED,06AALCA0748D1ZY,IN,II,I1,X,CO,AALCA0748D,1AF0426DAE,75,2026-04-23,2027-03-31,
500,1022,D0113H,DELHI GUJRAT FLEET CARRIER PVT LTD,                  ,IN,CP,  ,X,CO,                ,1AB0719HET,77.5,2019-08-08,2020-03-31,
500,1022,D0113H,DELHI GUJRAT FLEET CARRIER PVT LTD,                  ,IN,CI,C1,X,CO,                ,1AB0719HET,77.5,2019-08-08,2020-03-31,
500,1001,CMA113,AFL DACHSER PRIVATE LIMITED,                  ,IN,CP,C1,X,CO,129544037,1AB0526LDF,12.5,2026-05-12,2027-03-31,
500,1001,CMA113,AFL DACHSER PRIVATE LIMITED,                  ,IN,CI,C1,X,CO,129544037,1AB0526LDF,12.5,2026-05-12,2027-03-31,
500,1001,CP0005H,PCS TECHNOLOGY LIMITED,                  ,IN,CI,C1,X,CO,MUMM01693G,0614EI402H,75,2014-04-04,2015-03-31,
500,1001,CP0005H,PCS TECHNOLOGY LIMITED,                  ,IN,JI,J1,X,CO,MUMM01693G,0614EI111E,87.5,2014-04-04,2015-03-31,
500,9025,DCT00472AB,THE AUTOMOTIVE RESEARCH,27AAATT1989P1ZL,IN,JP,J3,X,OT,AAATT1989P,1AD0526CWB,100,2026-05-19,2027-03-31,
500,9025,DCT00472AB,THE AUTOMOTIVE RESEARCH,27AAATT1989P1ZL,IN,JI,J3,X,OT,AAATT1989P,1AD0526CWB,100,2026-05-19,2027-03-31,
500,1001,DC074,CAPARO ENGINEERING INDIA LTD.,27AABCC7862N1Z4,IN,CI,C1,X,CO,11900000,1AC0624NMP,87.5,2024-06-10,2025-03-31,
500,9025,CLPL0079,PAYU PAYMENTS PRIVATE LIMITED,06AAJCS9091D1Z4,IN,JI,J1, ,CO,AAJCS9091D,1AC0519NTL,98,2020-03-31,2020-03-31,
500,9025,CLPL0079,PAYU PAYMENTS PRIVATE LIMITED,06AAJCS9091D1Z4,IN,HI,H1,X,CO,AAJCS9091D,1AC0519NDM,98,2020-01-31,2020-03-31,
500,1079,CLPL0079,PAYU PAYMENTS PRIVATE LIMITED,06AAJCS9091D1Z4,IN,JI,J1,X,CO,2000000,1AA0526XJK,98.9,2026-05-08,2027-03-31,
500,1019,CRPL01MTBL,CRESCENT ROADWAYS PVT LTD,27AABCC9003F1Z0,IN,CI,C1,X,CO,"17,50,000",0518AG024A,50,2018-11-26,2019-03-31,
500,1001,D00177,DESERT HAWKS EX SERVICEMAN WELFARE,                  ,IN,CI,C3,X,OT,194C,1212AC639J,100,2012-05-30,2013-03-31,
500,1021,CT0012,TCE CONSULTING ENGINEERS LTD.,                  ,IN,JI,J1,X,CO,                ,2013-14/7,55,2013-04-02,2014-03-31,
500,1001,DID00155AA,DACHSER INDIA PVT LTD,27AACCA7791D1ZM,IN,CP,C1,X,CO,129544037,1AB0526LDF,12.5,2026-05-12,2027-03-31,
500,1001,DID00155AA,DACHSER INDIA PVT LTD,27AACCA7791D1ZM,IN,CI,C1,X,CO,129544037,1AB0526LDF,12.5,2026-05-12,2027-03-31,
500,1001,DIJ00103AB,JONES LANG LASALLE PROPERTY,27AAACL2089B1ZS,IN,JI,J1,X,CO,332748483,1AC0526XFO,65,2026-05-15,2027-03-31,
500,1001,DIQ00013AA,QUALITYKIOSK TECHNOLOGIES,27AAACQ0609C1ZZ,IN,JI,J1,X,CO,35000000,1AD0426MAP,59.5,2026-04-17,2027-03-31,
500,1081,DIQ00013AA,QUALITYKIOSK TECHNOLOGIES,27AAACQ0609C1ZZ,IN,JI,J1,X,CO,3500000,1AD0426MDK,59.5,2026-04-17,2027-03-31,
500,1001,DIS00552AA,SUNDHARAMS PRIVATE LIMITED,33AAACS4949P1ZU,IN,CP,  , ,CO,16000000,1NB0626BVD,25,2026-06-17,2027-03-31,
500,1001,DIS00552AA,SUNDHARAMS PRIVATE LIMITED,33AAACS4949P1ZU,IN,CI,C1,X,CO,16000000,1NB0626BVD,25,2026-06-17,2027-03-31,
500,1001,DID00210AC,DELHIVERY PRIVATE LIMITED,33AAPCS9575E1ZU,IN,CI,C1,X,CO,476368248,4AC0326DIZ4A328,95,2026-04-01,2027-03-31,
500,1001,DIM01158AN,MLL EXPRESS SERVICES PRIVATE,10AACCV3947L1Z9,IN,CI,C1,X,CO,1800000000,1AD0526PNP,87.5,2026-05-25,2027-03-31,
500,1081,DIM01158AN,MLL EXPRESS SERVICES PRIVATE,10AACCV3947L1Z9,IN,CI,C1,X,CO,"15,00,00,000",1AD0526PNS,87.5,2026-05-25,2027-03-31,
500,1001,DIG00431AC,GATI EXPRESS & SUPPLY CHAIN,03AADCG2096A1Z7,IN,CI,C1,X,CO,100000000,1AG0525ISM,95,2025-05-29,2026-03-31,
500,1001,DIG00431AD,GATI KINTETSU EXPRESS PRIVATE,29AADCG2096A1ZT,IN,CI,C1,X,CO,100000000,1AG0525ISM,95,2025-05-29,2026-03-31,
500,1081,DIG00431AD,GATI KINTETSU EXPRESS PRIVATE,29AADCG2096A1ZT,IN,CI,C1,X,CO,28600000,1AG0525IUZ,95,2025-05-29,2026-03-31,
500,1063,DHLE35010,DHL EXPRESS (INDIA) PVT. LTD.,27AABCD3611Q1ZI,IN,CP,C1,X,CO,                ,1AC0425LYY,32.5,2025-04-09,2026-03-31,
500,1001,DIM00398AF,M s. Mahindra Logistic Limited,27AAFCM2530H1ZO,IN,CP,  ,X,CO,31084341727,1AD0426EMH,60,2026-04-16,2027-03-31,
500,1001,DIM00398AF,M s. Mahindra Logistic Limited,27AAFCM2530H1ZO,IN,CI,C1,X,CO,31084341727,1AD0426EMH,60,2026-04-16,2027-03-31,
500,1081,DIM00420AB,Mahindra Integrated Business,27AAGCM9780N1ZK,IN,JP,J1, ,CO,11848236,1AD0725FIL,70,2025-07-31,2026-03-31,
500,1081,DIM00420AB,Mahindra Integrated Business,27AAGCM9780N1ZK,IN,CP,C1, ,CO,112621764,1AD0725FIM,62.5,2025-07-31,2026-03-31,
500,1081,DIM00420AB,Mahindra Integrated Business,27AAGCM9780N1ZK,IN,CI,C1,X,CO,112621764,1AD0725FIM,62.5,2025-07-31,2026-03-31,
500,1079,DIM00420AB,Mahindra Integrated Business,27AAGCM9780N1ZK,IN,JI,J1,X,CO,2789382109,1AD0725FHX,70,2025-07-31,2026-03-31,
500,1081,DIM00420AB,Mahindra Integrated Business,27AAGCM9780N1ZK,IN,JI,J1,X,CO,11848236,1AD0725FIL,70,2025-07-31,2026-03-31,
500,1079,DIM00420AB,Mahindra Integrated Business,27AAGCM9780N1ZK,IN,CI,C1,X,CO,515282400,1AD0725FHY,62.5,2025-07-31,2026-03-31,
500,1001,DIM00420AB,Mahindra Integrated Business,27AAGCM9780N1ZK,IN,CP,  , ,CO,99103691,1AD0725FHJ,62.5,2025-07-31,2026-03-31,
500,1001,DIM00420AB,Mahindra Integrated Business,27AAGCM9780N1ZK,IN,CI,C1,X,CO,99103691,1AD0725FHJ,62.5,2025-07-31,2026-03-31,
500,1001,DIM00420AB,Mahindra Integrated Business,27AAGCM9780N1ZK,IN,JP,  , ,CO,33847168,1AD0725FHI,70,2025-07-31,2026-03-31,
500,1001,DIM00420AB,Mahindra Integrated Business,27AAGCM9780N1ZK,IN,JI,J1,X,CO,33847168,1AD0725FHI,70,2025-07-31,2026-03-31,
500,1081,DIS00681AA,SHARPSELL TECHNOLOGY,27AAFCH5205E1ZX,IN,JI,J1,X,CO,14030000,1NC0626BQR,90,2026-06-30,2027-03-31,
500,1001,DIM01158AC,MLL EXPRESS SERVICES PRIVATE,01AACCV3947L1Z8,IN,CI,C1,X,CO,1800000000,1AD0526PNP,87.5,2026-05-25,2027-03-31,
500,1081,DIM01158AC,MLL EXPRESS SERVICES PRIVATE,01AACCV3947L1Z8,IN,CI,C1,X,CO,"15,00,00,000",1AD0526PNS,87.5,2026-05-25,2027-03-31,
500,1001,DIK00212AA,KRIOS INFO SOLUTIONS PRIV,27AAFCT7273G2Z0,IN,JP,  ,X,CO,180000000,1NC0726CFF,75,2026-07-14,2027-03-31,
500,1001,DIK00212AA,KRIOS INFO SOLUTIONS PRIV,27AAFCT7273G2Z0,IN,JI,J1,X,CO,180000000,1NC0726CFF,75,2026-07-14,2027-03-31,
500,1070,DEL25476B,DELHIVERY LIMITED,06AAPCS9575E1ZR,IN,CI,C1,X,CO,                ,4AC0326DIZ,95,2026-04-01,2027-03-31,
500,1001,DIM01158AE,MLL EXPRESS SERVICES PRIVATE,33AACCV3947L1Z1,IN,CI,C1,X,CO,1800000000,1AD0526PNP,87.5,2026-05-25,2027-03-31,
500,1081,DIM01158AE,MLL EXPRESS SERVICES PRIVATE,33AACCV3947L1Z1,IN,CI,C1,X,CO,"15,00,00,000",1AD0526PNS,87.5,2026-05-25,2027-03-31,
500,1001,DIP00333AA,PARAMTECH CAD SERVICES,27AAHCP6576C1Z7,IN,JI,J1,X,CO,                ,1NA0826DJV,84,2026-08-06,2027-03-31,
500,1081,DIP00333AA,PARAMTECH CAD SERVICES,27AAHCP6576C1Z7,IN,JI,J1,X,CO,36241947,1NA0826DJW,84,2026-08-06,2027-03-31,
500,1001,DIP00333AA,PARAMTECH CAD SERVICES,27AAHCP6576C1Z7,IN,JP,  , ,CO,                ,1NA0826DJV,84,2026-08-06,2027-03-31,
500,1001,DIH00185AA,MOTOWALKS TECHNOLOGIES PRIVATE LIMI,27AADCS9617D1ZA,IN,CI,C1,X,CO,1AD0426XBN,9000000,75,2026-04-20,2027-03-31,
500,1079,DIH00185AA,MOTOWALKS TECHNOLOGIES PRIVATE LIMI,27AADCS9617D1ZA,IN,JI,J1,X,CO,10800000,1AD0426XBO,75,2026-04-20,2027-03-31,
500,1081,DIH00185AA,MOTOWALKS TECHNOLOGIES PRIVATE LIMI,27AADCS9617D1ZA,IN,CI,C1,X,CO,100000,1AD0426XBP,75,2026-04-20,2027-03-31,
500,1001,DDM00136AA,MTC BUSINESS PRIVATE LIMITED,27AACCM4795M1ZT,IN,LI,L1,X,CO,                ,1NH0826UIT,50,2026-08-19,2027-03-31,
500,1004,DELOPUNE,DELOITTE HASKINS & SELLS,27AABFD7919A1ZQ,IN,JI,J3,X,OT,                ,1AB0720VSU,13.34,2020-07-08,2021-03-31,
500,1024,DELOPUNE,DELOITTE HASKINS & SELLS,27AABFD7919A1ZQ,IN,JI,J3,X,OT,AABFD7919A,1118AS153F,45,2018-10-11,2019-03-31,
500,1001,DIM00398AO,MAHINDRA LOGISTICS LTD.,03AAFCM2530H1ZY,IN,CI,C1,X,CO,31084341727,1AD0426EMH,60,2026-04-16,2027-03-31,
500,1001,DIM00398AO,MAHINDRA LOGISTICS LTD.,03AAFCM2530H1ZY,IN,CP,C1, ,CO,31084341727,1AD0426EMH,60,2026-04-16,2027-03-31,
500,1001,DIM00398AO,MAHINDRA LOGISTICS LTD.,03AAFCM2530H1ZY,IN,JI,J1,X,CO,2070249434,1AD0426EMJ,92,2026-04-16,2027-03-31,
500,1001,DIS00659AA,SIS LIMITED,05AAECS3538A1ZT,IN,CI,C1,X,CO,120068853,4AB0426EVC4C114,99.5,2026-04-06,2027-03-31,
500,1001,DIS00659AA,SIS LIMITED,05AAECS3538A1ZT,IN,CP,C1, ,CO,120068853,4AB0426EVC4C114,99.5,2026-04-06,2027-03-31,
500,1001,DII00204AA,INFRABEAT TECHNOLOGIES,27AADCI2231B1Z8,IN,JI,J1,X,CO,6000000,1AH0425EJC,81,2025-04-29,2026-03-31,
500,1001,DDV00035AA,VODAFONE IDEA LIMITED,33AAACB2100P1Z4,IN,CI,C1,X,CO,467804953,1AE0425XCA,87.5,2025-04-17,2026-03-31,
500,1001,DDV00035AA,VODAFONE IDEA LIMITED,33AAACB2100P1Z4,IN,II,I2,X,CO,377450446,1AE0425XCB,87.5,2025-04-17,2026-03-31,
500,1001,DID00362AD,DUSTERS TOTAL SOLUTIONS,33AACCD5989Q1ZV,IN,CI,C1,X,CO,66544756,4AB0326QIP4A066,99.5,2026-04-01,2027-03-31,
500,1001,DID00362AD,DUSTERS TOTAL SOLUTIONS,33AACCD5989Q1ZV,IN,CP,C1, ,CO,66544756,4AB0326QIP4A066,99.5,2026-04-01,2027-03-31,
500,1001,DID00210AG,Delhivery Pvt. Ltd,06AAPCS9575E1ZR,IN,CI,C1,X,CO,476368248,4AC0326DIZ4A328,95,2026-04-01,2027-03-31,
500,1001,DIH00180AA,HANSA CUSTOMER EQUITY PRI,27AADCC3122F1Z6,IN,CI,C1,X,CO,10000000,1AA0726HLR,50,2026-07-07,2027-03-31,
500,1001,DIH00180AA,HANSA CUSTOMER EQUITY PRI,27AADCC3122F1Z6,IN,JI,J1,X,CO,427800000,1AA0726HLP,76.5,2026-07-07,2027-03-31,
500,1001,DIF00282AA,FM INDIA SUPPLY CHAIN PRIVATE LIMIT,27AACCF6938K1Z7,IN,CI,C1,X,CO,33877535,1AG0525DYV,95,2025-05-27,2026-03-31,
500,9025,DIF00282AA,FM INDIA SUPPLY CHAIN PRIVATE LIMIT,27AACCF6938K1Z7,IN,CI,C1,X,CO,AACCF6938K,4AD0526XTE4A042,75,2026-05-29,2027-03-31,
500,1001,DIB00155AN,BHARTI AIRTEL LIMITED,05AAACB2894G1ZT,IN,CI,C1,X,CO,681819,1AC0325HPR,90,2025-04-01,2026-03-31,
500,1081,DIB00155AN,BHARTI AIRTEL LIMITED,05AAACB2894G1ZT,IN,JP,J1,X,CO,10734313,1AB0325RLQ,98,2025-04-01,2026-03-31,
500,1081,DIB00155AN,BHARTI AIRTEL LIMITED,05AAACB2894G1ZT,IN,JI,J1,X,CO,10734313,1AB0325RLQ,98,2025-04-01,2026-03-31,
500,1001,DDR00178AA,RELIANCE JIO INFOCOMM LIMITED,27AABCI6363G1ZJ,IN,JI,J1, ,CO,                ,1AB0426UVW,99,2026-04-09,2027-03-31,
500,1001,DIM01158AT,MLL EXPRESS SERVICES PRIVATE,20AACCV3947L1Z8,IN,CI,C1,X,CO,1800000000,1AD0526PNP,87.5,2026-05-25,2027-03-31,
500,1081,DIM01158AT,MLL EXPRESS SERVICES PRIVATE,20AACCV3947L1Z8,IN,CI,C1,X,CO,"15,00,00,000",1AD0526PNS,87.5,2026-05-25,2027-03-31,
500,1079,DIA00934AA,ACTEVIA TECHNOLOGY SERVICES,29AAUCA3130C1ZT,IN,JI,J1,X,CO,10000000,1AB0326EUU,50,2026-04-01,2027-03-31,
500,9025,DIA01154AF,APOLLO SUPPLY CHAIN PRIVATE LIMITED,29AALCA0748D1ZQ,IN,II,I1,X,CO,AALCA0748D,1AF0426DAE,75,2026-04-23,2027-03-31,
500,9025,DIA01154AF,APOLLO SUPPLY CHAIN PRIVATE LIMITED,29AALCA0748D1ZQ,IN,CI,C1,X,CO,AALCA0748D,1AF0426DAD,75,2026-04-23,2027-03-31,
500,9025,DIA01154AF,APOLLO SUPPLY CHAIN PRIVATE LIMITED,29AALCA0748D1ZQ,IN,JI,J1,X,CO,AALCA0748D,1AF0426DAF,75,2026-04-23,2027-03-31,
500,1001,DID00371AA,Dassault Systemes India Pvt Ltd,29AACCD7672A8ZI,IN,JI,J1,X,CO,                ,1NC0726NSM,87,2026-07-17,2027-03-31,
500,1001,DID00371AA,Dassault Systemes India Pvt Ltd,29AACCD7672A8ZI,IN,JP,J1,X,CO,                ,1NC0726NSM,87,2026-07-17,2027-03-31,
500,1079,DID00371AA,Dassault Systemes India Pvt Ltd,29AACCD7672A8ZI,IN,JI,J1,X,CO,101918936,1AC0625EYK,56,2025-06-11,2026-03-31,
500,1081,DID00371AA,Dassault Systemes India Pvt Ltd,29AACCD7672A8ZI,IN,JI,J1,X,CO,96739212,1NC0726NTN,87,2026-07-17,2027-03-31,
500,1001,UEPL1ZZ,UPGRAD EDUCATION PRIVATE L,27AAECD4879M1ZZ,IN,JI,J1,X,CO,110000000,4AA0526NTJ4A008,80,2026-05-06,2027-03-31,
500,9025,VHO2200027,AUTHBRIDGE RESEARCH SERVICES PRIVAT,06AAFCA3384H1ZQ,IN,JI,J1,X,CO,AAFCA3384H,1NB0526MEC,80,2026-05-29,2027-03-31,
500,9023,VHO2200120,AWFIS SPACE SOLUTION PVT.LTD,19AANCA1175G1ZK,IN,CI,C1,X,CO,                ,1AD0525LPX,95,2025-05-14,2026-03-31,
500,9023,VHO2200120,AWFIS SPACE SOLUTION PVT.LTD,19AANCA1175G1ZK,IN,II,I1,X,CO,                ,1AD0525LPW,99,2025-05-14,2026-03-31,
500,9023,VHO2200157,Grey Swift Private Limited,06AAGCG5872M1Z3,IN,JI,J1,X,CO,                ,1AF0425VRC,97.5,2025-04-22,2025-12-31,
500,9023,VHO2300191,EQUENTIA SCF TECHNOLOGIES PRIVATE L,27AAECE5709P1Z5,IN,JI,J5,X,CO,                ,1AD0524HRO,90,2024-05-08,2025-03-31,
500,9033,VEN001035,BHARTI AIRTEL LIMITED,27AAACB2894G1ZN,IN,CI,C1,X,CO,                ,1AC0325BQX,90,2025-04-01,2026-03-31,
500,9033,VEN004672,APOLLO HEALTH AND LIFESTYLE LIMITED,36AADCA0733E1Z8,IN,JI,J1,X,CO,                ,1AA0925DJB,99,2025-09-08,2026-03-31,
500,9033,VEN004994,upGrad Education Private Limited,27AAECD4879M1ZZ,IN,JI,J5,X,CO,                ,4AA0526NTI,75,2026-05-06,2027-03-31,
500,9033,VEN004994,upGrad Education Private Limited,27AAECD4879M1ZZ,IN,AI,A1,X,CO,                ,1AC0624HNN,90,2024-06-08,2025-03-31,
500,9033,VEN003033,Spectrum Talent Managment Pvt Ltd,09AARCS4776M1Z9,IN,CI,C1,X,CO,                ,1AA0426XCL,75,2026-04-02,2027-03-31,
500,9033,VEN001031,Mahindra Integrated,27AAGCM9780N1ZK,IN,CI,C1,X,CO,                ,1AD0725FJD,62.5,2025-07-31,2026-03-31,
500,1001,VNSPLMH15,VAY NETWORK SERVICES PVT LTD,27AAFCV6085L1ZO,IN,JI,J5,X,CO,2890719,1AF0524NHP,87.5,2024-05-16,2025-03-31,
500,9023,VHO2400063,WORK EASY SPACE SOLUTIONS PRIVATE L,33AACCW5102A1Z4,IN,II,I1,X,CO,                ,1AA0426WJL,70,2026-04-02,2026-12-31,
500,1080,VD01289,Yotta Data Services Private Limited,27AABCY5982F1ZY,IN,JI,J5,X,CO,                ,1AC0326BAI,0.75,2026-04-01,2027-03-31,
500,9023,VHO2500018,AWFIS SPACE SOLUTIONS LIMITED,29AANCA1175G1ZJ,IN,CI,C1,X,CO,                ,1AD0525LPX,95,2025-05-14,2026-03-31,
500,9023,VHO2500018,AWFIS SPACE SOLUTIONS LIMITED,29AANCA1175G1ZJ,IN,II,I1,X,CO,                ,1AA0426OFC,99,2026-04-01,2027-03-31,
500,1019,USUNT0101,SYNISE TECHNNOLOGIES LIMI,27AACCA4575B1ZY,IN,JI,J1,X,CO,                ,0612CP337D,90,2012-07-02,2013-03-31,
500,1001,UIPL170417,UMBRELLA INFOCARE PVT. LTD.,07AABCU5163A1ZP,IN,JI,J1,X,CO,                ,0117BR786B,99.5,2017-05-09,2018-03-31,
500,1001,UPA0024101,SECURITY & INTELLIGENCE SERVICES (I,09AAECS3538A1ZL,IN,CI,C1,X,CO,475590,1AA0520WMB,99.33,2020-05-14,2021-03-31,
500,1022,UPA0024101,SECURITY & INTELLIGENCE SERVICES (I,09AAECS3538A1ZL,IN,CP,  ,X,CO,                ,1AD0519MPE,99.5,2019-06-10,2020-03-31,
500,1022,UPA0024101,SECURITY & INTELLIGENCE SERVICES (I,09AAECS3538A1ZL,IN,CI,C1,X,CO,                ,1AD0519MPE,99.5,2019-06-10,2020-03-31,
500,1022,UPA0043701,FLYING GREEN CARRIERS PVT. LTD.,09AAACF9272E1ZJ,IN,CP,  ,X,CO,                ,1AA1019XLZ,87.5,2019-12-02,2020-03-31,
500,1022,UPA0043701,FLYING GREEN CARRIERS PVT. LTD.,09AAACF9272E1ZJ,IN,CI,C1,X,CO,                ,1AA1019XLZ,87.5,2019-12-02,2020-03-31,
500,1001,V196A,VODAFONE MOBILE SERVICES LTD,33AAACS4457Q2ZW,IN,JI,J1,X,CO,4479275,1AF0521CYA,90,2021-05-25,2022-03-31,
500,1001,V196A,VODAFONE MOBILE SERVICES LTD,33AAACS4457Q2ZW,IN,CI,C1,X,CO,AMT 2334807,1AE0423UAO,75,2023-04-25,2024-03-31,
500,1012,UES001,ULTIMEDIA E-SOLUTIONS PVT LTD,27AAACU3773B2ZH,IN,CI,C1,X,CO,                ,197,50,2018-06-27,2019-03-31,
500,1001,UES001,ULTIMEDIA E-SOLUTIONS PVT LTD,27AAACU3773B2ZH,IN,JI,J1,X,CO,DCIT(TDS)-3(1),0215ET566I,84.6,2015-11-10,2016-03-31,
500,1024,V0658,VANS SCIENTIFIC INFORMATION,                  ,IN,JP,  ,X,CO,AADCV7818F,0214YS876I,89,2014-07-25,2014-09-29,
500,1024,V0658,VANS SCIENTIFIC INFORMATION,                  ,IN,JI,J1,X,CO,AADCV7818F,0214YS876I,89,2014-07-25,2014-09-29,
500,1001,UI0015,UNIKEN INDIA PVT LTD,                  ,IN,JI,J1,X,CO,                ,0616BE690I,100,2016-05-18,2017-03-31,
500,9023,VHO1700688,KOENIG SOLUTIONS LTD,                  ,IN,JI,J1,X,CO,                ,2017AB982E,5,2017-08-03,2018-03-31,
500,1037,MRVDS00078,PLUXEE INDIA PRIVATE LIMI,27AALCS9822Q1ZC,IN,CI,C1,X,CO,                ,0211FL378E,72,2011-05-16,2012-03-31,
500,1037,MRVDS00078,PLUXEE INDIA PRIVATE LIMI,27AALCS9822Q1ZC,IN,CP,  ,X,CO,                ,0211FL378E,72,2011-05-16,2012-03-31,
500,1001,N00382,NETWORK 18 MEDIA AND INVESTMENT LTD,27AABCS2472G1ZF,IN,CI,C1,X,CO,4568182,1AE0422TOE,97.5,2022-04-29,2023-03-31,
500,1001,MSBTIPL01,TAJONLINE INDIA PVT LTD,27AABCT5643A1ZN,IN,JI,J1,X,CO,7000000,1AF0524HKJ,80,2024-05-16,2025-03-31,
500,1001,MSBTIPL01,TAJONLINE INDIA PVT LTD,27AABCT5643A1ZN,IN,HI,H1,X,CO,100000000,1AF0524HKI,50,2024-05-16,2025-03-31,
500,1001,MSBATK01,A. T. KEARNEY LTD,27AADCA0861H1ZW,IN,5I,54,X,CO,149860000,1AA1020LIK,50,2020-10-13,2021-03-31,
500,1001,MR00102,RENTWORKS INDIA PVT LTD,                  ,IN,IP,  , ,CO,DCIT(TDS)3(2)MUM,0210BC5251,70,2010-04-29,2011-01-31,
500,1001,MR00102,RENTWORKS INDIA PVT LTD,                  ,IN,II,I5,X,CO,DCIT(TDS)3(2)MUM,0210BC5251,70,2010-04-29,2011-01-31,
500,1001,MT0003,TUV INDIA PVT.LTD.,27AAACT2209D2ZT,IN,JI,J1,X,CO,3000000,1AD0422JYA,50,2022-04-26,2023-03-31,
500,1020,MT0003,TUV INDIA PVT.LTD.,27AAACT2209D2ZT,IN,JI,J1,X,CO,                ,1AC0523RGS,50,2023-05-12,2024-03-31,
500,1052,MT0003,TUV INDIA PVT.LTD.,27AAACT2209D2ZT,IN,JI,J1,X,CO,                ,1AA0625IUI,50,2025-06-02,2026-03-31,
500,1001,MSPL15,MAGNAMIOUS SYSTEMS PVT LTD,27AABCM3570D1ZQ,IN,JI,J1,X,CO,10000000,1AG0623WIU,50,2023-06-21,2024-03-31,
500,1001,MP0009,P D HINDUJA NATIONAL HOSPITAL,                  ,IN,JI,J3,X,OT,15230768,1AD0522DSJ,100,2022-05-13,2023-03-31,
500,1001,N00377,NIELSENIQ (INDIA) PRIVATE LIMITED,27AAACM9279L1ZS,IN,JI,J1,X,CO,780097,1AF0820WFV,6.67,2020-09-09,2021-03-31,
500,1001,MSBTVSMH01,TVS SUPPLY CHAIN SOLUTIONS LIMITED,27AACCT1412E1ZV,IN,CP,C1, ,CO,604520262,1AG0525CFZ,77.5,2025-05-27,2026-03-31,
500,1001,MSBTVSMH01,TVS SUPPLY CHAIN SOLUTIONS LIMITED,27AACCT1412E1ZV,IN,CI,C1,X,CO,604520262,1AG0525CFZ,77.5,2025-05-27,2026-03-31,
500,1001,MSBDTSS01,DUSTERS TOTAL SOLUTIONS SERVICES PV,27AACCD5989Q1ZO,IN,CI,C1,X,CO,14098064,1AA0823FYS,62.5,2023-08-02,2024-03-31,
500,1001,MMT019,MERU MOBILITY TECH PRIVATE LIMITED,27AACCV3807B1ZO,IN,CP,C1, ,CO,35235875,1AA1022MZA,50,2022-10-13,2023-03-31,
500,1001,MMT019,MERU MOBILITY TECH PRIVATE LIMITED,27AACCV3807B1ZO,IN,CI,C1,X,CO,35235875,1AA1022MZA,50,2022-10-13,2023-03-31,
500,1001,MPA01,MUMBAI PORT AUTHORITY,27AAATM5001D1Z6,IN,8P,  , ,OT,1AB0823RMQ,21329135,96.5,2023-08-28,2024-03-31,
500,1001,MPA01,MUMBAI PORT AUTHORITY,27AAATM5001D1Z6,IN,8I,IB,X,OT,1AB0823RMQ,21329135,96.5,2023-08-28,2024-03-31,
500,1001,MSBDHL01,DHL SUPPLY CHAIN INDIA PRIVATE LIMI,27AAECD6334M1ZD,IN,CI,C1,X,CO,87362532,1AD0625UZJ,0.5,2025-06-19,2026-03-31,
500,1001,MS031,S L RAHEJA HOSPITAL,27AAATD1338G1Z1,IN,JP,J3,X,OT,10000000,1AE0425NED,100,2025-04-16,2026-03-31,
500,1001,MS031,S L RAHEJA HOSPITAL,27AAATD1338G1Z1,IN,JI,J3,X,OT,10000000,1AE0425NED,100,2025-04-16,2026-03-31,
500,9001,MS031,S L RAHEJA HOSPITAL,27AAATD1338G1Z1,IN,JI,J3,X,OT,                ,1AE0519XFM,100,2019-05-21,2020-03-31,
500,1001,MW0001A,WOCKHARDT HOSPITALS,27AAACW3342G1ZH,IN,JP,J1, ,CO,3234491,1AC0725QWG,87.5,2025-07-24,2026-03-31,
500,1001,MW0001A,WOCKHARDT HOSPITALS,27AAACW3342G1ZH,IN,JI,J1,X,CO,3234491,1AC0725QWG,87.5,2025-07-24,2026-03-31,
500,1001,MN0070,NASHIK ENGINEERING CLUSTE,27AACCN6264C1ZL,IN,JI,J1,X,CO,150000,1AC0624XOK,100,2024-06-12,2025-03-31,
500,1001,MN019,NETEL(INDIA) LTD,27AABCN8692H1Z0,IN,JI,J1,X,CO,                ,0616BF141B,80,2016-07-25,2017-03-31,
500,1001,MSBDLPB01,DELHIVERY LIMITED,03AAPCS9575E1ZX,IN,CI,C1,X,CO,334906000,1AA0125VBY,95,2025-01-22,2025-03-31,
500,1070,MSBDLPB01,DELHIVERY LIMITED,03AAPCS9575E1ZX,IN,CI,C1,X,CO,                ,4AC0326DIZ,95,2026-04-01,2027-03-31,
500,1001,MSBDPL03,DELHIVERY PRIVATE LIMITED,10AAPCS9575E1Z2,IN,CI,C1,X,CO,1058100000,1AD0623KIT,95,2023-06-09,2024-03-31,
500,1001,MSBFMISC01,FM INDIA SUPPLY CHAIN PRIVATE LIMIT,27AACCF6938K1Z7,IN,CI,C1,X,CO,33877535,1AG0525DYV,95,2025-05-27,2026-03-31,
500,9025,MSBFMISC01,FM INDIA SUPPLY CHAIN PRIVATE LIMIT,27AACCF6938K1Z7,IN,CI,C1,X,CO,AACCF6938K,4AD0526XTE4A042,75,2026-05-29,2027-03-31,
500,1081,MSBTCI01,TCI EXPRESS LTD,27AADCT0663J1Z8,IN,CI,C1,X,CO," 9,20,00,000",1AE0424LBP,65,2024-04-24,2025-03-31,
500,1020,MVML079,GEEKAY SECURITY SERVICES PVT LTD,27AACCG1282D1ZY,IN,CI,C1,X,CO,                ,1AA0623CRR,62.5,2023-05-31,2024-03-31,
500,1001,MSBDLRAN01,DELHIVERY LIMITED,20AAPCS9575E2Z0,IN,CI,C1,X,CO,334906000,1AA0125VBY,95,2025-01-22,2025-03-31,
500,1001,MSBDPL04,DELHIVERY PRIVATE LIMITED,18AAPCS9575E4ZJ,IN,CI,C1,X,CO,1058100000,1AD0623KIT,95,2023-06-09,2024-03-31,
500,1001,MSBDL01,DELHIVERY LIMITED,27AAPCS9575E1ZN,IN,CI,C1,X,CO,334906000,1AA0125VBY,95,2025-01-22,2025-03-31,
500,1070,MSBDL01,DELHIVERY LIMITED,27AAPCS9575E1ZN,IN,CI,C1,X,CO,                ,4AC0326DIZ,95,2026-04-01,2027-03-31,
500,1001,MSBDPL07,DELHIVERY PRIVATE LIMITED,37AAPCS9575E2ZL,IN,CI,C1,X,CO,1058100000,1AD0623KIT,95,2023-06-09,2024-03-31,
500,1022,MHA0031701,2 X 2 LOGISTICS PRIVATE LIMITED,27AAACZ6170B1ZG,IN,CP,  ,X,CO,                ,1AA0519AWI,65,2019-05-02,2020-03-31,
500,1022,MHA0031701,2 X 2 LOGISTICS PRIVATE LIMITED,27AAACZ6170B1ZG,IN,CI,C1,X,CO,                ,1AA0519AWI,65,2019-05-02,2020-03-31,
500,1022,MHA0014901,Mahindra Integrated Business,27AAGCM9780N1ZK,IN,JI,J1,X,CO,                ,1AC0719GGX,64,2019-07-30,2020-03-31,
500,1022,MHA0014901,Mahindra Integrated Business,27AAGCM9780N1ZK,IN,JP,  ,X,CO,                ,1AC0719GGX,64,2019-07-30,2020-03-31,
500,1001,MHA0123301,DTDC COURIER & CARGO LTD,27AAACD8017H1ZS,IN,CI,C1,X,CO,47000000,1AF0525EER,37.5,2025-05-22,2026-03-31,
500,1022,MHA0181301,GEEKAY SECURITY SERVICES PVT LTD,27AACCG1282D1ZY,IN,CI,C1,X,CO,                ,1AA0120MSG,50,2020-03-13,2020-03-31,
500,1022,MHA0181301,GEEKAY SECURITY SERVICES PVT LTD,27AACCG1282D1ZY,IN,CP,  ,X,CO,                ,1AA0120MSG,50,2020-03-13,2020-03-31,
500,1007,MDK011,KPMG,27AAAFK1415H1ZR,IN,JP,  ,X,OT,1AG0720FZU,1AG0720FZU,46.67,2020-07-29,2021-03-31,
500,1018,MDK011,KPMG,27AAAFK1415H1ZR,IN,JI,J1,X,CO,                ,AAAFK1415H,100,2011-11-15,2012-03-31,
500,1003,MDK011,KPMG,27AAAFK1415H1ZR,IN,JI,J1,X,CO,                ,US 197,84.2,2012-04-01,2013-03-31,
500,1007,MDK011,KPMG,27AAAFK1415H1ZR,IN,JI,J3,X,OT,1AG0720FZU,1AG0720FZU,46.67,2020-07-29,2021-03-31,
500,1017,MES00783,SERVICE CARE PVT LTD.,                  ,IN,CI,C1,X,CO,194C,0414DR471F,62.5,2014-06-06,2015-03-31,
500,1012,MFVMAR16,R K SWAMY BBDO PVT. LTD.,                  ,IN,JP,  ,X,CO,0313DV049F,0313DV049F,70,2014-06-18,2015-03-31,
500,1012,MFVMAR16,R K SWAMY BBDO PVT. LTD.,                  ,IN,CP,  ,X,CO,0313DV062I,0313DV062I,75,2014-06-18,2015-03-31,
500,1009,MFVMAR16,R K SWAMY BBDO PVT. LTD.,                  ,IN,CI,C1,X,CO,                ,0314FQ464H,75,2014-06-18,2015-03-31,
500,1009,MFVMAR16,R K SWAMY BBDO PVT. LTD.,                  ,IN,CP,C1,X,CO,                ,0314FQ464H,75,2014-06-18,2015-03-31,
500,1012,MFVMAR16,R K SWAMY BBDO PVT. LTD.,                  ,IN,CI,C1,X,CO,0313DV062I,0313DV062I,75,2014-06-18,2015-03-31,
500,1009,MFVMAR16,R K SWAMY BBDO PVT. LTD.,                  ,IN,JP,J1,X,CO,                ,0314FQ107C,70,2014-06-18,2015-03-31,
500,1009,MFVMAR16,R K SWAMY BBDO PVT. LTD.,                  ,IN,JI,J1,X,CO,                ,0314FQ107C,70,2014-06-18,2015-03-31,
500,1012,MFVMAR16,R K SWAMY BBDO PVT. LTD.,                  ,IN,JI,J1,X,CO,0313DV049F,0313DV049F,70,2014-06-18,2015-03-31,
500,1017,MES00841,MAGNA INFOTECH PRIVATE LIMITED,                  ,IN,JI,J1,X,CO,                ,0514DE825F,80,2014-04-29,2015-03-31,
500,1017,MES00954,KLAUS IT SOLUTIONS PVT,29AAFCK0764K1Z7,IN,JI,J1,X,CO,194J,0414DO310L,86,2014-04-30,2015-03-31,
500,1042,MES00962,CADMAXX SOLUTIONS PVT LTD,29AAECC3411A1ZB,IN,JI,J1,X,CO,                ,1AF0524CXY,98,2024-05-16,2025-03-31,
500,1044,MES00962,CADMAXX SOLUTIONS PVT LTD,29AAECC3411A1ZB,IN,JI,J1,X,CO,                ,1AC0326CLC,84,2026-04-18,2027-03-31,
500,1001,MD016,DTDC COURIER & CARGO,27AAACD8017H1ZS,IN,CI,C1,X,CO,47000000,1AF0525EER,37.5,2025-05-22,2026-03-31,
500,1001,ME013,ESTECH INDIA PVT. LTD.,27AADCE5018Q1ZA,IN,JI,J1,X,CO,                ,1NE0726NGD,90,2026-07-27,2027-03-31,
500,1001,ME013,ESTECH INDIA PVT. LTD.,27AADCE5018Q1ZA,IN,JP,J1, ,CO,                ,1NE0726NGD,90,2026-07-27,2027-03-31,
500,1027,MDSLOL02,OM LOGISTICS LTD,06AAACO4716C1ZX,IN,CI,C1,X,CO,                ,1AG0426GUR,67.5,2026-04-29,2027-03-31,
500,1001,MHA0218201,BHARTI AIRTEL LTD,27AAACB2894G1ZN,IN,CI,C1,X,CO,AMT 6223658,1AB0325SBT,90,2025-04-01,2026-03-31,
500,1001,MGVSE00749,BHARTI AIRTEL,24AAACB2894G1ZT,IN,CI,C1,X,CO,AMT 6223658,1AB0325SBT,90,2025-04-01,2026-03-31,
500,1084,MDSLOL01,OM LOGISTICS LTD.,06AAACO4716C1ZX,IN,CI,C1,X,CO,                ,197(1)/AAACO4716C/2019-20,90,2019-12-26,2020-03-31,
500,1027,MDSLOL01,OM LOGISTICS LTD.,06AAACO4716C1ZX,IN,CI,C1,X,CO,                ,1AG0426GUR,67.5,2026-04-29,2027-03-31,
500,1027,MDSLOL01,OM LOGISTICS LTD.,06AAACO4716C1ZX,IN,CP,C1, ,CO,                ,1AG0426GUR,67.5,2026-04-29,2027-03-31,
500,1001,MDT018,TUV INDIA PVT. LTD,09AAACT2209D1ZS,IN,JI,J1,X,CO,3000000,1AD0422JYA,50,2022-04-26,2023-03-31,
500,1067,MDT018,TUV INDIA PVT. LTD,09AAACT2209D1ZS,IN,JI,J1,X,CO,                ,1AD0422KAK,50,2022-04-26,2023-03-31,
500,1084,MDT018,TUV INDIA PVT. LTD,09AAACT2209D1ZS,IN,JI,J1,X,CO,                ,1AC0523PZM,50,2023-05-12,2024-03-31,
500,1027,MDT018,TUV INDIA PVT. LTD,09AAACT2209D1ZS,IN,JI,J1,X,CO,                ,1AC0523PZM,50,2023-05-12,2024-03-31,
500,1001,MGVSE00706,DHL EXPRESS INDIA PVT,27AABCD3611Q1ZI,IN,CI,C1,X,CO,72239817420,1AC0425LYY,32.5,2025-04-09,2026-03-31,
500,1001,MGVSE00706,DHL EXPRESS INDIA PVT,27AABCD3611Q1ZI,IN,CP,C1,X,CO,72239817420,1AC0425LYY,32.5,2025-04-09,2026-03-31,
500,1001,MH083,HINDUJA TECH,33AADCD2152N1ZR,IN,JI,J1,X,CO,                ,1AD0720ZUW,86.66,2020-07-17,2020-09-30,
500,1027,MDSLPC02,PARAMTECH CAD SERVICES PV,27AAHCP6576C1Z7,IN,JI,J1,X,CO,                ,1AC0723NIU,75,2023-07-25,2024-03-31,
500,1084,MDSLPC02,PARAMTECH CAD SERVICES PV,27AAHCP6576C1Z7,IN,JI,J1,X,CO,                ,1AC0723NIU,75,2023-07-25,2024-03-31,
500,1084,MDSLBL01,BLR LOGISTIKS INDIA LIMITED,27AAACB3002G2ZC,IN,CI,C1,X,CO,                ,1AD0724WSA,62.5,2024-07-26,2025-03-31,
500,1027,MDSLBL01,BLR LOGISTIKS INDIA LIMITED,27AAACB3002G2ZC,IN,CI,C1,X,CO,                ,1AD0724WSA,62.5,2024-07-26,2025-03-31,
500,1027,MDSLRI03,RANDSTAD INDIA PRIVATE LIMITED,06AABCM4781A1ZT,IN,CI,C1,X,CO,                ,1AD05268BXA,50,2026-05-19,2027-03-31,
500,1027,MDSLRI03,RANDSTAD INDIA PRIVATE LIMITED,06AABCM4781A1ZT,IN,CP,C1, ,CO,                ,1AD05268BXA,50,2026-05-19,2027-03-31,
500,1001,SA0901A,AVL INDIA PVT LTD,27AAACA0382J1ZU,IN,JI,J1,X,CO,                ,00118CR904I,90,2018-09-13,2019-03-31,
500,1001,SJ011301,JUBILANT MOTORWORKS PRIVATE LIMITED,29AACCJ1534B1Z0,IN,LI,L1,X,CO,                ,1NE0726VFG,80,2026-07-28,2027-03-31,
500,1001,SJ011301,JUBILANT MOTORWORKS PRIVATE LIMITED,29AACCJ1534B1Z0,IN,MI,M1,X,CO,                ,1NE0726VFN,95,2026-07-28,2027-03-31,
500,1001,SJ011301,JUBILANT MOTORWORKS PRIVATE LIMITED,29AACCJ1534B1Z0,IN,CI,C1,X,CO,                ,1NE0726VFD,75,2026-07-28,2027-03-31,
500,1001,SL001,SPEAR LOGISTICS PVT.LTD,27AAHCS6316H1Z8,IN,CI,C1,X,CO,                ,0616BD916I,87.5,2016-06-08,2017-03-31,
500,1001,SCM002,SURYA CHILDREN'S MEDICARE,                  ,IN,JI,J1,X,CO,197(1) 2(2),197/AAOCS7276F/2,80,2017-10-05,2018-03-31,
500,1001,SEFPL01,SREI EQUIPMENT,19AAKCS3431L1ZZ,IN,HI,H1,X,CO,1450000,1AA0622BWF,70,2022-06-01,2023-03-31,
500,1037,SA1080A,THE AUTOMOTIVE RESEARCH ASSOCIATION,27AAATT1989P1ZL,IN,JI,J3,X,OT,                ,1AD0622NCG,100,2022-06-17,2023-03-31,
500,1001,SG010751,GSP POWER SYSTEM PVT. LTD.,06AACCG0581H1ZU,IN,CI,C1,X,CO,1400000000,1AB0526FTL,50,2026-05-11,2027-03-31,
500,1001,SITL111013,SONATA INFORMATION,                  ,IN,JI,J1,X,CO,1000000000,1AB0426HMM,75,2026-04-07,2027-03-31,
500,1001,SG010931,GSP POWER SYSTEMS PVT LTD,07AACCG0581H1ZS,IN,CI,C1,X,CO,1400000000,1AB0526FTL,50,2026-05-11,2027-03-31,
500,1001,SDB1072J,SDB SELECT SERVICES PVT L,33AAVCS1072J1Z1,IN,CI,C1,X,CO,48214019,1AA0526VLO,70,2026-05-07,2027-03-31,
500,1001,SJLLAM0222,JONES LANG LASALLE PROPERTY CONSULT,18AAACL2089B1ZR,IN,JI,J1,X,CO,332748483,1AC0526XFO,65,2026-05-15,2027-03-31,
500,1001,SJLLKL0722,JONES LANG LASALLE PROPERTY CONSULT,32AAACL2089B1Z1,IN,JI,J1,X,CO,332748483,1AC0526XFO,65,2026-05-15,2027-03-31,
500,1001,SJLLBH0322,JONES LANG LASALLE PROPERTY CONSULT,10AAACL2089B1Z7,IN,JI,J1,X,CO,332748483,1AC0526XFO,65,2026-05-15,2027-03-31,
500,1001,SJLLPN1022,JONES LANG LASALLE PROPERTY CONSULT,03AAACL2089B1Z2,IN,JI,J1,X,CO,332748483,1AC0526XFO,65,2026-05-15,2027-03-31,
500,1001,SJLLUP1322,JONES LANG LASALLE PROPERTY CONSULT,09AAACL2089B1ZQ,IN,JI,J1,X,CO,332748483,1AC0526XFO,65,2026-05-15,2027-03-31,
500,1001,SJLLMP0822,JONES LANG LASALLE PROPERTY CONSULT,23AAACL2089B1Z0,IN,JI,J1,X,CO,332748483,1AC0526XFO,65,2026-05-15,2027-03-31,
500,1001,SJLLOD0922,JONES LANG LASALLE PROPERTY CONSULT,21AAACL2089B1Z4,IN,JI,J1,X,CO,332748483,1AC0526XFO,65,2026-05-15,2027-03-31,
500,1001,SJ011261,Jubilant MotorWorks Private Limited,33AACCJ1534B3Z9,IN,LI,L1,X,CO,                ,1NE0726VFG,80,2026-07-28,2027-03-31,
500,1001,SJ011261,Jubilant MotorWorks Private Limited,33AACCJ1534B3Z9,IN,MI,M1,X,CO,                ,1NE0726VFN,95,2026-07-28,2027-03-31,
500,1001,SJ011261,Jubilant MotorWorks Private Limited,33AACCJ1534B3Z9,IN,CI,C1,X,CO,                ,1NE0726VFD,75,2026-07-28,2027-03-31,
500,1001,SJ011311, JUBILANT MOTORWORKS PVT LTD,29AACCJ1534B1Z0,IN,LI,L1,X,CO,                ,1NE0726VFG,80,2026-07-28,2027-03-31,
500,1001,SJ011311, JUBILANT MOTORWORKS PVT LTD,29AACCJ1534B1Z0,IN,MI,M1,X,CO,                ,1NE0726VFN,95,2026-07-28,2027-03-31,
500,1001,SJ011311, JUBILANT MOTORWORKS PVT LTD,29AACCJ1534B1Z0,IN,CI,C1,X,CO,                ,1NE0726VFD,75,2026-07-28,2027-03-31,
500,1001,SEFPL02,SREI EQUIPMENT FINANCE LIMITED,09AAKCS3431L1Z0,IN,HI,H1,X,CO,1450000,1AA0622BWF,70,2022-06-01,2023-03-31,
500,1020,SE0004,EUSU LOGISTICS INDIA PRIVATE LIMITE,27AADCH0470R1Z7,IN,CI,C1,X,CO,                ,0217ES783A,1.2,2017-11-20,2018-03-31,
500,1021,SE0004,EUSU LOGISTICS INDIA PRIVATE LIMITE,27AADCH0470R1Z7,IN,CI,C1,X,CO,16027553.00,0217ES766F,60,2017-11-20,2018-03-31,
500,1021,SE0004,EUSU LOGISTICS INDIA PRIVATE LIMITE,27AADCH0470R1Z7,IN,CP,C1,X,CO,16027553.00,0217ES766F,60,2017-11-20,2018-03-31,
500,9023,SHYAM2,Shyam Spectra Pvt Ltd,29AADCC3694E1ZJ,IN,CI,C1,X,CO,                ,1AA0424JDO,95,2024-04-03,2025-03-31,
500,9017,SHYAM2,Shyam Spectra Pvt Ltd,29AADCC3694E1ZJ,IN,CI,C1,X,CO,214500,0118BJ275D,75,2018-05-23,2019-03-31,
500,9017,SHYAM2,Shyam Spectra Pvt Ltd,29AADCC3694E1ZJ,IN,CP,C1,X,CO,214500,0118BJ275D,75,2018-05-23,2019-03-31,
500,9023,SDC2000004,Bharti Airtel Limited,29AAACB2894G1ZJ,IN,CI,C1,X,CO,                ,1AC0424DZU,94.5,2024-04-12,2025-03-31,
500,9033,SISLTD24,SIS LIMITED,24AAECS3538A1ZT,IN,CI,C1,X,CO,                ,1AD0525NZQ,99.5,2025-05-14,2026-03-31,
500,1001,SATIN105CH,S A Tech Software India Pvt. Ltd.,27AASCS2449E1Z1,IN,JI,J1,X,CO,                ,1AA0419GQL,80,2019-04-11,2020-03-31,
500,1001,SFT015,SIFY TECHNOLOGIES LTD,33AAACS9032R1ZY,IN,JI,J1,X,CO,3189842,1AD0625HQY,90,2025-06-17,2026-03-31,
500,1001,SERJLH228,JUPITER LIFELINE HOSPITALS LTD.,27AABCJ1982E1ZN,IN,JI,J1,X,CO,2239804,1AA1023JRN,35,2023-10-11,2024-03-31,
500,1001,SERSOT230,SOTC TRAVEL LIMITED,27AAGCS6725D1ZC,IN,CI,C1,X,CO,100000000,1AA1223PST,75,2023-12-20,2024-03-31,
500,1001,SIPL300519,SITECORE INDIA PVT. LTD.,06AAYCS2461G1ZZ,IN,JP,J1,X,CO,20501548,1AA1023GLL,55,2023-10-09,2024-03-31,
500,1001,SIPL300519,SITECORE INDIA PVT. LTD.,06AAYCS2461G1ZZ,IN,JI,J1,X,CO,20501548,1AA1023GLL,55,2023-10-09,2024-03-31,
500,1001,SILSEA2301,SEABIRD LOGISOLUTIONS LIMITED,23AAECM3609A1Z5,IN,CI,C1,X,CO,11242481,1AA0525TRB,75,2025-05-03,2026-03-31,
500,1006,SCP01,SKYWING CARRIERS PRIVATE LIMITED,                  ,IN,CI,C1,X,CO,                ,1AF0525QXB,80,2025-05-23,2026-03-31,
500,9026,SELBPCL001,BHARAT PETROLEUM CORPORATION LIMITE,02AAACB2902M1Z5,IN,LI,L1, ,CO,TDS ON ADV,TDSONADVBOOKING,100,2022-04-01,2023-03-31,
500,1001,SBS0717,STAUNCH BUSINESS SOLUTIONS,03ADHFS4693M1ZJ,IN,CI,C4,X,OT,                ,1AA1219LHR,66.67,2020-06-04,2021-03-31,
500,1021,SH0003,HANJIN LOGISTICS INDIA PVT LTD,                  ,IN,CP,C1,X,CO,                ,5,65,2015-08-03,2016-03-31,
500,1021,SH0003,HANJIN LOGISTICS INDIA PVT LTD,                  ,IN,CI,C1,X,CO,                ,5,65,2015-08-03,2016-03-31,
500,1021,SGSL20121,SUZLON GLOBAL SERVICES LIMITED,27AAICS1406R3ZV,IN,CI,C1,X,CO,                ,1AB0521MCN,99.5,2021-05-07,2022-03-31,
500,1001,SGSL20121,SUZLON GLOBAL SERVICES LIMITED,27AAICS1406R3ZV,IN,CI,C1,X,CO,9800000,1AA0323VVS,97.5,2023-04-01,2024-03-31,
500,1037,SA1080,A. R. A. I.,27AAATT1989P1ZL,IN,JP,J3, ,OT,                ,1AC0721GBO,100,2021-07-16,2022-03-31,
500,1045,SA1080,A. R. A. I.,27AAATT1989P1ZL,IN,JI,J3,X,OT,                ,1AC0519AZG,100,2019-05-09,2020-03-31,
500,1084,SA1080,A. R. A. I.,27AAATT1989P1ZL,IN,JI,J3,X,OT,                ,1AF0623DEJ,100,2023-06-20,2024-03-31,
500,1037,SA1080,A. R. A. I.,27AAATT1989P1ZL,IN,JI,J3,X,OT,                ,1AC0721GBO,100,2021-07-16,2022-03-31,
500,1081,SA1080,A. R. A. I.,27AAATT1989P1ZL,IN,JI,J3,X,OT,110000000,1AD0526CVA,100,2026-05-19,2027-03-31,
500,1027,SA1080,A. R. A. I.,27AAATT1989P1ZL,IN,JI,J3,X,OT,                ,1AC0625RXZ,100,2025-06-13,2026-03-31,
500,1020,SA1080,A. R. A. I.,27AAATT1989P1ZL,IN,JI,J3,X,OT,                ,1AF0623DCP,100,2023-06-20,2024-03-31,
500,1001,SA1080,A. R. A. I.,27AAATT1989P1ZL,IN,JP,J3, ,OT,350000000,1AD0526CUH,100,2026-05-19,2027-03-31,
500,1001,SA1080,A. R. A. I.,27AAATT1989P1ZL,IN,JI,J3,X,OT,350000000,1AD0526CUH,100,2026-05-19,2027-03-31,
500,1079,SA1080,A. R. A. I.,27AAATT1989P1ZL,IN,JI,J3,X,OT,110000000,1AD0526CVD,100,2026-05-19,2027-03-31,
500,1001,SIMSH105CH,SRM INSTITUTES FOR MEDICAL SCIENCE,33AADTS3688K1Z0,IN,JI,J3,X,OT,10169,1AE0621QMR,100,2021-06-22,2022-03-31,
500,1021,LORDS01,LORDS FREIGHT INDIA PRIVATE,27AACCL0108M1ZN,IN,CI,C1,X,CO,20000000,0218AT258B,65,2018-05-04,2019-03-31,
500,1079,LORDS01,LORDS FREIGHT INDIA PRIVATE,27AACCL0108M1ZN,IN,CI,C1,X,CO,"2,94,56,153",1NA0626AVI,25,2026-06-01,2027-03-31,
500,1037,LORDS01,LORDS FREIGHT INDIA PRIVATE,27AACCL0108M1ZN,IN,CI,C1,X,  ,                ,1AA0521TDZ,65,2021-05-05,2022-03-31,
500,1081,LORDS01,LORDS FREIGHT INDIA PRIVATE,27AACCL0108M1ZN,IN,CI,C1,X,CO,260298,1NA0626AVJ,25,2026-06-01,2027-03-31,
500,1024,LORDS01,LORDS FREIGHT INDIA PRIVATE,27AACCL0108M1ZN,IN,CI,C1,X,CO,AACCL0108M,0218AT915G,65,2018-05-04,2019-03-31,
500,1024,LORDS01,LORDS FREIGHT INDIA PRIVATE,27AACCL0108M1ZN,IN,CP,  ,X,CO,AACCL0108M,0218AT915G,65,2018-05-04,2019-03-31,
500,1019,LORDS01,LORDS FREIGHT INDIA PRIVATE,27AACCL0108M1ZN,IN,CI,C1,X,CO,1089744,1AA0519EXX,65,2019-04-30,2020-03-31,
500,1020,LORDS01,LORDS FREIGHT INDIA PRIVATE,27AACCL0108M1ZN,IN,CI,C1,X,CO,                ,1AB0523GKZ,25,2023-05-08,2024-03-31,
500,1001,M00549,MONDIAL SERVICES (INDIA) PVT. LTD.,                  ,IN,JI,J1,X,CO,194J,197/AAFCM1460J1,90,2010-06-03,2011-03-31,
500,1001,M00531,MILLWARD BROWN MARKET RES,27AAFCM3114M1ZF,IN,JI,J1,X,CO,                ,0216EQ844C,40,2016-08-18,2017-03-31,
500,1001,M9037,MEHRAB MOTORS PVT. LTD.,08AAECM2799M1ZR,IN,CI,C1,X,CO,12000000,1NA0526JMH,62.5,2026-05-14,2027-03-31,
500,1022,M9037,MEHRAB MOTORS PVT. LTD.,08AAECM2799M1ZR,IN,CI,C1,X,CO,                ,1AB0519WMP,50,2019-05-13,2020-03-31,
500,1022,M9037,MEHRAB MOTORS PVT. LTD.,08AAECM2799M1ZR,IN,8P,  ,X,CO,                ,1AB0519WMY,90,2019-05-13,2020-03-31,
500,1022,M9037,MEHRAB MOTORS PVT. LTD.,08AAECM2799M1ZR,IN,CP,  ,X,CO,                ,1AB0519WMP,50,2019-05-13,2020-03-31,
500,1022,M9037,MEHRAB MOTORS PVT. LTD.,08AAECM2799M1ZR,IN,8I,IA,X,CO,                ,1AB0519WMY,90,2019-05-13,2020-03-31,
500,1001,M0037H,MIEBACH CONSULTING (I) PVT. LTD,29AAACH1711L1ZO,IN,JP,J1, ,CO,                ,0412BU259G,75,2012-04-23,2013-03-31,
500,1001,M0037H,MIEBACH CONSULTING (I) PVT. LTD,29AAACH1711L1ZO,IN,JI,J1,X,CO,                ,0412BU259G,75,2012-04-23,2013-03-31,
500,1001,M0037H,MIEBACH CONSULTING (I) PVT. LTD,29AAACH1711L1ZO,IN,CP,C4, ,CO,                ,0412BU259G,75,2012-04-23,2013-03-31,
500,1001,L5206,LTC LOGISTICS (P) LTD,06AABCL0678F3ZM,IN,CI,C1,X,CO,15000000,1NB0726JMD,62.5,2026-07-10,2027-03-31,
500,1022,M0202,MERCURIO PALLIA LOGISTICS PVT. LTD.,                  ,IN,CP,  ,X,CO,                ,1AA0619EQP,90,2019-06-10,2020-03-31,
500,1022,M0202,MERCURIO PALLIA LOGISTICS PVT. LTD.,                  ,IN,CI,C1,X,CO,                ,1AA0619EQP,90,2019-06-10,2020-03-31,
500,1001,M5937,MIS OUTSOURCING PVT.LTD.,                  ,IN,JI,J1,X,CO,                ,2313AG8121,90,2013-05-08,2014-03-31,
500,1001,M8100,MEHRAB MOTORS PVT. LTD,08AAECM2799M1ZR,IN,CP,  ,X,CO,12000000,1NA0526JMH,62.5,2026-05-14,2027-03-31,
500,1001,M8100,MEHRAB MOTORS PVT. LTD,08AAECM2799M1ZR,IN,CI,C1,X,CO,12000000,1NA0526JMH,62.5,2026-05-14,2027-03-31,
500,1001,MAS0163,MAHINDRA ELECTRIC MOBILITY LIMITED,29AABCR2858R1ZJ,IN,JP,  , ,CO,UPTO RS.75000000,0418AQ535F,99.5,2018-06-21,2019-03-31,
500,1001,MAS0163,MAHINDRA ELECTRIC MOBILITY LIMITED,29AABCR2858R1ZJ,IN,JI,J1,X,CO,UPTO RS.75000000,0418AQ535F,99.5,2018-06-21,2019-03-31,
500,1022,KLA0018501,OKAY LOGISTICS PVT LTD,32AABCO5777E1ZI,IN,CI,C1,X,CO,                ,1AC0619NNB,62.5,2019-06-21,2020-03-31,
500,1022,KLA0018501,OKAY LOGISTICS PVT LTD,32AABCO5777E1ZI,IN,CP,  ,X,CO,                ,1AC0619NNB,62.5,2019-06-21,2020-03-31,
500,1067,KTA0014901,Mahindra Integrated Business,29AAGCM9780N1ZG,IN,CI,C1,X,CO,                ,1AD0725FIU,62.5,2025-07-31,2026-03-31,
500,1022,KTA0014901,Mahindra Integrated Business,29AAGCM9780N1ZG,IN,JI,J1,X,CO,                ,1AC0719GGX,64,2019-07-30,2020-03-31,
500,1022,KTA0014901,Mahindra Integrated Business,29AAGCM9780N1ZG,IN,JP,  ,X,CO,                ,1AC0719GGX,64,2019-07-30,2020-03-31,
500,1001,KTA0184701,GATI-KINTETSU EXPRESS PVT LTD,29AADCG2096A1ZT,IN,CI,C1,X,CO,100000000,1AG0525ISM,95,2025-05-29,2026-03-31,
500,1022,KLA0200801,SUNDHARAMS PVT LTD,32AAACS4949P1ZW,IN,7I,IA,X,CO,                ,1AA1119ROS,50,2019-12-10,2020-03-31,
500,1022,KLA0200801,SUNDHARAMS PVT LTD,32AAACS4949P1ZW,IN,CI,C1,X,CO,                ,1AA1119ROJ,95,2019-12-10,2020-03-31,
500,1022,KLA0200801,SUNDHARAMS PVT LTD,32AAACS4949P1ZW,IN,7P,  ,X,CO,                ,1AA1119ROS,50,2019-12-10,2020-03-31,
500,1022,KLA0200801,SUNDHARAMS PVT LTD,32AAACS4949P1ZW,IN,CP,  ,X,CO,                ,1AA1119ROJ,95,2019-12-10,2020-03-31,
500,1022,KLA0156901,GEEKAY SECURITY SERVICES PVT LTD,32AACCG1282D1Z7,IN,CP,  ,X,CO,                ,1AA0120MSG,50,2020-03-13,2020-03-31,
500,1022,KLA0156901,GEEKAY SECURITY SERVICES PVT LTD,32AACCG1282D1Z7,IN,CI,C1,X,CO,                ,1AA0120MSG,50,2020-03-13,2020-03-31,
500,1001,KFPSPLD101,KNIGHTFRANKPROPERTYSERVICES P LTD,                  ,IN,CI,C1,X,CO,                ,0216EM9371,50,2016-08-22,2017-03-31,
500,1001,L00169,LANDOR A DIVISION OF GREY,27AAACT4061B1ZS,IN,JI,J1,X,CO,DC/ACIT CIR1(1),197/13-14/3,71.1,2013-08-21,2014-03-31,
500,1037,L00169,LANDOR A DIVISION OF GREY,27AAACT4061B1ZS,IN,JI,J1,X,CO,                ,1AD0519WDH,70,2019-06-16,2020-03-31,
500,1001,L2112,LEPTON SOFTWARE EXPORT &,06AAACL6778R1ZN,IN,JI,J1,X,CO,34454861,1AA0725JNI,55,2025-07-02,2026-03-31,
500,1022,L0107,LORDS FREIGHT (INDIA),29AACCL0108M1ZJ,IN,CI,C1,X,CO,                ,1AA0519EIQ,65,2019-05-09,2020-03-31,
500,1044,L0107,LORDS FREIGHT (INDIA),29AACCL0108M1ZJ,IN,CI,C1,X,CO,                ,1AA0519EWX,65,2019-04-30,2020-03-31,
500,1022,L0107,LORDS FREIGHT (INDIA),29AACCL0108M1ZJ,IN,CP,  ,X,CO,                ,1AA0519EIQ,65,2019-05-09,2020-03-31,
500,1001,M0434,MAHINDRA INTEGRATED,                  ,IN,JI,J1,X,CO,1222281345,1AD0725FHI,70,2025-07-31,2026-03-31,
500,1081,L01710B,LORDS FREIGHT INDIA PVT LTD,29AACCL0108M1ZJ,IN,CI,C1,X,CO,260298,1NA0626AVJ,25,2026-06-01,2027-03-31,
500,1037,L01710B,LORDS FREIGHT INDIA PVT LTD,29AACCL0108M1ZJ,IN,CI,C1,X,CO,                ,1AA0521TDZ,65,2021-05-05,2022-03-31,
500,1001,KOMAT11,KOMATSU INDIA PRIVATE LIMITED,27AACCK7292H2Z7,IN,JI,J1,X,CO,                ,0315HJ831A,95,2015-06-29,2016-03-31,
500,1001,LM002,LIVING MEDIA INDIA LTD.,27AAACL0087H1ZM,IN,CP,C1,X,CO,24000000,1AC0423ODJ,95,2023-04-18,2024-03-31,
500,1001,LM002,LIVING MEDIA INDIA LTD.,27AAACL0087H1ZM,IN,CI,C1,X,CO,24000000,1AC0423ODJ,95,2023-04-18,2024-03-31,
500,1001,KH3348,KOHINOOR HOSPITALS PVT,27AADCK3848G1ZF,IN,JI,J1,X,CO,1000000,1AC0521FFY,95.5,2021-05-11,2022-03-31,
500,1001,KNA1820,ADECCO INDIA PVT LTD,29AABCG3636Q1Z2,IN,JI,J1,X,CO,                ,1AB0520QYC,73.33,2020-06-29,2021-03-31,
500,1036,LS446,SHREE RANG,24AASCS9023Q1ZI,IN,CI,C1,X,CO,                ,BRDM01211A,50,2026-04-01,2027-03-31,
500,1005,L1015,Lakshya Freight Carrier,                  ,IN,CI,C3,X,OT,                ,1,100,2021-04-01,2022-03-31,
500,1007,MAS1071,MAHINDRA DEFENCE SYSTEMS,27AAICM0849A1ZP,IN,JI,J1,X,CO,                ,1AA0820KEA,90,2020-08-04,2021-03-31,
500,1038,MAS1071,MAHINDRA DEFENCE SYSTEMS,27AAICM0849A1ZP,IN,JI,J1,X,CO,                ,1AD0619QPG,75,2019-06-26,2020-03-31,
500,1001,M5984,M.M.LOGISTICS,08CJAPK1159B1ZO,IN,CI,C3,X,OT,                ,1217AC292H,50,2017-07-18,2018-03-31,
500,1001,M5984,M.M.LOGISTICS,08CJAPK1159B1ZO,IN,CP,C3, ,OT,                ,1217AC292H,50,2017-07-18,2018-03-31,
500,1001,L0074,LEAP INDIA PVT. LTD.,27AACCL5087B1ZM,IN,CI,C1,X,CO,16000000,1AA0626FUE,80,2026-06-19,2027-03-31,
500,1001,LORDS105CH,Lords Freight (India) Private Limit,33AACCL0108M1ZU,IN,CI,C1,X,CO,291091768,1AE0522FHM,25,2022-05-18,2023-03-31,
500,1001,LORDS105CH,Lords Freight (India) Private Limit,33AACCL0108M1ZU,IN,CP,C1, ,CO,291091768,1AE0522FHM,25,2022-05-18,2023-03-31,
500,1081,LORDS105CH,Lords Freight (India) Private Limit,33AACCL0108M1ZU,IN,CI,C1,X,CO,260298,1NA0626AVJ,25,2026-06-01,2027-03-31,
500,1079,LORDS105CH,Lords Freight (India) Private Limit,33AACCL0108M1ZU,IN,CI,C1,X,CO,"2,94,56,153",1NA0626AVI,25,2026-06-01,2027-03-31,
500,1001,M01179B,MAHINDRA LOGISTICS LTD,33AAFCM2530H1ZV,IN,CI,C1,X,CO,31084341727,1AD0426EMH,60,2026-04-16,2027-03-31,
500,1001,M01179B,MAHINDRA LOGISTICS LTD,33AAFCM2530H1ZV,IN,JI,J1,X,CO,2070249434,1AD0426EMJ,92,2026-04-16,2027-03-31,
500,1079,M01179B,MAHINDRA LOGISTICS LTD,33AAFCM2530H1ZV,IN,CI,C1,X,CO,1202274130,1AD0426EMO,60,2026-04-16,2027-03-31,
500,1081,M01179B,MAHINDRA LOGISTICS LTD,33AAFCM2530H1ZV,IN,CI,C1,X,CO,3423983036,1AD0426EMP,60,2026-04-16,2027-03-31,
500,1001,KRIOSINFO1,KRIOS INFO SOLUTIONS PVT.,27AAFCT7273G2Z0,IN,JI,J1,X,CO,180000000,1NC0726CFF,75,2026-07-14,2027-03-31,
500,1001,MAS1062A,MAHINDRA LOGISTICS LTD.,03AAFCM2530H1ZY,IN,CP,C1, ,CO,31084341727,1AD0426EMH,60,2026-04-16,2027-03-31,
500,1001,MAS1062A,MAHINDRA LOGISTICS LTD.,03AAFCM2530H1ZY,IN,CI,C1,X,CO,31084341727,1AD0426EMH,60,2026-04-16,2027-03-31,
500,1001,MAS1062A,MAHINDRA LOGISTICS LTD.,03AAFCM2530H1ZY,IN,8I,IA,X,CO,866946434,1AD0426EMI,92,2026-04-16,2027-03-31,
500,1001,MAS1062A,MAHINDRA LOGISTICS LTD.,03AAFCM2530H1ZY,IN,JI,J1,X,CO,2070249434,1AD0426EMJ,92,2026-04-16,2027-03-31,
500,1022,MAS9905,Mahindra Integrated,27AAGCM9780N1ZK,IN,JP,  ,X,CO,                ,1AC0719GGX,64,2019-07-30,2020-03-31,
500,9029,MAS9905,Mahindra Integrated,27AAGCM9780N1ZK,IN,CI,C1,X,CO,                ,1AD0725FIX,62.5,2025-07-31,2026-03-31,
500,1021,MAS9905,Mahindra Integrated,27AAGCM9780N1ZK,IN,JI,J1, ,CO,                ,1AC0719GGV,52,2019-07-29,2020-06-30,
500,1048,MAS9905,Mahindra Integrated,27AAGCM9780N1ZK,IN,JI,J1,X,CO,                ,1AD0725FIJ,70,2025-07-31,2026-03-31,
500,1079,MAS9905,Mahindra Integrated,27AAGCM9780N1ZK,IN,JI,J1,X,CO,2789382109,1AD0725FHX,70,2025-07-31,2026-03-31,
500,1084,MAS9905,Mahindra Integrated,27AAGCM9780N1ZK,IN,JI,J1,X,CO,                ,1AE0624HGQ,75,2024-06-21,2025-03-31,
500,9001,MAS9905,Mahindra Integrated,27AAGCM9780N1ZK,IN,JI,J1, ,CO,                ,0218EA655I,52,2020-02-24,2020-06-30,
500,1044,MAS9905,Mahindra Integrated,27AAGCM9780N1ZK,IN,JI,J1,X,CO,                ,1AD0725FHO,70,2025-08-01,2026-03-31,
500,9029,MAS9905,Mahindra Integrated,27AAGCM9780N1ZK,IN,JI,J1,X,CO,                ,1AE0624HHW,75,2024-06-21,2025-03-31,
500,9001,MAS9905,Mahindra Integrated,27AAGCM9780N1ZK,IN,CI,C1,X,CO,96000,1AD0725FHH,62.5,2025-10-30,2026-03-31,
500,1079,MAS9905,Mahindra Integrated,27AAGCM9780N1ZK,IN,CI,C1,X,CO,515282400,1AD0725FHY,62.5,2025-07-31,2026-03-31,
500,1024,MAS9905,Mahindra Integrated,27AAGCM9780N1ZK,IN,JI,J1,X,CO,AAGCM9780N,1AC0723XAL,75,2023-07-01,2024-03-31,
500,1057,MAS9905,Mahindra Integrated,27AAGCM9780N1ZK,IN,CI,C1,X,CO,                ,1AC0723WZS,62.5,2023-07-31,2024-03-31,
500,1057,MAS9905,Mahindra Integrated,27AAGCM9780N1ZK,IN,JI,J1,X,CO,                ,1AC0723WZT,75,2023-07-31,2024-03-31,
500,1027,MAS9905,Mahindra Integrated,27AAGCM9780N1ZK,IN,JI,J1,X,CO,                ,1AD0725FHU,70,2025-07-31,2026-03-31,
500,1081,MAS9905,Mahindra Integrated,27AAGCM9780N1ZK,IN,JP,J1, ,CO,11848236,1AD0725FIL,70,2025-07-31,2026-03-31,
500,1022,MAS9905,Mahindra Integrated,27AAGCM9780N1ZK,IN,JI,J1,X,CO,                ,1AC0719GGX,64,2019-07-30,2020-03-31,
500,1024,MAS9905,Mahindra Integrated,27AAGCM9780N1ZK,IN,CI,C1,X,CO,AAGCM9780N,1AA0722PDX,62.5,2022-07-01,2023-03-31,
500,1068,MAS9905,Mahindra Integrated,27AAGCM9780N1ZK,IN,CI,C1,X,CO,                ,1AC0723XAN,62.5,2023-07-31,2024-03-31,
500,1048,MAS9905,Mahindra Integrated,27AAGCM9780N1ZK,IN,CI,C1,X,CO,                ,1AE0624HHH,62.5,2024-06-21,2025-03-31,
500,1070,MAS9905,Mahindra Integrated,27AAGCM9780N1ZK,IN,CI,C1,X,CO,                ,1AD0725FIZ,62.5,2025-07-31,2026-03-31,
500,1067,MAS9905,Mahindra Integrated,27AAGCM9780N1ZK,IN,JI,J1, ,CO,                ,1AC0719GHK,64,2019-07-29,2020-06-30,
500,1048,MAS9905,Mahindra Integrated,27AAGCM9780N1ZK,IN,CP,C1,X,CO,                ,1AE0624HHH,62.5,2024-06-21,2025-03-31,
500,1057,MAS9905,Mahindra Integrated,27AAGCM9780N1ZK,IN,JP,J1,X,CO,                ,1AC0723WZT,75,2023-07-31,2024-03-31,
500,1058,MAS9905,Mahindra Integrated,27AAGCM9780N1ZK,IN,JI,J1,X,CO,                ,0217EV900H,70,2017-12-01,2018-03-31,
500,1068,MAS9905,Mahindra Integrated,27AAGCM9780N1ZK,IN,JI,J1, ,CO,                ,1AC0719GHM,64,2019-07-29,2020-06-30,
500,1069,MAS9905,Mahindra Integrated,27AAGCM9780N1ZK,IN,CI,C1,X,CO,                ,1AE0624HGW,62.5,2024-06-21,2025-03-31,
500,1081,MAS9905,Mahindra Integrated,27AAGCM9780N1ZK,IN,CI,C1,X,CO,112621764,1AD0725FIM,62.5,2025-07-31,2026-03-31,
500,1057,MAS9905,Mahindra Integrated,27AAGCM9780N1ZK,IN,CP,C1,X,CO,                ,1AC0723WZS,62.5,2023-07-31,2024-03-31,
500,1028,MAS9905,Mahindra Integrated,27AAGCM9780N1ZK,IN,CP,C1,X,CO,                ,1AA0722PDJ,62.5,2022-07-07,2023-03-31,
500,1081,MAS9905,Mahindra Integrated,27AAGCM9780N1ZK,IN,JI,J1,X,CO,11848236,1AD0725FIL,70,2025-07-31,2026-03-31,
500,1048,MAS9905,Mahindra Integrated,27AAGCM9780N1ZK,IN,JP,J1,X,CO,                ,1AD0725FIJ,70,2025-07-31,2026-03-31,
500,1045,MAS9905,Mahindra Integrated,27AAGCM9780N1ZK,IN,JI,J1,X,CO,194J,1AE0624HGQ,75,2024-06-21,2025-03-31,
500,9017,MAS9905,Mahindra Integrated,27AAGCM9780N1ZK,IN,CI,C1,X,CO,                ,1AD0725FJB,62.5,2025-07-31,2026-03-31,
500,1027,MAS9905,Mahindra Integrated,27AAGCM9780N1ZK,IN,CI,C1,X,CO,                ,1AD0725FHV,62.5,2025-07-31,2026-03-31,
500,1049,MAS9905,Mahindra Integrated,27AAGCM9780N1ZK,IN,JI,J1,X,CO,194 J PROFESSION,1AA0623MDD,75,2024-06-21,2025-03-31,
500,1069,MAS9905,Mahindra Integrated,27AAGCM9780N1ZK,IN,CP,C1,X,CO,                ,1AE0624HGW,62.5,2024-06-21,2025-03-31,
500,1042,MAS9905,Mahindra Integrated,27AAGCM9780N1ZK,IN,JI,J1,X,CO,                ,0218EA368I,64,2018-07-31,2019-03-31,
500,1066,MAS9905,Mahindra Integrated,27AAGCM9780N1ZK,IN,CI,C1,X,CO,194C,1AD0725FHR,62.5,2025-07-31,2026-03-31,
500,1043,MAS9905,Mahindra Integrated,27AAGCM9780N1ZK,IN,JI,J1,X,CO,                ,1AC0719GGR,64,2019-07-29,2020-06-30,
500,1067,MAS9905,Mahindra Integrated,27AAGCM9780N1ZK,IN,CI,C1,X,CO,                ,1AD0725FIU,62.5,2025-07-31,2026-03-31,
500,1042,MAS9905,Mahindra Integrated,27AAGCM9780N1ZK,IN,JP,J1, ,CO,                ,0218EA368I,64,2018-07-31,2019-03-31,
500,1037,MAS9905,Mahindra Integrated,27AAGCM9780N1ZK,IN,CI,C1,X,CO,                ,1AA0722PDT,62.5,2022-07-07,2023-03-31,
500,1037,MAS9905,Mahindra Integrated,27AAGCM9780N1ZK,IN,JI,J1, ,CO,                ,1AA0722PBY,75,2022-07-07,2023-03-31,
500,1084,MAS9905,Mahindra Integrated,27AAGCM9780N1ZK,IN,CI,C1,X,CO,                ,1AE0624HGP,62.5,2024-06-21,2025-03-31,
500,1049,MAS9905,Mahindra Integrated,27AAGCM9780N1ZK,IN,CI,C1,X,CO,                ,1AE0624HGI,62.5,2024-06-21,2025-03-31,
500,1070,MAS9905,Mahindra Integrated,27AAGCM9780N1ZK,IN,JI,J1,X,CO,                ,1AD0725FIZ,70,2025-07-31,2026-03-31,
500,1081,MAS9905,Mahindra Integrated,27AAGCM9780N1ZK,IN,CP,C1, ,CO,112621764,1AD0725FIM,62.5,2025-07-31,2026-03-31,
500,1019,MAS9905,Mahindra Integrated,27AAGCM9780N1ZK,IN,JI,J1,X,CO,1139000,1AC0719GGS,64,2019-07-29,2020-03-31,
500,1012,MAS9905,Mahindra Integrated,27AAGCM9780N1ZK,IN,JI,J1,X,CO,                ,1AC0719GHQ,52,2019-04-01,2020-06-30,
500,1015,MAS9905,Mahindra Integrated,27AAGCM9780N1ZK,IN,JI,J1,X,CO,AAGCM9780N,0213TQ752E,49,2013-07-16,2014-03-31,
500,1002,MAS9905,Mahindra Integrated,27AAGCM9780N1ZK,IN,JI,J1,X,CO,197/AAGCM9780N/3,197,49,2013-11-07,2014-03-31,
500,1017,MAS9905,Mahindra Integrated,27AAGCM9780N1ZK,IN,JI,J1,X,CO,AAGCM9780N,0213TQ748C,49,2013-07-16,2014-03-13,
500,1012,MAS9905,Mahindra Integrated,27AAGCM9780N1ZK,IN,JP,  ,X,CO,                ,1AC0719GHQ,52,2019-04-01,2020-06-30,
500,1020,MAS9905,Mahindra Integrated,27AAGCM9780N1ZK,IN,CI,C1,X,CO,                ,1AC0723WZM,62,2023-07-31,2024-03-31,
500,1020,MAS9905,Mahindra Integrated,27AAGCM9780N1ZK,IN,CP,C1, ,CO,                ,1AC0723WZM,62,2023-07-31,2024-03-31,
500,1008,MAS9905,Mahindra Integrated,27AAGCM9780N1ZK,IN,CI,C1,X,CO,                ,1AE0624HGM,62.5,2024-06-21,2025-03-31,
500,1008,MAS9905,Mahindra Integrated,27AAGCM9780N1ZK,IN,CP,C1,X,CO,                ,1AE0624HGM,62.5,2024-06-21,2025-03-31,
500,1001,MAS9905,Mahindra Integrated,27AAGCM9780N1ZK,IN,JP,  ,X,CO,1222281345,1AD0725FHI,70,2025-07-31,2026-03-31,
500,1001,MAS9905,Mahindra Integrated,27AAGCM9780N1ZK,IN,CP,C1,X,CO,1433439613,1AD0725FHJ,62.5,2025-07-31,2026-03-31,
500,1001,MAS9905,Mahindra Integrated,27AAGCM9780N1ZK,IN,CI,C1,X,CO,1433439613,1AD0725FHJ,62.5,2025-07-31,2026-03-31,
500,1001,MAS9905,Mahindra Integrated,27AAGCM9780N1ZK,IN,JI,J1,X,CO,1222281345,1AD0725FHI,70,2025-07-31,2026-03-31,
500,1018,MAS9905,Mahindra Integrated,27AAGCM9780N1ZK,IN,CI,C1,X,CO,                ,1AD0725FJL,62.5,2025-07-31,2026-03-31,
500,1005,MAS9905,Mahindra Integrated,27AAGCM9780N1ZK,IN,CI,C1,X,CO,                ,1AD0725FHN,62.5,2025-07-31,2026-03-31,
500,1009,MAS9905,Mahindra Integrated,27AAGCM9780N1ZK,IN,CI,C1,X,CO,                ,1AD0725FJH,62.5,2025-07-31,2026-03-31,
500,1009,MAS9905,Mahindra Integrated,27AAGCM9780N1ZK,IN,JP,J1,X,CO,                ,1AD0725FJG,70,2025-07-31,2026-03-31,
500,1009,MAS9905,Mahindra Integrated,27AAGCM9780N1ZK,IN,JI,J1,X,CO,                ,1AD0725FJG,70,2025-07-31,2026-03-31,
500,1006,MAS9905,Mahindra Integrated,27AAGCM9780N1ZK,IN,CI,C1,X,CO,                ,1AD0725FIY,62.5,2025-07-01,2026-03-31,
500,1019,MA3494,MAHINDRA LOGISTICS LTD,27AAFCM2530H1ZO,IN,CI,C1,X,CO,                ,0218AS737F,48,2018-05-04,2019-03-31,
500,1021,MA3494,MAHINDRA LOGISTICS LTD,27AAFCM2530H1ZO,IN,CI,C1,X,CO,                ,1AB0521OMG,50,2021-05-07,2022-03-31,
500,1001,MA3494,MAHINDRA LOGISTICS LTD,27AAFCM2530H1ZO,IN,CI,C1,X,CO,31084341727,1AD0426EMH,60,2026-04-16,2027-03-31,
500,1001,MA3494,MAHINDRA LOGISTICS LTD,27AAFCM2530H1ZO,IN,CP,C1, ,CO,31084341727,1AD0426EMH,60,2026-04-16,2027-03-31,
500,1001,MA3494,MAHINDRA LOGISTICS LTD,27AAFCM2530H1ZO,IN,II,I1,X,CO,866946434,1AD0426EMI,92,2026-04-16,2027-03-31,
500,1001,MA3494,MAHINDRA LOGISTICS LTD,27AAFCM2530H1ZO,IN,IP,I1, ,CO,866946434,1AD0426EMI,92,2026-04-16,2027-03-31,
500,1001,MA3494,MAHINDRA LOGISTICS LTD,27AAFCM2530H1ZO,IN,JI,J1,X,CO,2070249434,1AD0426EMJ,92,2026-04-16,2027-03-31,
500,1001,MA3494,MAHINDRA LOGISTICS LTD,27AAFCM2530H1ZO,IN,JP,J1, ,CO,2070249434,1AD0426EMJ,92,2026-04-16,2027-03-31,
500,1021,MA3494,MAHINDRA LOGISTICS LTD,27AAFCM2530H1ZO,IN,JI,J1, ,CO,                ,1AB0521OMI,90,2021-05-07,2022-03-31,
500,1081,MA3494,MAHINDRA LOGISTICS LTD,27AAFCM2530H1ZO,IN,CI,C1,X,CO,3423983036,1AD0426EMP,60,2026-04-16,2027-03-31,
500,1079,MA3494,MAHINDRA LOGISTICS LTD,27AAFCM2530H1ZO,IN,CI,C1,X,CO,1202274130,1AD0426EMO,60,2026-04-16,2027-03-31,
500,1079,LORDSME01,LORDS FREIGHT PRIVATE,36AACCL0108M1ZO,IN,CI,C1,X,CO,"2,94,56,153",1NA0626AVI,25,2026-06-01,2027-03-31,
500,1001,DNM00420AE,Mahindra Integrated Business,29AAGCM9780N1ZG,IN,CI,C1,X,CO,1433439613,1AD0725FHJ,62.5,2025-07-31,2026-03-31,
500,1081,DNM00420AE,Mahindra Integrated Business,29AAGCM9780N1ZG,IN,CI,C1,X,CO,112621764,1AD0725FIM,62.5,2025-07-31,2026-03-31,
500,1081,DNM00420AE,Mahindra Integrated Business,29AAGCM9780N1ZG,IN,JI,J1,X,CO,11848236,1AD0725FIL,70,2025-07-31,2026-03-31,
500,1001,DNP01003AB,POLESTAR ENGINEERING CO,20AADFP6081H1ZH,IN,CI,C4,X,OT,1250000000,1NA0726NHG,72.5,2026-07-02,2027-03-31,
500,1001,DNE00440AA,ERNST & YOUNG ASSOCIATES LLP,27AAEFE1778R1ZQ,IN,JI,J3,X,CO,3720000,1AC0625GHS,50,2025-06-11,2026-03-31,
500,1001,DNC00606AC,CHECKMATE SERVICES PVT LTD,06AAACC8465A1ZZ,IN,CI,C1,X,CO,81266120,1NC0626AOZ,75,2026-06-30,2027-03-31,
500,1001,DIW00131AA,WAGONS LEARNING LIMITED,27AABCW4538P1ZP,IN,JI,J1,X,CO,                ,1NF0726KJG,40,2026-07-31,2027-03-31,
500,1001,DNM00348AA,MLL MOBILITY PRIVATE LIMI,36AACCV3807B2ZO,IN,CI,C1,X,CO,864072072,1NA0626AKR,87.5,2026-06-01,2027-03-31,
500,1022,DLA0126501,RAVI INTEGRATED LOGISTICS (I) P.LTD,07AAHCR4575P1ZL,IN,CI,C1,X,CO,                ,1AI0519FEZ,95,2019-05-31,2020-03-31,
500,1022,DLA0126501,RAVI INTEGRATED LOGISTICS (I) P.LTD,07AAHCR4575P1ZL,IN,CP,  ,X,CO,                ,1AI0519FEZ,95,2019-05-31,2020-03-31,
500,1001,DNS02773AA,Reliance Foundation Hospital Trust,27AANTS2921H1Z8,IN,JI,J3,X,OT,10000000,1AA0425YPN,100,2025-04-02,2026-03-31,
500,1019,DPLKAR01,Delhivery Pvt. Ltd.,29AAPCS9575E1ZJ,IN,CI,C1,X,CO,23230120,1AB1019BLE,70,2019-10-31,2020-03-31,
500,1001,DPLKAR01,Delhivery Pvt. Ltd.,29AAPCS9575E1ZJ,IN,CI,C1,X,CO,334906000,1AA0125VBY,95,2025-01-22,2025-03-31,
500,9025,DNB00759AA,BRIGADE HOTEL VENTURES LIMITED,29AAGCB8612G2ZK,IN,CI,C1,X,CO,AAGCB8612G,4AB0326FMV4A134,95,2026-04-01,2027-03-31,
500,9025,DNB00759AA,BRIGADE HOTEL VENTURES LIMITED,29AAGCB8612G2ZK,IN,CP,C1,X,CO,AAGCB8612G,4AB0326FMV4A134,95,2026-04-01,2027-03-31,
500,1081,DIT00161AD,TCI SUPPLY CHAIN SOLUTIONS -,29AAACT7966R3Z5,IN,CI,C1,X,CO,69190000,1AA0426SZQ,65,2026-04-02,2027-03-31,
500,1001,DNB00691AA,BGPS MANAGEMENT SOLUTIONS,09AAHCB5875A1ZN,IN,CI,C1,X,CO,3500000,1AC0725CTZ,65,2025-07-18,2026-03-31,
500,1019,DPLMAHA01,Delhivery Private Limited,27AAPCS9575E1ZN,IN,CI,C1,X,CO,23230120,1AB1019BLE,70,2019-10-31,2020-03-31,
500,1001,DPLMAHA01,Delhivery Private Limited,27AAPCS9575E1ZN,IN,CI,C1,X,CO,334906000,1AA0125VBY,95,2025-01-22,2025-03-31,
500,1001,DND00160AA,DUSTERS TOTAL SOLUTIONS SERVICES,08AACCD5989Q1ZO,IN,CI,C1,X,CO,66544756,4AB0326QIP4A066,99.5,2026-04-01,2027-03-31,
500,1081,DIX00023AA,XTELIFY LIMITED,36AABCW6047M1ZW,IN,JI,J1,X,CO,56525104,1AD0526NGJ,77.5,2026-05-21,2027-03-31,
500,1001,DNW00199AB,WOCKHARDT HOSPITALS LIMITED,27AAACW3342G1ZH,IN,JI,J1,X,CO,4000000,4NA0526AEQ4A054,87.5,2026-05-20,2027-03-31,
500,1001,DIS03836AA,Schbang Digital Solutions,27AAVCS3645P1ZB,IN,JI,J1,X,CO,80999699,1NC0726GYX,60,2026-07-15,2027-03-31,
500,1081,DIT00166AA,TEAMLEASE SKILLS UNIVERSITY,29AAAJT2549P1ZB,IN,CI,C4,X,OT,162000,1AE0625BOK,100,2025-06-20,2026-03-31,
500,1001,DNM00497AA,McKinsey and Company India LLP,27AAXFM1434F1Z3,IN,JP,J3,X,OT,1708633372,1NC0726MCH,62.7,2026-07-17,2027-03-31,
500,1001,DNM00497AA,McKinsey and Company India LLP,27AAXFM1434F1Z3,IN,JI,J3,X,OT,1708633372,1NC0726MCH,62.7,2026-07-17,2027-03-31,
500,1001,DNS00552AA,SUNDHARAMS PRIVATE LIMITED,33AAACS4949P1ZU,IN,CP,  , ,CO,16000000,1NB0626BVD,25,2026-06-17,2027-03-31,
500,1001,DNS00552AA,SUNDHARAMS PRIVATE LIMITED,33AAACS4949P1ZU,IN,CI,C1,X,CO,16000000,1NB0626BVD,25,2026-06-17,2027-03-31,
500,1001,DND00210AG,DELHIVERY  LIMITED,27AAPCS9575E1ZN,IN,CI,C1,X,CO,476368248,4AC0326DIZ4A328,95,2026-04-01,2027-03-31,
500,1001,DND00210AG,DELHIVERY  LIMITED,27AAPCS9575E1ZN,IN,II,I1,X,CO,630267130,4AC0326DJB4A002,99,2026-04-01,2027-03-31,
500,1001,DNC00606AD,CHECKMATE SERVICES PVT LTD,09AAACC8465A1ZT,IN,CI,C1,X,CO,81266120,1NC0626AOZ,75,2026-06-30,2027-03-31,
500,1001,DNS03005AA,S.P.JAIN INSTITUTE OF,27AAATB1693E7ZR,IN,JI,J3,X,OT,12500000,1AA0525WVQ,100,2025-05-05,2026-03-31,
500,1001,DNC00606AA,CHECKMATE SERVICES PVT LTD,03AAACC8465A1Z5,IN,CI,C1,X,CO,81266120,1NC0626AOZ,75,2026-06-30,2027-03-31,
500,1001,DNC00606AA,CHECKMATE SERVICES PVT LTD,03AAACC8465A1Z5,IN,CP,C1, ,CO,81266120,1NC0626AOZ,75,2026-06-30,2027-03-31,
500,1022,S3665,SECURITY & INTELLIGENCE SERVICES (I,                  ,IN,CP,  ,X,CO,                ,1AD0519MPE,99.5,2019-06-10,2020-03-31,
500,1022,S3665,SECURITY & INTELLIGENCE SERVICES (I,                  ,IN,CI,C1,X,CO,                ,1AD0519MPE,99.5,2019-06-10,2020-03-31,
500,1001,S02316,SIMULANIS SOLUTIONS PRIVA,09AAUCS1980J1ZK,IN,JI,J1,X,CO,4500000,1AA0724MVE,90,2024-07-03,2025-03-31,
500,1005,S3488,SHREE MATESHWARI TRANSPORT PVT LTD,27AAUCS5394J2ZD,IN,CI,C1,X,CO,                ,01,100,2017-04-01,2018-03-31,
500,1006,S3488,SHREE MATESHWARI TRANSPORT PVT LTD,27AAUCS5394J2ZD,IN,CI,C1,X,CO,                ,01,100,2017-04-01,2018-03-31,
500,1001,S6165,Security Guards Board for,                  ,IN,CI,C4,X,OT,194C,ITBA/24-25,100,2024-04-08,2025-03-31,
500,1001,R3926,REFINITIV INDIA PVT LTD,27AADCF3926A1Z1,IN,JI,J1,X,CO,7844544803,1AA0724WKS,80,2024-07-05,2025-03-31,
500,1022,R1264,RAMAN ROADWAYS PVT LTD,                  ,IN,CP,  ,X,CO,                ,1AA1019HIS,50,2019-10-17,2020-03-31,
500,1022,R1264,RAMAN ROADWAYS PVT LTD,                  ,IN,CI,C1,X,CO,                ,1AA1019HIS,50,2019-10-17,2020-03-31,
500,1022,RJA0077001,MEHRAB MOTORS PVT. LTD.,08AAECM2799M1ZR,IN,8I,IA,X,CO,                ,1AB0519WMY,90,2019-05-13,2020-03-31,
500,1022,RJA0077001,MEHRAB MOTORS PVT. LTD.,08AAECM2799M1ZR,IN,CP,  ,X,CO,                ,1AB0519WMP,50,2019-05-13,2020-03-31,
500,1022,RJA0077001,MEHRAB MOTORS PVT. LTD.,08AAECM2799M1ZR,IN,CI,C1,X,CO,                ,1AB0519WMP,50,2019-05-13,2020-03-31,
500,1022,RJA0077001,MEHRAB MOTORS PVT. LTD.,08AAECM2799M1ZR,IN,8P,  ,X,CO,                ,1AB0519WMY,90,2019-05-13,2020-03-31,
500,1037,S00312B,SMART ENOVATIONS (INDIA),                  ,IN,JP,  , ,CO,                ,0414DW737E,100,2014-06-27,2015-03-31,
500,1037,S00312B,SMART ENOVATIONS (INDIA),                  ,IN,JI,  ,X,CO,                ,0414DW737E,100,2014-06-27,2015-03-31,
500,1001,RIPLGJ105,RUBIK INFOTECH PVT LTD,24AAFCR4189P1ZP,IN,JI,J1,X,CO,5500000,1AC0624HDK,94.5,2024-06-07,2025-03-31,
500,1001,S1773,SHRIKRISHNA HRUDAYALAYA,                  ,IN,JI,J3,X,OT,"SEC 17, CL 2(VI)",2008-09/937,100,2009-02-12,9999-03-31,
500,1001,R138,RR INVESTORS RETAIL SERVICES,                  ,IN,HI,H1,X,CO,                ,2013-14/3,75,2014-07-22,2015-03-31,
500,1001,RTPL0623,RAPIDUE TECHNOLOGIES  PRIVATE LIMIT,36AAHCR5399H1ZT,IN,JI,J1,X,CO,830084,1AE0624WBK,99,2024-06-25,2025-03-31,
500,1022,RJA0157401,SHRI KRSNA URJA PROJECT PVT LTD.,08AABCS9741E1Z9,IN,CI,C1,X,CO,                ,1AI0519ALW,75,2019-05-31,2020-03-31,
500,1022,RJA0157401,SHRI KRSNA URJA PROJECT PVT LTD.,08AABCS9741E1Z9,IN,CP,  ,X,CO,                ,1AI0519ALW,75,2019-05-31,2020-03-31,
500,1022,RJA0012501,KHAITAN LOGISTICS PVT LTD.,08AABCK6434G1ZL,IN,CP,  ,X,CO,                ,1AA0519YVI,100,2019-05-06,2020-03-31,
500,1022,RJA0012501,KHAITAN LOGISTICS PVT LTD.,08AABCK6434G1ZL,IN,CI,C1,X,CO,                ,1AA0519YVI,100,2019-05-06,2020-03-31,
500,1001,S01367,SHOBIZ EXPERIENTIAL COMMU,27AABCS4372D1ZI,IN,JI,J5,X,CO,7500000,1AB0822BGE,75,2022-08-12,2023-03-31,
500,1001,S01367,SHOBIZ EXPERIENTIAL COMMU,27AABCS4372D1ZI,IN,CP,C1,X,CO,194C,0214US043E,73,2014-04-22,2015-03-31,
500,9035,RAJENDRAS,RAJENDRA SHAH & ASSOCIATES,27AAAFR1055Q1ZX,IN,JI,J3,X,OT,                ,1NA0526CHM,65,2026-05-07,2027-03-31,
500,1001,RACPL01,RSM ASTUTE CONSULTING PRIVATE LIMIT,27AAFCA6344R1Z3,IN,JI,J1,X,CO,818000000,1AH0425EGF,30,2025-04-29,2026-03-31,
500,1022,RJA0011901,KM TRANS LOGISTICS PVT. LTD,08AACCK0420F1Z4,IN,CP,  ,X,CO,                ,1AA1119IWF,99.5,2019-11-18,2020-03-31,
500,1022,RJA0011901,KM TRANS LOGISTICS PVT. LTD,08AACCK0420F1Z4,IN,CI,C1,X,CO,                ,1AA1119IWF,99.5,2019-11-18,2020-03-31,
500,1001,FSR2089B,RED EAGLE SHIPPING AGENCIES PVT,07AAACR4408A1ZZ,IN,CI,C1,X,CO,                ,0113GC224H/37,75,2013-04-30,2014-03-31,
500,1021,FS0263,SUPREME FACILITY MGT.PVT.LTD,27AAJCS0215P1Z3,IN,CI,C1,X,CO,                ,0617BA839F,65,2017-08-17,2018-03-31,
500,1001,G0189,GI STAFFING,09AADCG3694A1ZP,IN,CI,C1,X,CO,25063200,1AB0425AHZ,87.5,2025-04-03,2026-03-31,
500,1067,GCM9780N,MAHINDRA INTEGRATED BUSINESS SOLUTI,23AAGCM9780N1ZS,IN,CI,C1,X,CO,                ,1AD0725FIU,62.5,2025-07-31,2026-03-31,
500,1001,FSP2102,PRICEWATERHOUSE COOPERS PVT LTD,                  ,IN,JI,J1,X,CO,400000,1AE0623ROO,90,2023-06-16,2024-03-31,
500,1001,FN0120,NEWBRIDGE BUSINESS CENTER,                  ,IN,II,I1,X,CO,                ,27/F-13/ACIT-C1,70,2011-04-01,2012-03-31,
500,1001,G0723,GARTNER INDIA RESEARCH,27AACCA0176C2Z6,IN,JI,J1,X,CO,5950178,1AB0521FDN,20,2021-05-15,2022-03-31,
500,1001,G00419,GIRNAR SOFTWARE PRIVATE LIMITED,08AACCG7277J1Z6,IN,CI,C1,X,CO,42725000,1AD0722GUP,75,2022-07-26,2023-03-31,
500,1001,G00419,GIRNAR SOFTWARE PRIVATE LIMITED,08AACCG7277J1Z6,IN,JI,J1,X,CO,23149200,1AD0722HHT,95,2022-07-26,2023-03-31,
500,1037,G01513B,GI STAFFING SERVICES PVT LTD,                  ,IN,JI,J1,X,CO,                ,0117AP486C,95,2017-04-10,2018-03-31,
500,1037,G01513B,GI STAFFING SERVICES PVT LTD,                  ,IN,JP,  , ,CO,                ,0117AP486C,95,2017-04-10,2018-03-31,
500,1001,G02380B,GATI KINTETSU EXPRESS PRIVATE LIMIT,29AADCG2096A1ZT,IN,CI,C1,X,CO,100000000,1AG0525ISM,95,2025-05-29,2026-03-31,
500,1081,G02380B,GATI KINTETSU EXPRESS PRIVATE LIMIT,29AADCG2096A1ZT,IN,CI,C1,X,CO,28600000,1AG0525IUZ,95,2025-05-29,2026-03-31,
500,1081,G02380B,GATI KINTETSU EXPRESS PRIVATE LIMIT,29AADCG2096A1ZT,IN,CP,C1, ,CO,28600000,1AG0525IUZ,95,2025-05-29,2026-03-31,
500,1019,CO51151,Onward Technologies Ltd,27AAACO3742J1ZE,IN,JI,J1,X,CO,197/195,0218CZ629D,60,2018-06-21,2019-03-31,
500,1001,DCD00384AB,DESIGNTECH SYSTEMS PRIVAT,27AABCD2335F1Z2,IN,JI,J1,X,CO,120097250,1NA0726SQB,66.5,2026-07-06,2027-03-31,
500,1079,DCD00384AB,DESIGNTECH SYSTEMS PRIVAT,27AABCD2335F1Z2,IN,JI,J1,X,CO,8426700,1NA0726SQD,66.5,2026-07-06,2027-03-31,
500,1020,CT0012A,TATA CONSULTING ENGINEERS LIMITED,27AABCT0772E1ZJ,IN,JP,J1,X,CO,                ,0214UQ402E,73,2014-04-21,2015-03-31,
500,1020,CT0012A,TATA CONSULTING ENGINEERS LIMITED,27AABCT0772E1ZJ,IN,JI,J1,X,CO,                ,0214UQ402E,73,2014-04-21,2015-03-31,
500,1001,CT0012A,TATA CONSULTING ENGINEERS LIMITED,27AABCT0772E1ZJ,IN,JI,J1,X,CO,886207,1AA0725QFD,28.1,2025-07-04,2026-03-31,
500,1021,CT0012A,TATA CONSULTING ENGINEERS LIMITED,27AABCT0772E1ZJ,IN,JI,J1,X,CO,                ,123,80,2020-04-01,2020-06-30,
500,1021,CT0012A,TATA CONSULTING ENGINEERS LIMITED,27AABCT0772E1ZJ,IN,JP,J1, ,CO,                ,123,80,2020-04-01,2020-06-30,
500,1001,DCP00333AA,PARAMTECH CAD SERVICES,27AAHCP6576C1Z7,IN,JI,J1,X,CO,                ,1NA0826DJV,84,2026-08-06,2027-03-31,
500,1081,DCP00333AA,PARAMTECH CAD SERVICES,27AAHCP6576C1Z7,IN,JI,J1,X,CO,36241947,1NA0826DJW,84,2026-08-06,2027-03-31,
500,1001,DCP00333AA,PARAMTECH CAD SERVICES,27AAHCP6576C1Z7,IN,JP,  , ,CO,                ,1NA0826DJV,84,2026-08-06,2027-03-31,
500,1081,CLPL0563,NETCORE CLOUD PRIVATE LIMITED,27AAACR2730D1ZU,IN,CI,C1,X,CO,"1,00,000",4NA0726AGE4A194,12.5,2026-07-15,2027-03-31,
500,1001,D00121,DASSAULT SYSTEMS INDIA PVT. LTD.,                  ,IN,JI,J1,X,CO,914462070,1NC0726NSM,87,2026-07-17,2027-03-31,
500,1001,DCG00167AA,GALAXY OFFICE AUTOMATION PVT,27AABCG4672N1Z6,IN,JP,  ,X,CO,10000000,1NB0726LCV,45,2026-07-10,2027-03-31,
500,1001,DCG00167AA,GALAXY OFFICE AUTOMATION PVT,27AABCG4672N1Z6,IN,JI,J1,X,CO,10000000,1NB0726LCV,45,2026-07-10,2027-03-31,
500,1001,DASSAULT1,DASSAULT SYSTEMES INDIA PRIVATE LIM,29AACCD7672A8ZI,IN,JI,J1,X,CO,914462070,1NC0726NSM,87,2026-07-17,2027-03-31,
500,1001,DCT00472AA,THE AUTOMOTIVE RESEARCH,27AAATT1989P1ZL,IN,JI,J3,X,OT,350000000,1AD0526CUH,100,2026-05-19,2027-03-31,
500,1001,DCT00472AA,THE AUTOMOTIVE RESEARCH,27AAATT1989P1ZL,IN,JP,J3, ,OT,350000000,1AD0526CUH,100,2026-05-19,2027-03-31,
500,1079,DCT00472AA,THE AUTOMOTIVE RESEARCH,27AAATT1989P1ZL,IN,JI,J3,X,OT,110000000,1AD0526CVD,100,2026-05-19,2027-03-31,
500,1001,DCE00571AA,ESTECH INDIA PRIVATE LIMI,27AADCE5018Q1ZA,IN,JP,J1, ,CO,                ,1NE0726NGD,90,2026-07-27,2027-03-31,
500,1001,DCE00571AA,ESTECH INDIA PRIVATE LIMI,27AADCE5018Q1ZA,IN,JI,J1,X,CO,                ,1NE0726NGD,90,2026-07-27,2027-03-31,
500,9025,DCE00571AA,ESTECH INDIA PRIVATE LIMI,27AADCE5018Q1ZA,IN,JP,J5,X,CO,AADCE5018Q,1NE0726NGI,50,2026-07-27,2027-03-31,
500,9025,DCE00571AA,ESTECH INDIA PRIVATE LIMI,27AADCE5018Q1ZA,IN,JI,J5,X,CO,AADCE5018Q,1NE0726NGI,50,2026-07-27,2027-03-31,
500,1001,CIS009,COSMOS INTEGRATED SOLUTIONS,27AAGCC1937R1Z3,IN,CI,C1,X,CO,1561466,1AA0224ASE,95,2024-02-01,2024-03-31,
500,1001,DCL00094AA,LEAP INDIA PVT LTD,27AACCL5087B1ZM,IN,CI,C1,X,CO,16000000,1AA0626FUE,80,2026-06-19,2027-03-31,
500,1019,CIM1D011,DURR SYSTEMS GMBH,                  ,DE,5P,52,X,CO,                ,27195/10-11,49.03,2010-05-17,2011-03-31,
500,1019,CIM1D011,DURR SYSTEMS GMBH,                  ,DE,5I,52, ,CO,                ,27195/10-11,49.03,2010-05-17,2011-03-31,
500,1067,SC5258F,SMARTWORKS COWORKING SPACES PRIVATE,09AAWCS5258F1ZO,IN,II,I1,X,CO,                ,1AA0325HWA,99,2025-04-01,2026-03-31,
500,1067,SISLTD3538,SIS LIMITED,09AAECS3538A1ZL,IN,CI,C1,X,CO,                ,4AB0426EVC,99.5,2026-04-06,2027-03-31,
500,1001,VIN00065,HERO MINDMINE INSTITUTE P LTD,07AABCH8741B1ZU,IN,JI,J1,X,CO,10000000,1NA0626TBA,75,2026-06-12,2027-03-31,
500,1063,VNSK04583,HALDIA PETROCHEMICALS,19AAGCB2001F1Z9,IN,LI,L1,X,CO,                ,1AC0525ESB,90,2025-05-09,2026-03-31,
500,1001,UPA1820,ADECCO INDIA PVT LTD,09AABCG3636Q1Z4,IN,JI,J1,X,CO,                ,1AB0520QYC,73.33,2020-06-29,2021-03-31,
500,1001,UPA1820,ADECCO INDIA PVT LTD,09AABCG3636Q1Z4,IN,CI,C1, ,CO,                ,1AE0519VCE,50,2019-05-21,2020-03-31,
500,1001,UTA1820,ADECCO INDIA PVT LTD,05AABCG3636Q1ZC,IN,JI,J1,X,CO,                ,1AB0520QYC,73.33,2020-06-29,2021-03-31,
500,1001,VMSM15,VODAFONE MOBILE SERVICES LTD,23AAACS4457Q1ZY,IN,JI,J1,X,CO,4479275,1AF0521CYA,90,2021-05-25,2022-03-31,
500,1001,VMSM15,VODAFONE MOBILE SERVICES LTD,23AAACS4457Q1ZY,IN,CI,C1,X,CO,AMT 2334807,1AE0423UAO,75,2023-04-25,2024-03-31,
500,1001,VMSK15,VODAFONE MOBILE SERVICES LTD,29AAACS4457Q2ZL,IN,JI,J1,X,CO,4479275,1AF0521CYA,90,2021-05-25,2022-03-31,
500,1001,VMSK15,VODAFONE MOBILE SERVICES LTD,29AAACS4457Q2ZL,IN,CI,C1,X,CO,AMT 2334807,1AE0423UAO,75,2023-04-25,2024-03-31,
500,1051,VIN00121,MAHINDRA DEFENCE SYSTEMS LIMITED,06AAICM0849A1ZT,IN,8I,IA,X,CO,                ,0218AH149E,4,2018-02-21,2018-03-31,
500,1001,VMSO15,VODAFONE MOBILE SERVICES LTD,21AAACS4457Q2Z1,IN,JI,J1,X,CO,4479275,1AF0521CYA,90,2021-05-25,2022-03-31,
500,1001,VMSO15,VODAFONE MOBILE SERVICES LTD,21AAACS4457Q2Z1,IN,CI,C1,X,CO,AMT 2334807,1AE0423UAO,75,2023-04-25,2024-03-31,
500,1001,VMSG15,VODAFONE MOBILE SERVICES LTD,24AAACS4457Q2ZV,IN,JI,J1,X,CO,4479275,1AF0521CYA,90,2021-05-25,2022-03-31,
500,1001,VMSG15,VODAFONE MOBILE SERVICES LTD,24AAACS4457Q2ZV,IN,CI,C1,X,CO,AMT 2334807,1AE0423UAO,75,2023-04-25,2024-03-31,
500,1001,VMSU016,VODAFONE MOBILE SERVICES LTD,05AAACS4457Q1ZW,IN,JI,J1,X,CO,4479275,1AF0521CYA,90,2021-05-25,2022-03-31,
500,1001,VMSU016,VODAFONE MOBILE SERVICES LTD,05AAACS4457Q1ZW,IN,CI,C1,X,CO,AMT 2334807,1AE0423UAO,75,2023-04-25,2024-03-31,
500,1001,VMSJ015,VODAFONE MOBILE SERVICES LTD,20AAACS4457Q1Z4,IN,CI,C1,X,CO,AMT 2334807,1AE0423UAO,75,2023-04-25,2024-03-31,
500,1001,V123,TATA COMMUNICATIONS,27AAACV2808C1ZP,IN,JI,J1,X,CO,2570286,1AD0425UFH,40,2025-04-12,2026-03-31,
500,1027,V123,TATA COMMUNICATIONS,27AAACV2808C1ZP,IN,JI,J1,X,CO,                ,1AB0326TOD,6,2026-04-12,2027-03-31,
500,1001,UDS001,UPDATER SERVICES LTD,33AAACU6845J1Z5,IN,CI,C1,X,CO,AMT -2188510,1AC0422QQW,50,2022-04-25,2023-03-31,
500,1006,UDS001,UPDATER SERVICES LTD,33AAACU6845J1Z5,IN,CI,C1,X,CO,                ,IAB0725ILO,62.5,2025-07-16,2026-03-31,
500,1067,UDS001,UPDATER SERVICES LTD,33AAACU6845J1Z5,IN,CI,C1,X,CO,                ,1AA0623JEH,75,2023-06-01,2024-01-20,
500,9027,VHO2200081,BAYLEAF HR SOLUTIONS PRIVATE LIMITE,27AAHCB2827L1ZG,IN,CI,C1,X,CO,                ,1AE0623PK,75,2023-06-16,2024-03-31,
500,1001,VFGVL23001,Mahindra First Choice Wheels Ltd,29AACCM0794N2ZV,IN,II,I1,X,CO,192000000,4AG0426FWT4A005,90,2026-04-29,2027-03-31,
500,9023,VHO2300052,BAIN & COMPANY INDIA PVT LTD,06AACCB8671R1ZZ,IN,JI,J1,X,CO,1AA0123VGI,1AA0123VGI,60,2023-01-31,2023-03-31,
500,9023,VHO2300058,Poonam IT Consulting Services Priva,29AAHCP3113B1ZU,IN,JI,J1,X,CO,                ,1NA0726ETA,90,2026-07-01,2027-03-31,
500,1063,VNSK-00472,DHL EXPRESS (INDIA) PVT.,27AABCD3611Q1ZI,IN,CP,C1,X,CO,                ,1AC0425LYY,32.5,2025-04-09,2026-03-31,
500,1063,VNSK-03167,TATA TELESERVICES (MAHARASHTRA) LIM,27AAACH1458C1ZZ,IN,CI,C1,X,CO,                ,4AB0326XUO4A008,87.5,2026-04-01,2027-03-31,
500,1063,VNSK-03455,MAHINDRA LOGISTICS LTD,27AAFCM2530H1ZO,IN,CI,C1,X,CO,                ,197(1)/AAFCM2530H/2021-22,90,2021-05-07,2022-03-31,
500,1022,MLL665,IDEAL MOVERS PRIVATE LIMITED,27AABCI0662C1Z1,IN,CI,C1,X,CO,                ,1AA0719SOP,90,2019-07-15,2020-03-31,
500,1022,MLL665,IDEAL MOVERS PRIVATE LIMITED,27AABCI0662C1Z1,IN,CP,  ,X,CO,                ,1AA0719SOP,90,2019-07-15,2020-03-31,
500,1005,MIL-A0017,ASHWANI ROAD CARRIERS,24ADEPV9413H2ZC,IN,CI,C3,X,OT,                ,001,100,2023-04-01,2024-03-31,
500,1007,MLDL002037,IL&FS ENGINEERING,                  ,IN,CP,  ,X,CO,0515EB436C,0515EB436C,99.5,2015-06-20,2016-03-31,
500,1007,MLDL002037,IL&FS ENGINEERING,                  ,IN,CI,C1,X,CO,0515EB436C,0515EB436C,99.5,2015-06-20,2016-03-31,
500,1007,MLDL002302,MFE FORMWORK TECHNOLOGY,                  ,MY,5P,  ,X,CO,                ,DDIT/IT-4(1)/U/,95.24,2012-04-01,2013-03-31,
500,1007,MLDL002302,MFE FORMWORK TECHNOLOGY,                  ,MY,5I,5B,X,CO,                ,DDIT/IT-4(1)/U/,95.24,2012-04-01,2013-03-31,
500,1022,MLL925,M/S SVT LOGISTICS PVT LTD.,                  ,IN,CI,C1,X,CO,                ,1AD0519CON,55,2019-05-22,2020-03-31,
500,1022,MLL925,M/S SVT LOGISTICS PVT LTD.,                  ,IN,CP,  ,X,CO,                ,1AD0519CON,55,2019-05-22,2020-03-31,
500,1001,MLDL006212,BHARTI AIRTEL LIMITED,27AAACB2894G1ZN,IN,CI,C1,X,CO,AMT 9509441,1AB0323MAB,94.5,2023-04-01,2024-03-31,
500,1054,MKTGP00607,PEOPLESTRONG HR SERVICES,06AADCP8140Q1ZY,IN,JI,J1,X,  ,MKTGP00607,1AD0621HTQ,0.45,2021-06-14,2022-03-31,
500,1001,MKTGT402,THE CALCUTTA MEDICAL RESEARCH,                  ,IN,JI,J3,X,OT,                ,0815HA869J,90,2015-09-24,2016-03-31,
500,1001,MLDL004307,Chalet Hotel Ltd,27AAACK0411E1Z9,IN,II,I1,X,CO,                ,0217EK213G,100,2017-09-11,2018-03-31,
500,1048,MLDL007043,INI INFRASTRUCTURE & ENGINEERING PV,24AACCS6796A1ZD,IN,JP,J1,X,CO,                ,1AE0720KAK,80,2020-07-21,2021-03-31,
500,1048,MLDL007043,INI INFRASTRUCTURE & ENGINEERING PV,24AACCS6796A1ZD,IN,JI,J1,X,CO,                ,1AE0720KAK,80,2020-07-21,2021-03-31,
500,1001,MLL415,Sundharams Pvt. Ltd.,27AAACS4949P1ZN,IN,CP,C1, ,CO,16000000,1NB0626BVD,25,2026-06-17,2027-03-31,
500,1001,MLL415,Sundharams Pvt. Ltd.,27AAACS4949P1ZN,IN,CI,C1,X,CO,16000000,1NB0626BVD,25,2026-06-17,2027-03-31,
500,1001,MLDL000644,BIRLA INSTITUTE OF TECHNOLOGY,08AAATB2599R1ZZ,IN,JI,J3,X,OT,4885000,1AF0624FCH,100,2024-06-27,2025-03-31,
500,1001,MKTGG00378,GI STAFFING SERVICES PVT LTD,09AADCG3694A1ZP,IN,CI,C1,X,CO,25063200,1AB0425AHZ,87.5,2025-04-03,2026-03-31,
500,1048,MLDL007162,Regus Grandeur Offices Pvt. Ltd.,24AAGCR1844L1Z8,IN,CI,C1,X,CO,                ,1AG0522YKR,75,2022-05-24,2023-03-31,
500,1048,MLDL007162,Regus Grandeur Offices Pvt. Ltd.,24AAGCR1844L1Z8,IN,II,I1,X,CO,                ,1AG0522YEO,80,2022-05-24,2023-03-31,
500,1048,MLDL007162,Regus Grandeur Offices Pvt. Ltd.,24AAGCR1844L1Z8,IN,IP,I1,X,CO,                ,1AG0522YEO,80,2022-05-24,2023-03-31,
500,1048,MLDL007162,Regus Grandeur Offices Pvt. Ltd.,24AAGCR1844L1Z8,IN,CP,C1, ,CO,                ,1AG0522YKR,75,2022-05-24,2023-03-31,
500,1019,MM126,M.S.RAMAIAH SCHOOL OF,                  ,IN,JI,J3,X,OT,0413CZ887H,0413CZ887H,100,2013-07-30,2014-03-31,
500,1001,MLDL000114,Jones Lang Lasalle,29AAACL2089B1ZO,IN,JI,J1,X,CO,332748483,1AC0526XFO,65,2026-05-15,2027-03-31,
500,1047,MLDL008261,Property Solutions (India) Pvt. Ltd,29AACCP1114F1ZU,IN,CP,C1,X,CO,                ,1AE0621NYK,50,2021-06-21,2022-03-31,
500,1047,MLDL008261,Property Solutions (India) Pvt. Ltd,29AACCP1114F1ZU,IN,CI,C1,X,CO,                ,1AE0621NYK,50,2021-06-21,2022-03-31,
500,1007,MLDL007160,RANDSTAD INDIA PVT. LTD.,29AABCM4781A1ZL,IN,JP,  ,X,CO,                ,1AC0323RSI,100,2023-04-01,2024-03-31,
500,1007,MLDL007160,RANDSTAD INDIA PVT. LTD.,29AABCM4781A1ZL,IN,JI,J1,X,CO,                ,1AC0323RSI,100,2023-04-01,2024-03-31,
500,1007,MLDL006195,TeamLease Services Limited,29AABCT5458K1ZT,IN,JP,  ,X,CO,0215FC133C,0215FC133C,93.8,2015-12-03,2017-03-31,
500,1001,MLDL006195,TeamLease Services Limited,29AABCT5458K1ZT,IN,JI,J1, ,CO,                ,0217AN422J,94.3,2017-04-11,2018-03-31,
500,1007,MLDL006195,TeamLease Services Limited,29AABCT5458K1ZT,IN,JI,J1,X,CO,0215FC133C,0215FC133C,93.8,2015-12-03,2017-03-31,
500,1001,MLDL006195,TeamLease Services Limited,29AABCT5458K1ZT,IN,CP,C1, ,CO,314374365,1AB0326MHW,95,2026-04-01,2027-03-31,
500,1001,MLDL006195,TeamLease Services Limited,29AABCT5458K1ZT,IN,CI,C1,X,CO,314374365,1AB0326MHW,95,2026-04-01,2027-03-31,
500,1037,MLDL006998,KATERRA DESIGN PRIVATE LIMITED,29AACCK2784J1Z4,IN,JP,J1,X,CO,                ,1AF0521LWS,60,2021-05-26,2022-03-31,
500,1037,MLDL006998,KATERRA DESIGN PRIVATE LIMITED,29AACCK2784J1Z4,IN,JI,J1,X,CO,                ,1AF0521LWS,60,2021-05-26,2022-03-31,
500,1018,MLDL001781,RANDSTAD INDIA PRIVATE LIMITED,33AABCM4781A1ZW,IN,JI,J1,X,CO,                ,0312CK877D,99.8,2012-05-01,2013-03-31,
500,1008,MLDL001781,RANDSTAD INDIA PRIVATE LIMITED,33AABCM4781A1ZW,IN,JI,J1,X,CO,                ,0315HF629C,9.5,2015-08-17,2016-03-31,
500,1007,MLDL002721,SUNDARAM BPO INDIA LTD,                  ,IN,JP,  ,X,CO,                ,0314GD253F,95,2014-06-18,2015-03-31,
500,1007,MLDL002721,SUNDARAM BPO INDIA LTD,                  ,IN,JI,J1,X,CO,                ,0314GD253F,95,2014-06-18,2015-03-31,
500,1007,MLDL002379,RANDSTAD INDIA LTD.,33AABCM4781A1ZW,IN,JP,  ,X,CO,                ,0315HF675,95,2015-08-17,2016-03-31,
500,1009,MLDL002379,RANDSTAD INDIA LTD.,33AABCM4781A1ZW,IN,CP,C1,X,CO,0316BF124H,0316BF124H,0.5,2016-11-09,2017-03-31,
500,1009,MLDL002379,RANDSTAD INDIA LTD.,33AABCM4781A1ZW,IN,CI,C1,X,CO,0316BF124H,0316BF124H,0.5,2016-11-09,2017-03-31,
500,1007,MLDL002379,RANDSTAD INDIA LTD.,33AABCM4781A1ZW,IN,JI,J1,X,CO,                ,0315HF675,95,2015-08-17,2016-03-31,
500,1001,MLL415A,SUNDHARAMS PVT LTD,33AAACS4949P1ZU,IN,CP,C1, ,CO,16000000,1NB0626BVD,25,2026-06-17,2027-03-31,
500,1001,MLL415A,SUNDHARAMS PVT LTD,33AAACS4949P1ZU,IN,CI,C1,X,CO,16000000,1NB0626BVD,25,2026-06-17,2027-03-31,
500,1022,MLL415A,SUNDHARAMS PVT LTD,33AAACS4949P1ZU,IN,7P,  ,X,CO,                ,1AA1119ROS,50,2019-12-10,2020-03-31,
500,1022,MLL415A,SUNDHARAMS PVT LTD,33AAACS4949P1ZU,IN,CI,C1,X,CO,                ,1AA1119ROJ,95,2019-12-10,2020-03-31,
500,1022,MLL415A,SUNDHARAMS PVT LTD,33AAACS4949P1ZU,IN,7I,IA,X,CO,                ,1AA1119ROS,50,2019-12-10,2020-03-31,
500,1022,MLL415A,SUNDHARAMS PVT LTD,33AAACS4949P1ZU,IN,CP,  ,X,CO,                ,1AA1119ROJ,95,2019-12-10,2020-03-31,
500,1001,MLLC82017,MAHINDRA LOGISTICS LIMITED,33AAFCM2530H1ZV,IN,CI,C1,X,CO,31084341727,1AD0426EMH,60,2026-04-16,2027-03-31,
500,1001,MLLC82017,MAHINDRA LOGISTICS LIMITED,33AAFCM2530H1ZV,IN,RI,I1, ,CO,866946434,1AD0426EMI,92,2026-04-16,2027-03-31,
500,1001,MLLC82017,MAHINDRA LOGISTICS LIMITED,33AAFCM2530H1ZV,IN,8I,IA,X,CO,866946434,1AD0426EMI,92,2026-04-16,2027-03-31,
500,1001,MLLC82017,MAHINDRA LOGISTICS LIMITED,33AAFCM2530H1ZV,IN,JI,J1,X,CO,2070249434,1AD0426EMJ,92,2026-04-16,2027-03-31,
500,1008,MLDL007867,RANDSTAD INDIA PRIVATE LIMITED,33AABCM4781A1ZW,IN,CP,C1,X,CO,                ,1AC0323RSK,100,2023-04-01,2024-03-31,
500,1008,MLDL007867,RANDSTAD INDIA PRIVATE LIMITED,33AABCM4781A1ZW,IN,CI,C1,X,CO,                ,1AC0323RSK,100,2023-04-01,2024-03-31,
500,1008,MLDL3728,JONES LANG LASALLE BUILDING OPERATI,33AAACW4495Q2ZM,IN,CP,C1,X,CO,                ,1AD0624RHB,92.5,2024-06-14,2025-03-31,
500,1008,MLDL3728,JONES LANG LASALLE BUILDING OPERATI,33AAACW4495Q2ZM,IN,CI,C1,X,CO,                ,1AD0624RHB,92.5,2024-06-14,2025-03-31,
500,1067,MIBSTN01,MAHINDRA INTEGRATED BUSINESS SOLUTI,33AAGCM9780N1ZR,IN,CI,C1,X,CO,                ,1AD0725FIU,62.5,2025-07-31,2026-03-31,
500,1037,MLDL001957,"THE REGISTRAR, IIT MADRAS",33AAAAI3615G1Z6,IN,JI,J3,X,OT,                ,0317AS522B,100,2017-06-07,2018-03-31,
500,1022,MLL320A,R SAI TRANSPORT COMPANY,                  ,IN,CI,C3,X,OT,                ,1AI0519FWY,50,2019-07-01,2020-03-31,
500,1022,MLL320A,R SAI TRANSPORT COMPANY,                  ,IN,CP,  ,X,OT,                ,1AI0519FWY,50,2019-07-01,2020-03-31,
500,1001,MLDL006391,Casa2 Stays Private Limited,06AAFCC6416Q1ZA,IN,CI,C1,X,CO,                ,1AG0426KJR,87.5,2026-04-29,2027-03-31,
500,1001,MLDL004623,TATA COMMUNICATIONS LIMITED,06AAACV2808C1ZT,IN,JI,J1, ,CO,41194790,1AB0623MEF,40,2023-05-06,2024-03-31,
500,1084,MLDL261,RANDSTAD INDIA PRIVATE LIMITED,06AABCM4781A1ZT,IN,CI,C1,X,CO,AABCM4781A,1AA0422OEW,100,2022-04-11,2023-03-31,
500,1084,MLDL261,RANDSTAD INDIA PRIVATE LIMITED,06AABCM4781A1ZT,IN,CP,C1, ,CO,AABCM4781A,1AA0422OEW,100,2022-04-11,2023-03-31,
500,1027,MLDL261,RANDSTAD INDIA PRIVATE LIMITED,06AABCM4781A1ZT,IN,CI,C1,X,CO,AABCM4781A,1AA0422OEW,100,2022-04-11,2023-03-31,
500,9025,MLDL261,RANDSTAD INDIA PRIVATE LIMITED,06AABCM4781A1ZT,IN,CI,C1,X,CO,AABCM4781A,1AC0323RJS,100,2023-04-01,2024-03-31,
500,1027,MLDL261,RANDSTAD INDIA PRIVATE LIMITED,06AABCM4781A1ZT,IN,CP,C1, ,CO,AABCM4781A,1AA0422OEW,100,2022-04-11,2023-03-31,
500,1027,MI0031,INTERNATIONAL CENTRE FOR,06AABAN9435G2ZI,IN,JP,J3, ,OT,                ,1AA0221CRG,100,2021-02-05,2021-03-31,
500,1037,MI0031,INTERNATIONAL CENTRE FOR,06AABAN9435G2ZI,IN,JI,J3,X,OT,                ,0116CT999G,100,2016-08-19,2017-03-31,
500,1027,MI0031,INTERNATIONAL CENTRE FOR,06AABAN9435G2ZI,IN,JI,J3,X,OT,                ,1AA0221CRG,100,2021-02-05,2021-03-31,
500,1037,MI0031,INTERNATIONAL CENTRE FOR,06AABAN9435G2ZI,IN,JP,J3,X,OT,                ,0116CT999G,100,2016-08-19,2017-03-31,
500,1084,MI0031,INTERNATIONAL CENTRE FOR,06AABAN9435G2ZI,IN,JP,J3, ,OT,                ,1AA0221CRG,100,2021-02-05,2021-03-31,
500,1084,MI0031,INTERNATIONAL CENTRE FOR,06AABAN9435G2ZI,IN,JI,J3,X,OT,                ,1AA0221CRG,100,2021-02-05,2021-03-31,
500,1047,MLDL003433,SLV SECURITY SERVICES PVT,06AABCS0923L1ZG,IN,CP,C1,X,CO,                ,1AG0525HYR,70,2025-05-29,2026-03-31,
500,1047,MLDL003433,SLV SECURITY SERVICES PVT,06AABCS0923L1ZG,IN,CI,C1,X,CO,                ,1AG0525HYR,70,2025-05-29,2026-03-31,
500,1047,MLDL006540,S.K.FACILITY MANAGEMENT SERVICES,06AALCS0648C1ZJ,IN,CI,C1,X,CO,                ,1NA0826DWY,37.5,2026-08-06,2027-03-31,
500,1047,MLDL006540,S.K.FACILITY MANAGEMENT SERVICES,06AALCS0648C1ZJ,IN,CP,C1,X,CO,                ,1NA0826DWY,37.5,2026-08-06,2027-03-31,
500,1001,MKCIL001,McKinsey & Company India LLP,06AAXFM1434F1Z7,IN,JP,J3,X,OT,1708633372,1NC0726MCH,62.7,2026-07-17,2027-03-31,
500,1001,MKCIL001,McKinsey & Company India LLP,06AAXFM1434F1Z7,IN,JI,J3,X,OT,1708633372,1NC0726MCH,62.7,2026-07-17,2027-03-31,
500,1001,MLDL001731,NETWORK 18 MEDIA &,                  ,IN,CI,C1,X,CO,4568182,1AE0422TOE,97.5,2022-04-29,2023-03-31,
500,1009,MLDL002120,S.R. GOYAL & CO,08AAMFS7620N1ZJ,IN,JI,J3,X,OT,                ,1219AA028H,50,2019-01-29,2019-03-31,
500,1001,MLDL003440,INTERGLOBE HOTELS PVT LTD,08AABCI2732H1ZS,IN,CI,C1,X,CO,2741307,1AA0525ARA,95,2025-04-30,2026-03-31,
500,1001,MLDL003440,INTERGLOBE HOTELS PVT LTD,08AABCI2732H1ZS,IN,II,I1,X,CO,6216308,1AA0525AZJ,99,2025-04-30,2026-03-31,
500,1001,MLDL004622,TATA COMMUNICATIONS LIMITED,08AAACV2808C1ZP,IN,JI,J1, ,CO,41194790,1AB0623MEF,40,2023-05-06,2024-03-31,
500,1009,MLDL004622,TATA COMMUNICATIONS LIMITED,08AAACV2808C1ZP,IN,JI,J1,X,CO,                ,1AB0623KYQ,4,2023-06-06,2024-03-31,
500,1022,MLL420,Sanghi Transport Ltd,                  ,IN,CI,C1,X,CO,                ,1AI0519ALW,75,2019-05-31,2020-03-31,
500,1022,MLL420,Sanghi Transport Ltd,                  ,IN,CP,  ,X,CO,                ,1AI0519ALW,75,2019-05-31,2020-03-31,
500,1001,MLL1209,Mahindra Logistics Limited,08AAFCM2530H1ZO,IN,CP,C1, ,CO,31084341727,1AD0426EMH,60,2026-04-16,2027-03-31,
500,1001,MLL1209,Mahindra Logistics Limited,08AAFCM2530H1ZO,IN,CI,C1,X,CO,31084341727,1AD0426EMH,60,2026-04-16,2027-03-31,
500,1001,MLL1209,Mahindra Logistics Limited,08AAFCM2530H1ZO,IN,II,I1, ,CO,866946434,1AD0426EMI,92,2026-04-16,2027-03-31,
500,1001,MLL1209,Mahindra Logistics Limited,08AAFCM2530H1ZO,IN,8I,IA, ,CO,866946434,1AD0426EMI,92,2026-04-16,2027-03-31,
500,1001,MLL1209,Mahindra Logistics Limited,08AAFCM2530H1ZO,IN,JI,J1, ,CO,2070249434,1AD0426EMJ,92,2026-04-16,2027-03-31,
500,1009,MLDL010100,RELIANCE JIO INFOCOMM LIMITED,08AABCI6363G1ZJ,IN,JI,J1,X,CO,                ,1AD0325AUL,99,2025-04-01,2026-03-31,
500,1009,MLDL004527,Moon Light Construction Company,                  ,IN,WP,W3,X,OT,                ,EC201617156586,0.75,2017-02-13,2017-03-31,
500,1009,MLDL004527,Moon Light Construction Company,                  ,IN,WI,W3,X,OT,                ,EC201617156586,0.75,2017-02-13,2017-03-31,
500,1001,TMPL21,TENET MEDCORP PRIVATE LIMITED,36AAGCC8833Q1ZX,IN,JI,J1,X,CO,759031,1AH0524MEK,96,2024-05-21,2025-03-31,
500,1001,TNGTV105CH,The Superintending Engineer - TANGE,33AADCT4784E1ZC,IN,LI,L1,X,CO,224979000,1NB0726OFT,100,2026-07-10,2026-12-31,
500,1001,TLSPL1220,TAASHEE LINUX SERVICES PVT LTD,27AAHCT8466D1Z0,IN,JI,J1,X,CO,1500000,1AA0521AGF,85,2021-05-03,2022-03-31,
500,1001,THRL01,TALENTPRO INDIA HR PRIVATE LIMITED,33AABCP9823A1ZS,IN,JI,J1,X,CO,200000,1AF0425RHF,99.4,2025-04-21,2026-03-31,
500,1001,T1775,TeamLease Skills University,29AAAJT2549P1ZB,IN,CI,C4,X,OT,75808000,1AA0421IGD,100,2021-05-06,2022-03-31,
500,1067,T1775,TeamLease Skills University,29AAAJT2549P1ZB,IN,CI,C4,X,OT,                ,1AA0421IGF,100,2021-04-12,2022-03-31,
500,1081,T1775,TeamLease Skills University,29AAAJT2549P1ZB,IN,CI,C4,X,OT,                ,1AD0724FVS,100,2024-07-19,2025-03-31,
500,1001,T1775,TeamLease Skills University,29AAAJT2549P1ZB,IN,CP,  , ,OT,                ,1AA0520LFZ,100,2021-05-16,2022-03-31,
500,1001,TEF1162,Teamlease Education Foundation,29AADCT8958N1ZA,IN,CI,C1,X,CO,31377000,1AE0625OEU,75,2025-06-24,2026-03-31,
500,1067,TEF1162,Teamlease Education Foundation,29AADCT8958N1ZA,IN,CI,C1,X,CO,                ,1AA0821ZVZ,75,2022-01-05,2023-03-31,
500,1001,TCLTR16,TATA COMMUNICATIONS LTD,16AAACV2808C1ZS,IN,JI,J1, ,CO,25728266,1AC0821KJP,34,2021-08-13,2022-03-31,
500,1001,TCLMR16,TATA COMMUNICATIONS LTD,15AAACV2808C1ZU,IN,JI,J1, ,CO,25728266,1AC0821KJP,34,2021-08-13,2022-03-31,
500,1001,TCLNG16,TATA COMMUNICATIONS LTD,13AAACV2808C1ZY,IN,JI,J1, ,CO,25728266,1AC0821KJP,34,2021-08-13,2022-03-31,
500,1001,TCLMN16,TATA COMMUNICATIONS LTD,14AAACV2808C1ZW,IN,JI,J1, ,CO,25728266,1AC0821KJP,34,2021-08-13,2022-03-31,
500,1001,T0720,THE AUTOMOTIVE RESEARCH ASSOCIATION,27AAATT1989P1ZL,IN,JI,J6,X,OT,202900000,1AD0622NBF,100,2022-06-17,2023-03-31,
500,9025,T0720,THE AUTOMOTIVE RESEARCH ASSOCIATION,27AAATT1989P1ZL,IN,JP,J3,X,OT,AAATT1989P,1AD0526CWB,100,2026-05-19,2027-03-31,
500,1024,T0720,THE AUTOMOTIVE RESEARCH ASSOCIATION,27AAATT1989P1ZL,IN,JI,J3,X,OT,AAATT1989P,0615FS539E,100,2015-04-01,2016-03-31,
500,9025,T0720,THE AUTOMOTIVE RESEARCH ASSOCIATION,27AAATT1989P1ZL,IN,JI,J3,X,OT,AAATT1989P,1AD0526CWB,100,2026-05-19,2027-03-31,
500,1024,T0720,THE AUTOMOTIVE RESEARCH ASSOCIATION,27AAATT1989P1ZL,IN,JP,  ,X,OT,AAATT1989P,0615FS539E,100,2015-04-01,2016-03-31,
500,1005,TLEF01,Teamlease Education Foundation,24AADCT8958N1ZK,IN,CI,C1,X,CO,                ,1AD0422T RB,100,2022-04-27,2023-03-31,
500,1001,TCI025342B,TCI Suppy chain solutions,29AAACT7966R3Z5,IN,CI,C1,X,CO,101000000,1AE0424LAJ,65,2024-04-24,2025-03-31,
500,1081,TCI025342B,TCI Suppy chain solutions,29AAACT7966R3Z5,IN,CI,C1,X,CO,69190000,1AA0426SZQ,65,2026-04-02,2027-03-31,
500,1044,TELWRI01,LIFETIME WELLNESS RX INTERNATIONAL,36AADCA8021H1ZX,IN,JP,J1,X,CO,                ,1AE0426IFF,88.5,2026-04-21,2027-03-31,
500,1044,TELWRI01,LIFETIME WELLNESS RX INTERNATIONAL,36AADCA8021H1ZX,IN,JI,J1,X,CO,                ,1AE0426IFF,88.5,2026-04-21,2027-03-31,
500,1001,SYNRV2,MAHINDRA INTEGRATED BUSINESS SOLUTI,27AAGCM9780N1ZK,IN,JI,J1,X,CO,1222281345,1AD0725FHI,70,2025-07-31,2026-03-31,
500,1001,TTS15H,THINK TALENT SERVICES PRIVATE LIMIT,06AADCT2315H1ZO,IN,JI,J1,X,CO,100000,1AD0625XMX,95,2025-06-20,2026-03-31,
500,1081,STS25464B,SHARPSELL TECHNOLOGY SOLUTIONS PRIV,27AAFCH5205E1ZX,IN,JI,J1,X,CO,14030000,1NC0626BQR,90,2026-06-30,2027-03-31,
500,1001,TSL00012,TEAMLEASE SERVICES LIMITED,27AABCT5458K2ZW,IN,CI,C1,X,CO,314374365,1AB0326MHW,95,2026-04-01,2027-03-31,
500,1081,TCI254986B,TCI Supply Chain Solutions,29AAACT7966R3Z5,IN,CI,C1,X,CO,69190000,1AA0426SZQ,65,2026-04-02,2027-03-31,
500,1001,T080,TUV INDIA PVT LTD,27AAACT2209D2ZT,IN,JI,J1,X,CO,2500000,1AC0523RFR,50,2023-05-12,2024-03-31,
500,1020,T080,TUV INDIA PVT LTD,27AAACT2209D2ZT,IN,JI,J1,X,CO,                ,1AC0523RGS,50,2023-05-12,2024-03-31,
500,1006,T080,TUV INDIA PVT LTD,27AAACT2209D2ZT,IN,JP,J1,X,CO,                ,0218AZ279B,47,2018-05-10,2019-03-31,
500,1006,T080,TUV INDIA PVT LTD,27AAACT2209D2ZT,IN,JI,J1,X,CO,                ,4NA0626AAB4D002,50,2026-06-01,2027-03-31,
500,9018,T080,TUV INDIA PVT LTD,27AAACT2209D2ZT,IN,JP,J1,X,CO,                ,1AC0523SFQ,50,2023-05-12,2024-03-31,
500,1021,T080,TUV INDIA PVT LTD,27AAACT2209D2ZT,IN,JI,J1,X,CO,                ,77,57.1,2014-05-23,2015-03-31,
500,9018,T080,TUV INDIA PVT LTD,27AAACT2209D2ZT,IN,JI,J1,X,CO,                ,1AC0523SFQ,50,2023-05-12,2024-03-31,
500,1001,T00366,TULSIDAS KHIMJI PVT. LTD.,27AAACT4123G1ZN,IN,CI,C1,X,CO,                ,0218DF635H,25,2018-06-22,2019-03-31,
500,1016,T464,TUV SUD SOUTH ASIA PVT.LTD.,24AABCT0716G1ZT,IN,JP,J1,X,CO,AABCT0716G,0214VU985C,85.4,2014-05-27,2015-03-31,
500,1016,T464,TUV SUD SOUTH ASIA PVT.LTD.,24AABCT0716G1ZT,IN,JI,J1,X,CO,AABCT0716G,0214VU985C,85.4,2014-05-27,2015-03-31,
500,1005,T007,TUV INDIA PVT. LTD.,24AAACT2209D2ZZ,IN,JI,J1,X,CO,                ,1AA0625ITI,50,2025-06-02,2026-03-31,
500,1019,T0022H,THE ALCHEMISTS ARK PVT LTD,27AABCT5190J1Z2,IN,JI,J1,X,CO,                ,0613DQ524C,70,2013-12-06,2014-03-31,
500,1001,T339,TEAMLEASE SERVICES PVT. LTD.,                  ,IN,CI,C1,X,CO,314374365,1AB0326MHW,95,2026-04-01,2027-03-31,
500,1001,T00370,TALENTPRO INDIA HR PRIVATE LIMITED,33AABCP9823A1ZS,IN,CI,C1, ,CO,194-C,0314FD177I,99.99,2014-04-23,2014-12-31,
500,1001,T00370,TALENTPRO INDIA HR PRIVATE LIMITED,33AABCP9823A1ZS,IN,JI,J1,X,CO,194J,0315GJ731E,99.2,2015-04-27,2016-03-31,
500,1001,TF0003,FLYJAC LOGISTICS PVT. LTD.,27AABCF2133M1ZP,IN,CI,C1,X,CO,                ,1NF0726FLD,50,2026-07-30,2027-03-31,
500,1001,TF0003,FLYJAC LOGISTICS PVT. LTD.,27AABCF2133M1ZP,IN,CP,  , ,CO,                ,1NF0726FLD,50,2026-07-30,2027-03-31,
500,1021,SW0216,WILLFIELD LOGISTICS PVT.,27AAACW3327R1ZT,IN,CP,C1,X,CO,                ,0216BS567E,87.5,2016-05-12,2017-03-31,
500,1021,SW0216,WILLFIELD LOGISTICS PVT.,27AAACW3327R1ZT,IN,CI,C1,X,CO,                ,0216BS567E,87.5,2016-05-12,2017-03-31,
500,1022,TLA0181301,GEEKAY SECURITY SERVICES PVT LTD,36AACCG1282D1ZZ,IN,CI,C1,X,CO,                ,1AA0120MSG,50,2020-03-13,2020-03-31,
500,1022,TLA0181301,GEEKAY SECURITY SERVICES PVT LTD,36AACCG1282D1ZZ,IN,CP,  ,X,CO,                ,1AA0120MSG,50,2020-03-13,2020-03-31,
500,1001,TLSPL1022,TEAM LEASE SERVICE,29AABCT5458K1ZT,IN,CP,C1, ,CO,314374365,1AB0326MHW,95,2026-04-01,2027-03-31,
500,1001,TLSPL1022,TEAM LEASE SERVICE,29AABCT5458K1ZT,IN,CI,C1,X,CO,314374365,1AB0326MHW,95,2026-04-01,2027-03-31,
500,1001,TRIPL001,THOMSON REUTERS INDIA PVT LTD,27AAACR3717L1Z8,IN,JI,J1,X,CO,                ,0217DC220B,80.5,2017-10-24,2018-03-31,
500,1022,T00076,2 X 2 LOGISTICS PRIVATE LTD,                  ,IN,CP,  ,X,CO,                ,1AA0519AWI,65,2019-05-02,2020-03-31,
500,1022,T00076,2 X 2 LOGISTICS PRIVATE LTD,                  ,IN,CI,C1,X,CO,                ,1AA0519AWI,65,2019-05-02,2020-03-31,
500,1044,T00125,TUV SUD SOUTH ASIA PVT LTD,29AABCT0716G1ZJ,IN,JI,J1,X,CO,                ,1AA0619UJW,50,2019-06-10,2020-03-31,
500,1044,T00125,TUV SUD SOUTH ASIA PVT LTD,29AABCT0716G1ZJ,IN,JP,J1,X,CO,                ,1AA0619UJW,50,2019-06-10,2020-03-31,
500,1001,TC0015,TEAM COMPUTERS PVT.LTD,                  ,IN,JI,J1,X,CO,197/AAACT3478J,0114JN159H,60,2014-06-30,2015-03-31,
500,1022,T0167,TCI HI-WAYS PVT LTD,                  ,IN,CI,C1,X,CO,                ,1AB0719MGE,40,2019-07-20,2020-03-31,
500,1022,T0167,TCI HI-WAYS PVT LTD,                  ,IN,CP,  ,X,CO,                ,1AB0719MGE,40,2019-07-20,2020-03-31,
500,1024,T1163,TUV INDIA PRIVATE LIMITED,27AAACT2209D2ZT,IN,JI,J1,X,CO,AAACT2209D,0215AM630I,45.7,2015-04-23,2016-03-31,
500,1024,T1163,TUV INDIA PRIVATE LIMITED,27AAACT2209D2ZT,IN,JP,  ,X,CO,AAACT2209D,0215AM630I,45.7,2015-04-23,2016-03-31,
500,1001,T00536,TALENTHOUSE ENTERTAINMENT,                  ,IN,JI,J1,X,CO,12500000,0216GA154I,100,2016-11-08,2017-03-31,
500,1001,T00556,THAKUR EDUCATIONAL TRUST,27AAATT4838P1ZR,IN,II,I4,X,OT,                ,0218CZ655I,90,2018-06-19,2019-03-31,
500,1001,TEA1820,ADECCO INDIA PVT LTD,36AABCG3636Q1Z7,IN,JI,J1,X,CO,                ,1AB0520QYC,73.33,2020-06-05,2021-03-31,
500,1001,TNA1820,ADECCO INDIA PVT LTD,33AABCG3636Q1ZD,IN,JI,J1,X,CO,17700000,1AC0521WVD,80,2021-05-15,2022-03-31,
500,1001,T1050MP,Terrier Security Service India Priv,23AADCT1832F1ZS,IN,CI,C1,X,CO,12992344,1AA0426VTK,75,2026-04-02,2027-03-31,
500,1001,TCLO15,TATA COMMUNICATIONS LTD,21AAACV2808C1Z1,IN,JI,J1, ,CO,41194790,1AB0623MEF,40,2023-05-06,2024-03-31,
500,1001,TCLU16,TATA COMMUNICATIONS LTD,05AAACV2808C1ZV,IN,JI,J1,X,CO,41194790,1AB0623MEF,40,2023-05-06,2024-03-31,
500,1001,TCLG16,TATA COMMUNICATIONS LTD,30AAACV2808C1Z2,IN,JI,J1, ,CO,25728266,1AC0821KJP,34,2021-08-13,2022-03-31,
500,1001,TCLU15,TATA COMMUNICATIONS LTD,09AAACV2808C1ZN,IN,JI,J1, ,CO,41194790,1AB0623MEF,40,2023-05-06,2024-03-31,
500,1001,TCLC16,TATA COMMUNICATIONS LTD,22AAACV2808C1ZZ,IN,JI,J1,X,CO,41194790,1AB0623MEF,40,2023-05-06,2024-03-31,
500,1001,TCLP15,TATA COMMUNICATIONS LTD,03AAACV2808C1ZZ,IN,JI,J1, ,CO,41194790,1AB0623MEF,40,2023-05-06,2024-03-31,
500,1001,TCLA15,TATA COMMUNICATIONS LTD,18AAACV2808C1ZO,IN,JI,J1, ,CO,41194790,1AB0623MEF,40,2023-05-06,2024-03-31,
500,1001,TCLW15,TATA COMMUNICATIONS LTD,19AAACV2808C1ZM,IN,JI,J1,X,CO,41194790,1AB0623MEF,40,2023-05-06,2024-03-31,
500,1001,TCLB15,TATA COMMUNICATIONS LTD,10AAACV2808C1Z4,IN,JI,J1, ,CO,41194790,1AB0623MEF,40,2023-05-06,2024-03-31,
500,1001,TCLT15,TATA COMMUNICATIONS LTD,33AAACV2808C1ZW,IN,JI,J1, ,CO,41194790,1AB0623MEF,40,2023-05-06,2024-03-31,
500,1001,TCLM16,TATA COMMUNICATIONS LTD,17AAACV2808C1ZQ,IN,JI,J1, ,CO,25728266,1AC0821KJP,34,2021-08-13,2022-03-31,
500,1001,TCLM15,TATA COMMUNICATIONS LTD,23AAACV2808C1ZX,IN,JI,J1, ,CO,41194790,1AB0623MEF,40,2023-05-06,2024-03-31,
500,1001,TCLJ15,TATA COMMUNICATIONS LTD,20AAACV2808C1Z3,IN,JI,J1, ,CO,25728266,1AC0821KJP,34,2021-08-13,2022-03-31,
500,1001,TCLH16,TATA COMMUNICATIONS LTD,02AAACV2808C1Z1,IN,JI,J1, ,CO,25728266,1AC0821KJP,34,2021-08-13,2022-03-31,
500,1001,TCLA16,TATA COMMUNICATIONS LTD,37AAACV2808C1ZO,IN,JI,J1, ,CO,41194790,1AB0623MEF,40,2023-05-06,2024-03-31,
500,1001,TCLS15,TATA COMMUNICATIONS LTD,11AAACV2808C1Z2,IN,JI,J1, ,CO,25728266,1AC0821KJP,34,2021-08-13,2022-03-31,
500,1001,TCLJK15,TATA COMMUNICATIONS LTD,01AAACV2808C1Z3,IN,JI,J1, ,CO,25728266,1AC0821KJP,34,2021-08-13,2022-03-31,
500,1001,TCLK16,TATA COMMUNICATIONS LTD,32AAACV2808C1ZY,IN,JI,J1, ,CO,41194790,1AB0623MEF,40,2023-05-06,2024-03-31,
500,1001,TCLT16,TATA COMMUNICATIONS LTD,36AAACV2808C1ZQ,IN,JI,J1, ,CO,41194790,1AB0623MEF,40,2023-05-06,2024-03-31,
500,1001,TAJ111SAT,TAJ SATS AIR CATERING,07AABCT4686P1ZL,IN,CI,C1,X,CO,60534,1AG0820IGI,50,2020-11-30,2021-03-31,
500,1001,T00124,TUV SUD SOUTH ASIA PVT LTD,33AABCT0716G1ZU,IN,JI,J1,X,CO,                ,1AA0619VVN,50,2019-06-10,2020-03-31,
500,1001,T1218,TLG INDIA PVT,27AAACC1756E1ZZ,IN,CI,C1,X,CO,10000000,1AF0523VFQ,10,2023-05-19,2024-03-31,
500,1001,T1218,TLG INDIA PVT,27AAACC1756E1ZZ,IN,JI,J1,X,CO,10000000,1AF0523VQF,35,2023-05-19,2024-03-31,
500,1001,TCLG15,TATA COMMUNICATIONS LTD,24AAACV2808C1ZV,IN,JI,J1, ,CO,41194790,1AB0623MEF,40,2023-05-06,2024-03-31,
500,1048,TCLG15,TATA COMMUNICATIONS LTD,24AAACV2808C1ZV,IN,JP,J1, ,CO,                ,1AC0821KJY,34,2021-08-13,2022-03-31,
500,1048,TCLG15,TATA COMMUNICATIONS LTD,24AAACV2808C1ZV,IN,JI,J1,X,CO,                ,1AC0821KJY,34,2021-08-13,2022-03-31,
500,1001,TSA001,TAJ SATS AIR CATERING LTD,27AABCT4686P1ZJ,IN,CP,  ,X,CO,60534,1AG0820IGI,50,2020-11-30,2021-03-31,
500,1001,TSA001,TAJ SATS AIR CATERING LTD,27AABCT4686P1ZJ,IN,CI,C1,X,CO,60534,1AG0820IGI,50,2020-11-30,2021-03-31,
500,1001,T449,TEAMWORK ARTS PVT. LTD.,07AAECT6221H2ZF,IN,JP,  ,X,CO,25000000,1AA1123ASA,95,2023-11-01,2024-03-31,
500,1001,T449,TEAMWORK ARTS PVT. LTD.,07AAECT6221H2ZF,IN,JI,J1,X,CO,25000000,1AA1123ASA,95,2023-11-01,2024-03-31,
500,1001,SUZLONMAH1,SUZLON ENERGY LIMITED,27AADCS0472N1Z2,IN,CI,C1,X,CO,10700000,1AG0525REE,99.5,2025-05-30,2026-03-31,
500,1001,SUZLONGUJ1,SUZLON ENERGY LIMITED,24AADCS0472N1Z8,IN,CI,C1,X,CO,1AG0525REE,10700000,99.5,2025-05-30,2026-03-31,
500,1001,SUZLONDAM1,SUZLON ENERGY LIMITED,25AADCS0472N1Z6,IN,CI,C1,X,CO,1AG0525REE,10700000,99.5,2025-05-30,2026-03-31,
500,1001,TIC001,THE INFORMATION COMPANY,27AABCT0070H1ZM,IN,JI,J1,X,CO,5000000,1AE0623DXT,75,2023-05-13,2024-03-31,
500,1006,T1767,TEAMLEASE SKILLS UNIVERSITY,27AAAJT2549P1ZF,IN,CP,C4, ,OT,                ,1AA0421IGG,100,2021-04-12,2022-03-31,
500,1006,T1767,TEAMLEASE SKILLS UNIVERSITY,27AAAJT2549P1ZF,IN,CI,C4,X,OT,                ,1AA0421IGG,100,2021-04-12,2022-03-31,
500,1001,TAJSATS01,TAJ SATS AIR CATERING LIMITED,30AABCT4686P1ZW,IN,CI,C4,X,CO,60534,1AG0820IGI,50,2020-11-30,2021-03-31,
500,1001,TAPL01,TEAMWORK ARTS PRIVATE LIMITED,09AAECT6221H1ZC,IN,JI,J1,X,CO,25000000,1AA1123ASA,95,2023-11-01,2024-03-31,
500,1001,TLG02,TLG INDIA PVT LTD,27AAACC1756E1ZZ,IN,CI,C1,X,CO,2500000,1AD0425RGL,25,2025-04-12,2026-03-31,
500,1001,TLG02,TLG INDIA PVT LTD,27AAACC1756E1ZZ,IN,JI,J1,X,CO,1900000,1AD0425RNJ,55,2025-04-12,2026-03-31,
500,1001,I00171,INNOVATIVE RESEARCH SERVICES (INDIA,                  ,IN,JI,J1,X,CO,194J,0210BI159A,59.1,2010-05-05,2011-03-31,
500,1001,I00171,INNOVATIVE RESEARCH SERVICES (INDIA,                  ,IN,JP,J1, ,CO,194J,0210BI159A,59.1,2010-05-05,2011-03-31,
500,1001,I0010H,INDHERA BAI,                  ,IN,JI,J3,X,OT,                ,05/DDIT(E)05-06,100,2005-04-01,2006-03-31,
500,1001,I0010H,INDHERA BAI,                  ,IN,JP,  ,X,OT,                ,05/DDIT(E)05-06,100,2005-04-01,2006-03-31,
500,1001,H5263,HOLY SPIRIT HOSPITAL.,27AAAAS0148J2ZJ,IN,JI,J3,X,OT,                ,1AB0619RVK,100,2019-06-12,2020-03-31,
500,1001,HH003,HIRANANDANI HEALTHCARE PVT LTD,27AABCH5894D1ZG,IN,JI,J1,X,CO,300000,1AE0624ZIC,70,2024-06-26,2025-03-31,
500,1001,GS9466,Girnar Software Private Limited,08AACCG7277J1Z6,IN,CI,C1,X,CO,42725000,1AD0722GUP,75,2022-07-26,2023-03-31,
500,1001,GS9466,Girnar Software Private Limited,08AACCG7277J1Z6,IN,JI,J1,X,CO,23149200,1AD0722HHT,95,2022-07-26,2023-03-31,
500,1001,HRA1820,ADECCO INDIA PVT LTD,06AABCG3636Q1ZA,IN,JI,J1,X,CO,                ,1AB0520QYC,73.33,2020-06-29,2021-03-31,
500,1022,GJA0054701,IDEAL MOVERS PRIVATE LIMTIED,                  ,IN,CP,  ,X,CO,                ,1AA0719SOP,90,2019-07-15,2020-03-31,
500,1022,GJA0054701,IDEAL MOVERS PRIVATE LIMTIED,                  ,IN,CI,C1,X,CO,                ,1AA0719SOP,90,2019-07-15,2020-03-31,
500,1022,GJA0072201,IDEAL MOVERS PVT LTD,                  ,IN,CI,C1,X,CO,                ,1AA0719SOP,90,2019-07-15,2020-03-31,
500,1022,GJA0072201,IDEAL MOVERS PVT LTD,                  ,IN,CP,  ,X,CO,                ,1AA0719SOP,90,2019-07-15,2020-03-31,
500,1022,HRA0099201,DELHI GUJRAT FLEET CARRIERS PVT LTD,06AACCD6847K1ZD,IN,CI,C1,X,CO,                ,1AB0719HET,77.5,2019-08-08,2020-03-31,
500,1022,HRA0099201,DELHI GUJRAT FLEET CARRIERS PVT LTD,06AACCD6847K1ZD,IN,CP,  ,X,CO,                ,1AB0719HET,77.5,2019-08-08,2020-03-31,
500,1006,I1032,IndoSpace AS Industrial Park Pvt. L,33AAJCA1760D1Z5,IN,II,I1,X,CO,LIMIT RS27388242,1AA1021SAA,75,2021-10-21,2022-03-31,
500,1022,GOA0024101,SECURITY AND INTELLIGENCE SERVICES,30AAECS3538A1Z0,IN,CP,  ,X,CO,                ,1AD0519MPE,99.5,2019-06-10,2020-03-31,
500,1022,GOA0024101,SECURITY AND INTELLIGENCE SERVICES,30AAECS3538A1Z0,IN,CI,C1,X,CO,                ,1AD0519MPE,99.5,2019-06-10,2020-03-31,
500,1001,HRA0184701,GATI-KINTETSU EXPRESS PVT LTD,06AADCG2096A1Z1,IN,CI,C1,X,CO,100000000,1AG0525ISM,95,2025-05-29,2026-03-31,
500,1022,GJA0052001,IDEAL MOVERS PRIVATE LIMITED,24AABCI0662C1Z7,IN,CP,  ,X,CO,                ,1AA0719SOP,90,2019-07-15,2020-03-31,
500,1022,GJA0052001,IDEAL MOVERS PRIVATE LIMITED,24AABCI0662C1Z7,IN,CI,C1,X,CO,                ,1AA0719SOP,90,2019-07-15,2020-03-31,
500,1022,GJA0076801,IDEAL MOVERS PVT LTD,                  ,IN,CI,C1,X,CO,                ,1AA0719SOP,90,2019-07-15,2020-03-31,
500,1022,GJA0076801,IDEAL MOVERS PVT LTD,                  ,IN,CP,  ,X,CO,                ,1AA0719SOP,90,2019-07-15,2020-03-31,
500,1022,GJA0061801,IDEAL MOVERS PVT LTD,                  ,IN,CI,C1,X,CO,                ,1AA0719SOP,90,2019-07-15,2020-03-31,
500,1022,GJA0061801,IDEAL MOVERS PVT LTD,                  ,IN,CP,  ,X,CO,                ,1AA0719SOP,90,2019-07-15,2020-03-31,
500,1001,HH008,HOLY SPIRIT HOSPITAL,                  ,IN,JI,J3,X,OT,                ,0215CH068C,99,2017-05-22,2018-03-31,
500,1001,GTS0618,GREENLAND TELECOM SERVICES PVT LTD,19AAGCG3205J1ZN,IN,CI,C1,X,CO,                ,0118CU601H,62.5,2019-01-25,2019-03-31,
500,1054,GSSPL01,GI STAFFING SERVICES PVT,09AADCG3694A1ZP,IN,CI,C1,X,CO,AADCG3694A,1AB0326FAO,0.3,2026-04-01,2027-03-31,
500,1054,GSSPL01,GI STAFFING SERVICES PVT,09AADCG3694A1ZP,IN,JI,  , ,CO,GSSPL01,1AA0321OGT,0.1,2021-04-01,2022-03-31,
500,1037,GSSPL01,GI STAFFING SERVICES PVT,09AADCG3694A1ZP,IN,JI,J1,X,CO,                ,0117AP486C,95,2017-04-10,2018-03-31,
500,1001,GSSPL01,GI STAFFING SERVICES PVT,09AADCG3694A1ZP,IN,CI,C1,X,CO,                ,1AH0519FKC,33.33,2020-04-01,2020-06-30,
500,1022,HPA0107801,QUADRANT TELEVENTURES LTD,02AABCT2862R1Z1,IN,JP,  ,X,CO,                ,1AA0419FAG,100,2019-08-16,2020-03-31,
500,1022,HPA0107801,QUADRANT TELEVENTURES LTD,02AABCT2862R1Z1,IN,JI,J1,X,CO,                ,1AA0419FAG,100,2019-08-16,2020-03-31,
500,1001,H098741,HERO MINDMINE INSTITUTE PRIVATE LIM,09AABCH8741B1ZQ,IN,JI,J1,X,CO,10000000,1NA0626TBA,75,2026-06-12,2027-03-31,
500,1001,I0016H,"INDIAN INSTITUTE OF MANAGEMENT,",24AAATI1247F1Z4,IN,JP,  ,X,OT,000000,1AB0325DVQ,100,2025-04-01,2026-03-31,
500,1001,I0016H,"INDIAN INSTITUTE OF MANAGEMENT,",24AAATI1247F1Z4,IN,JI,J3,X,OT,4000000,1AB0325DVQ,100,2025-04-01,2026-03-31,
500,1001,GJA1820,ADECCO INDIA PVT LTD,24AABCG3636Q1ZC,IN,JI,J1,X,CO,                ,1AB0520QYC,73.33,2020-06-29,2021-03-31,
500,1022,GJA0404801,GLOBE ECOLOGISTICS PVT LTD,24AAACG3938J2ZL,IN,7I,IA,X,CO,                ,1AB0619WVR,60,2019-07-03,2020-03-31,
500,1022,GJA0404801,GLOBE ECOLOGISTICS PVT LTD,24AAACG3938J2ZL,IN,7P,  ,X,CO,                ,1AB0619WVR,60,2019-07-03,2020-03-31,
500,1022,GJA0404801,GLOBE ECOLOGISTICS PVT LTD,24AAACG3938J2ZL,IN,CP,  ,X,CO,                ,1AB0619WVQ,60,2019-07-03,2020-03-31,
500,1022,GJA0404801,GLOBE ECOLOGISTICS PVT LTD,24AAACG3938J2ZL,IN,CI,C1,X,CO,                ,1AB0619WVQ,60,2019-07-03,2020-03-31,
500,1022,GJA0134901,RAMAN ROADWAYS PVT LTD,24AAGCR0742P1Z5,IN,CP,  ,X,CO,                ,1AA1019HIS,50,2019-10-17,2020-03-31,
500,1022,GJA0134901,RAMAN ROADWAYS PVT LTD,24AAGCR0742P1Z5,IN,CI,C1,X,CO,                ,1AA1019HIS,50,2019-10-17,2020-03-31,
500,1022,GJA01347A0,GLOBE ECOLOGISTICS PVT.LTD.,                  ,IN,7P,  ,X,CO,                ,1AB0619WVR,60,2019-07-03,2020-03-31,
500,1022,GJA01347A0,GLOBE ECOLOGISTICS PVT.LTD.,                  ,IN,CP,  ,X,CO,                ,1AB0619WVQ,60,2019-07-03,2020-03-31,
500,1022,GJA01347A0,GLOBE ECOLOGISTICS PVT.LTD.,                  ,IN,CI,C1,X,CO,                ,1AB0619WVQ,60,2019-07-03,2020-03-31,
500,1022,GJA01347A0,GLOBE ECOLOGISTICS PVT.LTD.,                  ,IN,7I,IA,X,CO,                ,1AB0619WVR,60,2019-07-03,2020-03-31,
500,1022,GJA0134701,GLOBE ECOLOGISTICS PVT.LTD.,24AAACG3938J1ZM,IN,CP,  ,X,CO,                ,1AB0619WVR,60,2019-07-03,2020-03-31,
500,1022,GJA0134701,GLOBE ECOLOGISTICS PVT.LTD.,24AAACG3938J1ZM,IN,7I,IA,X,CO,                ,1AB0619WVQ,60,2019-07-03,2020-03-31,
500,1022,GJA0134701,GLOBE ECOLOGISTICS PVT.LTD.,24AAACG3938J1ZM,IN,7P,  ,X,CO,                ,1AB0619WVQ,60,2019-07-03,2020-03-31,
500,1022,GJA0134701,GLOBE ECOLOGISTICS PVT.LTD.,24AAACG3938J1ZM,IN,CI,C1,X,CO,                ,1AB0619WVR,60,2019-07-03,2020-03-31,
500,1022,GJA01349A0,RAMAN ROADWAYS PVT LTD,                  ,IN,CP,  ,X,CO,                ,1AA1019HIS,50,2019-10-17,2020-03-31,
500,1022,GJA01349A0,RAMAN ROADWAYS PVT LTD,                  ,IN,CI,C1,X,CO,                ,1AA1019HIS,50,2019-10-17,2020-03-31,
500,1022,GJA0181301,GEEKAY SECURITY SERVICES PVT LTD,24AACCG1282D1Z4,IN,CP,  ,X,CO,                ,1AA0120MSG,50,2020-03-13,2020-03-31,
500,1022,GJA0181301,GEEKAY SECURITY SERVICES PVT LTD,24AACCG1282D1Z4,IN,CI,C1,X,CO,                ,1AA0120MSG,50,2020-03-13,2020-03-31,
500,1001,GJA0319201,JONES LANG LASALLE PROPERTY CONSULT,24AAACL2089B1ZY,IN,JI,J1,X,CO,55882796,1AJ0523FSI,65,2023-05-24,2024-03-31,
500,1048,GJA0319201,JONES LANG LASALLE PROPERTY CONSULT,24AAACL2089B1ZY,IN,JP,J1,X,CO,                ,1AC0721RGY,55,2021-07-22,2022-03-31,
500,1048,GJA0319201,JONES LANG LASALLE PROPERTY CONSULT,24AAACL2089B1ZY,IN,JI,J1,X,CO,                ,1AC0721RGY,55,2021-07-22,2022-03-31,
500,1001,MLDL000309,DHL EXPRESS ( I ) PVT.,27AABCD3611Q1ZI,IN,CI,C1,X,CO,72239817420,1AC0425LYY,32.5,2025-04-09,2026-03-31,
500,1001,MLDL000309,DHL EXPRESS ( I ) PVT.,27AABCD3611Q1ZI,IN,CP,C1,X,CO,72239817420,1AC0425LYY,32.5,2025-04-09,2026-03-31,
500,1001,MLDL000448,THE TATA POWER CO,                  ,IN,LI,L1,X,CO,358350000,1NA0626NIV,50,2026-06-09,2027-03-31,
500,1007,MLDL001889,GEM ENGSERV PVT LTD,27AACCG3009Q1ZE,IN,JI,J1,X,CO,                ,AACCG3009Q,68.6,2021-07-16,2022-03-31,
500,1007,MLDL002731,TATA TELESERVICES(MAHARASHTRA),27AAACH1458C1ZZ,IN,CI,C1,X,  ,                ,1AC0524ASM,70,2024-05-04,2025-03-31,
500,1007,MLDL002731,TATA TELESERVICES(MAHARASHTRA),27AAACH1458C1ZZ,IN,CP,C1,X,  ,                ,1AC0524ASM,70,2024-05-04,2025-03-31,
500,1001,MKTGA1820,ADECCO INDIA PVT. LTD.,27AABCG3636Q1Z6,IN,JI,J1,X,CO,                ,1AE0519VZR,73.33,2020-04-01,2020-06-30,
500,1058,MKTGA1820,ADECCO INDIA PVT. LTD.,27AABCG3636Q1Z6,IN,JI,J1,X,CO,                ,0418AH613J,90,2018-05-08,2019-03-31,
500,1001,MKTGR107,SODEXO FOOD SOLUTIONS INDIA PVT LTD,                  ,IN,CI,C1,X,CO,RS.6711540,0215AJ197B,95,2015-04-22,2016-03-31,
500,1001,MKTGSO1367,SHOBIZ EVENT SOLUTION PVT,                  ,IN,CI,C1,X,CO,194C,0215AE322A,88.1,2015-04-17,2016-03-31,
500,1001,MKTGS01367,SHOBIZ EXPERIENTIAL COMMU,                  ,IN,JI,J5,X,CO,7500000,1AB0822BGE,75,2022-08-12,2023-03-31,
500,1001,MKTGG343,GENIUS CONSULTANTS,27AABCG1661M3ZF,IN,CP,C1, ,CO,60000000,1AB0325AXM,75,2025-04-01,2026-03-31,
500,1001,MKTGG343,GENIUS CONSULTANTS,27AABCG1661M3ZF,IN,CI,C1,X,CO,60000000,1AB0325AXM,75,2025-04-01,2026-03-31,
500,1022,MLL980,AILSINGHANI TRANSPORT PVT. LTD.,                  ,IN,CI,C1,X,CO,                ,1AH0519YAU,40,2019-05-30,2020-03-31,
500,1022,MLL980,AILSINGHANI TRANSPORT PVT. LTD.,                  ,IN,CP,  ,X,CO,                ,1AH0519YAU,40,2019-05-30,2020-03-31,
500,1001,ML0917,MAERSK LINE A/S,27AAJCM4693D1Z8,IN,CI,C1,X,CO,                ,SECTION172,100,2023-04-01,9999-03-31,
500,1022,MHA0263901,MAHAVEERA TRANSPORT PVT LTD,27AAACM5917F1ZK,IN,CI,C1,X,CO,                ,1AA0519CJG,62.5,2019-05-03,2020-03-31,
500,1022,MHA0263901,MAHAVEERA TRANSPORT PVT LTD,27AAACM5917F1ZK,IN,CP,  ,X,CO,                ,1AA0519CJG,62.5,2019-05-03,2020-03-31,
500,1009,MLDL004715,RANDSTAD INDIA PRIVATE LIMITED,27AABCM4781A1ZP,IN,JI,J1,X,CO,                ,0318AH445G,9.5,2018-05-16,2019-03-31,
500,1027,MLDL004715,RANDSTAD INDIA PRIVATE LIMITED,27AABCM4781A1ZP,IN,CI,C1,X,CO,                ,1AA0126ATQ,1,2026-01-02,2026-03-31,
500,1001,MLDL007250,VivaConnect private Limited,27AADCV0332Q1Z2,IN,JI,J5,X,CO,7500000,1AC0523CUW,75,2023-05-12,2024-03-31,
500,1022,MHA0337301,SECURITY AND INTELLIGENCE SERVICES,27AAECS3538A1ZN,IN,CP,  ,X,CO,                ,1AD0519MPE,99.5,2019-06-10,2020-03-31,
500,1022,MHA0337301,SECURITY AND INTELLIGENCE SERVICES,27AAECS3538A1ZN,IN,CI,C1,X,CO,                ,1AD0519MPE,99.5,2019-06-10,2020-03-31,
500,1001,MIAL13,AAI (CSIA) DF ESCROW ACCOUNT (ADF),27AAECM6285C1ZF,IN,CI,C1,X,CO,6894793,1AA0321UWY,97.5,2021-04-01,2022-03-31,
500,1001,MIAL14,AAI (CSIA) DF ESCROW ACCOUNT (MDF),27AAECM6285C1ZF,IN,CI,C1,X,CO,6894793,1AA0321UWY,97.5,2021-04-01,2022-03-31,
500,1022,MHA0363701,BHARTIYA PARIVAHAN PVT LTD,27AAACB2101N1Z0,IN,CP,  ,X,CO,                ,1AD0519ZFF,80,2019-05-20,2020-03-31,
500,1022,MHA0363701,BHARTIYA PARIVAHAN PVT LTD,27AAACB2101N1Z0,IN,CI,C1,X,CO,                ,1AD0519ZFF,80,2019-05-20,2020-03-31,
500,1001,MHAEP93,ENPARADIGM PERFORMANCE SO,27AADCE9266A1ZP,IN,JI,J1,X,CO,2000000,1AK0523APX,75,2023-05-29,2024-03-31,
500,1007,MLDL000091,IIT Bombay,27AAATI1446A1Z7,IN,JP,J3,X,OT,                ,1AE0425CJW,100,2025-04-15,2026-03-31,
500,1007,MLDL000091,IIT Bombay,27AAATI1446A1Z7,IN,JI,J3,X,OT,                ,1AE0425CJW,100,2025-04-15,2026-03-31,
500,1083,MLDL000091,IIT Bombay,27AAATI1446A1Z7,IN,JP,J3,X,OT,                ,1AE0425CJW,100,2025-04-15,2026-03-31,
500,1083,MLDL000091,IIT Bombay,27AAATI1446A1Z7,IN,JI,J3,X,OT,                ,1AE0425CJW,100,2025-04-15,2026-03-31,
500,1069,MLDL000091,IIT Bombay,27AAATI1446A1Z7,IN,JI,J3,X,OT,                ,1AE0425CJW,100,2025-04-15,2026-03-31,
500,1069,MLDL000091,IIT Bombay,27AAATI1446A1Z7,IN,JP,J3,X,OT,                ,1AE0425CJW,100,2025-04-15,2026-03-31,
500,1007,MLDL007324,Tata Communication Ltd for MLDL,27AAACV2808C1ZP,IN,JI,J1,X,CO,                ,1AB0524VTI,50,2024-05-04,2025-03-31,
500,1007,MLDL007324,Tata Communication Ltd for MLDL,27AAACV2808C1ZP,IN,JP,J1,X,CO,                ,1AB0524VTI,50,2024-05-04,2025-03-31,
500,1022,MHA0305301,CJ DARCL LOGISTICS LTD,27AAACD2086J1ZM,IN,CP,  ,X,CO,                ,1AA1019OWP,89,2019-10-21,2020-03-31,
500,1022,MHA0305301,CJ DARCL LOGISTICS LTD,27AAACD2086J1ZM,IN,CI,C1,X,CO,                ,1AA1019OWP,89,2019-10-21,2020-03-31,
500,1007,MHDL015253,M A CONSULTANCY,27AASHA4869D1ZZ,IN,JI,J3,X,OT,                ,1AC0724LFD,60,2024-07-11,2025-03-31,
500,1007,MHDL015253,M A CONSULTANCY,27AASHA4869D1ZZ,IN,JP,J3,X,OT,                ,1AC0724LFD,60,2024-07-11,2025-03-31,
500,1069,MHDL015253,M A CONSULTANCY,27AASHA4869D1ZZ,IN,JP,J3,X,OT,                ,1AC0724LFE,60,2024-07-11,2025-03-31,
500,1069,MHDL015253,M A CONSULTANCY,27AASHA4869D1ZZ,IN,JI,J3,X,OT,                ,1AC0724LFE,60,2024-07-11,2025-03-31,
500,1022,MHA0396801,CUSHMAN AND WAKEFIELD INDIA PVT LTD,27AAACC5006B1ZE,IN,HP,  ,X,CO,                ,1AB0819RJS,40,2019-09-05,2020-03-31,
500,1022,MHA0396801,CUSHMAN AND WAKEFIELD INDIA PVT LTD,27AAACC5006B1ZE,IN,HI,H1,X,CO,                ,1AB0819RJS,40,2019-09-05,2020-03-31,
500,1001,MIAL12,MUMBAI INTERNATIONAL AIRPORT LTD.,27AAECM6285C1ZF,IN,8I,IA, ,CO,AMT 15722,1AE0422MQJ,99.3,2022-04-29,2023-03-31,
500,1001,MIAL12,MUMBAI INTERNATIONAL AIRPORT LTD.,27AAECM6285C1ZF,IN,CI,C1,X,CO,1828491,1AC0423VTH,82.5,2023-04-19,2024-03-31,
500,1001,MIAL11,MUMBAI INTERNATIONAL AIRPORT LTD.,27AAECM6285C1ZF,IN,CI,C1,X,CO,6894793,1AA0321UWY,97.5,2021-04-01,2022-03-31,
500,1009,MLDL005510,FRISCHMANN PRABHU INDIA DESIGN SERV,27AAACF3260E1Z1,IN,JI,J1,X,CO,                ,1AB0719MWX,25,2019-07-18,2020-03-31,
500,1009,MLDL005510,FRISCHMANN PRABHU INDIA DESIGN SERV,27AAACF3260E1Z1,IN,JP,J1,X,CO,                ,1AB0719MWX,25,2019-07-18,2020-03-31,
500,1001,MLDL000616,Velocis Systems Pvt. Ltd.,27AABCS0858G1ZD,IN,JI,J5,X,CO,1000000,1AF0524TKU,25,2024-05-17,2025-03-31,
500,1001,ML307,Mahindra Logistics Ltd,27AAFCM2530H1ZO,IN,CI,C1,X,CO,31084341727,1AD0426EMH,60,2026-04-16,2027-03-31,
500,1001,MLDL006084,SHL (INDIA) PVT.,27AADCS2982D1ZC,IN,JI,J1,X,CO,1AE0425AUB,6505488,60,2025-04-15,2026-03-31,
500,1007,MLDL007212,TLG INDIA PVT LTD,27AAACC1756E1ZZ,IN,CI,C1,X,CO,                ,1AE0426HLU,25,2026-04-21,2027-03-31,
500,1007,MLDL007212,TLG INDIA PVT LTD,27AAACC1756E1ZZ,IN,CP,C1,X,CO,                ,1AE0426HLU,25,2026-04-21,2027-03-31,
500,1008,MLDL009123,LOYALIE IT-SOLUTIONS PRIVATE LIMITE,27AACCL8693B1ZC,IN,HP,H1,X,CO,                ,1AF0625HZG,99,2025-06-30,2026-03-31,
500,1008,MLDL009123,LOYALIE IT-SOLUTIONS PRIVATE LIMITE,27AACCL8693B1ZC,IN,HI,H1,X,CO,                ,1AF0625HZG,99,2025-06-30,2026-03-31,
500,1012,MLDL009123,LOYALIE IT-SOLUTIONS PRIVATE LIMITE,27AACCL8693B1ZC,IN,HP,H1,X,CO,                ,1AF0625HZC,99,2025-06-30,2026-03-31,
500,1012,MLDL009123,LOYALIE IT-SOLUTIONS PRIVATE LIMITE,27AACCL8693B1ZC,IN,HI,H1,X,CO,                ,1AF0625HZC,99,2025-06-30,2026-03-31,
500,1007,MLDL009123,LOYALIE IT-SOLUTIONS PRIVATE LIMITE,27AACCL8693B1ZC,IN,HI,H1,X,CO,                ,4AC0426DHL4A010,99,2026-04-10,2027-03-31,
500,1007,MLDL009123,LOYALIE IT-SOLUTIONS PRIVATE LIMITE,27AACCL8693B1ZC,IN,HP,H1,X,CO,                ,4AC0426DHL4A010,99,2026-04-10,2027-03-31,
500,1069,MLDL009123,LOYALIE IT-SOLUTIONS PRIVATE LIMITE,27AACCL8693B1ZC,IN,HP,H1,X,CO,                ,1AF0625HZD,99,2025-06-30,2026-03-31,
500,1069,MLDL009123,LOYALIE IT-SOLUTIONS PRIVATE LIMITE,27AACCL8693B1ZC,IN,HI,H1,X,CO,                ,1AF0625HZD,99,2025-06-30,2026-03-31,
500,1001,MMA1820,ADECCO INDIA PVT LTD,27AABCG3636Q1Z6,IN,JI,J1,X,CO,                ,1AB0520QYA,73.33,2020-05-20,2021-03-31,
500,1001,MHA1820,ADECCO INDIA PVT LTD,27AABCG3636Q1Z6,IN,JI,J1,X,CO,17700000,1AC0521WVD,80,2021-05-15,2022-03-31,
500,1007,MLDL00353,AECOM India Pvt Ltd,27AAHCA1976H1ZI,IN,JI,J1,X,CO,                ,1AE0621AXG,35,2021-06-17,2022-03-31,
500,1007,MLDL00353,AECOM India Pvt Ltd,27AAHCA1976H1ZI,IN,JP,J1,X,CO,                ,1AE0621AXG,35,2021-06-17,2022-03-31,
500,1001,MHA0466001,SERVICE MASTER CLEAN LTD,27AANCS2248G1Z5,IN,CI,C1,X,CO,68625873,1AD0423RGD,87.5,2023-04-20,2024-03-31,
500,1022,MHA0466001,SERVICE MASTER CLEAN LTD,27AANCS2248G1Z5,IN,CI,C1,X,CO,                ,1AD0519TVY,75,2019-06-07,2020-03-31,
500,1022,MHA0466001,SERVICE MASTER CLEAN LTD,27AANCS2248G1Z5,IN,CP,  ,X,CO,                ,1AD0519TVY,75,2019-06-07,2020-03-31,
500,1001,MLDL007474,Jio Haptik Technologies Limited,27AAGCR2800L1ZC,IN,JI,J1,X,CO,3100000,1AE0425KZR,95,2025-04-16,2026-03-31,
500,1001,MKTGA797,"A.T.KEARNEY LIMITED,UK",27AADCA0861H1ZW,IN,JI,J1, ,CO,RS.2850000,0115MJ136D/419,70,2015-09-30,2016-03-31,
500,1001,MKTGA797,"A.T.KEARNEY LIMITED,UK",27AADCA0861H1ZW,IN,5I,54,X,CO,                ,1AA0320CVN,50,2020-03-05,2020-06-30,
500,1021,ML01,MAHINDRA LOGISTICS LIMITED,27AAFCM2530H1ZO,IN,CI,C1,X,CO,                ,1AB0521OMG,50,2021-05-07,2022-03-31,
500,1001,ML01,MAHINDRA LOGISTICS LIMITED,27AAFCM2530H1ZO,IN,CI,C1,X,CO,31084341727,1AD0426EMH,60,2026-04-16,2027-03-31,
500,1001,ML01,MAHINDRA LOGISTICS LIMITED,27AAFCM2530H1ZO,IN,II,I1,X,CO,866946434,1AD0426EMI,92,2026-04-16,2027-03-31,
500,1001,ML01,MAHINDRA LOGISTICS LIMITED,27AAFCM2530H1ZO,IN,JI,J1,X,CO,2070249434,1AD0426EMJ,92,2026-04-16,2027-03-31,
500,1021,ML01,MAHINDRA LOGISTICS LIMITED,27AAFCM2530H1ZO,IN,JI,J1, ,CO,                ,1AB0521OMI,90,2021-05-07,2022-03-31,
500,1012,MLDL007150,RANDSTAD INDIA PVT. LTD.,27AABCM4781A1ZP,IN,JI,J1,X,CO,                ,0318AH382B,95,2018-05-16,2019-03-31,
500,1001,MHWHL11,WOCKHARDT HOSPITALS LIMITED,27AAACW3342G1ZH,IN,JP,  , ,CO,4000000,4NA0526AEQ4A054,87.5,2026-05-20,2027-03-31,
500,1001,MHWHL11,WOCKHARDT HOSPITALS LIMITED,27AAACW3342G1ZH,IN,JI,J1,X,CO,4000000,4NA0526AEQ4A054,87.5,2026-05-20,2027-03-31,
500,1007,MLDL500057,YOU Broadband India Limited,27AABCB6062F1ZW,IN,CP,C1,X,CO,                ,1AC0523ACH,75,2023-05-12,2024-03-31,
500,1007,MLDL500057,YOU Broadband India Limited,27AABCB6062F1ZW,IN,CI,C1,X,CO,                ,1AC0523ACH,75,2023-05-12,2024-03-31,
500,1009,MLDL020040,FP India Project Management Service,27AAACF2859H1ZK,IN,JI,J1,X,CO,                ,1AC0425ODR,50,2025-04-09,2026-03-31,
500,1007,MHDL06278,Urja Building Services Consultants,27AABCU1806E1ZP,IN,JI,J1,X,CO,                ,1AB0825CKY,50,2025-08-13,2026-03-31,
500,1007,MHDL06278,Urja Building Services Consultants,27AABCU1806E1ZP,IN,JP,J1,X,CO,                ,1AB0825CKY,50,2025-08-13,2026-03-31,
500,1007,MHDL06309,Namah Consultancy And Construction,27AASFN9584A1ZQ,IN,JP,J3,X,OT,                ,1AA0924VAM,70,2024-09-23,2025-03-31,
500,1007,MHDL06309,Namah Consultancy And Construction,27AASFN9584A1ZQ,IN,JI,J3,X,OT,                ,1AA0924VAM,70,2024-09-23,2025-03-31,
500,1006,MHTEL51,TEAMLEASE EDUCATION FOUNDATION,27AADCT8958N1ZE,IN,CI,C1,X,CO,LIMIT RS.6501600,1AA0821ZWA,75,2021-08-10,2022-03-31,
500,1001,MHTEL51,TEAMLEASE EDUCATION FOUNDATION,27AADCT8958N1ZE,IN,CI,C1,X,CO,31377000,1AE0625OEU,75,2025-06-24,2026-03-31,
500,1001,MLDL2712,JONES LANG LASALLE PROPERTY CONSULT,27AAACL2089B1ZS,IN,JI,J1,X,CO,332748483,1AC0526XFO,65,2026-05-15,2027-03-31,
500,1007,MLDL134957,PEOPABLE STAFFING SERVICES PRIVATE,27AAKCP2623F1ZI,IN,CI,C1,X,CO,                ,1AB0925FNX,75,2025-09-30,2026-03-31,
500,1007,MLDL134957,PEOPABLE STAFFING SERVICES PRIVATE,27AAKCP2623F1ZI,IN,CP,C1,X,CO,                ,1AB0925FNX,75,2025-09-30,2026-03-31,
500,1020,MLLMPL0122,MLL MOBILITY PRIVATE LIMI,27AACCV3807B1ZO,IN,CI,C1,X,CO,                ,1AJ0523HDE,75,2023-05-24,2024-03-31,
500,1001,MLLMPL0122,MLL MOBILITY PRIVATE LIMI,27AACCV3807B1ZO,IN,CI,C1,X,CO,864072072,1NA0626AKR,87.5,2026-06-01,2027-03-31,
500,1007,MLDL008060,Valueonshore Advisory Services Priv,27AADCV2563R1ZN,IN,JI,J1,X,CO,                ,1NA0626CLD,85,2026-06-02,2027-03-31,
500,1007,MLDL008060,Valueonshore Advisory Services Priv,27AADCV2563R1ZN,IN,JP,J1,X,CO,                ,1NA0626CLD,85,2026-06-02,2027-03-31,
500,1007,MLDL009217,Imagination Edutainment India Pvt L,27AACCI1987K1Z5,IN,CP,C1,X,CO,                ,1NF0726HMB,50,2026-07-30,2027-03-31,
500,1007,MLDL009217,Imagination Edutainment India Pvt L,27AACCI1987K1Z5,IN,CI,C1,X,CO,                ,1NF0726HMB,50,2026-07-30,2027-03-31,
500,1001,MHCCSPT36,COREINTEGRA CONSULTING SERVICES PRI,27AADCC6736H1ZK,IN,JI,J1,X,CO,12060000,1AB0425EVV,95,2025-04-03,2026-03-31,
500,1007,MLDL010494,SIS LIMITED,27AAECS3538A1ZN,IN,CI,C1,X,CO,                ,1AD0525NZQ,99.5,2025-05-14,2026-03-31,
500,1007,MLDL010494,SIS LIMITED,27AAECS3538A1ZN,IN,CP,C1,X,CO,                ,1AD0525NZQ,99.5,2025-05-14,2026-03-31,
500,1069,MLDL010494,SIS LIMITED,27AAECS3538A1ZN,IN,CP,C1,X,CO,                ,1AD0525NZQ,99.5,2025-05-14,2026-03-31,
500,1069,MLDL010494,SIS LIMITED,27AAECS3538A1ZN,IN,CI,C1,X,CO,                ,1AD0525NZQ,99.5,2025-05-14,2026-03-31,
500,1007,MLDL012086,Tata Projects Limited,27AAACT4119L1Z8,IN,CP,C1,X,CO,                ,1AA0526OYD,97.5,2026-05-06,2027-03-31,
500,1007,MLDL012086,Tata Projects Limited,27AAACT4119L1Z8,IN,CI,C1,X,CO,                ,1AA0526OYD,97.5,2026-05-06,2027-03-31,
500,1047,MLDL002149,CUSHMAN & WAKEFIELD PROPERTY,27AACCC3657N1ZA,IN,CP,  ,X,CO,                ,0116CH994J,62.5,2016-08-01,2016-12-31,
500,1047,MLDL002149,CUSHMAN & WAKEFIELD PROPERTY,27AACCC3657N1ZA,IN,CI,C1,X,CO,                ,0116CH994J,62.5,2016-08-01,2016-12-31,
500,1007,MLDL004098,KNIGHT FRANK PROPERTY SERVICES,                  ,IN,CI,C1,X,CO,                ,0216AB993B,1,2016-01-15,2016-03-31,
500,1007,MLDL006241,MILLWARD BROWN MARKET RES,27AAFCM3114M1ZF,IN,JP,J1,X,CO,                ,0215EP402A,55,2015-10-15,2016-03-31,
500,1007,MLDL006241,MILLWARD BROWN MARKET RES,27AAFCM3114M1ZF,IN,JI,J1,X,CO,                ,0215EP402A,55,2015-10-15,2016-03-31,
500,1007,MLDL009944,Tata Teleservices (Maharashtra) Ltd,27AAACH1458C1ZZ,IN,CP,C1,X,CO,                ,1AA0425LOD,87.5,2025-04-01,2026-03-31,
500,1007,MLDL009944,Tata Teleservices (Maharashtra) Ltd,27AAACH1458C1ZZ,IN,CI,C1,X,CO,                ,1AA0425LOD,87.5,2025-04-01,2026-03-31,
500,1007,MLDL009944,Tata Teleservices (Maharashtra) Ltd,27AAACH1458C1ZZ,IN,JI,J1,X,CO,                ,1AA0425LOE,97.5,2025-04-01,2026-03-31,
500,1007,MLDL009944,Tata Teleservices (Maharashtra) Ltd,27AAACH1458C1ZZ,IN,JP,J1,X,CO,                ,1AA0425LOE,97.5,2025-04-01,2026-03-31,
500,1001,MLDL003572,VODAFONE MOBILE SERVICES LIMITED,27AAACS4457Q1ZQ,IN,JI,J1,X,CO,4479275,1AF0521CYA,90,2021-05-25,2022-03-31,
500,1001,MLDL003572,VODAFONE MOBILE SERVICES LIMITED,27AAACS4457Q1ZQ,IN,CI,C1,X,CO,AMT 2334807,1AE0423UAO,75,2023-04-25,2024-03-31,
500,1022,MHA0274501,M M M LOGISTICS,27AVCPS8339P1ZN,IN,CP,  ,X,OT,                ,1AE0519PPJ,34,2019-05-20,2020-03-31,
500,1022,MHA0274501,M M M LOGISTICS,27AVCPS8339P1ZN,IN,CI,C3,X,OT,                ,1AE0519PPJ,34,2019-05-20,2020-03-31,
500,1007,MLDL010342,SMS INTEGRATED FACILITY SERVICES PR,27AAFCS4166H1Z6,IN,CI,C1,X,CO,                ,1AA0326UAX,65,2026-04-01,2027-03-31,
500,1007,MLDL010342,SMS INTEGRATED FACILITY SERVICES PR,27AAFCS4166H1Z6,IN,CP,C1,X,CO,                ,1AA0326UAX,65,2026-04-01,2027-03-31,
500,1007,MLDL008600,EXECUTIVE ACCESS,07AAACE8615N2ZB,IN,JP,  ,X,CO,0115LD785F,0115LD785F,60,2015-06-17,2016-03-31,
500,1007,MLDL008600,EXECUTIVE ACCESS,07AAACE8615N2ZB,IN,JI,J1,X,CO,0115LD785F,0115LD785F,60,2015-06-17,2016-03-31,
500,1001,MLDL004624,TATA COMMUNICATIONS LIMITED,07AAACV2808C1ZR,IN,JI,J1, ,CO,41194790,1AB0623MEF,40,2023-05-06,2024-03-31,
500,1009,MLDL022046,MLL MOBILITY PRIVATE LIMI,07AACCV3807B1ZQ,IN,CI,C1,X,CO,                ,1AJ0523HGB,0.5,2023-05-24,2024-03-31,
500,1012,MLDL006229,SQUARE YARDS CONSULTING PRIVATE,27AASCS4409C1Z9,IN,HI,H1,X,CO,                ,4AD0326FRD,75,2026-04-01,2027-03-31,
500,1008,MLDL006229,SQUARE YARDS CONSULTING PRIVATE,27AASCS4409C1Z9,IN,HI,H1,X,CO,                ,4AD0326FRD,75,2026-04-01,2027-03-31,
500,1007,MLDL006229,SQUARE YARDS CONSULTING PRIVATE,27AASCS4409C1Z9,IN,HI,H1,X,CO,                ,4AD0326FRD,75,2026-04-01,2027-03-31,
500,1069,MLDL006229,SQUARE YARDS CONSULTING PRIVATE,27AASCS4409C1Z9,IN,HI,H1,X,CO,                ,4AD0326FRD,75,2026-04-01,2027-03-31,
500,1047,MLDL006229,SQUARE YARDS CONSULTING PRIVATE,27AASCS4409C1Z9,IN,HI,H1,X,CO,                ,4AD0326FRD,75,2026-04-01,2027-03-31,
500,1044,I00470,"Iron Mountain India Pvt Ltd,",29AABCM3593N2ZT,IN,CI,C1,X,CO,                ,4NA0726AJT4A490,75,2026-07-23,2027-03-31,
500,1046,HLSNDC01,Nxtra Data Limited,29AAECN3926D1ZI,IN,8I,IA,X,CO,                ,1AA0719SRR,40,2019-07-09,2020-03-31,
500,1084,HLSNDC01,Nxtra Data Limited,29AAECN3926D1ZI,IN,8I,IA,X,CO,                ,1AA0719SRR,40,2019-07-09,2020-03-31,
500,1027,HLSNDC01,Nxtra Data Limited,29AAECN3926D1ZI,IN,8I,IA,X,CO,                ,1AA0719SRR,40,2019-07-09,2020-03-31,
500,1037,I01253B,IBIS BENGALURU HOSUR ROAD,29AABCI2732H1ZO,IN,II,I1, ,CO,                ,1AE0720UOL,85,2020-06-22,2021-03-31,
500,1001,HOTEL202,IBIS BANGALORE CITY CENTRE HOTEL,29AABCI2732H1ZO,IN,CP,C1,X,CO,2741307,1AA0525ARA,95,2025-04-30,2026-03-31,
500,1001,HOTEL202,IBIS BANGALORE CITY CENTRE HOTEL,29AABCI2732H1ZO,IN,CI,C1,X,  ,2741307,1AA0525ARA,95,2025-04-30,2026-03-31,
500,1001,GTSPL0917,GREENLAND TELECOM SERVICES PVT. LTD,29AAGCG3205J1ZM,IN,CI,C1,X,CO,                ,0118CU601H,62.5,2019-01-25,2019-03-31,
500,1001,I00400,ISS SDB SECURITY SERVICES,33AAACT3628C1ZU,IN,CI,C1,X,CO,1409298,1AF0425HRQ,62.5,2025-04-17,2026-03-31,
500,1001,GO0016,GALAXY OFFICE AUTOMATION PVT LTD,33AABCG4672N1ZD,IN,JI,J1,X,CO,10000000,1NB0726LCV,45,2026-07-10,2027-03-31,
500,1001,H02124B,HARITA TECHSERV LIMITED,33AAACH2489K1ZG,IN,JI,J1,X,CO,15000000,1AC0624DMR,100,2024-06-07,2025-03-31,
500,1001,H00436,Heuristix Digital Technologies Priv,33AADCH7341B1Z3,IN,JI,J1,X,CO,5898597,1AE0625REY,96.5,2025-06-25,2026-03-31,
500,1001,GPSTN0818,G S P POWER SYSTEMS PRIVATE LIMITED,33AACCG0581H1ZX,IN,CI,C1,X,CO,1400000000,1AB0526FTL,50,2026-05-11,2027-03-31,
500,1022,HRA0158101,AHMEDABAD ROADLINES PVT LTD,06AAGCA9338Q1Z0,IN,CI,C1,X,CO,                ,1AA0519RBU,60,2019-05-07,2020-03-31,
500,1022,HRA0158101,AHMEDABAD ROADLINES PVT LTD,06AAGCA9338Q1Z0,IN,CP,  ,X,CO,                ,1AA0519RBU,60,2019-05-07,2020-03-31,
500,1022,HRA0358201,LTC LOGISTICS PVT LTD,06AABCL0678F3ZM,IN,CI,C1,X,CO,                ,1AA0419VRT,80,2019-04-30,2020-03-31,
500,1022,HRA0358201,LTC LOGISTICS PVT LTD,06AABCL0678F3ZM,IN,CP,  ,X,CO,                ,1AA0419VRT,80,2019-04-30,2020-03-31,
500,1022,HRA0362001,TRANS CARGO INDIA,06ANDPB0929K2Z8,IN,CI,C3,X,OT,                ,1AA0419UUO,62,2019-04-25,2020-03-31,
500,1022,HRA0362001,TRANS CARGO INDIA,06ANDPB0929K2Z8,IN,CP,  ,X,OT,                ,1AA0419UUO,62,2019-04-25,2020-03-31,
500,1001,HMIL01,HERO MINDMINE INSTITUTE PVT LTD,                  ,IN,JI,J1,X,CO,10000000,1NA0626TBA,75,2026-06-12,2027-03-31,
500,1022,HRA0016001,MERCURIO PALLIA LOGISTICS PVT. LTD.,06AAFCM8426Q1ZU,IN,CP,  ,X,CO,                ,1AA0619EQP,90,2019-06-10,2020-03-31,
500,1022,HRA0016001,MERCURIO PALLIA LOGISTICS PVT. LTD.,06AAFCM8426Q1ZU,IN,CI,C1,X,CO,                ,1AA0619EQP,90,2019-06-10,2020-03-31,
500,1022,HRA0052701,RATTAN ROAD CARRIERS,06AAGFR6867A1Z6,IN,CI,C4,X,OT,                ,1AC0419QCS,55,2019-05-13,2020-03-31,
500,1022,HRA0052701,RATTAN ROAD CARRIERS,06AAGFR6867A1Z6,IN,CP,  ,X,OT,                ,1AC0419QCS,55,2019-05-13,2020-03-31,
500,1022,HRA01415A0,S.D.H.LOGISTICS,                  ,IN,CP,  ,X,OT,                ,1AE0519PPJ,34,2019-05-20,2020-03-31,
500,1022,HRA01415A0,S.D.H.LOGISTICS,                  ,IN,CI,C3,X,OT,                ,1AE0519PPJ,34,2019-05-20,2020-03-31,
500,1022,HRA0141501,S.D.H.LOGISTICS,06AVCPS8339P1ZR,IN,CP,  ,X,OT,                ,1AE0519PPJ,34,2019-05-20,2020-03-31,
500,1022,HRA0141501,S.D.H.LOGISTICS,06AVCPS8339P1ZR,IN,CI,C3,X,OT,                ,1AE0519PPJ,34,2019-05-20,2020-03-31,
500,1022,HRA0107801,QUADRANT TELEVENTURES LTD,06AABCT2862R1ZT,IN,JP,  ,X,CO,                ,1AA0419FAG,100,2019-08-16,2020-03-31,
500,1022,HRA0107801,QUADRANT TELEVENTURES LTD,06AABCT2862R1ZT,IN,JI,J1,X,CO,                ,1AA0419FAG,100,2019-08-16,2020-03-31,
500,1022,HRA0274501,M M M LOGISTICS,06AVCPS8339P2ZQ,IN,CP,  ,X,OT,                ,1AE0519PPJ,34,2019-05-20,2020-03-31,
500,1022,HRA0274501,M M M LOGISTICS,06AVCPS8339P2ZQ,IN,CI,C3,X,OT,                ,1AE0519PPJ,34,2019-05-20,2020-03-31,
500,1022,HRA01441ME,ESHAAN LOGISTICS,06AADFE3666K1ZA,IN,CP,  ,X,OT,                ,1AE0519ZOF,100,2019-05-23,2020-03-31,
500,1022,HRA01441ME,ESHAAN LOGISTICS,06AADFE3666K1ZA,IN,CI,C4,X,OT,                ,1AE0519ZOF,100,2019-05-23,2020-03-31,
500,1022,HRA0305901,ICM LOGISTICS PVT LTD,06AABCI8695P1ZP,IN,CP,  ,X,CO,                ,1AC0519SDV,93.5,2019-05-17,2020-03-31,
500,1022,HRA0305901,ICM LOGISTICS PVT LTD,06AABCI8695P1ZP,IN,CI,C1,X,CO,                ,1AC0519SDV,93.5,2019-05-17,2020-03-31,
500,1022,HRA0305301,CJ DARCL LOGISTICS LTD,06AAACD2086J1ZQ,IN,CP,  ,X,CO,                ,1AA1019OWP,89,2019-10-21,2020-03-31,
500,1022,HRA0305301,CJ DARCL LOGISTICS LTD,06AAACD2086J1ZQ,IN,CI,C1,X,CO,                ,1AA1019OWP,89,2019-10-21,2020-03-31,
500,1022,HRA0318801,M Y TRANSPORT CO PVT LTD,06AACCM6010H1ZW,IN,CP,  ,X,CO,                ,1AA1019CUC,75,2019-10-25,2020-03-31,
500,1022,HRA0318801,M Y TRANSPORT CO PVT LTD,06AACCM6010H1ZW,IN,CI,C1,X,CO,                ,1AA1019CUC,75,2019-10-25,2020-03-31,
500,1022,HRA0106001,R SAI TRANSPORT COMPANY,06ABPPR6379F1Z1,IN,CI,C3,X,OT,                ,1AI0519FWY,50,2019-07-01,2020-03-31,
500,1022,HRA0106001,R SAI TRANSPORT COMPANY,06ABPPR6379F1Z1,IN,CP,  ,X,OT,                ,1AI0519FWY,50,2019-07-01,2020-03-31,
500,1022,HRA0055501,RATTAN ROAD CARRIERS,06AAGFR6867A1Z6,IN,CP,  ,X,OT,                ,1AC0419QCS,55,2019-05-13,2020-03-31,
500,1022,HRA0055501,RATTAN ROAD CARRIERS,06AAGFR6867A1Z6,IN,CI,C4,X,OT,                ,1AC0419QCS,55,2019-05-13,2020-03-31,
500,1022,HRA0024001,S.D.H.LOGISTICS,06AVCPS8339P1ZR,IN,CI,C3,X,OT,                ,1AE0519PPJ,34,2019-05-20,2020-03-31,
500,1022,HRA0024001,S.D.H.LOGISTICS,06AVCPS8339P1ZR,IN,CP,  ,X,OT,                ,1AE0519PPJ,34,2019-05-20,2020-03-31,
500,1022,HRA0098501,AFFORDABLE INFRA & HOUSING PROJECTS,06AAJCA5192P1Z3,IN,8P,  ,X,CO,                ,1AG0519XWJ,70,2019-06-04,2020-03-31,
500,1022,HRA0098501,AFFORDABLE INFRA & HOUSING PROJECTS,06AAJCA5192P1Z3,IN,8I,IA,X,CO,                ,1AG0519XWJ,70,2019-06-04,2020-03-31,
500,1022,HRA0274502,M M M LOGISTICS,06AVCPS8339P3ZP,IN,CI,C3,X,OT,                ,1AE0519PPJ,34,2019-05-20,2020-03-31,
500,1022,HRA0274502,M M M LOGISTICS,06AVCPS8339P3ZP,IN,CP,  ,X,OT,                ,1AE0519PPJ,34,2019-05-20,2020-03-31,
500,1022,HRA0181301,GEEKAY SECURITY SERVICES PVT LTD,06AACCG1282D1Z2,IN,CP,  ,X,CO,                ,1AA0120MSG,50,2020-03-13,2020-03-31,
500,1022,HRA0181301,GEEKAY SECURITY SERVICES PVT LTD,06AACCG1282D1Z2,IN,CI,C1,X,CO,                ,1AA0120MSG,50,2020-03-13,2020-03-31,
500,1022,HRA0024101,SECURITY AND INTELLIGENCE SERVICES,06AAECS3538A1ZR,IN,CP,  ,X,CO,                ,1AD0519MPE,99.5,2019-06-10,2020-03-31,
500,1022,HRA0024101,SECURITY AND INTELLIGENCE SERVICES,06AAECS3538A1ZR,IN,CI,C1,X,CO,                ,1AD0519MPE,99.5,2019-06-10,2020-03-31,
500,1001,HMLL2017,MAHINDRA LOGISTIC LTD,05AAFCM2530H1ZU,IN,CI,C1,X,CO,31084341727,1AD0426EMH,60,2026-04-16,2027-03-31,
500,1001,HMLL2017,MAHINDRA LOGISTIC LTD,05AAFCM2530H1ZU,IN,CP,C1, ,CO,31084341727,1AD0426EMH,60,2026-04-16,2027-03-31,
500,1001,HMLL2017,MAHINDRA LOGISTIC LTD,05AAFCM2530H1ZU,IN,II,I1, ,CO,866946434,1AD0426EMI,92,2026-04-16,2027-03-31,
500,1001,HMLL2017,MAHINDRA LOGISTIC LTD,05AAFCM2530H1ZU,IN,8I,IA, ,CO,866946434,1AD0426EMI,92,2026-04-16,2027-03-31,
500,1001,HMLL2017,MAHINDRA LOGISTIC LTD,05AAFCM2530H1ZU,IN,JI,J1,X,CO,2070249434,1AD0426EMJ,92,2026-04-16,2027-03-31,
500,1081,HMLL2017,MAHINDRA LOGISTIC LTD,05AAFCM2530H1ZU,IN,CI,C1,X,CO,3423983036,1AD0426EMP,60,2026-04-16,2027-03-31,
500,1001,HTML_01TG,HT MEDIA LIMITED,36AABCH3165P1Z8,IN,CI,C1,X,CO,3846000,1AC0725LIB,85,2025-07-23,2026-03-31,
500,1001,GPSTG1118,G S P POWER SYSTEMS PRIVATE LIMITED,36AACCG0581H1ZR,IN,CI,C1,X,CO,1400000000,1AB0526FTL,50,2026-05-11,2027-03-31,
500,1001,GIRNARS11,GIRNAR SOFTWARE PRIVATE LIMITED,08AACCG7277J1Z6,IN,CI,C1,X,CO,42725000,1AD0722GUP,75,2022-07-26,2023-03-31,
500,1001,GIRNARS11,GIRNAR SOFTWARE PRIVATE LIMITED,08AACCG7277J1Z6,IN,CP,C1, ,CO,42725000,1AD0722GUP,75,2022-07-26,2023-03-31,
500,1005,GLOBE1,GLOBE INTERNATIONAL CARRIERS LTD,08AADCG7283P1ZV,IN,CI,C1,X,CO,                ,1AC0525DNG,60,2025-05-09,2026-03-31,
500,1001,GIR100SOF,Girnar Software Private Limited,08AACCG7277J1Z6,IN,JI,J1,X,CO,                ,1AA0719OUH,90,2020-04-01,2020-06-30,
500,1001,HOTEL418,INTERGLOBE HOTELS PRIVATE LIMITED,19AABCI2732H1ZP,IN,CI,C1,X,CO,2741307,1AA0525ARA,95,2025-04-30,2026-03-31,
500,1001,HOTEL418,INTERGLOBE HOTELS PRIVATE LIMITED,19AABCI2732H1ZP,IN,CP,C1,X,CO,2741307,1AA0525ARA,95,2025-04-30,2026-03-31,
500,1022,I100053,IVC LOGISTICS LTD,27AAACI0755K1ZJ,IN,CI,C1,X,CO,                ,1AB0719TUA,50,2019-07-24,2020-03-31,
500,1022,I100053,IVC LOGISTICS LTD,27AAACI0755K1ZJ,IN,CP,  ,X,CO,                ,1AB0719TUA,50,2019-07-24,2020-03-31,
500,1001,HS057,SHUSHRUSHA  CITIZENS CO-OP.HOSPITAL,27AAATS0257K1ZD,IN,JI,J3,X,OT,                ,0217ER277E,79.7,2017-10-17,2018-03-31,
500,1001,HS057,SHUSHRUSHA  CITIZENS CO-OP.HOSPITAL,27AAATS0257K1ZD,IN,JP,  ,X,OT,                ,0217ER277E,79.7,2017-10-17,2018-03-31,
500,1018,H000004,HINDUSTAN TELECOMMUNICATION,27AAAFH3680D1ZN,IN,CI,C4,X,OT,                ,0214ZQ531J,94.2,2014-11-07,2015-03-31,
500,1001,I0202,ITREE CONSULTING PVT. LTD.,27AACCI0811N1ZM,IN,JP,  , ,CO,TDS WD 2(1),0211FM888,76.5,2011-04-01,2012-03-31,
500,1001,I0202,ITREE CONSULTING PVT. LTD.,27AACCI0811N1ZM,IN,JI,J1,X,CO,TDS WD 2(1),0211FM888,76.5,2011-04-01,2012-03-31,
500,1001,H0712,HUNGAMA DIGITAL MEDIA ENTERT,                  ,IN,JP,  ,X,CO,OSD TDS 1(2),0211HP857J,78.3,2011-07-27,2012-03-31,
500,1001,H0712,HUNGAMA DIGITAL MEDIA ENTERT,                  ,IN,JI,J1,X,CO,OSD TDS 1(2),0211HP857J,78.3,2011-07-27,2012-03-31,
500,1001,I00343,IPSOS INDICA RESEARCH PVT. LTD.,                  ,IN,JI,J1,X,CO,28226825,1AI0522MYC,50,2022-05-30,2023-03-31,
500,1001,I00144,INDIAN VEHICLE CARRIERS PVT. LTD.,                  ,IN,CI,C1,X,CO,                ,0116CJ772H,65,2016-07-12,2017-03-31,
500,1001,HP001,P.D.HINDUJA NATIONAL HOSPITAL,                  ,IN,JI,J1,X,OT,15000000,1AA0725NKB,100,2025-07-04,2026-03-31,
500,1001,HB011,SMT. B.C.J. GENERAL HOSPITAL,                  ,IN,JI,J1,X,OT,                ,0216DP678H,88.4,2016-08-01,2017-03-31,
500,1001,I00365,INTERACTIVE AVENUES PVT. LTD.,27AACCI0954J1ZI,IN,CP,  , ,CO,1476824000,1ND0726ETP,25,2026-07-24,2027-03-31,
500,1001,I00365,INTERACTIVE AVENUES PVT. LTD.,27AACCI0954J1ZI,IN,CI,C1,X,CO,1476824000,1ND0726ETP,25,2026-07-24,2027-03-31,
500,1001,I00365,INTERACTIVE AVENUES PVT. LTD.,27AACCI0954J1ZI,IN,JI,J1,X,CO,58622000,1ND0726EYS,70,2026-07-24,2027-03-31,
500,1001,I00365,INTERACTIVE AVENUES PVT. LTD.,27AACCI0954J1ZI,IN,JP,J1,X,CO,58622000,1ND0726EYS,70,2026-07-24,2027-03-31,
500,1079,I00365,INTERACTIVE AVENUES PVT. LTD.,27AACCI0954J1ZI,IN,CI,C1,X,CO,31189000,1ND0726EUX,25,2026-07-24,2027-03-31,
500,1079,I00365,INTERACTIVE AVENUES PVT. LTD.,27AACCI0954J1ZI,IN,JI,J1,X,CO,7200000,1ND0726EZO,70,2026-07-24,2027-03-31,
500,1001,HH001,HINDUJA HEALTHCARE PVT. LTD.,27AADCA8297M1ZZ,IN,JI,J1,X,CO," 75,00,000.00",1AD0820MZQ,90,2020-08-17,2021-03-31,
500,1006,H0793,HAMBURG SUD INDIA PRIVATE LIMITED,27AACCH3333E1ZZ,IN,CI,C1,X,CO,                ,DIT DT 17.4.18,100,2018-04-01,2019-03-31,
500,1005,H0793,HAMBURG SUD INDIA PRIVATE LIMITED,27AACCH3333E1ZZ,IN,CI,C1,X,CO,                ,DTAA AS PER MAIL,100,2018-04-01,2019-03-31,
500,1001,I01943B,IPSOS RESEARCH PVT .LTD,27AABCI3609K1ZJ,IN,JI,J1,X,CO,3734000,1AG0425EGO,44,2025-04-23,2026-03-31,
500,1037,I01943B,IPSOS RESEARCH PVT .LTD,27AABCI3609K1ZJ,IN,JI,J1,X,CO,                ,0217EA547H,52,2017-06-27,2018-03-31,
500,1001,H00441,HEURISTIX DIGITAL TECHNOL,27AADCH7341B1ZW,IN,JI,J1,X,CO,4151230,1AB0924FKX,100,2024-09-27,2025-03-31,
500,1049,GRPSERV358,ACE FORWARDERS PVT LTD,27AAKCA5653Q1ZY,IN,CI,C1,X,CO,                ,4AD0426KWA,50,2026-04-16,2027-03-31,
500,1001,HN2921,SIR H N RELIANCE FOUNDATION HOSPITA,27AANTS2921H1Z8,IN,JI,J3,X,OT,10000000,1AA0425YPN,100,2025-04-02,2026-03-31,
500,1001,HB008,DR BALABHAI NANAVATI,                  ,IN,JI,J3,X,OT,7000000,1AC0325SIX,100,2025-04-01,2026-03-31,
500,1001,GO0015,GALAXY OFFICE AUTOMATION PVT,27AABCG4672N1Z6,IN,JP,  ,X,CO,10000000,1NB0726LCV,45,2026-07-10,2027-03-31,
500,1001,GO0015,GALAXY OFFICE AUTOMATION PVT,27AABCG4672N1Z6,IN,JI,J1,X,CO,10000000,1NB0726LCV,45,2026-07-10,2027-03-31,
500,1001,GW101,GREY WORLDWIDE INDIA PRIVATE LIMITE,27AAACT4061B1ZS,IN,JI,J1,X,CO,2500000,1AB0523FYB,80,2023-05-08,2024-03-31,
500,1022,I0225,INTEGRITY VERIFICATION,                  ,IN,JP,  ,X,CO,                ,1AA0120BPV,100,2020-01-06,2020-03-31,
500,1022,I0225,INTEGRITY VERIFICATION,                  ,IN,JI,J1,X,CO,                ,1AA0120BPV,100,2020-01-06,2020-03-31,
500,1001,I00403,IPSOS RESEARCH PVT. LTD.,27AABCI3609K1ZJ,IN,JP,J1,X,CO,12400000,1AD0526TWI,35,2026-05-26,2027-03-31,
500,1001,I00403,IPSOS RESEARCH PVT. LTD.,27AABCI3609K1ZJ,IN,JI,J1,X,CO,12400000,1AD0526TWI,35,2026-05-26,2027-03-31,
500,1081,H00161,HAYMARKET SAC PUBLISHING INDIA,27AADCS9617D1ZA,IN,CI,C1,X,CO,100000,1AD0426XBP,75,2026-04-20,2027-03-31,
500,1001,HB014,Global Hospital & Research Center,                  ,IN,JI,J3,X,OT,500000,1AB0823CTM,100,2023-08-16,2024-03-31,
500,9001,HB014,Global Hospital & Research Center,                  ,IN,JI,J3,X,OT,500000,1AB0823CTL,100,2023-08-16,2024-03-31,
500,1001,H0016H,HATHWAY CABLE & DATACOM LTD.,27AAACC6814B1Z4,IN,CI,C1,X,CO,225000,1AG0623XMV,67.5,2023-06-21,2024-03-31,
500,1001,H00218,HANSA RESEARCH GROUP PVT. LTD.,27AAACH9516M1Z7,IN,JP,J1,X,CO,7000000,1AD0526NXJ,60,2026-05-22,2027-03-31,
500,1001,H00218,HANSA RESEARCH GROUP PVT. LTD.,27AAACH9516M1Z7,IN,JI,J1,X,CO,7000000,1AD0526NXJ,60,2026-05-22,2027-03-31,
500,1024,H00218,HANSA RESEARCH GROUP PVT. LTD.,27AAACH9516M1Z7,IN,JP,  ,X,CO,AAACH9516M,0312DG1417F,90,2012-09-20,2013-03-31,
500,1024,H00218,HANSA RESEARCH GROUP PVT. LTD.,27AAACH9516M1Z7,IN,JI,J1,X,CO,AAACH9516M,0312DG1417F,90,2012-09-20,2013-03-31,
500,1049,I00041,FCBINTERFACE COMMUNICATIONS PRIVATE,27AAACI4769B1ZO,IN,CP,  ,X,CO,                ,2318AH573F5859,17.5,2018-12-20,2019-03-31,
500,1049,I00041,FCBINTERFACE COMMUNICATIONS PRIVATE,27AAACI4769B1ZO,IN,CI,C1,X,CO,                ,2318AH573F5859,17.5,2018-12-20,2019-03-31,
500,1001,I008,INTERNET DATA SERVICES (I),27AAACI2698P2ZU,IN,JI,J1,X,CO,2532533,1AC0623MFI,62.5,2023-06-08,2024-03-31,
500,1081,H00252,HANSA CUSTOMER EQUITY PVT,27AADCC3122F1Z6,IN,JI,J1,X,CO,50000000,1AA0726HLT,76.5,2026-07-07,2027-03-31,
500,1049,H00252,HANSA CUSTOMER EQUITY PVT,27AADCC3122F1Z6,IN,JI,J1,X,CO,                ,1AA1022NQV,98,2022-10-14,2023-03-31,
500,1037,H00252,HANSA CUSTOMER EQUITY PVT,27AADCC3122F1Z6,IN,JI,  ,X,CO,                ,1AD0722MRT,82,2022-07-28,2023-03-31,
500,1037,H00252,HANSA CUSTOMER EQUITY PVT,27AADCC3122F1Z6,IN,JP,  , ,CO,                ,1AD0722MRT,82,2022-07-28,2023-03-31,
500,1081,H00252,HANSA CUSTOMER EQUITY PVT,27AADCC3122F1Z6,IN,JP,J1,X,CO,50000000,1AA0726HLT,76.5,2026-07-07,2027-03-31,
500,1079,H00252,HANSA CUSTOMER EQUITY PVT,27AADCC3122F1Z6,IN,JI,J1,X,CO,63960000,1AA0726HLS,76.5,2026-07-07,2027-03-31,
500,1001,H00252,HANSA CUSTOMER EQUITY PVT,27AADCC3122F1Z6,IN,CI,C1,X,CO,10000000,1AA0726HLR,50,2026-07-07,2027-03-31,
500,1001,H00252,HANSA CUSTOMER EQUITY PVT,27AADCC3122F1Z6,IN,JP,J1,X,CO,427800000,1AA0726HLP,76.5,2026-07-07,2027-03-31,
500,1001,H00252,HANSA CUSTOMER EQUITY PVT,27AADCC3122F1Z6,IN,JI,J1,X,CO,427800000,1AA0726HLP,76.5,2026-07-07,2027-03-31,
500,1058,H00252,HANSA CUSTOMER EQUITY PVT,27AADCC3122F1Z6,IN,JI,J1,X,CO,                ,0318AH765H,80,2018-04-02,2019-03-31,
500,1001,H142,HANSA CUSTOMER EQUITY PRI,27AADCC3122F1Z6,IN,CI,C1,X,CO,10000000,1AA0726HLR,50,2026-07-07,2027-03-31,
500,1001,H142,HANSA CUSTOMER EQUITY PRI,27AADCC3122F1Z6,IN,JI,J1,X,CO,427800000,1AA0726HLP,76.5,2026-07-07,2027-03-31,
500,1001,I00363,IRON MOUNTAIN (INDIA) PVT.,27AABCM3593N1ZY,IN,CI,C1,X,CO,4010000000,1AC0625NVR,75,2025-06-12,2026-03-31,
500,1049,I00363,IRON MOUNTAIN (INDIA) PVT.,27AABCM3593N1ZY,IN,CI,C1,X,CO,                ,1AC0625NVR,75,2025-06-12,2026-03-31,
500,1001,HBSPL01,HYPERLINK BRAND SOLUTIONS PRIVATE L,27AAFCH6400B1Z4,IN,JI,J1,X,CO,AMT 150000000,1AE0425JVQ,70,2025-04-16,2026-03-31,
500,1001,HBSPL01,HYPERLINK BRAND SOLUTIONS PRIVATE L,27AAFCH6400B1Z4,IN,JP,J1,X,CO,AMT 150000000,1AE0425JVQ,70,2025-04-16,2026-03-31,
500,1001,GPA0052,APEX HCG ONCOLOGY HOSPITALS LLP,27AAXFA7465Q1Z9,IN,JI,J3,X,OT,9330,1AF0524HJR,90,2024-05-16,2025-03-31,
500,1001,HM001,Mandke Foundation,                  ,IN,JI,J3,X,OT,8311776,1AA0825POF,100,2025-08-11,2026-03-31,
500,9001,HM001,Mandke Foundation,                  ,IN,JI,J3,X,  ,765325.00,1AA0923DAW,100,2023-09-04,2024-03-31,
500,1049,GRPSERV819,Sunil Transport Services,27AASFS6222J1ZP,IN,CI,C4,X,OT,194C OTHER,1AF0525QVK,25,2025-05-23,2026-03-31,
500,1001,GPH0009,HATHWAY DIGITAL PRIVATE LIMITED,27AACCV5591N1ZM,IN,CI,C1,X,CO,40693,1AE0423NDK,87.5,2023-04-25,2024-03-31,
500,1001,I00344,INTERACTIVE BUSINESS SOLUTIONS PVT.,                  ,IN,CI,C1,X,CO,194C,0730P/2010-11/1,50,2010-08-06,2011-03-31,
500,1001,GSPD101,GSP POWER SYSTEMS PVT LTD,07AACCG0581H1ZS,IN,CI,C1,X,CO,1400000000,1AB0526FTL,50,2026-05-11,2027-03-31,
500,1001,I00438,INTERGLOBE HOTELS PVT,07AABCI2732H1ZU,IN,CI,C1,X,CO,2741307,1AA0525ARA,95,2025-04-30,2026-03-31,
500,1001,I00438,INTERGLOBE HOTELS PVT,07AABCI2732H1ZU,IN,II,I1,X,CO,6216308,1AA0525AZJ,99,2025-04-30,2026-03-31,
500,1005,GLO001,Globe Ecologistics Pvt. Ltd.,                  ,IN,CI,C1,X,CO,                ,197/AAACG3938J,67.5,2016-08-01,2017-03-31,
500,1022,MLL910,G J LOGISTICS PVT LTD,                  ,IN,CP,  ,X,CO,                ,1AB0819MJP,45,2019-10-11,2020-03-31,
500,1022,MLL910,G J LOGISTICS PVT LTD,                  ,IN,CI,C1,X,CO,                ,1AB0819MJP,45,2019-10-11,2020-03-31,
500,1007,MLDL007739,Impact Infotech Private Limited,27AABCI6537L1Z8,IN,CI,C1,X,CO,                ,1AA0525DTL,80,2025-05-01,2026-03-31,
500,1007,MLDL007739,Impact Infotech Private Limited,27AABCI6537L1Z8,IN,CP,C1,X,CO,                ,1AA0525DTL,80,2025-05-01,2026-03-31,
500,1007,MLDL10011,CLR Facility Services Pvt. Ltd.,27AADCC5478N1Z2,IN,CI,C1,X,CO,                ,1AB0721KCO,80,2021-07-12,2022-03-31,
500,1007,MLDL10011,CLR Facility Services Pvt. Ltd.,27AADCC5478N1Z2,IN,CP,C1,X,CO,                ,1AB0721KCO,80,2021-07-12,2022-03-31,
500,1007,MLDL004182,EPICONS CONSULTANTS PVT LTD.,27AAACE8333R1Z3,IN,JI,J1,X,CO,                ,197_206C(9)/(I)AAACE8333R,52.5,2021-06-16,2022-03-31,
500,1007,MLDL004182,EPICONS CONSULTANTS PVT LTD.,27AAACE8333R1Z3,IN,JP,J1,X,CO,                ,197_206C(9)/(I)AAACE8333R,52.5,2021-06-16,2022-03-31,
500,1069,MLDL004824,PropTiger Marketing Services Pvt. L,27AADCE5796M1ZX,IN,HP,  ,X,CO,                ,1AC0421QGA,80,2021-04-26,2022-03-31,
500,1069,MLDL004824,PropTiger Marketing Services Pvt. L,27AADCE5796M1ZX,IN,HI,H1,X,CO,                ,1AC0421QGA,80,2021-04-26,2022-03-31,
500,1019,MI008,INDIAN RUBBER MANUFACTURE,27AAAAT7089F1Z6,IN,JI,J3,X,OT,                ,10(21),100,2011-04-01,2012-03-31,
500,1001,HJ003,M/s Jupiter Lifeline Hospitals Ltd,27AABCJ1982E1ZN,IN,JI,J1,X,CO,2239804,1AA1023JRN,35,2023-10-11,2024-03-31,
500,1001,GPSAP1118,G S P POWER SYSTEMS PRIVATE LIMITED,37AACCG0581H1ZP,IN,CI,C1,X,CO,1400000000,1AB0526FTL,50,2026-05-11,2027-03-31,