Client,Company_Code,Supplier,WTax_Type,WTx,W_Tax,Recipient_Type,WTxID,Exemption_Number,Exemption_Percentage,Exemption_From,Exemption_To,Exemption_Reason
500,1001,H0712,JP,  ,X,CO,OSD TDS 1(2),0211HP857J,78.3,20110727,2012-03-31,
500,1001,W002,JP,  ,X,OT,ITO TDS 2(5)NEW,AAAPW0644A/1,55.9,20130620,2014-03-31,
500,1007,1730000116,JP,  ,X,CO,PROFESS & TECH,0210BR150A,55,20100511,2011-03-31,
500,1001,E065,JP,  ,X,CO,157(3)KOL,0812EH127B,95,20121222,2013-03-31,
500,1001,A079,CP,  ,X,CO,DC/ACIT CIR 1(1),197/PAN/14-15/1,100,20140826,2015-03-31,
500,1007,INH504MN,JP,  ,X,CO,                ,117AK7541,90,20170529,2018-03-31,
500,1007,MLDL002379,JP,  ,X,CO,                ,0315HF675,95,20150817,2016-03-31,
500,1001,K270,IP,  ,X,OT,IDS 49(2) (B&F),197/12-13/2,99.9,20120725,2013-03-31,
500,1007,MLDL006195,JP,  ,X,CO,0215FC133C,0215FC133C,93.8,20151203,2017-03-31,
500,1007,MDK011,JP,  ,X,OT,1AG0720FZU,1AG0720FZU,46.67,20200729,2021-03-31,
500,1007,BRISMUMB,JP,  ,X,CO,                ,0213TB081D,71.6,20130828,2014-03-31,
500,1007,MLDL002302,5P,  ,X,CO,                ,DDIT/IT-4(1)/U/,95.24,20120401,2013-03-31,
500,1007,MLDL008600,JP,  ,X,CO,0115LD785F,0115LD785F,60,20150617,2016-03-31,
500,1001,I321,JP,  ,X,CO,CCIT/IND/TECH,U/S 10(23C)92,100,20110401,2012-03-31,
500,1007,1100000603,JP,  ,X,CO,0311AT8581,0311AT8581,99.9,20110701,2012-03-31,
500,1007,MLDL002037,CP,  ,X,CO,0515EB436C,0515EB436C,99.5,20150620,2016-03-31,
500,1001,TSA001,CP,  ,X,CO,60534,1AG0820IGI,50,20201130,2021-03-31,
500,1001,F01771M,JP,  ,X,CO,AMT 5000000,1AA0422TJA,65,20220412,2023-03-31,
500,1001,MFVE002,JP,  ,X,CO,AAACE8476D,1AB0519JPJ,45,20190506,2020-03-31,
500,1001,MR00102,IP,  , ,CO,DCIT(TDS)3(2)MUM,0210BC5251,70,20100429,2011-01-31,
500,1001,BSHAS0201,JP,  ,X,CO,DCIT(TDS)-3(2),AAICS5500L/5,51,20110401,2012-03-31,
500,1001,OET022,JP,  ,X,CO,51 (5),0110AM234J/246,58,20100518,2011-03-31,
500,1001,M00217,CP,  , ,CO,ADDIT(IT),2010-11/2A,100,20100528,2011-03-31,
500,1001,Q5041A,JP,  ,X,OT,WARD 15(1)HYDER,15(1)/0510AC24,100,20100520,2011-03-31,
500,1001,KDS400092,JI,  ,X,CO,49000000,1AA0422VMU,95,20220412,2023-03-31,
500,1001,BRISMUMB,JP,  , ,CO,197/2013-14/1,0213TB062D,71.6,20130828,2014-03-31,
500,1001,MAS0163,JP,  , ,CO,UPTO RS.75000000,0418AQ535F,99.5,20180621,2019-03-31,
500,1003,UPOOS0201,CP,  , ,CO,                ,0612CC744D,37.5,20120403,2013-03-31,
500,1001,MAS1053,JP,  ,X,CO,DC ACIT 2(1),021RY4901,94.8,20130613,2014-03-31,
500,1001,AIL0002,JP,  ,X,CO,300000,1AD0521VKE,100,20210520,2022-03-31,
500,1001,A861,CP,  ,X,CO,DC/ACIT CIR1(1),2010-11/8,67.5,20101223,2011-03-31,
500,1001,F01771B,JP,  ,X,CO,AMT 5000000,1AA0422TJA,65,20220412,2023-03-31,
500,1001,MAS1036,JP,  , ,CO,197-2013-14/4,AAACM5186E/13-4,71.6,20130828,2014-03-31,
500,1007,1100001488,CP,  ,X,OT,U/S 10 OF IT,153/127/02-TPL,100,20090401,2010-03-31,
500,1001,E00004,JP,  ,X,CO,TDS 16 (1),68/F-13,70,20120917,2013-03-31,
500,1001,I287,CP,  ,X,CO,WD 2 (5) NEW,197/11-12/20,80.5,20110808,2012-03-31,
500,1007,MLDL002721,JP,  ,X,CO,                ,0314GD253F,95,20140618,2015-03-31,
500,1001,I0202,JP,  , ,CO,TDS WD 2(1),0211FM888,76.5,20110401,2012-03-31,
500,1009,1100001586,CP,  ,X,CO,                ,0112FP7701,12.5,20121018,2013-03-31,
500,1012,MFVMAR16,JP,  ,X,CO,0313DV049F,0313DV049F,70,20140618,2015-03-31,
500,1001,E00118,JP,  ,X,CO,157(3) KOL,0812EH127B,95,20121222,2013-03-31,
500,1012,MFVMAR16,CP,  ,X,CO,0313DV062I,0313DV062I,75,20140618,2015-03-31,
500,1019,CIM1D011,5P,52,X,CO,                ,27195/10-11,49.03,20100517,2011-03-31,
500,1019,CIM1D011,5I,52, ,CO,                ,27195/10-11,49.03,20100517,2011-03-31,
500,1019,RCD001,5I,53,X,CO,                ,MAIL BKK&CO,0.45,20110401,2012-03-31,
500,1001,MSBATK01,5I,54,X,CO,149860000,1AA1020LIK,50,20201013,2021-03-31,
500,1019,CIMG716,5I,57,X,CO,                ,DD DESAI CERT,0.45,20110401,2012-03-31,
500,1021,IMG010,5I,58,X,OT,                ,1AB0619FJH,70,20190610,2020-03-31,
500,1007,MLDL002302,5I,5B,X,CO,                ,DDIT/IT-4(1)/U/,95.24,20120401,2013-03-31,
500,1016,MAS1051,AI,A1,X,CO,AACCM0794N,0212MA410B,83,20120607,2013-03-31,
500,1016,MAS1051,AP,A1,X,CO,AACCM0794N,0212MA410B,83,20120607,2013-03-31,
500,1001,MMT019,CP,C1, ,CO,35235875,1AA1022MZA,50,20221013,2023-03-31,
500,1005,C132,CI,C1,X,CO,                ,0818AG606E,75,20180525,2019-03-31,
500,1009,MFVMAR16,CI,C1,X,CO,                ,0314FQ464H,75,20140618,2015-03-31,
500,1001,MAS1023,CI,C1,X,CO,"RS. 40,00,000/-",1AD0421KLH,95,20210429,2022-03-31,
500,1009,MFVMAR16,CP,C1,X,CO,                ,0314FQ464H,75,20140618,2015-03-31,
500,1001,I287,CI,C1,X,CO,WD 2 (5) NEW,197/11-12/20,80.5,20110808,2012-03-31,
500,1001,S00160,CI,C1,X,CO,475590,1AA0520WMB,99.33,20200514,2021-03-31,
500,1001,RE29020,CI,C1,X,CO,2286724,1AA0821ZBH,40,20210810,2022-03-31,
500,1001,P00612,CP,C1, ,CO,7000000,1AF0621XIW,15,20210630,2022-03-31,
500,1001,MAXPUB06,CI,C1,X,CO,20000000,1AB0521OAW,75,20210507,2022-03-31,
500,1005,BMIL0099,CI,C1,X,CO,                ,01,100,20210401,2022-03-31,
500,1021,ML01,CI,C1,X,CO,                ,1AB0521OMG,50,20210507,2022-03-31,
500,1021,SW0216,CP,C1,X,CO,                ,0216BS567E,87.5,20160512,2017-03-31,
500,1019,DPLTEL01,CI,C1,X,CO,23230120,1AB1019BLE,70,20191031,2020-03-31,
500,1021,FA0148,CI,C1,X,CO,                ,0616BJ7731F,50,20170406,2018-03-31,
500,1011,1100001162,CI,C1,X,CO,                ,0213TO639F,55,20131017,2014-03-31,
500,1001,AS010,CI,C1,X,CO,"RS.3,62,12,500/-",0218DF560H,50,20180611,2019-03-31,
500,1001,O00164,CI,C1,X,CO,100000000,0217DE146G,53,20170529,2018-03-31,
500,1006,C122,CI,C1,X,CO,                ,0218EV406F,37.5,20180928,2019-03-31,
500,1001,K251,CI,C1,X,CO,DCIT(TDS)CIR2(1),0213TO632A,55,20131022,2014-03-31,
500,1001,N00382,CI,C1,X,CO,4568182,1AE0422TOE,97.5,20220429,2023-03-31,
500,1001,DMM0419,CI,C1,X,CO,20000000,1AB0521OAW,75,20210507,2022-03-31,
500,1001,INO002,CI,C1,X,CO,7830000,1AB0621WZW,100,20210609,2022-03-31,
500,1006,C122,CP,C1, ,CO,                ,0218EV406F,37.5,20180928,2019-03-31,
500,1019,29MAS1022,CI,C1,X,CO,"80,871,074",1AA0519DYB,32.5,20190430,2020-03-31,
500,1001,MIAL11,CI,C1,X,CO,6894793,1AA0321UWY,97.5,20210401,2022-03-31,
500,1004,MAS1022,CI,C1,X,CO,                ,1AE0720JLV,20,20200721,2021-03-31,
500,1003,BJETL0101,CI,C1,X,CO,2014-15/6,0214UR202H,90,20140421,2015-03-31,
500,1001,SMS24,CI,C1,X,CO,502064,1AC0422PJA,65,20220423,2023-03-31,
500,1005,C1042,CI,C1,X,CO,                ,0218EV421E,37.5,20180928,2019-03-31,
500,1001,G00378,CI,C1,X,CO,21240000.00,1AH0519FKC,33.33,20200401,2020-06-30,
500,1005,A1204,CI,C1,X,OT,                ,01,100,20160401,2017-03-31,
500,1001,G00419,CI,C1,X,CO,42725000,1AD0722GUP,75,20220726,2023-03-31,
500,1021,SW0216,CI,C1,X,CO,                ,0216BS567E,87.5,20160512,2017-03-31,
500,1005,GLO001,CI,C1,X,CO,                ,197/AAACG3938J,67.5,20160801,2017-03-31,
500,1007,V100000082,CI,C1,X,CO,                ,1AE0820CGB,53.33,20200820,2021-03-31,
500,1019,P00042,CI,C1,X,CO,                ,0210BK2391,65,20100507,2011-03-31,
500,1012,MFVMAR16,CI,C1,X,CO,0313DV062I,0313DV062I,75,20140618,2015-03-31,
500,1003,BTULK0101,CI,C1,X,CO,                ,0210BD008E,65,20100428,2011-03-31,
500,1012,UES001,CI,C1,X,CO,                ,197,50,20180627,2019-03-31,
500,1021,DP180,CI,C1,X,CO,                ,0615GA550H,75,20150508,2016-03-31,
500,1001,P00612,CI,C1,X,CO,7000000,1AF0621XIW,15,20210630,2022-03-31,
500,1001,MLDL001731,CI,C1,X,CO,4568182,1AE0422TOE,97.5,20220429,2023-03-31,
500,1001,DSF62657,CI,C1,X,CO,197/2013-14/03,0213TO166J,72.5,20131010,2014-03-31,
500,1001,TSA001,CI,C1,X,CO,60534,1AG0820IGI,50,20201130,2021-03-31,
500,1001,E00234,CI,C1,X,CO,43261047,1AE0621PSR,0.5,20210622,2022-03-31,
500,1019,06MAS1022,CI,C1,X,CO,"80,871,074",1AA0519DYB,32.5,20190430,2020-03-31,
500,1007,MLDL10011,CI,C1,X,CO,                ,1AB0721KCO,80,20210712,2022-03-31,
500,1001,T00370,CI,C1, ,CO,194-C,0314FD177I,99.99,20140423,2014-12-31,
500,1001,UDS002,CI,C1,X,CO,AMT 2188510,1AC0422QQW,50,20220425,2023-03-31,
500,1001,MAXPUB27,CP,C1,X,CO,20000000,1AB0521OAW,75,20210507,2022-03-31,
500,1001,K106,CI,C1,X,CO,DCIT(TDS)CIR2(1),0213TO632A,55,20131022,2014-03-31,
500,1021,SGSL20121,CI,C1,X,CO,                ,1AB0521MCN,99.5,20210507,2022-03-31,
500,1001,A861,CI,C1,X,CO,DC/ACIT CIR1(1),2010-11/8,67.5,20101223,2011-03-31,
500,1005,ONETIMEGJ2,CI,C1,X,CO,BN,A,100,20210327,2021-03-28,
500,1001,FSD2087D,CP,C1, ,CO,194(C),0212OC9411,99.5,20121207,2013-03-31,
500,1003,BTULK0101,CP,C1, ,CO,                ,0210BD008E,65,20100428,2011-03-03,
500,1021,DI061X,CI,C1,X,CO,                ,0614EP891E,50,20140415,2015-03-31,
500,1001,MIAL14,CI,C1,X,CO,6894793,1AA0321UWY,97.5,20210401,2022-03-31,
500,1001,GS9466,CI,C1,X,CO,42725000,1AD0722GUP,75,20220726,2023-03-31,
500,1001,S&ISJAI538,CI,C1,X,CO,475590,1AA0520WMB,99.33,20200514,2021-03-31,
500,1001,MAXPUB06,CP,C1,X,CO,20000000,1AB0521OAW,75,20210507,2022-03-31,
500,1001,QUESSD101,CI,C1,X,CO,AMT 31698723,1AA0520HBJ,66.67,20201022,2021-03-31,
500,1001,GIRNARS11,CI,C1,X,CO,42725000,1AD0722GUP,75,20220726,2023-03-31,
500,1001,TS4686K,CI,C1,X,CO,60534,1AG0820IGI,50,20201130,2021-03-31,
500,1007,V100000082,CP,C1,X,CO,                ,1AE0820CGB,53.33,20200820,2021-03-31,
500,1001,GIRNARS11,CP,C1, ,CO,42725000,1AD0722GUP,75,20220726,2023-03-31,
500,1005,S3488,CI,C1,X,CO,                ,01,100,20170401,2018-03-31,
500,1021,SH0003,CP,C1,X,CO,                ,5,65,20150803,2016-03-31,
500,1019,DPLMAHA01,CI,C1,X,CO,23230120,1AB1019BLE,70,20191031,2020-03-31,
500,1019,CRPL01MTBL,CI,C1,X,CO,"17,50,000",0518AG024A,50,20181126,2019-03-31,
500,1009,1100001586,CI,C1,X,CO,                ,0112FP7701,12.5,20121018,2013-03-31,
500,1001,A00665,CI,C1,X,CO,194C,0410AK440E,100,20100813,2011-03-31,
500,1006,H0793,CI,C1,X,CO,                ,DIT DT 17.4.18,100,20180401,2019-03-31,
500,1002,MAS1022,CI,C1,X,CO,                ,0210DB988E,0.25,20100531,2011-03-31,
500,1001,CSPLD101,CI,C1,X,CO,1017000,1AC0520AXO,60,20200919,2021-03-31,
500,1005,C1130,CP,C1,X,CO,                ,1AE820NBB,80,20200824,2021-03-31,
500,1011,CORO2813,CI,C1,X,CO,                ,0314FF509A,100,20140401,2015-03-31,
500,1001,R00699,CI,C1,X,CO,2286724,1AA0821ZBH,40,20210810,2022-03-31,
500,1007,MFVF004,CP,C1,X,CO,                ,IAB0820UBU,83.33,20200811,2021-03-31,
500,1005,C122,CI,C1,X,CO,                ,0218EV417C,37.5,20180928,2019-03-31,
500,1001,O5912,CI,C1,X,CO,DDIT(IT)4(2),2011-11/1,100,20110401,2012-03-31,
500,1007,MFVF004,CI,C1,X,CO,                ,IAB0820UBU,86.67,20200811,2021-03-31,
500,1001,B0685,CI,C1,X,CO,7830000,1AB0621WZW,100,20210609,2022-03-31,
500,1001,MKTGSO1367,CI,C1,X,CO,194C,0215AE322A,88.1,20150417,2016-03-31,
500,1001,ENIL01_TG,CI,C1,X,CO,43261047,1AE0621PSR,0.5,20210622,2022-03-31,
500,1017,MES00783,CI,C1,X,CO,194C,0414DR471F,62.5,20140606,2015-03-31,
500,1019,NST002,CI,C1,X,CO,                ,0418AU050B,97.5,20180703,2019-03-31,
500,1019,36MAS1022,CI,C1,X,CO,"80,871,074",1AA0519DYB,32.5,20190430,2020-03-31,
500,1001,PLMR01,CI,C1,X,CO,150000000,1AF0621FKX,75,20210626,2022-03-31,
500,1001,UPA0024101,CI,C1,X,CO,475590,1AA0520WMB,99.33,20200514,2021-03-31,
500,1001,CP0005H,CI,C1,X,CO,MUMM01693G,0614EI402H,75,20140404,2015-03-31,
500,1001,LORDS105CH,CI,C1,X,CO,291091768,1AE0522FHM,25,20220518,2023-03-31,
500,1005,AGCOSLP01,CP,C1,X,CO,                ,ABC,100,20220401,2023-03-31,
500,1001,IP002,CI,C1,X,CO,ITO TDS OSD 2(1),197/14-15/1,95,20140430,2015-03-31,
500,1005,CWCNSL01,CP,C1,X,CO,                ,1AD0621KHH,85,20210615,2022-03-31,
500,1019,MAS1022,CI,C1,X,CO,"80,871,074",1AA0519DYB,32.5,20190430,2020-03-31,
500,1001,R0164,CI,C1,X,CO,ADIT(IT)-2(1),2010-11/35,100,20100528,2011-03-31,
500,1019,MA3494,CI,C1,X,CO,                ,0218AS737F,48,20180504,2019-03-31,
500,1019,DPLKAR01,CI,C1,X,CO,23230120,1AB1019BLE,70,20191031,2020-03-31,
500,1001,I00344,CI,C1,X,CO,194C,0730P/2010-11/1,50,20100806,2011-03-31,
500,1007,MLDL004098,CI,C1,X,CO,                ,0216AB993B,1,20160115,2016-03-31,
500,1002,PP00094,CI,C1,X,CO,                ,0614EJ339A,50,20140401,2015-03-31,
500,1001,TAJ111SAT,CI,C1,X,CO,60534,1AG0820IGI,50,20201130,2021-03-31,
500,1001,MKTGR107,CI,C1,X,CO,RS.6711540,0215AJ197B,95,20150422,2016-03-31,
500,1003,UPOOS0201,CI,C1,X,CO,                ,0612CC744D,37.5,20120403,2013-03-31,
500,1001,A00783,CI,C1,X,CO,194CQ,0212JQ260A,99.99,20111024,2012-03-31,
500,1007,MLDL10011,CP,C1,X,CO,                ,1AB0721KCO,80,20210712,2022-03-31,
500,1019,DPLWB01,CI,C1,X,CO,23230120,IAB1019BLE,70,20191031,2020-03-31,
500,1009,MLDL002379,CP,C1,X,CO,0316BF124H,0316BF124H,0.5,20161109,2017-03-31,
500,1009,MLDL002379,CI,C1,X,CO,0316BF124H,0316BF124H,0.5,20161109,2017-03-31,
500,1001,UDS001,CI,C1,X,CO,AMT -2188510,1AC0422QQW,50,20220425,2023-03-31,
500,1001,FLIPL02,CI,C1,X,CO,47500000,1AB0521HKA,62.5,20210506,2022-03-31,
500,1021,MA3494,CI,C1,X,CO,                ,1AB0521OMG,50,20210507,2022-03-31,
500,1006,MHTEL51,CI,C1,X,CO,LIMIT RS.6501600,1AA0821ZWA,75,20210810,2022-03-31,
500,1019,LORDS01,CI,C1,X,CO,1089744,1AA0519EXX,65,20190430,2020-03-31,
500,1001,MIAL13,CI,C1,X,CO,6894793,1AA0321UWY,97.5,20210401,2022-03-31,
500,1021,SH0003,CI,C1,X,CO,                ,5,65,20150803,2016-03-31,
500,1001,MAXPUB27,CI,C1,X,CO,20000000,1AB0521OAW,75,20210507,2022-03-31,
500,1001,DLI01,CI,C1,X,CO,12101000,1AA1120BIR,93.34,20201103,2021-03-31,
500,1020,SE0004,CI,C1,X,CO,                ,0217ES783A,1.2,20171120,2018-03-31,
500,1001,09RELBNT01,CI,C1,X,CO,2286724,1AA0821ZBH,40,20210810,2022-03-31,
500,1005,R0164,CI,C1,X,OT,                ,ITBA/COM/F/17/2022-23/104,100,20220411,2023-03-31,
500,1003,UODYL0101,CI,C1,X,CO,                ,0210BQ075A,50,20100401,2011-03-31,
500,1005,Z1006,CI,C1,X,CO,                ,2316AB227E,87.5,20160511,2017-03-31,
500,1005,TLEF01,CI,C1,X,CO,                ,1AD0422T RB,100,20220427,2023-03-31,
500,1001,MPENIL001,CI,C1,X,CO,43261047,1AE0621PSR,0.5,20210622,2022-03-31,
500,1021,FS0263,CI,C1,X,CO,                ,0617BA839F,65,20170817,2018-03-31,
500,1001,6VERMLN,CI,C1,X,CO,10000000,1AG0521ITE,90,20210529,2022-03-31,
500,1006,C132,CI,C1,X,CO,                ,0818AG604J,75,20180525,2019-03-31,
500,1001,G0188,CI,C1,X,  ,21240000.00,1AH0519FKC,33.33,20200401,2020-06-30,
500,1001,MMT019,CI,C1,X,CO,35235875,1AA1022MZA,50,20221013,2023-03-31,
500,1019,19MAS1022,CI,C1,X,CO,"80,871,074",1AA0519DYB,32.5,20190430,2020-03-31,
500,1019,27MAS1022,CI,C1,X,CO,                ,1AA0519DYB,32.5,20190430,2020-03-31,
500,1004,MAS1022B,CI,C1,X,CO,                ,1AE0720JLV,20,20200721,2021-03-31,
500,1001,A079,CI,C1,X,CO,DC/ACIT CIR 1(1),197/PAN/14-15/1,100,20140826,2015-03-31,
500,1005,C122,CP,C1, ,CO,                ,0218EV417C,37.5,20180928,2019-03-31,
500,1006,BMIL0099,CI,C1,X,CO,                ,01,100,20200401,2021-03-31,
500,1019,DPLHR01,CI,C1,X,CO,                ,1AB1019BLE,70,20191031,2020-03-31,
500,1001,DMM0419,CP,C1,X,CO,20000000,1AB0521OAW,75,20210507,2022-03-31,
500,1006,C1161,CI,C1,X,CO,                ,0218EV406F,37.5,20180928,2019-03-31,
500,1001,18RBNL083,CI,C1,X,CO,2286724,1AA0821ZBH,40,20210810,2022-03-31,
500,1001,M00217,CI,C1,X,CO,ADDIT(IT),2010-11/2A,100,20100528,2011-03-31,
500,1006,BVIST0201,CI,C1,X,OT,                ,01,100,20160401,2017-03-31,
500,1001,ASPLD101,CI,C1,X,CO,RS.26771600,0217CY410J,100,20170911,2018-03-31,
500,1007,MLDL002037,CI,C1,X,CO,0515EB436C,0515EB436C,99.5,20150620,2016-03-31,
500,1006,S3488,CI,C1,X,CO,                ,01,100,20170401,2018-03-31,
500,1005,H0793,CI,C1,X,CO,                ,DTAA AS PER MAIL,100,20180401,2019-03-31,
500,1005,VTC0001,CI,C3,X,OT,                ,1,100,20220401,2023-03-31,
500,1005,L1015,CI,C3,X,OT,                ,1,100,20210401,2022-03-31,
500,1006,S3677,CI,C3,X,OT,                ,1,100,20170401,2018-03-31,
500,1007,1100001488,CI,C3,X,OT,U/S 10 OF IT,153/127/02-TPL,100,20090401,2010-03-31,
500,1006,NANDINI01,CI,C3,X,OT,                ,OWN194C(6),100,20190401,2020-03-31,
500,1001,F047,CI,C3,X,OT,ITO TDS WD 1(5),197/AIRPK6913B/,17,20130901,2014-03-31,
500,1001,D00177,CI,C3,X,OT,194C,1212AC639J,100,20120530,2013-03-31,
500,1005,S3677,CI,C3,X,OT,                ,1,100,20180401,2019-03-31,
500,1006,T1767,CP,C4, ,OT,                ,1AA0421IGG,100,20210412,2022-03-31,
500,1001,RT9003,CI,C4,X,OT,75808000,1AA0421IGD,100,20210501,2022-03-31,
500,1001,T1775,CI,C4,X,OT,75808000,1AA0421IGD,100,20210506,2022-03-31,
500,1005,BVIST0201,CI,C4,X,OT,                ,01,100,20160401,2017-03-31,
500,1001,TAJSATS01,CI,C4,X,CO,60534,1AG0820IGI,50,20201130,2021-03-31,
500,1001,EBU11857,CI,C4,X,OT,2019-20/1,1AC0719CQX,40,20190821,2020-03-31,
500,1006,T1767,CI,C4,X,OT,                ,1AA0421IGG,100,20210412,2022-03-31,
500,1006,RT9003,CI,C4,X,OT,                ,1AA0421IGG,100,20210412,2022-03-31,
500,1018,H000004,CI,C4,X,OT,                ,0214ZQ531J,94.2,20141107,2015-03-31,
500,1005,VGBRD0475,CI,C4,X,OT,                ,1,100,20200401,2021-03-31,
500,1003,F0387,CP,C6,X,CO,                ,25,100,20130401,2014-03-31,
500,1019,INM506MN,HP,H1, ,CO,                ,2313AG854A,90,20130430,2014-03-31,
500,1001,CESREI001,HI,H1,X,CO,1450000,1AA0622BWF,70,20220601,2023-03-31,
500,1001,SEFPL02,HI,H1,X,CO,1450000,1AA0622BWF,70,20220601,2023-03-31,
500,1001,EQUIPINFO1,HI,H1,X,CO,0,1AA0719XJN,98.67,20200401,2020-06-30,
500,1019,INM506MN,HI,H1,X,CO,                ,2313AG854A,90,20130430,2014-03-31,
500,1019,NST002,HI,H1, ,CO,                ,0212NP763F,99.9,20130401,2014-03-31,
500,1001,SEFPL01,HI,H1,X,CO,1450000,1AA0622BWF,70,20220601,2023-03-31,
500,1016,S362,HP,H1,X,CO,AACCA4575B,0612CP340H,90,20120702,2013-03-31,
500,1016,S362,HI,H1,X,CO,AACCA4575B,0612CP340H,90,20120702,2013-03-31,
500,1017,0002000533,II,I1,X,CO,                ,0412BT645H,85,20120410,2013-03-31,
500,1006,I1032,II,I1,X,CO,LIMIT RS27388242,1AA1021SAA,75,20211021,2022-03-31,
500,1017,0002000527,II,I1,X,CO,                ,0413CU707C,95,20130531,2014-03-31,
500,1001,FN0120,II,I1,X,CO,                ,27/F-13/ACIT-C1,70,20110401,2012-03-31,
500,1001,MLDL004307,II,I1,X,CO,                ,0217EK213G,100,20170911,2018-03-31,
500,1001,CH054,II,I1,X,CO,194I,0211HU648H,100,20110805,2012-03-31,
500,1017,0002000078,II,I2,X,CO,                ,0210BC526G,70,20100429,2011-03-31,
500,1015,0002000078,II,I2,X,CO,AABCR8889C,0210BB8231,70,20100428,2011-03-31,
500,1001,K270,II,I4,X,OT,IDS 49(2) (B&F),197/12-13/2,99.9,20120727,2013-03-31,
500,1001,P00351,II,I4,X,CO,MUMM01693G,0613DM4531,80,20130417,2014-03-31,
500,1001,FF0044,II,I4,X,OT,                ,0213SJ455D,100,20130723,2014-03-31,
500,1001,A795,II,I4,X,OT,                ,0311BC495E,100,20110609,2012-03-31,
500,1001,T00556,II,I4,X,OT,                ,0218CZ655I,90,20180619,2019-03-31,
500,1001,STRCH011,II,I4,X,OT,                ,3412AD033E,99.99,20120523,2013-03-31,
500,1001,MR00102,II,I5,X,CO,DCIT(TDS)3(2)MUM,0210BC5251,70,20100429,2011-01-31,
500,1001,MIAL12,8I,IA, ,CO,AMT 15722,1AE0422MQJ,99.3,20220429,2023-03-31,
500,1001,CHESH134,8I,IA,X,CO,                ,34/ACIT/C-18(2),50,20120423,2013-03-31,
500,1016,T464,JP,J1,X,CO,AABCT0716G,0214VU985C,85.4,20140527,2015-03-31,
500,1007,1100000603,JI,J1,X,CO,0311AT8581,0311AT8581,99.9,20110701,2012-03-31,
500,1001,AIL0004,JI,J1,X,CO,300000,1AD0521VKE,100,20210520,2022-03-31,
500,1001,T00124,JI,J1,X,CO,                ,1AA0619VVN,50,20190610,2020-03-31,
500,1001,DSA63573,JI,J1,X,CO,17700000,1AC0521WVD,80,20210515,2022-03-31,
500,1007,MFVF004,JP,J1,X,CO,                ,1AB0820UCF,83.33,20200811,2021-03-31,
500,1009,MFVMAR16,JP,J1,X,CO,                ,0314FQ107C,70,20140618,2015-03-31,
500,1001,GS9466,JI,J1,X,CO,23149200,1AD0722HHT,95,20220726,2023-03-31,
500,1007,MLDL00353,JI,J1,X,CO,                ,1AE0621AXG,35,20210617,2022-03-31,
500,1019,MAS9905,JI,J1,X,CO,1139000,1AC0719GGS,64,20190729,2020-03-31,
500,1001,S7119,JI,J1,X,CO,                ,0214WR472C,100,20140331,2014-03-31,
500,1001,32MKTG1820,JI,J1,X,CO,                ,1AE0519VZR,73.33,20200401,2020-06-30,
500,1018,MDK011,JI,J1,X,CO,                ,AAAFK1415H,100,20111115,2012-03-31,
500,1001,29MKTG1820,JI,J1,X,CO,                ,1AE0519VZR,73.33,20200401,2020-06-30,
500,1012,MLDL007150,JI,J1,X,CO,                ,0318AH382B,95,20180516,2019-03-31,
500,1001,M1478,JI,J1,X,CO,                ,0216FN664F,60,20160929,2017-03-31,
500,1001,A1820,JI,J1, ,CO,300000,1AB0520QYD,73.33,20200901,2021-03-31,
500,1001,DSA63555,JI,J1,X,CO,AABCG3636Q,1AB0520QYE,73.33,20200601,2021-03-31,
500,1001,RSI001,JI,J1,X,CO,197(1)_206C/1,1AE0519QMT,50,20190528,2020-03-31,
500,1001,I6816,JI,J1,X,CO,                ,1AA0419PBS,99,20190422,2020-03-31,
500,1001,MH083,JI,J1,X,CO,                ,1AD0720ZUW,86.66,20200717,2020-09-30,
500,1018,MLDL001781,JI,J1,X,CO,                ,0312CK877D,99.8,20120501,2013-03-31,
500,1001,MA0149,JP,J1,X,CO,24390000,1AF0622DPV,99,20220628,2023-03-31,
500,1001,FSM2101G,JI,J1,X,CO,                ,11,90,20110829,2012-03-31,
500,1001,DSA63575,JI,J1,X,CO,AABCG3636Q,1AB0520QYE,73.33,20200601,2021-03-31,
500,1001,TRIPL001,JI,J1,X,CO,                ,0217DC220B,80.5,20171024,2018-03-31,
500,1001,9MKTGA1820,JI,J1,X,CO,                ,1AE0519VZR,73.33,20200401,2020-06-30,
500,1007,1730000116,JI,J1,X,CO,PROFEES & TECH,0210BR150A,55,20100511,2011-03-31,
500,1001,MT0003,JI,J1,X,CO,3000000,1AD0422JYA,50,20220426,2023-03-31,
500,1001,3MKTGA1820,JI,J1,X,CO,                ,1AE0519VZR,73.33,20200401,2020-06-30,
500,1001,TCLG16,JI,J1, ,CO,25728266,1AC0821KJP,34,20210813,2022-03-31,
500,1001,D647,JI,J1,X,CO,CIR 1 (1),0211HW013C,71.6,20110804,2012-03-31,
500,1001,KH3348,JI,J1,X,CO,1000000,1AC0521FFY,95.5,20210511,2022-03-31,
500,1001,S01691,JI,J1,X,CO,194J,0214WO566E,50,20140602,2015-03-31,
500,1001,M00549,JI,J1,X,CO,194J,197/AAFCM1460J1,90,20100603,2011-03-31,
500,1001,CIS002,JI,J1,X,CO,TDS CERCLE 1(1),0215DE762A,100,20150609,2016-03-31,
500,1018,NM0023,JI,J1, ,CO,                ,0312CA464A,99.9,20111228,2012-03-31,
500,1001,VMSU016,JI,J1,X,CO,4479275,1AF0521CYA,90,20210525,2022-03-31,
500,1001,MKTGA1820,JI,J1,X,CO,                ,1AE0519VZR,73.33,20200401,2020-06-30,
500,1001,MAS1053,JI,J1,X,CO,DC ACIT 2(1),021RY4901,94.8,20130613,2014-03-31,
500,1001,VIMSA15,JI,J1,X,CO,4479275,1AF0521CYA,90,20210525,2022-03-31,
500,1001,WBA1820,JI,J1,X,CO,                ,1AB0520QYC,73.33,20200629,2021-03-31,
500,1001,MPA1820,JI,J1,X,CO,                ,1AB0520QYC,73.33,20200629,2021-03-31,
500,1001,A7100,JI,J1,X,CO,24390000,1AF0622DPV,99,20220628,2023-03-31,
500,1001,I321,JI,J1,X,CO,CCIT/IND/TECH,U/S 10(23C)92,100,20110401,2012-03-31,
500,1001,VIMSK15,JI,J1,X,CO,4479275,1AF0521CYA,90,20210525,2022-03-31,
500,1001,VIMSU15,JI,J1,X,CO,4479275,1AF0521CYA,90,20210525,2022-03-31,
500,1001,30MKTG1820,JI,J1,X,CO,                ,1AE0519VZR,73.33,20200401,2020-06-30,
500,1001,DSA63559,JI,J1,X,CO,                ,0417AI573E,92.5,20170505,2018-03-31,
500,1001,TCLS15,JI,J1, ,CO,25728266,1AC0821KJP,34,20210813,2022-03-31,
500,1001,FE9750,JI,J1,X,CO,5 CRORE,1AI0519GIH,85,20190725,2020-03-31,
500,1001,V196A,JI,J1,X,CO,4479275,1AF0521CYA,90,20210525,2022-03-31,
500,1020,CO5115,JI,J1,X,CO,                ,0215DD649A,41.7,20150609,2016-03-31,
500,1001,DSA63048,JI,J1,X,CO,AABCG3636Q,1AB0520QYE,73.33,20200601,2021-03-31,
500,1001,MLDL003572,JI,J1,X,CO,4479275,1AF0521CYA,90,20210525,2022-03-31,
500,1005,S362,JI,J1,X,CO,                ,0612CP339J,90,20120702,2013-03-31,
500,1001,R6243,JI,J1,X,CO,                ,1AA0419HTJ,95,20190412,2020-06-30,
500,1001,I00171,JI,J1,X,CO,194J,0210BI159A,59.1,20100505,2011-03-31,
500,1001,E00198,JI,J1,X,CO,157(3) KOL,0812EH127B,95,20121222,2013-03-31,
500,1001,FEPL001,JI,J1,X,CO,5  CRORE,1AI0519GIH,85,20190725,2020-03-31,
500,1001,PNA1820,JI,J1,X,CO,17700000,1AC0521WVD,80,20210515,2022-03-31,
500,1001,E065,JI,J1,X,CO,157(3)KOL,0812EH127B,95,20121222,2013-03-31,
500,1001,AIL0002,JI,J1,X,CO,300000,1AD0521VKE,100,20210520,2022-03-31,
500,1001,VMSM15,JI,J1,X,CO,4479275,1AF0521CYA,90,20210525,2022-03-31,
500,1001,VMSK15,JI,J1,X,CO,4479275,1AF0521CYA,90,20210525,2022-03-31,
500,1001,Q00015,JP,J1,X,CO,                ,0215DI254E,72,20150610,2016-03-31,
500,1001,TCLMN16,JI,J1, ,CO,25728266,1AC0821KJP,34,20210813,2022-03-31,
500,1019,INH504MN,JI,J1,X,CO,                ,1113BT4281,70,20130409,2014-03-31,
500,1007,MLDL002379,JI,J1,X,CO,                ,0315HF675,95,20150817,2016-03-31,
500,1001,DSA63565,JI,J1,X,CO,AABCG3636Q,1AB0520QYE,73.33,20200601,2021-03-31,
500,1001,KNA1820,JI,J1,X,CO,                ,1AB0520QYC,73.33,20200629,2021-03-31,
500,1001,AVLINDIA01,JI,J1,X,CO,                ,0118CR900G,90,20180913,2019-03-31,
500,1017,MES00954,JI,J1,X,CO,194J,0414DO310L,86,20140430,2015-03-31,
500,1001,A0494,JI,J1,X,CO,                ,0417AI575J,92.5,20170505,2018-03-31,
500,1001,SCM002,JI,J1,X,CO,197(1) 2(2),197/AAOCS7276F/2,80,20171005,2018-03-31,
500,1001,HB011,JI,J1,X,OT,                ,0216DP678H,88.4,20160801,2017-03-31,
500,1012,MAS9905,JI,J1,X,CO,                ,1AC0719GHQ,52,20190401,2020-06-30,
500,1001,EQUIPINFO1,JI,J1,X,CO,65324608,1AA0819TUH,98.66,20200625,2021-03-31,
500,1001,KOMAT11,JI,J1,X,CO,                ,0315HJ831A,95,20150629,2016-03-31,
500,1001,22MKTG1820,JI,J1,X,CO,                ,1AE0519VZR,73.33,20200401,2020-06-30,
500,1007,V100000090,JP,J1,X,CO,                ,1AA1119OMS,98,20210430,2022-03-31,
500,1007,MLDL008600,JI,J1,X,CO,0115LD785F,0115LD785F,60,20150617,2016-03-31,
500,1001,DSA63566,JI,J1,X,CO,AABCG3636Q,1AB0520QYE,73.33,20200601,2021-03-31,
500,1001,DTT001,JI,J1,X,CO,DC ACIT (1),197/12-13/26,93.2,20120907,2013-03-31,
500,1001,BRT001,JI,J1,X,OT,                ,2315AL078B,55,20150605,2016-03-31,
500,1001,TUVHYD17,JI,J1,X,CO,3000000,1AD0422JYA,50,20220426,2023-03-31,
500,1001,UIPL170417,JI,J1,X,CO,                ,0117BR786B,99.5,20170509,2018-03-31,
500,1001,MFVE002,JI,J1,X,CO,AAACE8476D,1AB0519JPJ,45,20190506,2020-03-31,
500,1019,A00077,JI,J1,X,CO,                ,0313ED620J,60,20130531,2014-03-31,
500,1001,MERAKI27,JI,J1,X,CO,5000000,1AB0722QPH,45,20220720,2023-03-31,
500,1001,W00058,JI,J1,X,CO,194J,496/10.9.10,99.6,20090910,2010-03-31,
500,1001,IES100,JI,J1,X,CO,                ,1AA0819GXS,20,20190805,2020-06-30,
500,1001,A5010,JI,J1,X,CO,                ,0215DP721F,98.6,20150622,2016-03-31,
500,1001,BRISMUMB,JI,J1,X,CO,197/2013-14/1,0213TB062D,71.6,20130828,2014-03-31,
500,1003,MDK011,JI,J1,X,CO,                ,US 197,84.2,20120401,2013-03-31,
500,1007,MLDL004182,JI,J1,X,CO,                ,197_206C(9)/(I)AAACE8333R,52.5,20210616,2022-03-31,
500,1001,T00370,JI,J1,X,CO,194J,0315GJ731E,99.2,20150427,2016-03-31,
500,1001,M1505,JI,J1,X,CO,                ,0216EQ844C,40,20160818,2017-03-31,
500,1001,CIPLMH015,JI,J1,X,CO,1262000,1AE0720GWI,86.67,20210101,2021-12-31,
500,1015,MAS9905,JI,J1,X,CO,AAGCM9780N,0213TQ752E,49,20130716,2014-03-31,
500,1001,VIMSG15,JI,J1,X,CO,4479275,1AF0521CYA,90,20210525,2022-03-31,
500,1001,VIMSO15,JI,J1,X,CO,4479275,1AF0521CYA,90,20210525,2022-03-31,
500,1001,KAS1001,JI,J1,X,CO,                ,0217BX885F,99.9,20170503,2018-03-31,
500,1019,A00077,JP,J1, ,CO,                ,0313ED620J,60,20130531,2014-03-31,
500,1001,I00343,JI,J1,X,CO,28226825,1AI0522MYC,50,20220530,2023-03-31,
500,1001,8MKTGA1820,JI,J1,X,CO,                ,1AE0519VZR,73.33,20200401,2020-06-30,
500,1001,DSA63560,JI,J1,X,CO,17700000,1AC0521WVD,80,20210515,2022-03-31,
500,1016,T464,JI,J1,X,CO,AABCT0716G,0214VU985C,85.4,20140527,2015-03-31,
500,1001,MKTGA797,JI,J1, ,CO,RS.2850000,0115MJ136D/419,70,20150930,2016-03-31,
500,1001,1MKTGA1820,JI,J1,X,CO,                ,1AE0519VZR,73.33,20200401,2020-06-30,
500,1001,PE00016,JI,J1,X,CO,157(3) KOL,081CD100H,85,20110606,2012-03-31,
500,1001,A797,JI,J1,X,CO,                ,318,70,20140520,2015-03-31,
500,1001,10MKTG1820,JI,J1,X,CO,                ,1AE0519VZR,73.33,20200401,2020-06-30,
500,1001,DI061MNX,JP,J1, ,CO,                ,0610AA957H,70,20100405,2011-03-31,
500,1001,36MKTG1820,JI,J1,X,CO,                ,1AE0519VZR,73.33,20200401,2020-06-30,
500,1001,TC0015,JI,J1,X,CO,197/AAACT3478J,0114JN159H,60,20140630,2015-03-31,
500,1001,T00536,JI,J1,X,CO,12500000,0216GA154I,100,20161108,2017-03-31,
500,1001,AI0016,JI,J1,X,CO,CIRCLE 16(1),0416AE675B,99.9,20160429,2017-03-31,
500,1001,SA0901A,JI,J1,X,CO,                ,00118CR904I,90,20180913,2019-03-31,
500,1003,BRISMUMB,JI,J1,X,CO,                ,197/AAACM5186E,71.6,20130828,2014-03-31,
500,1001,DSA63567,JI,J1,X,CO,17700000,1AC0521WVD,80,20210515,2022-03-31,
500,1001,BCI001,JI,J1,X,CO,                ,02316AB326E,90,20160511,2017-03-31,
500,1001,UPA1820,JI,J1,X,CO,                ,1AB0520QYC,73.33,20200629,2021-03-31,
500,1009,MFVMAR16,JI,J1,X,CO,                ,0314FQ107C,70,20140618,2015-03-31,
500,1001,DSA63568,JI,J1,X,CO,17700000,1AC0521WVD,80,20210515,2022-03-31,
500,1001,TCLJ15,JI,J1, ,CO,25728266,1AC0821KJP,34,20210813,2022-03-31,
500,1019,USUNT0101,JI,J1,X,CO,                ,0612CP337D,90,20120702,2013-03-31,
500,1001,SRM105CH,JI,J1,X,CO,10169,1AE0621QMR,100,20210622,2022-03-31,
500,1009,MLDL005510,JI,J1,X,CO,                ,1AB0719MWX,25,20190718,2020-03-31,
500,1001,TEA1820,JI,J1,X,CO,                ,1AB0520QYC,73.33,20200605,2021-03-31,
500,1008,MLDL001781,JI,J1,X,CO,                ,0315HF629C,9.5,20150817,2016-03-31,
500,1019,T0022H,JI,J1,X,CO,                ,0613DQ524C,70,20131206,2014-03-31,
500,1001,20MKTG1820,JI,J1,X,CO,                ,1AE0519VZR,73.33,20200401,2020-06-30,
500,1007,MLDL00353,JP,J1,X,CO,                ,1AE0621AXG,35,20210617,2022-03-31,
500,1001,24MKTG1820,JI,J1,X,CO,17700000,1AC0521WVD,80,20210515,2022-03-31,
500,1001,M00531,JI,J1,X,CO,                ,0216EQ844C,40,20160818,2017-03-31,
500,1001,23MKTG1820,JI,J1,X,CO,                ,1AE0519VZR,73.33,20200401,2020-06-30,
500,1001,G0723,JI,J1,X,CO,5950178,1AB0521FDN,20,20210515,2022-03-31,
500,1001,DHA1820,JI,J1,X,CO,                ,1AE0519VZT,80,20190530,2020-03-31,
500,1001,I0202,JI,J1,X,CO,TDS WD 2(1),0211FM888,76.5,20110401,2012-03-31,
500,1001,DSA63563,JI,J1,X,CO,AABCG3636Q,1AB0520QYE,73.33,20200601,2021-03-31,
500,1001,DSA63569,JI,J1,X,CO,17700000,1AC0521WVD,80,20210515,2022-03-31,
500,1001,TCLH16,JI,J1, ,CO,25728266,1AC0821KJP,34,20210813,2022-03-31,
500,1019,SO001,JI,J1,X,CO,                ,476,75,20130725,2014-03-31,
500,1001,DSA63557,JI,J1,X,CO,                ,0417AI573E,92.5,20170505,2018-03-31,
500,1017,E065,JI,J1,X,CO,                ,0811DB994C,95,20111207,2012-03-31,
500,1001,E00131,JP,J1,X,CO,194J,0410AM893C,98,20100921,2011-03-31,
500,1003,BMECF0101,JI,J1,X,CO,                ,0211FD427H,82.8,20110506,2012-03-31,
500,1020,CT0012A,JP,J1,X,CO,                ,0214UQ402E,73,20140421,2015-03-31,
500,1001,F01771B,JI,J1,X,CO,AMT 5000000,1AA0422TJA,65,20220412,2023-03-31,
500,1007,MFVF004,JI,J1,X,CO,                ,1AB0820UCF,86.67,20200811,2021-03-31,
500,1001,21MKTG1820,JI,J1,X,CO,                ,1AE0519VZR,73.33,20200401,2020-06-30,
500,1001,MES00415,JI,J1,X,CO,194-J,0311AW5501,70,20110524,2012-03-31,
500,1001,DSA63572,JI,J1,X,CO,17700000,1AC0521WVD,80,20210515,2022-03-31,
500,1001,5MKTGA1820,JI,J1,X,CO,                ,1AE0519VZR,73.33,20200401,2020-06-30,
500,1001,APA1820,JI,J1,X,CO,                ,1AB0520QYC,73.33,20200629,2021-03-31,
500,1001,I00171,JP,J1, ,CO,194J,0210BI159A,59.1,20100505,2011-03-31,
500,1001,TCLM16,JI,J1, ,CO,25728266,1AC0821KJP,34,20210813,2022-03-31,
500,1001,O0020P,JI,J1,X,CO,                ,2718AA281C,50,20180711,2019-03-31,
500,1001,I8010,JI,J1,X,CO,28226825,1AI0522MYC,50,20220530,2023-03-31,
500,1001,G00419,JI,J1,X,CO,23149200,1AD0722HHT,95,20220726,2023-03-31,
500,1002,MAS9905,JI,J1,X,CO,197/AAGCM9780N/3,197,49,20131107,2014-03-31,
500,1001,GJA1820,JI,J1,X,CO,                ,1AB0520QYC,73.33,20200629,2021-03-31,
500,1017,MES00841,JI,J1,X,CO,                ,0514DE825F,80,20140429,2015-03-31,
500,1001,TCLNG16,JI,J1, ,CO,25728266,1AC0821KJP,34,20210813,2022-03-31,
500,1001,M9018,JI,J1,X,CO,ITO TDS-1 THANE,0616BB912J,50,20160513,2017-03-31,
500,1001,M5937,JI,J1,X,CO,                ,2313AG8121,90,20130508,2014-03-31,
500,1001,PSS1022,JI,J1,X,CO,12000000,1AA0921CKN,65.5,20210901,2022-03-31,
500,1001,DSA63711,JI,J1,X,CO,17700000,1AC0521WVD,80,20210515,2022-03-31,
500,1001,M0037H,JP,J1, ,CO,                ,0412BU259G,75,20120423,2013-03-31,
500,1001,MDT018,JI,J1,X,CO,3000000,1AD0422JYA,50,20220426,2023-03-31,
500,1001,RJA1820,JI,J1,X,CO,                ,1AB0520QYC,73.33,20200629,2021-03-31,
500,1001,M00115,JI,J1,X,CO,DC/ACIT TDS 2(1),0212LK167J,94.9,20120418,2013-03-31,
500,1001,VMSO15,JI,J1,X,CO,4479275,1AF0521CYA,90,20210525,2022-03-31,
500,1001,C00351B,JI,J1,X,CO,1140000,0517AD595C,90,20170711,2018-03-31,
500,1001,W0001P,JI,J1,X,CO,508622,1AG0820IZT,60,20200902,2021-03-31,
500,1001,19MKTG1820,JI,J1,X,CO,500000,1AC0521WVF,80,20210515,2022-03-31,
500,1001,NEA1820,JI,J1,X,CO,                ,1AB0520QYC,73.33,20200629,2021-03-31,
500,1001,TLSPL1220,JI,J1,X,CO,1500000,1AA0521AGF,85,20210503,2022-03-31,
500,1001,DSA63570,JI,J1,X,CO,                ,0417AI573E,92.5,20170505,2018-03-31,
500,1001,UTA1820,JI,J1,X,CO,                ,1AB0520QYC,73.33,20200629,2021-03-31,
500,1019,MAS1036,JI,J1,X,CO,                ,0213TB065G,71.6,20130828,2014-03-31,
500,1001,DI061MNX,JI,J1, ,CO,                ,0610AA957H,70,20100405,2011-03-31,
500,1001,E00118,JI,J1,X,CO,157(3) KOL,0812EH127B,95,20121222,2013-03-31,
500,1001,MRVS020,JI,J1,X,CO,                ,0214WR472C,100,20140606,2015-03-31,
500,1001,E00004,JI,J1,X,CO,TDS 16 (1),68/F-13,70,20120917,2013-03-31,
500,1001,ICTPL123,JI,J1,X,CO,                ,0116DB747E,75,20161028,2017-03-31,
500,1001,MAS0163,JI,J1,X,CO,UPTO RS.75000000,0418AQ535F,99.5,20180621,2019-03-31,
500,1001,6MKTGA1820,JI,J1,X,CO,                ,1AE0519VZR,73.33,20200401,2020-06-30,
500,1001,MMA1820,JI,J1,X,CO,                ,1AB0520QYA,73.33,20200520,2021-03-31,
500,1001,33MKTG1820,JI,J1,X,CO,                ,1AE0519VZR,73.33,20200401,2020-06-30,
500,1007,MLDL006241,JP,J1,X,CO,                ,0215EP402A,55,20151015,2016-03-31,
500,1007,V100000090,JI,J1,X,CO,                ,1AA1119OMS,98,20210430,2022-03-31,
500,1001,I9038,JI,J1,X,CO,2(1)MUMBAI(NEW),0210BE353D,99.95,20101018,2011-03-31,
500,1001,AK0001,JI,J1,X,CO,RS. 21 LACS,1AG0519ESD,70,20190821,2020-03-31,
500,1009,MLDL005510,JP,J1,X,CO,                ,1AB0719MWX,25,20190718,2020-03-31,
500,1001,E00131,JI,J1,X,CO,194J,0410AM893C,98,20100921,2011-03-31,
500,1001,TNA1820,JI,J1,X,CO,17700000,1AC0521WVD,80,20210515,2022-03-31,
500,1001,H0712,JI,J1,X,CO,OSD TDS 1(2),0211HP857J,78.3,20110727,2012-03-31,
500,1001,VISU016,JI,J1,X,CO,4479275,1AF0521CYA,90,20210525,2022-03-31,
500,1001,CANJ0019,JI,J1,X,OT,ITO HQ,MUM CC HQ 01-02,100,20100401,2011-03-31,
500,1012,MFVMAR16,JI,J1,X,CO,0313DV049F,0313DV049F,70,20140618,2015-03-31,
500,1001,VI03572,JI,J1,X,CO,4479275,1AF0521CYA,90,20210525,2022-03-31,
500,1001,18MKTG1820,JI,J1,X,CO,                ,1AE0519VZR,73.33,20200401,2020-06-30,
500,1001,HRA1820,JI,J1,X,CO,                ,1AB0520QYC,73.33,20200629,2021-03-31,
500,1001,MHA1820,JI,J1,X,CO,17700000,1AC0521WVD,80,20210515,2022-03-31,
500,1001,GIR100SOF,JI,J1,X,CO,                ,1AA0719OUH,90,20200401,2020-06-30,
500,1001,37MKTG1820,JI,J1,X,CO,                ,1AE0519VZR,73.33,20200401,2020-06-30,
500,1001,DSA63561,JI,J1,X,CO,AABCG3636Q,1AB0520QYE,73.33,20200601,2021-03-31,
500,1001,D00376,JI,J1,X,CO,194J,0611BO928,75,20111124,2012-03-31,
500,1001,L00169,JI,J1,X,CO,DC/ACIT CIR1(1),197/13-14/3,71.1,20130821,2014-03-31,
500,1017,MAS9905,JI,J1,X,CO,AAGCM9780N,0213TQ748C,49,20130716,2014-03-13,
500,1001,TCLTR16,JI,J1, ,CO,25728266,1AC0821KJP,34,20210813,2022-03-31,
500,1001,T133H,JI,J1,X,CO,51 (5),0110AM234J/246,58,20100518,2011-03-31,
500,1020,CT0012A,JI,J1,X,CO,                ,0214UQ402E,73,20140421,2015-03-31,
500,1001,AIL0004,JP,J1,X,CO,300000,1AD0521VKE,100,20210520,2022-03-31,
500,1001,TCLMR16,JI,J1, ,CO,25728266,1AC0821KJP,34,20210813,2022-03-31,
500,1001,BSHAS0201,JI,J1,X,CO,DCIT(TDS)-3(2),AAICS5500L/5,51,20110401,2012-03-31,
500,1001,M0037H,JI,J1,X,CO,                ,0412BU259G,75,20120423,2013-03-31,
500,1009,MLDL004715,JI,J1,X,CO,                ,0318AH445G,9.5,20180516,2019-03-31,
500,1001,DSA63556,JI,J1,X,CO,AABCG3636Q,1AB0520QYC,73.33,20200629,2021-03-31,
500,1007,INH504MN,JI,J1,X,CO,                ,117AK7541,90,20170529,2018-03-31,
500,1007,MAS1071,JI,J1,X,CO,                ,1AA0820KEA,90,20200804,2021-03-31,
500,1007,MLDL001889,JI,J1,X,CO,                ,AACCG3009Q,68.6,20210716,2022-03-31,
500,1001,PLMR01,JI,J1,X,CO,                ,0418AQ534I,95,20180621,2019-03-31,
500,1001,W5093,JI,J1,X,CO,2000000,1AB0920DNM,93.33,20200914,2021-03-31,
500,1001,SATIN105CH,JI,J1,X,CO,                ,1AA0419GQL,80,20190411,2020-03-31,
500,1007,MLDL006241,JI,J1,X,CO,                ,0215EP402A,55,20151015,2016-03-31,
500,1001,VMSG15,JI,J1,X,CO,4479275,1AF0521CYA,90,20210525,2022-03-31,
500,1001,MN019,JI,J1,X,CO,                ,0616BF141B,80,20160725,2017-03-31,
500,1001,BHA1820,JI,J1,X,CO,                ,1AE0519VZT,80,20190530,2020-03-31,
500,1007,MLDL004182,JP,J1,X,CO,                ,197_206C(9)/(I)AAACE8333R,52.5,20210616,2022-03-31,
500,1001,F01771M,JI,J1,X,CO,AMT 5000000,1AA0422TJA,65,20220412,2023-03-31,
500,1001,OET022,JI,J1,X,CO,51 (5),0110AM234J/246,58,20100518,2011-03-31,
500,1001,G0188,JI,J1,X,  ,                ,0117AO721O,80,20180504,2019-03-31,
500,1001,VLP015,JI,J1,X,CO,17000000,1AC0821CTR,80.6,20210811,2022-03-31,
500,1001,DSA63558,JI,J1,X,CO,                ,1AB0520QYE,73.33,20200601,2021-03-31,
500,1001,UI0015,JI,J1,X,CO,                ,0616BE690I,100,20160518,2017-03-31,
500,1001,ODA1820,JI,J1,X,CO,                ,1AB0520QYC,73.33,20200629,2021-03-31,
500,1001,4MKTGA1820,JI,J1,X,CO,                ,0418AH473I,90,20180508,2019-03-31,
500,1001,CGA1820,JI,J1,X,CO,                ,1AB0520QYC,73.33,20200629,2021-03-31,
500,1001,CP121,JI,J1,X,CO,                ,0615FV369D,80,20150415,2016-03-31,
500,1001,MLDL006195,JI,J1, ,CO,                ,0217AN422J,94.3,20170411,2018-03-31,
500,1001,HH001,JI,J1,X,CO," 75,00,000.00",1AD0820MZQ,90,20200817,2021-03-31,
500,1001,7MKTGA1820,JI,J1,X,CO,                ,1AE0519VZR,73.33,20200401,2020-06-30,
500,1007,MLDL006195,JI,J1,X,CO,0215FC133C,0215FC133C,93.8,20151203,2017-03-31,
500,1001,CP0005H,JI,J1,X,CO,MUMM01693G,0614EI111E,87.5,20140404,2015-03-31,
500,1007,MLDL002721,JI,J1,X,CO,                ,0314GD253F,95,20140618,2015-03-31,
500,1007,BRISMUMB,JI,J1,X,CO,                ,0213TB081D,71.6,20130828,2014-03-31,
500,1001,JHA1820,JI,J1,X,CO,                ,1AB0520QYC,73.33,20200629,2021-03-31,
500,1001,FH0008,JI,J1,X,CO,194J,AABCH213OG/13-1,70,20130403,2014-03-31,
500,1001,UES001,JI,J1,X,CO,DCIT(TDS)-3(1),0215ET566I,84.6,20151110,2016-03-31,
500,1001,K143,JI,J1,X,CO,                ,0616AB242D,95,20150806,2016-03-31,
500,1019,CO51151,JI,J1,X,CO,197/195,0218CZ629D,60,20180621,2019-03-31,
500,1001,DSA63564,JI,J1,X,CO,AABCG3636Q,1AB0520QYE,73.33,20200601,2021-03-31,
500,1001,TCLJK15,JI,J1, ,CO,25728266,1AC0821KJP,34,20210813,2022-03-31,
500,1001,MA0010,JI,J1,X,CO,                ,0214UM311B,97.6,20140401,2015-03-31,
500,1001,MA0149,JI,J1,X,CO,24390000,1AF0622DPV,99,20220628,2023-03-31,
500,1001,R00600,JI,J1,X,CO,                ,0410AK835F,90,20100819,2011-03-31,
500,1001,Q00015,JI,J1,X,CO,                ,0215DI254E,72,20150610,2016-03-31,
500,1001,DSA63571,JI,J1,X,CO,                ,0417AI573E,92.5,20170505,2018-03-31,
500,1001,WM001,JI,J3,X,OT,TDS 159(I),0814GD189B,69,20140715,2015-03-31,
500,1001,B478,JI,J3,X,OT,                ,0217EV514G,100,20171219,2018-03-31,
500,1019,A00582,JI,J3,X,OT,                ,GOVT,100,20000401,2099-03-31,
500,1001,HH008,JI,J3,X,OT,                ,0215CH068C,99,20170522,2018-03-31,
500,1001,B452,JI,J3,X,OT,RS. 15 LACS,1AC0719FVE,100,20190821,2020-03-31,
500,1005,D0623,JI,J3,X,OT,                ,197/AABFD7919A/17-18/6,72.5,20170902,2018-03-31,
500,1001,HS057,JI,J3,X,OT,                ,0217ER277E,79.7,20171017,2018-03-31,
500,1009,1730000259,JI,J3,X,OT,                ,0313ES761G,60,20130908,2014-03-31,
500,1001,DVKEL105CH,JI,J3,X,OT,                ,1AC0719GFK,64,20190729,2020-03-31,
500,1001,MKTGT402,JI,J3,X,OT,                ,0815HA869J,90,20150924,2016-03-31,
500,1007,1730000096,JI,J3,X,OT,194J,197/AADFR5434L/,58.7,20100611,2011-03-31,
500,1001,B5420,JI,J3,X,OT,                ,0216DP678H,88.4,20160801,2017-03-31,
500,1001,FSS2085I,JI,J3,X,OT,                ,2017AB019F,65,20170530,2018-03-31,
500,1004,DELOPUNE,JI,J3,X,OT,                ,1AB0720VSU,13.34,20200708,2021-03-31,
500,1001,ARC005,JI,J3,X,OT,"RS. 3,00,000/-",1AC0619VII,60,20190711,2020-03-31,
500,1001,T402,JI,J3,X,OT,                ,0814FR141A,100,20140527,2015-03-31,
500,1001,MD0698,JI,J3,X,OT,RS. 5 LACS,1AA0519AOX,100,20190821,2020-03-31,
500,1001,H5263,JI,J3,X,OT,                ,1AB0619RVK,100,20190612,2020-03-31,
500,1001,SIMSH105CH,JI,J3,X,OT,10169,1AE0621QMR,100,20210622,2022-03-31,
500,1001,SRMIST105C,JI,J3,X,OT,10169,1AE0621QMR,100,20210622,2022-03-31,
500,1019,A00010,JI,J3, ,OT,                ,GOVT,100,20000401,2099-03-31,
500,1001,ME0007,JI,J3,X,OT,                ,0511BF005I,100,20110526,2012-03-31,
500,1001,CCS001,JI,J3,X,OT,II (5) CN T,0312DC822E,100,20120401,2013-03-31,
500,1001,J171,JI,J3,X,OT,ITO HQ,MUM CC HQ 01-02,100,20100401,2010-04-01,
500,1001,P00044,JI,J3,X,OT,15230768,1AD0522DSJ,100,20220513,2023-03-31,
500,1009,MLDL002120,JI,J3,X,OT,                ,1219AA028H,50,20190129,2019-03-31,
500,1007,MDK011,JI,J3,X,OT,1AG0720FZU,1AG0720FZU,46.67,20200729,2021-03-31,
500,1016,A164,JP,J3,X,OT,AAATA1724F,197/2010-11/1,80,20100921,2011-03-31,
500,1001,W002,JI,J3,X,OT,ITO TDS 2(5)NEW,AAAPW0644A/1,55.9,20130620,2014-03-31,
500,1019,MI008,JI,J3,X,OT,                ,10(21),100,20110401,2012-03-31,
500,1001,Q5041A,JI,J3,X,OT,WARD 15(1)HYDER,15(1)/0510AC24,100,20100520,2011-03-31,
500,1001,S1773,JI,J3,X,OT,"SEC 17, CL 2(VI)",2008-09/937,100,20090212,9999-03-31,
500,1001,B5426,JI,J3,X,OT,                ,0614ET077G,100,20140924,2015-03-31,
500,1002,MFVD010,JI,J3,X,OT,                ,0212NI7171,74.6,20120907,2014-03-31,
500,1001,B387,JI,J3,X,OT,                ,0615FQ976A,95,20150505,2016-03-31,
500,1001,MP0009,JI,J3,X,OT,15230768,1AD0522DSJ,100,20220513,2023-03-31,
500,1001,I0010H,JI,J3,X,OT,                ,05/DDIT(E)05-06,100,20050401,2006-03-31,
500,1001,BTLH001,JI,J3,X,OT,                ,0613DK427E,97.5,20130724,2014-03-31,
500,1009,FSS2085I,JI,J3,X,OT,                ,2011AE508E 1918,6.5,20120301,2012-03-31,
500,1019,A00010,JP,J3, ,OT,                ,GOVT,100,20000401,2099-03-31,
500,1001,EY001,JP,J3, ,OT,24200000,1AB0820WHF,5.2,20201026,2021-03-31,
500,1001,EY001,JI,J3,X,OT,24200000,1AB0820WHF,5.2,20201026,2021-03-31,
500,1002,PD00103,JI,J3,X,OT,                ,0212N17171,74.6,20120907,2014-03-31,
500,1001,M5711,JI,J3,X,OT,                ,0212JY988I,100,20120412,2013-03-31,
500,1019,MM126,JI,J3,X,OT,0413CZ887H,0413CZ887H,100,20130730,2014-03-31,
500,1001,D0623,JI,J3,X,OT,                ,1118AS146J,45,20181016,2019-03-31,
500,1006,D0623,JI,J3,X,OT,                ,197/AABFD7919A/17-18/6,72.5,20170902,2018-03-31,
500,1005,ERDA01,JP,J3,X,OT,                ,197/AAATE0499H,100,20160602,2017-03-31,
500,1001,BTHEB0301,JI,J3,X,OT,                ,0218CE552I,99.5,20180604,2019-03-31,
500,1007,1730000096,JP,J3, ,OT,194J,197/AADFR5434L/,58.7,20100611,2011-03-31,
500,1019,D0623,JI,J3,X,OT,"10,50,000",1118AS151J,45,20181126,2019-03-31,
500,1016,A164,JI,J3,X,OT,AAATA1724F,197/2010-11/1,80,20100921,2011-03-31,
500,1001,S942,JI,J3,X,OT,"IRO(TDS)RG3,MUMB",0217ER2801,79.7,20171114,2018-03-31,
500,1001,CC077,JI,J3,X,OT,                ,0311B09876,50,20110803,2012-03-31,
500,1001,PLMR02,JI,J5,X,CO,1072380500,1AF0522DGH,75,20220523,2023-03-31,
500,1001,DSA64508,JI,J5,X,CO,                ,1AB0620WNM,33.33,20200617,2021-03-31,
500,1001,S01367,JI,J5,X,CO,7500000,1AB0822BGE,75,20220812,2023-03-31,
500,1001,INPK037MT,JP,J5,X,CO,158111169,1AD0522PGR,25,20220517,2023-03-31,
500,1001,INPK037MT,JI,J5,X,CO,158111169,1AD0522PGR,25,20220517,2023-03-31,
500,1001,MKTGS01367,JI,J5,X,CO,7500000,1AB0822BGE,75,20220812,2023-03-31,
500,1004,ME01FDPL,LI,L1,X,CO,                ,TDSU/S194Q,100,20210401,2022-03-31,
500,1004,RNELAHMD,LI,L1,X,CO,                ,TDSU/S194Q,100,20210401,2022-03-31,
500,1004,EMCOMUMB,LI,L2,X,OT,                ,TDSU/S194Q,100,20210401,2022-03-31,
500,1004,ME01PARIS,LI,L2,X,OT,                ,TDSU/S194Q,100,20210401,2022-03-31,
500,1009,MLDL004527,WP,W3,X,OT,                ,EC201617156586,0.75,20170213,2017-03-31,
500,1009,MLDL004527,WI,W3,X,OT,                ,EC201617156586,0.75,20170213,2017-03-31,
500,1001,N00377,JI,J1,X,CO,780097,1AF0820WFV,6.67,20200909,2021-03-31,
500,1012,MAS9905,JP,  ,X,CO,                ,1AC0719GHQ,52,20190401,2020-06-30,
500,1005,CH5951,CI,C1,X,OT,                ,524862210116,100,20230401,2024-03-31,
500,1001,SGSL20121,CI,C1,X,CO,9800000,1AA0323VVS,97.5,20230401,2024-03-31,
500,1001,CHHR139,CI,C1,X,CO,1100000,1AC0323MUQ,100,20230401,2024-03-31,
500,1005,MIL-A0017,CI,C3,X,OT,                ,001,100,20230401,2024-03-31,
500,1001,LM002,CP,C1,X,CO,24000000,1AC0423ODJ,95,20230418,2024-03-31,
500,1001,LM002,CI,C1,X,CO,24000000,1AC0423ODJ,95,20230418,2024-03-31,
500,1001,RGMAPL105C,JI,J1,X,CO,2220000,1AC0423KLD,99,20230417,2024-03-31,
500,1001,RGMAPL105C,JP,J1, ,CO,2220000,1AC0423KLD,99,20230417,2024-03-31,
500,1001,S01367,CP,C1,X,CO,194C,0214US043E,73,20140422,2015-03-31,
500,1001,AAIAL01,JP,  ,X,CO,AMT 254201,1AC0423KTF,99.5,20230418,2024-03-31,
500,1001,AAIAL01,JI,J5,X,CO,AMT 400000,1AC0423KTF,97.5,20230418,2024-03-31,
500,1001,GPH0009,CI,C1,X,CO,40693,1AE0423NDK,87.5,20230425,2024-03-31,
500,1001,ASH1010,JI,J1,X,CO,704480,1AE0423YHA,99,20230425,2024-03-31,
500,1001,AS1803,JI,J1,X,CO,704480,1AE0423YHA,99,20230425,2024-03-31,
500,1001,NMIL15,CI,C1,X,CO,1662789,1AF0423KEU,95,20230427,2024-03-31,
500,1001,N100,CI,C1,X,OT,1662789,1AF0423KEU,95,20230427,2024-03-31,
500,1008,MLDL007867,CP,C1,X,CO,                ,1AC0323RSK,100,20230401,2024-03-31,
500,1008,MLDL007867,CI,C1,X,CO,                ,1AC0323RSK,100,20230401,2024-03-31,
500,1001,SOFTE105CH,CI,C1,X,CO,18180580,1AB0523OHJ,47.5,20230510,2024-03-31,
500,1006,S081,CI,C4,X,OT,                ,1,100,20230511,2024-03-31,
500,1001,MAS1051,HI,H1,X,CO,2224771,1AB0523XYA,90,20230511,2024-03-31,
500,1001,S2160,CP,  ,X,CO,106316000,1AD0623TQW,40,20230612,2024-03-31,
500,1001,CP1469,JP,  , ,CO,450000,1AB0323IXB,75,20230401,2024-03-31,
500,1001,A00996,CP,  ,X,CO,1511019,1AE0423ZQR,95,20230425,2024-03-31,
500,1001,AN004,CI,C1,X,CO,1511019,1AE0423ZQR,95,20230425,2024-03-31,
500,1001,VIMSA15,CI,C1,X,CO,AMT 2334807,1AE0423UAO,75,20230425,2024-03-31,
500,1001,AN012,CI,C1,X,CO,1511019,1AE0423ZQR,95,20230425,2024-03-31,
500,1001,VI03572,CI,C1,X,CO,AMT 2334807,1AE0423UAO,75,20230425,2024-03-31,
500,1001,MSBDPL02,CI,C1,X,CO,1058100000,1AD0623KIT,95,20230609,2024-03-31,
500,1001,MLDL003572,CI,C1,X,CO,AMT 2334807,1AE0423UAO,75,20230425,2024-03-31,
500,1001,S2160,CI,C1,X,CO,106316000,1AD0623TQW,40,20230612,2024-03-31,
500,1001,VMSO15,CI,C1,X,CO,AMT 2334807,1AE0423UAO,75,20230425,2024-03-31,
500,1001,B2849,CI,C1,X,CO,AMT 9509441,1AB0323MAB,94.5,20230401,2024-03-31,
500,1001,AN020,CI,C1,X,CO,1511019,1AE0423ZQR,95,20230425,2024-03-31,
500,1001,VIMSK15,CI,C1,X,CO,AMT 2334807,1AE0423UAO,75,20230425,2024-03-31,
500,1001,AN021,CI,C1,X,CO,1511019,1AE0423ZQR,95,20230425,2024-03-31,
500,1001,VMSM15,CI,C1,X,CO,AMT 2334807,1AE0423UAO,75,20230425,2024-03-31,
500,1020,FD0017,CI,C1,X,CO,                ,1AJ0523HWT,25,20230524,2024-03-31,
500,1001,VMSK15,CI,C1,X,CO,AMT 2334807,1AE0423UAO,75,20230425,2024-03-31,
500,1001,MSBDPL04,CI,C1,X,CO,1058100000,1AD0623KIT,95,20230609,2024-03-31,
500,1001,BAL026,CI,C1,X,CO,AMT 9509441,1AB0323MAB,94.5,20230401,2024-03-31,
500,1001,VIAP015,CI,C1,X,CO,AMT 2334807,1AE0423UAO,75,20230425,2024-03-31,
500,1001,T1218,CI,C1,X,CO,10000000,1AF0523VFQ,10,20230519,2024-03-31,
500,1020,MAS1022,CI,C1,X,CO,                ,1AE0523SVX,62.5,20230516,2024-03-31,
500,1001,VI417A0,CI,C1,X,CO,AMT 2334807,1AE0423UAO,75,20230425,2024-03-31,
500,1001,V196A,CI,C1,X,CO,AMT 2334807,1AE0423UAO,75,20230425,2024-03-31,
500,1001,AN018,CI,C1,X,CO,1511019,1AE0423ZQR,95,20230425,2024-03-31,
500,1001,P5078HYD,CI,C1,X,CO,4351953,1AJ0523NLJ,75,20230525,2024-03-31,
500,1001,VIMSP15,CI,C1,X,CO,AMT 2334807,1AE0423UAO,75,20230425,2024-03-31,
500,1001,AN016,CI,C1,X,CO,1511019,1AE0423ZQR,95,20230425,2024-03-31,
500,1001,AN008,CI,C1,X,CO,1511019,1AE0423ZQR,95,20230425,2024-03-31,
500,1001,A00996,CI,C1,X,CO,1511019,1AE0423ZQR,95,20230425,2024-03-31,
500,1001,QUESS1,CI,C1,X,CO,21259254,1AD0623SXP,95,20230609,2024-03-31,
500,1001,VIMSL01,CI,C1,X,CO,AMT 2334807,1AE0423UAO,75,20230425,2024-03-31,
500,1001,AN003,CI,C1,X,CO,1511019,1AE0423ZQR,95,20230425,2024-03-31,
500,1020,LORDS01,CI,C1,X,CO,                ,1AB0523GKZ,25,20230508,2024-03-31,
500,1020,MLLMPL0122,CI,C1,X,CO,                ,1AJ0523HDE,75,20230524,2024-03-31,
500,1001,AN006,CI,C1,X,CO,1511019,1AE0423ZQR,95,20230425,2024-03-31,
500,1001,VIMSO15,CI,C1,X,CO,AMT 2334807,1AE0423UAO,75,20230425,2024-03-31,
500,1001,VISU016,CI,C1,X,CO,AMT 2334807,1AE0423UAO,75,20230425,2024-03-31,
500,1001,PGPLD101,CI,C1,X,CO,4351953,1AJ0523NLJ,75,20230525,2024-03-31,
500,1001,AN017,CI,C1,X,CO,1511019,1AE0423ZQR,95,20230425,2024-03-31,
500,1001,BBH01,CI,C1,X,CO,AMT 2500000,1AF0523RSP,75,20230519,2024-03-31,
500,1001,VIMSM15,CI,C1,X,CO,AMT 2334807,1AE0423UAO,75,20230425,2024-03-31,
500,1001,AN023,CI,C1,X,CO,1511019,1AE0423ZQR,95,20230425,2024-03-31,
500,1001,AN013,CI,C1,X,CO,1511019,1AE0423ZQR,95,20230425,2024-03-31,
500,1001,VMSJ015,CI,C1,X,CO,AMT 2334807,1AE0423UAO,75,20230425,2024-03-31,
500,1001,AN011,CI,C1,X,CO,1511019,1AE0423ZQR,95,20230425,2024-03-31,
500,1001,AN022,CI,C1,X,CO,1511019,1AE0423ZQR,95,20230425,2024-03-31,
500,1001,VIMSB15,CI,C1,X,CO,AMT 2334807,1AE0423UAO,75,20230425,2024-03-31,
500,1001,MIAL12,CI,C1,X,CO,1828491,1AC0423VTH,82.5,20230419,2024-03-31,
500,1001,AN015,CI,C1,X,CO,1511019,1AE0423ZQR,95,20230425,2024-03-31,
500,1001,VMSU016,CI,C1,X,CO,AMT 2334807,1AE0423UAO,75,20230425,2024-03-31,
500,1001,VIMSG15,CI,C1,X,CO,AMT 2334807,1AE0423UAO,75,20230425,2024-03-31,
500,1001,AN019,CI,C1,X,CO,1511019,1AE0423ZQR,95,20230425,2024-03-31,
500,1001,H0016H,CI,C1,X,CO,225000,1AG0623XMV,67.5,20230621,2024-03-31,
500,1001,VIWB015,CI,C1,X,CO,AMT 2334807,1AE0423UAO,75,20230425,2024-03-31,
500,1001,AN010,CI,C1,X,CO,1511019,1AE0423ZQR,95,20230425,2024-03-31,
500,1001,MSBDPL07,CI,C1,X,CO,1058100000,1AD0623KIT,95,20230609,2024-03-31,
500,1001,VIMSU15,CI,C1,X,CO,AMT 2334807,1AE0423UAO,75,20230425,2024-03-31,
500,1001,AN009,CI,C1,X,CO,1511019,1AE0423ZQR,95,20230425,2024-03-31,
500,1001,VMSG15,CI,C1,X,CO,AMT 2334807,1AE0423UAO,75,20230425,2024-03-31,
500,1001,MLDL006212,CI,C1,X,CO,AMT 9509441,1AB0323MAB,94.5,20230401,2024-03-31,
500,1001,BAL024,CI,C1,X,CO,AMT 9509441,1AB0323MAB,94.5,20230401,2024-03-31,
500,1001,MSBDPL03,CI,C1,X,CO,1058100000,1AD0623KIT,95,20230609,2024-03-31,
500,1001,PERSU105CH,CI,C1,X,CO,4351953,1AJ0523NLJ,75,20230525,2024-03-31,
500,1001,FP0066,II,I1,X,CO,61333,1AJ0523NRY,90,20230525,2024-03-31,
500,1001,TCLC16,JI,J1,X,CO,41194790,1AB0623MEF,40,20230506,2024-03-31,
500,1001,T080,JI,J1,X,CO,2500000,1AC0523RFR,50,20230512,2024-03-31,
500,1001,APLLH105CH,JI,J1,X,CO,704480,1AE0423YHA,99,20230425,2024-03-31,
500,1001,A01361B,JP,J1,X,CO,10279707,1AG0523IOD,99,20230519,2024-03-31,
500,1001,MHAEP93,JI,J1,X,CO,2000000,1AK0523APX,75,20230529,2024-03-31,
500,1001,BBH01,JI,J1,X,CO,AMT 10000000,1AF0523RSQ,75,20230519,2024-03-31,
500,1001,I008,JI,J1,X,CO,2532533,1AC0623MFI,62.5,20230608,2024-03-31,
500,1020,T080,JI,J1,X,CO,                ,1AC0523RGS,50,20230512,2024-03-31,
500,1001,MLDL004624,JI,J1, ,CO,41194790,1AB0623MEF,40,20230506,2024-03-31,
500,1001,TCLA16,JI,J1, ,CO,41194790,1AB0623MEF,40,20230506,2024-03-31,
500,1001,DSV65127,JI,J1,X,CO,2627926,1AA0623NBO,99.9,20230601,2024-03-31,
500,1001,A01361B,JI,J1,X,CO,10279707,1AG0523IOD,99,20230519,2024-03-31,
500,1001,FSP2102,JI,J1,X,CO,400000,1AE0623ROO,90,20230616,2024-03-31,
500,1001,TCLT16,JI,J1, ,CO,41194790,1AB0623MEF,40,20230506,2024-03-31,
500,1001,AGMHZPC428,JI,J1,X,CO,10279707,1AG0523IOD,99,20230519,2024-03-31,
500,1001,GJA0319201,JI,J1,X,CO,55882796,1AJ0523FSI,65,20230524,2024-03-31,
500,1001,TCLG15,JI,J1, ,CO,41194790,1AB0623MEF,40,20230506,2024-03-31,
500,1001,S0202,JI,J1,X,CO,15310000,1AA0623DID,65,20230531,2024-03-31,
500,1001,S0202,JP,J1,X,CO,15310000,1AA0623DID,65,20230531,2024-03-31,
500,1001,GW101,JI,J1,X,CO,2500000,1AB0523FYB,80,20230508,2024-03-31,
500,1001,TCLT15,JI,J1, ,CO,41194790,1AB0623MEF,40,20230506,2024-03-31,
500,1001,CP1469,JI,J1,X,CO,450000,1AB0323IXB,75,20230401,2024-03-31,
500,1001,MFVAHL01,JI,J1,X,CO,10279707,1AG0523IOD,99,20230519,2024-03-31,
500,1001,TCLA15,JI,J1, ,CO,41194790,1AB0623MEF,40,20230506,2024-03-31,
500,1001,NSKMP0121,JI,J1,X,CO,5000000,1AD0623LME,45,20230609,2024-03-31,
500,1001,TCLU16,JI,J1,X,CO,41194790,1AB0623MEF,40,20230506,2024-03-31,
500,1001,TCLU15,JI,J1, ,CO,41194790,1AB0623MEF,40,20230506,2024-03-31,
500,1001,TCLO15,JI,J1, ,CO,41194790,1AB0623MEF,40,20230506,2024-03-31,
500,1001,T1218,JI,J1,X,CO,10000000,1AF0523VQF,35,20230519,2024-03-31,
500,1001,P00138,JI,J1,X,CO,400000,1AE0623ROO,90,20230616,2024-03-31,
500,1001,TCLM15,JI,J1, ,CO,41194790,1AB0623MEF,40,20230506,2024-03-31,
500,1001,MLDL004622,JI,J1, ,CO,41194790,1AB0623MEF,40,20230506,2024-03-31,
500,1001,TCLP15,JI,J1, ,CO,41194790,1AB0623MEF,40,20230506,2024-03-31,
500,1001,TIC001,JI,J1,X,CO,5000000,1AE0623DXT,75,20230513,2024-03-31,
500,1001,MSPL15,JI,J1,X,CO,10000000,1AG0623WIU,50,20230621,2024-03-31,
500,1001,MLDL004623,JI,J1, ,CO,41194790,1AB0623MEF,40,20230506,2024-03-31,
500,1001,TCLB15,JI,J1, ,CO,41194790,1AB0623MEF,40,20230506,2024-03-31,
500,1001,FSA2118I,JI,J1,X,CO,10279707,1AG0523IOD,99,20230519,2024-03-31,
500,1001,T00856,JI,J1, ,CO,41194790,1AB0623MEF,40,20230506,2024-03-31,
500,1001,TCLW15,JI,J1,X,CO,41194790,1AB0623MEF,40,20230506,2024-03-31,
500,1001,TCLK16,JI,J1, ,CO,41194790,1AB0623MEF,40,20230506,2024-03-31,
500,1001,B026,JI,J3,X,OT,600000,1AB0523HHZ,100,20230508,2024-03-31,
500,1001,N1023,JI,J3,X,OT,200000,1AA0623MGD,35,20230601,2024-03-31,
500,1001,MLDL007250,JI,J5,X,CO,7500000,1AC0523CUW,75,20230512,2024-03-31,
500,1006,VAISHNAV01,CI,C3,X,OT,LESS THAN10TRUCK,194C (6),100,20210401,2022-03-31,
500,1001,NSXLRI0121,JI,J3,X,OT,5000000,1AB0723LNA,100,20230713,2024-03-31,
500,1001,FA0148,CI,C1,X,CO,61738817,1AC0723NZK,50,20230725,2024-03-31,
500,1020,SA1080,JI,J3,X,OT,                ,1AF0623DCP,100,20230620,2024-03-31,
500,1020,MAS9905,CI,C1,X,CO,                ,1AC0723WZM,62,20230731,2024-03-31,
500,1001,MSBDTSS01,CI,C1,X,CO,14098064,1AA0823FYS,62.5,20230802,2024-03-31,
500,1001,SMDTS0222,CI,C1,X,CO,14098064,1AA0823FYS,62.5,20230802,2024-03-31,
500,1001,BTPLMH15,JI,J1,X,CO,6036800,1AA0723HFG,88,20230706,2024-03-31,
500,1001,ETPLMH015,JI,J1,X,CO,19000000,1AC0723XVH,80,20230731,2024-03-31,
500,1001,HB014,JI,J3,X,OT,500000,1AB0823CTM,100,20230816,2024-03-31,
500,1001,G335,JI,J3,X,OT,500000,1AB0823CTM,100,20230816,2024-03-31,
500,1008,MWCC111110,CP,C1,X,CO,                ,1AH0623OCQ,100,20230628,2024-03-31,
500,1008,MWCC111110,CI,C1,X,CO,                ,1AH0623OCQ,100,20230628,2024-03-31,
500,1009,MLDL004622,JI,J1,X,CO,                ,1AB0623KYQ,4,20230606,2024-03-31,
500,1001,MPA01,8P,  , ,OT,1AB0823RMQ,21329135,96.5,20230828,2024-03-31,
500,1001,MPA01,8I,IB,X,OT,1AB0823RMQ,21329135,96.5,20230828,2024-03-31,
500,1007,MLDL500057,CP,C1,X,CO,                ,1AC0523ACH,75,20230512,2024-03-31,
500,1005,MAS1022,CI,C1, ,CO,CO,1AA0519DXY,32.5,20190430,2020-03-31,
500,1007,MLDL500057,CI,C1,X,CO,                ,1AC0523ACH,75,20230512,2024-03-31,
500,1009,MLDL022046,CI,C1,X,CO,                ,1AJ0523HGB,0.5,20230524,2024-03-31,
500,1020,DLSIDI,CI,C1,X,CO,                ,1AJ0523HWT,25,20230524,2024-03-31,
500,1007,MLDL007160,JP,  ,X,CO,                ,1AC0323RSI,100,20230401,2024-03-31,
500,1007,MLDL007160,JI,J1,X,CO,                ,1AC0323RSI,100,20230401,2024-03-31,
500,1001,SIPL300519,JP,J1,X,CO,20501548,1AA1023GLL,55,20231009,2024-03-31,
500,1001,SIPL300519,JI,J1,X,CO,20501548,1AA1023GLL,55,20231009,2024-03-31,
500,1001,HJ003,JI,J1,X,CO,2239804,1AA1023JRN,35,20231011,2024-03-31,
500,1001,JLHL001,JI,J1,X,CO,2239804,1AA1023JRN,35,20231011,2024-03-31,
500,1001,SERJLH228,JI,J1,X,CO,2239804,1AA1023JRN,35,20231011,2024-03-31,
500,1001,J190,JI,J1,X,CO,2239804,1AA1023JRN,35,20231011,2024-03-31,
500,1020,MVML079,CI,C1,X,CO,                ,1AA0623CRR,62.5,20230531,2024-03-31,
500,1001,NASFT03,CI,C4,X,OT,9272,1AA1023CBY,100,20231005,2024-03-31,
500,1001,NASFT08,CI,C4,X,OT,9272,1AA1023CBY,100,20231005,2024-03-31,
500,1001,NASFT05,CI,C4,X,OT,9272,1AA1023CBY,100,20231005,2024-03-31,
500,1001,NASFT04,CI,C4,X,OT,9272,1AA1023CBY,100,20231005,2024-03-31,
500,1001,NASFT02,CI,C4,X,OT,9272,1AA1023CBY,100,20231005,2024-03-31,
500,1001,NASFT07,CI,C4,X,OT,9272,1AA1023CBY,100,20231005,2024-03-31,
500,1001,NASFT06,CI,C4,X,OT,9272,1AA1023CBY,100,20231005,2024-03-31,
500,1001,NASFT01,CI,C4,X,OT,9272,1AA1023CBY,100,20231005,2024-03-31,
500,1005,E452,CP,C1, ,CO,                ,01,100,20230401,2024-03-31,
500,1020,MAS9905,CP,C1, ,CO,                ,1AC0723WZM,62,20230731,2024-03-31,
500,1001,OEPL1501,CI,C1,X,CO,30000000,1AA1123ETJ,50,20231107,2024-03-31,
500,1001,KD001,JI,J3,X,OT,7192450,1AA0923DBA,100,20230904,2024-03-31,
500,1001,C00430,CI,C1,X,CO,1900000,1AA1223AET,67.5,20231130,2024-03-31,
500,1005,ONE TIME,CI,C3,X,OT,BN,A,100,20190901,2019-09-30,
500,1020,MT0003,JI,J1,X,CO,                ,1AC0523RGS,50,20230512,2024-03-31,
500,1001,SERSOT230,CI,C1,X,CO,100000000,1AA1223PST,75,20231220,2024-03-31,
500,1001,DSS63699,CI,C1,X,CO,100000000,1AA1223PST,75,20231220,2024-03-31,
500,1001,DSS63699,CP,C1,X,CO,100000000,1AA1223PST,75,20231220,2024-03-31,
500,1001,M426,JI,J1,X,CO,RS 2472524,1AA0124CIK,100,20240103,2024-03-31,
500,1001,TAPL01,JI,J1,X,CO,25000000,1AA1123ASA,95,20231101,2024-03-31,
500,1001,CIS009,CI,C1,X,CO,1561466,1AA0224ASE,95,20240201,2024-03-31,
500,1001,T449,JP,  ,X,CO,25000000,1AA1123ASA,95,20231101,2024-03-31,
500,1001,T449,JI,J1,X,CO,25000000,1AA1123ASA,95,20231101,2024-03-31,
500,1005,PMSPL01,CP,C1, ,CO,                ,SEC 172/44B,100,20240408,2025-03-31,
500,1005,N6092,CI,C1, ,CO,                ,ITBA/COM/F/17/2024-25/106,100,20240401,2025-03-31,
500,1001,JH001,JI,J1,X,CO,1500000,1AC0424NAK,100,20240416,2025-03-31,
500,1001,TCI025342B,CI,C1,X,CO,101000000,1AE0424LAJ,65,20240424,2025-03-31,
500,1007,MLDL007324,JI,J1,X,CO,                ,1AB0524VTI,50,20240504,2025-03-31,
500,1007,MLDL007324,JP,J1,X,CO,                ,1AB0524VTI,50,20240504,2025-03-31,
500,1001,FP0066,CI,C1,X,CO,2979972,1AE0524DUH,85,20240511,2025-03-31,
500,1007,MLDL002731,CI,C1,X,  ,                ,1AC0524ASM,70,20240504,2025-03-31,
500,1007,MLDL002731,CP,C1,X,  ,                ,1AC0524ASM,70,20240504,2025-03-31,
500,1001,MSBTIPL01,JI,J1,X,CO,7000000,1AF0524HKJ,80,20240516,2025-03-31,
500,1001,GPA0052,JI,J3,X,OT,9330,1AF0524HJR,90,20240516,2025-03-31,
500,1001,MLDL000616,JI,J5,X,CO,1000000,1AF0524TKU,25,20240517,2025-03-31,
500,1001,TMPL21,JI,J1,X,CO,759031,1AH0524MEK,96,20240521,2025-03-31,
500,1001,AFE100,JP,  ,X,CO,36149177,1AI0524HEK,70,20240524,2025-03-31,
500,1001,AFE100,JI,J1,X,CO,36149177,1AI0524HEK,70,20240524,2025-03-31,
500,1001,7C0002,CP,C1,X,CO,2000000,1AI0524PJP,95,20240527,2025-03-31,
500,1001,7C0002,CI,C1,X,CO,2000000,1AI0524PJP,95,20240527,2025-03-31,
500,1001,B5419,JI,J3,X,OT,5554500,1AI0524LNF,100,20240527,2025-03-31,
500,1001,DC074,CI,C1,X,CO,11900000,1AC0624NMP,87.5,20240610,2025-03-31,
500,1001,ISS815M,CI,C1,X,CO,333372,1AC0624MKG,42.5,20240610,2025-03-31,
500,1001,H02124B,JI,J1,X,CO,15000000,1AC0624DMR,100,20240607,2025-03-31,
500,1001,VNSPLMH15,JI,J5,X,CO,2890719,1AF0524NHP,87.5,20240516,2025-03-31,
500,1001,F00014,CI,C1,X,CO,82274470,1AD0624JGS,5,20240613,2025-03-31,
500,1001,FN0116,JI,J1,X,CO,150000,1AC0624XOK,100,20240612,2025-03-31,
500,1001,MN0070,JI,J1,X,CO,150000,1AC0624XOK,100,20240612,2025-03-31,
500,1008,MAS9905,CI,C1,X,CO,                ,1AE0624HGM,62.5,20240621,2025-03-31,
500,1008,MAS9905,CP,C1,X,CO,                ,1AE0624HGM,62.5,20240621,2025-03-31,
500,1001,HH003,JI,J1,X,CO,300000,1AE0624ZIC,70,20240626,2025-03-31,
500,1001,RTPL0623,JI,J1,X,CO,830084,1AE0624WBK,99,20240625,2025-03-31,
500,1008,MLDL3728,CP,C1,X,CO,                ,1AD0624RHB,92.5,20240614,2025-03-31,
500,1008,MLDL3728,CI,C1,X,CO,                ,1AD0624RHB,92.5,20240614,2025-03-31,
500,1001,MLDL000644,JI,J3,X,OT,4885000,1AF0624FCH,100,20240627,2025-03-31,
500,1001,CHSHP105CH,JI,J3,X,OT,1500000,1AI0524TON,100,20240528,2025-03-31,
500,1001,S02316,JI,J1,X,CO,4500000,1AA0724MVE,90,20240703,2025-03-31,
500,1001,NSFSP0123,JI,J1,X,CO,1000000,1AA0724TXG,90,20240705,2025-03-31,
500,1001,MT0094,JI,J3,X,OT,100000,1AC0724BAE,100,20240710,2025-03-31,
500,1001,JMBH01,CI,C1,X,CO,5000000,1AD0724BLQ,90,20240718,2025-03-31,
500,1001,KGISLTN15,JI,J1,X,CO,882555,1AA0724OUI,60,20240704,2025-03-31,
500,1001,MRVDS00041,JI,J1,X,CO,14971428,1AD0724HRL,80,20240722,2025-03-31,
500,1001,NH0024,JI,J1,X,CO,5000000,1AD0724JQK,65,20240723,2025-03-31,
500,1001,B00661,JI,J1,X,CO,100000000,1AD0724VBK,65,20240726,2025-03-31,
500,1001,ISS001,CI,C1,X,CO,333372,1AC0624MKG,42.5,20240610,2025-03-31,
500,1006,FMUBSR01,JI,J3,X,OT,                ,1AE0624FQE,2.8,20240621,2025-03-31,
500,1007,MHDL015253,JI,J3,X,OT,                ,1AC0724LFD,60,20240711,2025-03-31,
500,1007,MHDL015253,JP,J3,X,OT,                ,1AC0724LFD,60,20240711,2025-03-31,
500,1001,S6165,CI,C4,X,OT,194C,ITBA/24-25,100,20240408,2025-03-31,
500,1001,CSEIPVMH15,JI,J1,X,CO,150000000,1AA0824WVQ,63.5,20240814,2025-03-31,
500,1001,DSW65177,CI,C1,X,CO,234000,1AA0824ZTI,37.5,20240819,2025-03-31,
500,1001,R3926,JI,J1,X,CO,7844544803,1AA0724WKS,80,20240705,2025-03-31,
500,1001,OEPL1501,JI,J1,X,CO,10000000,1AA0924JQO,60,20240909,2025-03-31,
500,1001,SOBIS0125,CI,C1,X,CO,8335661,1AA0924ZGQ,5,20240924,2025-03-31,
500,1001,CLPL0637,CI,C1,X,CO,8335661,1AA0924ZGQ,5,20240924,2025-03-31,
500,1001,H00441,JI,J1,X,CO,4151230,1AB0924FKX,100,20240927,2025-03-31,
500,1001,F279968,CP,C1,X,CO,34400000,1AA1024ATV,50,20241001,2025-03-31,
500,1001,F279968,CI,C1,X,CO,34400000,1AA1024ATV,50,20241001,2025-03-31,
500,1001,RIPLGJ105,JI,J1,X,CO,5500000,1AC0624HDK,94.5,20240607,2025-03-31,
500,1001,NS004,JI,J1,X,CO,500000,1AA0824GEZ,50,20240806,2025-03-31,
500,1001,S0201,JP,  ,X,CO,100000000,1AA1224JPP,70,20241206,2025-03-31,
500,1001,S0201,JI,J1,X,CO,100000000,1AA1224JPP,70,20241206,2025-03-31,
500,1001,MSBTIPL01,HI,H1,X,CO,100000000,1AF0524HKI,50,20240516,2025-03-31,
500,1001,WH11700090,JP,J3,X,OT,980000000,1AC0724LFI,75,20240711,2025-03-31,
500,1001,WH11700090,JI,J3,X,OT,980000000,1AC0724LFI,75,20240711,2025-03-31,
500,1001,MSBDLPB01,CI,C1,X,CO,334906000,1AA0125VBY,95,20250122,2025-03-31,
500,1001,DPLMAHA01,CI,C1,X,CO,334906000,1AA0125VBY,95,20250122,2025-03-31,
500,1001,AGCCDLL313,CI,C1,X,CO,334906000,1AA0125VBY,95,20250122,2025-03-31,
500,1001,MB0006,CP,C1, ,CO,4437728,1AA0924ZHB,10,20240924,2025-03-31,
500,1001,MB0006,CI,C1,X,CO,4437728,1AA0924ZHB,10,20240924,2025-03-31,
500,1001,DPLWB01,CI,C1,X,CO,334906000,1AA0125VBY,95,20250122,2025-03-31,
500,1001,MSBDLRAN01,CI,C1,X,CO,334906000,1AA0125VBY,95,20250122,2025-03-31,
500,1001,MSBDPL05,CI,C1,X,CO,334906000,1AA0125VBY,95,20250122,2025-03-31,
500,1001,MSBDPL06,CI,C1,X,CO,334906000,1AA0125VBY,95,20250122,2025-03-31,
500,1001,MSBDL01,CI,C1,X,CO,334906000,1AA0125VBY,95,20250122,2025-03-31,
500,1001,DPLTEL01,CI,C1,X,CO,1AA0125VBY,1AA0125VBY,95,20250122,2025-03-31,
500,1001,MSBDPL01,CI,C1,X,CO,334906000,1AA0125VBY,95,20250122,2025-03-31,
500,1001,DPLKAR01,CI,C1,X,CO,334906000,1AA0125VBY,95,20250122,2025-03-31,
500,1001,DPLHR01,CI,C1,X,CO,334906000,1AA0125VBY,95,20250122,2025-03-31,
500,1007,MHDL06309,JP,J3,X,OT,                ,1AA0924VAM,70,20240923,2025-03-31,
500,1007,MHDL06309,JI,J3,X,OT,                ,1AA0924VAM,70,20240923,2025-03-31,
500,1001,SOTC001,CI,C1,X,CO,100000000,1AA1223PST,75,20231220,2024-03-31,
500,1001,QTP015,JI,J1,X,CO,90000000,1AB0425FBP,59.5,20250403,2026-03-31,
500,1001,HN2921,JI,J3,X,OT,10000000,1AA0425YPN,100,20250402,2026-03-31,
500,1007,MLDL009944,CP,C1,X,CO,                ,1AA0425LOD,87.5,20250401,2026-03-31,
500,1007,MLDL009944,CI,C1,X,CO,                ,1AA0425LOD,87.5,20250401,2026-03-31,
500,1007,MLDL009944,JI,J1,X,CO,                ,1AA0425LOE,97.5,20250401,2026-03-31,
500,1007,MLDL009944,JP,J1,X,CO,                ,1AA0425LOE,97.5,20250401,2026-03-31,
500,1001,I0016H,JP,  ,X,OT,000000,1AB0325DVQ,100,20250401,2026-03-31,
500,1001,DSB63646,CI,C1,X,CO,681819,1AC0325HPR,90,20250401,2026-03-31,
500,1001,P080041,CI,C1,X,CO,600000,1AA0425XOM,97.5,20250402,2026-03-31,
500,1001,MKTGG343,CP,C1, ,CO,60000000,1AB0325AXM,75,20250401,2026-03-31,
500,1001,G1ZN1495,CI,C1,X,CO,681819,1AC0325HPR,90,20250401,2026-03-31,
500,1001,B00233,CI,C1,X,CO,681819,1AC0325HPR,90,20250401,2026-03-31,
500,1001,MKTGG343,CI,C1,X,CO,60000000,1AB0325AXM,75,20250401,2026-03-31,
500,1001,G0189,CI,C1,X,CO,25063200,1AB0425AHZ,87.5,20250403,2026-03-31,
500,1001,G1ZN1495,CP,C1,X,CO,681819,1AC0325HPR,90,20250401,2026-03-31,
500,1001,MRVDS00099,JI,J1,X,CO,20845569,1AB0325QYO,98,20250401,2026-03-31,
500,1001,FITS01,JI,J1,X,CO,5000000,1AC0425KZJ,84.5,20250408,2026-03-31,
500,1001,V123,JI,J1,X,CO,2570286,1AD0425UFH,40,20250412,2026-03-31,
500,1001,MHCCSPT36,JI,J1,X,CO,12060000,1AB0425EVV,95,20250403,2026-03-31,
500,1001,N5313T,JI,J3,X,OT,7000000,1AC0325SIX,100,20250401,2026-03-31,
500,1001,I0016H,JI,J3,X,OT,4000000,1AB0325DVQ,100,20250401,2026-03-31,
500,1001,HB008,JI,J3,X,OT,7000000,1AC0325SIX,100,20250401,2026-03-31,
500,1001,MLDL006084,JI,J1,X,CO,1AE0425AUB,6505488,60,20250415,2026-03-31,
500,1001,MSBVMSL01,CI,C1,X,CO,467804953,1AE0425XCA,87.5,20250417,2026-03-31,
500,1001,VIV196A,CI,C1,X,CO,467804953,1AE0425XCA,87.5,20250417,2026-03-31,
500,1001,I00400,CI,C1,X,CO,1409298,1AF0425HRQ,62.5,20250417,2026-03-31,
500,1001,ISS17,CI,C1,X,CO,1409298,1AF0425HRQ,62.5,20250417,2026-03-31,
500,1001,ISDB3628,CI,C1,X,CO,1409298,1AF0425HRQ,62.5,20250417,2026-03-31,
500,1001,VIV196A,II,I2,X,CO,377450446,1AE0425XCB,87.5,20250417,2026-03-31,
500,1001,MDPLMH15,JI,J1,X,CO,3500000,1AF0425DDS,58,20250417,2026-03-31,
500,1001,MLDL007474,JI,J1,X,CO,3100000,1AE0425KZR,95,20250416,2026-03-31,
500,1001,AIRTELD101,CI,C1,X,CO,AMT 6223658,1AB0325SBT,90,20250401,2026-03-31,
500,1001,BAL030,CI,C1,X,CO,AMT 6223658,1AB0325SBT,90,20250401,2026-03-31,
500,1001,BAL019,CI,C1,X,CO,AMT 6223658,1AB0325SBT,90,20250401,2026-03-31,
500,1001,BAL041,CI,C1,X,CO,AMT 6223658,1AB0325SBT,90,20250401,2026-03-31,
500,1001,BAL027,CI,C1,X,CO,AMT 6223658,1AB0325SBT,90,20250401,2026-03-31,
500,1001,B0126,CI,C1,X,CO,AMT 6223658,1AB0325SBT,90,20250401,2026-03-31,
500,1001,MDBA01,CI,C1,X,CO,AMT 6223658,1AB0325SBT,90,20250401,2026-03-31,
500,1001,BAL020,CI,C1,X,CO,AMT 6223658,1AB0325SBT,90,20250401,2026-03-31,
500,1001,BAL038,CI,C1,X,CO,AMT 6223658,1AB0325SBT,90,20250401,2026-03-31,
500,1001,BAL023,CI,C1,X,CO,AMT 6223658,1AB0325SBT,90,20250401,2026-03-31,
500,1001,BAL037,CI,C1,X,CO,AMT 6223658,1AB0325SBT,90,20250401,2026-03-31,
500,1001,MGVSE00749,CI,C1,X,CO,AMT 6223658,1AB0325SBT,90,20250401,2026-03-31,
500,1001,BAL018,CI,C1,X,CO,AMT 6223658,1AB0325SBT,90,20250401,2026-03-31,
500,1001,BAL025,CI,C1,X,CO,AMT 6223658,1AB0325SBT,90,20250401,2026-03-31,
500,1001,MHA0218201,CI,C1,X,CO,AMT 6223658,1AB0325SBT,90,20250401,2026-03-31,
500,1001,BAL016,CI,C1,X,CO,AMT 6223658,1AB0325SBT,90,20250401,2026-03-31,
500,1001,WBA0203701,CI,C1,X,CO,AMT 6223658,1AB0325SBT,90,20250401,2026-03-31,
500,1001,MRVB001,CI,C1,X,CO,AMT 6223658,1AB0325SBT,90,20250401,2026-03-31,
500,1001,B254,8P,  ,X,OT,800000,1AC0325MJI,100,20250401,2026-03-31,
500,1001,TLG02,CI,C1,X,CO,2500000,1AD0425RGL,25,20250412,2026-03-31,
500,1001,JSS001,CI,C1,X,CO,17500000,1AE0425PSF,46.5,20250417,2026-03-31,
500,1005,S081,CI,C4, ,OT,                ,1,100,20240407,2025-03-31,
500,1001,B254,8I,IB,X,OT,800000,1AC0325MJI,100,20250401,2026-03-31,
500,1001,HBSPL01,JI,J1,X,CO,AMT 150000000,1AE0425JVQ,70,20250416,2026-03-31,
500,1001,EAIPLMH15,JI,J1,X,CO,AMT 9030194,1AC0425MBV,90,20250409,2026-03-31,
500,1001,TLG02,JI,J1,X,CO,1900000,1AD0425RNJ,55,20250412,2026-03-31,
500,1001,HBSPL01,JP,J1,X,CO,AMT 150000000,1AE0425JVQ,70,20250416,2026-03-31,
500,1001,ISSFS1,CI,C1,X,CO,422820,1AG0425HFY,42.5,20250423,2026-03-31,
500,1001,ISSCH3815,CI,C1,X,CO,422820,1AG0425HFY,42.5,20250423,2026-03-31,
500,1001,MS0017,JI,J1,X,CO,15000000,1AG0425SQN,80,20250428,2026-03-31,
500,1001,I01943B,JI,J1,X,CO,3734000,1AG0425EGO,44,20250423,2026-03-31,
500,1001,ISORA105CH,JI,J1,X,CO,3734000,1AG0425EGO,44,20250423,2026-03-31,
500,1001,ISSKOL3628,CI,C1,X,CO,1409298,1AF0425HRQ,62.5,20250417,2026-03-31,
500,1001,MLDL003440,CI,C1,X,CO,2741307,1AA0525ARA,95,20250430,2026-03-31,
500,1001,FI0088,CI,C1,X,CO,2741307,1AA0525ARA,95,20250430,2026-03-31,
500,1001,I6824,CI,C1,X,CO,2741307,1AA0525ARA,95,20250430,2026-03-31,
500,1001,I00438,CI,C1,X,CO,2741307,1AA0525ARA,95,20250430,2026-03-31,
500,1001,33IBIS001,CI,C1,X,CO,2741307,1AA0525ARA,95,20250430,2026-03-31,
500,1001,FI0088,CP,C1,X,CO,2741307,1AA0525ARA,95,20250430,2026-03-31,
500,1001,I00438,II,I1,X,CO,6216308,1AA0525AZJ,99,20250430,2026-03-31,
500,1001,33IBIS001,II,I1,X,CO,6216308,1AA0525AZJ,99,20250430,2026-03-31,
500,1001,MLDL003440,II,I1,X,CO,6216308,1AA0525AZJ,99,20250430,2026-03-31,
500,1001,FI0088,II,I1,X,CO,6216308,1AA0525AZJ,99,20250430,2026-03-31,
500,1001,I6824,II,I1,X,CO,6216308,1AA0525AZJ,99,20250430,2026-03-31,
500,1001,FI0088,8I,IA,X,CO,6216308,1AA0525AZJ,99,20250430,2026-03-31,
500,1001,SPSIBT0123,JI,J1,X,CO,6000000,1AH0425EJC,81,20250429,2026-03-31,
500,1001,DII00204AA,JI,J1,X,CO,6000000,1AH0425EJC,81,20250429,2026-03-31,
500,1009,MLDL020040,JI,J1,X,CO,                ,1AC0425ODR,50,20250409,2026-03-31,
500,1001,DIS00651AA,CI,C1,X,CO,11242481,1AA0525TRB,75,20250503,2026-03-31,
500,1001,SILSEA2301,CI,C1,X,CO,11242481,1AA0525TRB,75,20250503,2026-03-31,
500,1001,DNB00596AA,CI,C1,X,CO,15965599921,1AG0425KNL,75,20250424,2026-03-31,
500,1007,MLDL007739,CI,C1,X,CO,                ,1AA0525DTL,80,20250501,2026-03-31,
500,1007,MLDL007739,CP,C1,X,CO,                ,1AA0525DTL,80,20250501,2026-03-31,
500,1001,DNB00596AA,JI,J1,X,CO,222788693,1AG0425KNO,95,20250424,2026-03-31,
500,1001,ILL02,CI,C1,X,CO,10000000,1AG0523KJJ,60,20230519,2024-03-31,
500,1001,MRVDS00087,CI,C1,X,CO,16115613,1AB0523EOJ,40,20230508,2024-03-31,
500,1001,MHA0466001,CI,C1,X,CO,68625873,1AD0423RGD,87.5,20230420,2024-03-31,
500,1006,T080,JP,J1,X,CO,                ,0218AZ279B,47,20180510,2019-03-31,
500,1001,T0720,JI,J6,X,OT,202900000,1AD0622NBF,100,20220617,2023-03-31,
500,1001,RACPL01,JI,J1,X,CO,818000000,1AH0425EGF,30,20250429,2026-03-31,
500,1001,MS0015,JI,J3,X,OT,                ,1AF0525OHX,100,20250523,2026-03-31,
500,1001,MSBTVSJP01,CI,C1,X,CO,604520262,1AG0525CFZ,77.5,20250527,2026-03-31,
500,1001,T0002H,CI,C1,X,CO,604520262,1AG0525CFZ,77.5,20250527,2026-03-31,
500,1001,UL001,CI,C1,X,CO,4000000,1AG0525GXZ,95,20250528,2026-03-31,
500,1001,D0185,CI,C1,X,CO,47000000,1AF0525EER,37.5,20250522,2026-03-31,
500,1001,MSBTVSJP01,CP,C1,X,CO,604520262,1AG0525CFZ,77.5,20250527,2026-03-31,
500,1001,DTDC16,CI,C1,X,CO,47000000,1AF0525EER,37.5,20250522,2026-03-31,
500,1006,SCP01,CI,C1,X,CO,                ,1AF0525QXB,80,20250523,2026-03-31,
500,1001,UL001,CP,C1,X,CO,4000000,1AG0525GXZ,95,20250528,2026-03-31,
500,1001,MSBTVSMH01,CP,C1, ,CO,604520262,1AG0525CFZ,77.5,20250527,2026-03-31,
500,1001,MSBTVSMH01,CI,C1,X,CO,604520262,1AG0525CFZ,77.5,20250527,2026-03-31,
500,1001,DSD63632,CI,C1,X,CO,47000000,1AF0525EER,37.5,20250522,2026-03-31,
500,1001,MHA0123301,CI,C1,X,CO,47000000,1AF0525EER,37.5,20250522,2026-03-31,
500,1001,MSBFMISC01,CI,C1,X,CO,33877535,1AG0525DYV,95,20250527,2026-03-31,
500,1001,T0002H,CP,C1, ,CO,604520262,1AG0525CFZ,77.5,20250527,2026-03-31,
500,1001,X0143B,JI,J1,X,CO,4402000,1AE0525EIF,70,20250520,2026-03-31,
500,1005,BSR9852,JI,J3,X,OT,                ,1AB0325GFT,19.9,20250401,2026-03-31,
500,1001,DSG62812,CI,C1,X,CO,100000000,1AG0525ISM,95,20250529,2026-03-31,
500,1001,DIT00198AC,CI,C1,X,CO,604520262,1AG0525CFZ,77.5,20250527,2026-03-31,
500,1001,DIT00198AB,CI,C1,X,CO,604520262,1AG0525CFZ,77.5,20250527,2026-03-31,
500,1001,DIT00198AA,CI,C1,X,CO,604520262,1AG0525CFZ,77.5,20250527,2026-03-31,
500,1006,BSR9852,JI,J3,X,OT,                ,1AB0325GFT,19.9,20250401,2026-03-21,
500,1001,ING502MN,CI,C1,X,CO,100000000,1AG0525ISM,95,20250529,2026-03-31,
500,1001,G02380B,CI,C1,X,CO,100000000,1AG0525ISM,95,20250529,2026-03-31,
500,1001,SUZLONDAM1,CI,C1,X,CO,1AG0525REE,10700000,99.5,20250530,2026-03-31,
500,1001,GATIHYD01,CI,C1,X,CO,100000000,1AG0525ISM,95,20250529,2026-03-31,
500,1001,SUZLONGUJ1,CI,C1,X,CO,1AG0525REE,10700000,99.5,20250530,2026-03-31,
500,1005,GLOBE1,CI,C1,X,CO,                ,1AC0525DNG,60,20250509,2026-03-31,
500,1001,GATIHYD01,CP,C1, ,CO,100000000,1AG0525ISM,95,20250529,2026-03-31,
500,1001,ING502MN,II,I1, ,CO,5000000,1AG0525MAO,50,20250529,2026-03-31,
500,1001,DIF00282AA,CI,C1,X,CO,33877535,1AG0525DYV,95,20250527,2026-03-31,
500,1001,W00049,JI,J1,X,CO,3508148,1AH0425IUZ,67.5,20250429,2026-03-31,
500,1001,0035050202,CI,C1,X,CO,133000000,1AC0625VUD,75,20250613,2026-03-31,
500,1001,MES00816,JI,J1,X,CO,22500000,1AC0625ULT,47,20250613,2026-03-31,
500,1001,IATPL3897,JI,J1,X,CO,22500000,1AC0625ULT,47,20250613,2026-03-31,
500,1001,IATPL105CH,JP,J1, ,CO,22500000,1AC0625ULT,47,20250613,2026-03-31,
500,1001,IATPL105CH,JI,J1,X,CO,22500000,1AC0625ULT,47,20250613,2026-03-31,
500,1001,R107,CI,C1,X,CO,32941320,1AB0525PCU,47.5,20250507,2026-03-31,
500,1001,F0309,CP,  ,X,CO,128789198,1AD0625EMD,5,20250617,2026-03-31,
500,1001,MF0048,CP,C1, ,CO,128789198,1AD0625EMD,5,20250617,2026-03-31,
500,1001,MF0048,CI,C1,X,CO,128789198,1AD0625EMD,5,20250617,2026-03-31,
500,1001,F0309,CI,C1,X,CO,128789198,1AD0625EMD,5,20250617,2026-03-31,
500,1001,MF0020,CP,C1,X,CO,2736450409,1AG0425ZKY,100,20250428,2026-03-31,
500,1001,MF0020,CI,C1,X,CO,2736450409,1AG0425ZKY,100,20250428,2026-03-31,
500,1001,MF0020,JI,J1,X,CO,29930627,1AG0425ZLB,100,20250428,2026-03-31,
500,1001,MF0020,JP,J1,X,CO,29930627,1AG0425ZLB,100,20250428,2026-03-31,
500,1007,MLDL010494,CI,C1,X,CO,                ,1AD0525NZQ,99.5,20250514,2026-03-31,
500,1007,MLDL010494,CP,C1,X,CO,                ,1AD0525NZQ,99.5,20250514,2026-03-31,
500,1001,MHTEL51,CI,C1,X,CO,31377000,1AE0625OEU,75,20250624,2026-03-31,
500,1001,TEF1162,CI,C1,X,CO,31377000,1AE0625OEU,75,20250624,2026-03-31,
500,1001,DLSIF001,CI,C1,X,CO,181110593,1AD0625YCY,94.5,20250620,2026-03-31,
500,1001,SMTLEF0121,CI,C1,X,CO,31377000,1AE0625OEU,75,20250624,2026-03-31,
500,1001,DLSIF001,CP,C1,X,CO,181110593,1AD0625YCY,94.5,20250620,2026-03-31,
500,1001,DSF63519,CP,C1,X,CO,181110593,1AD0625YCY,94.5,20250620,2026-03-31,
500,1001,DSF63519,CI,C1,X,CO,181110593,1AD0625YCY,94.5,20250620,2026-03-31,
500,1001,PTIM330213,CI,C4,X,OT,1500000000,1AD0625REG,82.5,20250618,2026-03-31,
500,1001,CS296,JI,J1,X,CO,3189842,1AD0625HQY,90,20250617,2026-03-31,
500,1001,BC100WEB,JI,J1,X,CO,7500000,1AD0625RZS,95,20250618,2026-03-31,
500,1001,H00436,JI,J1,X,CO,5898597,1AE0625REY,96.5,20250625,2026-03-31,
500,1001,SFT015,JI,J1,X,CO,3189842,1AD0625HQY,90,20250617,2026-03-31,
500,1001,HRA0184701,CI,C1,X,CO,100000000,1AG0525ISM,95,20250529,2026-03-31,
500,1001,BHOP0DTDC,CI,C1,X,CO,47000000,1AF0525EER,37.5,20250522,2026-03-31,
500,1001,KTA0184701,CI,C1,X,CO,100000000,1AG0525ISM,95,20250529,2026-03-31,
500,1005,T007,JI,J1,X,CO,                ,1AA0625ITI,50,20250602,2026-03-31,
500,1001,TTS15H,JI,J1,X,CO,100000,1AD0625XMX,95,20250620,2026-03-31,
500,1008,MLDL009123,HP,H1,X,CO,                ,1AF0625HZG,99,20250630,2026-03-31,
500,1008,MLDL009123,HI,H1,X,CO,                ,1AF0625HZG,99,20250630,2026-03-31,
500,1001,P013,JI,J3,X,OT,10800000,1AA0725NKD,100,20250704,2026-03-31,
500,1001,L2112,JI,J1,X,CO,34454861,1AA0725JNI,55,20250702,2026-03-31,
500,1001,TCE0772,JI,J1,X,CO,886207,1AA0725QFD,28.1,20250704,2026-03-31,
500,1001,LS002,JI,J1,X,CO,34454861,1AA0725JNI,55,20250702,2026-03-31,
500,1001,MES00707,JI,J1,X,CO,4300000,1AA0725OAW,70,20250704,2026-03-31,
500,1001,DCL00067AA,JI,J1,X,CO,34454861,1AA0725JNI,55,20250702,2026-03-31,
500,1001,CT0012A,JI,J1,X,CO,886207,1AA0725QFD,28.1,20250704,2026-03-31,
500,1001,DIL00067AA,JI,J1,X,CO,34454861,1AA0725JNI,55,20250702,2026-03-31,
500,1001,P5670,JI,J3,X,OT,15000000,1AA0725NKB,100,20250704,2026-03-31,
500,1001,NHES01,JI,J3,X,OT,15000000,1AA0725NKB,100,20250704,2026-03-31,
500,1001,DMLL02,CP,  ,X,CO,29908879483,1AB0725BXV,60,20250714,2026-03-31,
500,1001,DMLL02,CI,C1,X,CO,29908879483,1AB0725BXV,60,20250714,2026-03-31,
500,1001,MAS1022A,RI,I1, ,CO,566423104,1AB0725BXW,92,20250714,2026-03-31,
500,1001,DLSIML02A,8I,IA,X,CO,566423104,1AB0725BXW,92,20250714,2026-03-31,
500,1001,M165,JI,J1,X,CO,773545159,1AB0725LFF,62.7,20250716,2026-03-31,
500,1001,FSD2087D,CI,C1,X,CO,194(C),1AC0425LYY,32.5,20250409,2026-03-31,
500,1009,MLDL010100,JI,J1,X,CO,                ,1AD0325AUL,99,20250401,2026-03-31,
500,1001,I00363,CI,C1,X,CO,4010000000,1AC0625NVR,75,20250612,2026-03-31,
500,1001,BMSPL001,CI,C1,X,CO,3500000,1AC0725CTZ,65,20250718,2026-03-31,
500,1001,DNB00691AA,CI,C1,X,CO,3500000,1AC0725CTZ,65,20250718,2026-03-31,
500,1001,SUZLONMAH1,CI,C1,X,CO,10700000,1AG0525REE,99.5,20250530,2026-03-31,
500,1001,DSI62022,JI,J1,X,CO,1000000,1AA0525SWC,64,20250502,2026-03-31,
500,1005,ERDA01,JI,J6,X,OT,                ,197/AAATE0499H,100,20160602,2017-03-31,
500,1001,THRL01,JI,J1,X,CO,200000,1AF0425RHF,99.4,20250421,2026-03-31,
500,1001,B0126,JI,J1,X,CO,20845569,1AB0325QYO,98,20250401,2026-03-31,
500,1001,B0126,JP,J1,X,CO,20845569,1AB0325QYO,98,20250401,2026-03-31,
500,1001,ISD1296,CP,  ,X,CO,72239817420,1AC0425LYY,32.5,20250409,2026-03-31,
500,1001,CD5246,CI,C1,X,CO,72239817420,1AC0425LYY,32.5,20250409,2026-03-31,
500,1001,DHL0001,CI,C1,X,CO,72239817420,1AC0425LYY,32.5,20250409,2026-03-31,
500,1001,ISD1296,CI,C1,X,CO,72239817420,1AC0425LYY,32.5,20250409,2026-03-31,
500,1001,MGVSE00706,CI,C1,X,CO,72239817420,1AC0425LYY,32.5,20250409,2026-03-31,
500,1001,MGVSE00706,CP,C1,X,CO,72239817420,1AC0425LYY,32.5,20250409,2026-03-31,
500,1001,MKTGG00378,CI,C1,X,CO,25063200,1AB0425AHZ,87.5,20250403,2026-03-31,
500,1001,HOTEL202,CP,C1,X,CO,2741307,1AA0525ARA,95,20250430,2026-03-31,
500,1001,SMGDXS225,CI,C1,X,CO,23396701,1AE0525JNK,95,20250520,2026-03-31,
500,1001,HOTEL202,CI,C1,X,  ,2741307,1AA0525ARA,95,20250430,2026-03-31,
500,1001,DDV00035AA,CI,C1,X,CO,467804953,1AE0425XCA,87.5,20250417,2026-03-31,
500,1001,MSBDHL01,CI,C1,X,CO,87362532,1AD0625UZJ,0.5,20250619,2026-03-31,
500,1001,MD016,CI,C1,X,CO,47000000,1AF0525EER,37.5,20250522,2026-03-31,
500,1001,DDV00035AA,II,I2,X,CO,377450446,1AE0425XCB,87.5,20250417,2026-03-31,
500,1001,DNL00277AA,JI,J1,X,CO,1000000,1AA0525SWC,64,20250502,2026-03-31,
500,1001,VTSPLMH15,JI,J1,X,CO,0,NOTIFI-21/2012,100,20250701,2026-03-31,
500,1001,MS031,JP,J3,X,OT,10000000,1AE0425NED,100,20250416,2026-03-31,
500,1001,MS031,JI,J3,X,OT,10000000,1AE0425NED,100,20250416,2026-03-31,
500,1001,MAS9905,JP,  ,X,CO,1222281345,1AD0725FHI,70,20250731,2026-03-31,
500,1001,DSM63864,CI,C1,X,CO,1433439613,1AD0725FHJ,62.5,20250731,2026-03-31,
500,1001,MAS9905,CP,C1,X,CO,1433439613,1AD0725FHJ,62.5,20250731,2026-03-31,
500,1001,MAS9905,CI,C1,X,CO,1433439613,1AD0725FHJ,62.5,20250731,2026-03-31,
500,1001,NSMADE0121,JI,J1,X,CO,1222281345,1AD0725FHI,70,20250731,2026-03-31,
500,1001,SYNRV2,JI,J1,X,CO,1222281345,1AD0725FHI,70,20250731,2026-03-31,
500,1001,M0434,JI,J1,X,CO,1222281345,1AD0725FHI,70,20250731,2026-03-31,
500,1001,MAS9905,JI,J1,X,CO,1222281345,1AD0725FHI,70,20250731,2026-03-31,
500,1001,DSM63864,JI,J1,X,CO,1222281345,1AD0725FHI,70,20250731,2026-03-31,
500,1001,IMPGP003,JI,J1,X,CO,1222281345,1AD0725FHI,70,20250731,2026-03-31,
500,1001,DIB00155AN,CI,C1,X,CO,681819,1AC0325HPR,90,20250401,2026-03-31,
500,1001,HTML_01TG,CI,C1,X,CO,3846000,1AC0725LIB,85,20250723,2026-03-31,
500,1001,CDKD001,JI,J1,X,CO,2000000,1AC0725KZO,90,20250723,2026-03-31,
500,1001,MW0001A,JP,J1, ,CO,3234491,1AC0725QWG,87.5,20250724,2026-03-31,
500,1001,P6999,JP,J1,X,CO,1500000,1AC0725NYL,60,20250724,2026-03-31,
500,1001,P6999,JI,J1, ,CO,1500000,1AC0725NYL,60,20250724,2026-03-31,
500,1001,NSSBSP0123,JI,J1,X,CO,2000000,1AC0725OGN,50,20250724,2026-03-31,
500,1001,MW0001A,JI,J1,X,CO,3234491,1AC0725QWG,87.5,20250724,2026-03-31,
500,1001,WHL01,JI,J3,X,CO,3234491,1AC0725QWG,87.5,20250724,2026-03-31,
500,1001,MFVF0031,JP,  , ,CO,29930627,1AG0425ZLB,100,20250428,2026-03-31,
500,1001,MFVF0031,CP,  , ,CO,2736450409,1AG0425ZKY,100,20250428,2026-03-31,
500,1001,MFVF0031,CI,C1,X,CO,2736450409,1AG0425ZKY,100,20250428,2026-03-31,
500,1001,MFVF0031,JI,J1,X,CO,29930627,1AG0425ZLB,100,20250428,2026-03-31,
500,1018,MAS9905,CI,C1,X,CO,                ,1AD0725FJL,62.5,20250731,2026-03-31,
500,1001,DIB00155AF,CI,C1,X,CO,681819,1AC0325HPR,90,20250401,2026-03-31,
500,1001,DIB00155AF,JI,J1,X,CO,20845569,1AB0325QYO,98,20250401,2026-03-31,
500,1001,DIB00596AA,CI,C1,X,CO,15965599921,1AG0425KNL,75,20250424,2026-03-31,
500,1001,29HT003,CI,C1,X,CO,3846000,1AC0725LIB,85,20250723,2026-03-31,
500,1001,WBA0184701,CI,C1,X,CO,100000000,1AG0525ISM,95,20250529,2026-03-31,
500,1001,LM004,CI,C1,X,CO,24000000,1AC0525FUV,20,20250509,2026-03-31,
500,1001,LM004,CP,C1,X,CO,24000000,1AC0525FUV,20,20250509,2026-03-31,
500,1001,CLPL0614,CI,C1,X,CO,1300000.00,1AB0625RNU,75,20250606,2026-03-31,
500,1005,MAS9905,CI,C1,X,CO,                ,1AD0725FHN,62.5,20250731,2026-03-31,
500,1001,AGCCIIM189,JI,J3,X,OT,1500000000,1AF0425DPR,100,20250417,2026-03-31,
500,1006,UDS001,CI,C1,X,CO,                ,IAB0725ILO,62.5,20250716,2026-03-31,
500,1009,MAS9905,CI,C1,X,CO,                ,1AD0725FJH,62.5,20250731,2026-03-31,
500,1009,MAS9905,JP,J1,X,CO,                ,1AD0725FJG,70,20250731,2026-03-31,
500,1009,MAS9905,JI,J1,X,CO,                ,1AD0725FJG,70,20250731,2026-03-31,
500,1007,EY002,JP,J3,X,OT,                ,1AC0625AQB,40,20250610,2026-03-31,
500,1007,EY002,JI,J3,X,OT,                ,1AC0625AQB,40,20250610,2026-03-31,
500,1012,MLDL009123,HP,H1,X,CO,                ,1AF0625HZC,99,20250630,2026-03-31,
500,1012,MLDL009123,HI,H1,X,CO,                ,1AF0625HZC,99,20250630,2026-03-31,
500,1001,DIF00136AA,CI,C1,X,CO,200000000,1AB0825KIH,50,20250822,2026-03-31,
500,1001,DIF00136AA,CP,C1,X,CO,200000000,1AB0825KIH,50,20250822,2026-03-31,
500,1001,DNP01196AA,JI,J1,X,CO,3428579688,1AG0425UUW,90,20250428,2026-03-31,
500,1001,DIY00024AB,CI,C1,X,CO,213222804,1AD0725EUN,100,20250731,2026-03-31,
500,1001,DIY00024AB,CP,C1, ,CO,213222804,1AD0725EUN,100,20250731,2026-03-31,
500,1001,MAS9905AS,CI,C1,X,CO,1433439613,1AD0725FHJ,62.5,20250731,2026-03-31,
500,1001,DIM00398AN,CI,C1,X,CO,29908879483,1AB0725BXV,60,20250714,2026-03-31,
500,1001,MAS9905TN,CI,C1,X,CO,1433439613,1AD0725FHJ,62.5,20250731,2026-03-31,
500,1001,HOTEL418,CI,C1,X,CO,2741307,1AA0525ARA,95,20250430,2026-03-31,
500,1001,MLDL000309,CI,C1,X,CO,72239817420,1AC0425LYY,32.5,20250409,2026-03-31,
500,1001,HOTEL418,CP,C1,X,CO,2741307,1AA0525ARA,95,20250430,2026-03-31,
500,1001,MLDL000309,CP,C1,X,CO,72239817420,1AC0425LYY,32.5,20250409,2026-03-31,
500,1001,MAS9905GJ,CI,C1,X,CO,1433439613,1AD0725FHJ,62.5,20250731,2026-03-31,
500,1001,DIB00155AA,CI,C1,X,CO,681819,1AC0325HPR,90,20250401,2026-03-31,
500,1001,MAS9905TN,CP,C1,X,CO,1433439613,1AD0725FHJ,62.5,20250731,2026-03-31,
500,1001,MAS9905PB,CI,C1,X,CO,1433439613,1AD0725FHJ,62.5,20250731,2026-03-31,
500,1001,DSY64803,CI,C1,X,CO,213222804,1AD0725EUN,100,20250731,2026-03-31,
500,1001,MAS9905AS,JI,J1,X,CO,1222281345,1AD0725FHI,70,20250731,2026-03-31,
500,1001,MAS9905PB,JI,J1,X,CO,1222281345,1AD0725FHI,70,20250731,2026-03-31,
500,1001,MAS9905TN,JI,J1,X,CO,1222281345,1AD0725FHI,70,20250731,2026-03-31,
500,1001,HM001,JI,J3,X,OT,8311776,1AA0825POF,100,20250811,2026-03-31,
500,1001,DIM00420AB,CP,  , ,CO,99103691,1AD0725FHJ,62.5,20250731,2026-03-31,
500,1001,DIM00420AB,CI,C1,X,CO,99103691,1AD0725FHJ,62.5,20250731,2026-03-31,
500,1007,MHDL06278,JI,J1,X,CO,                ,1AB0825CKY,50,20250813,2026-03-31,
500,1007,MHDL06278,JP,J1,X,CO,                ,1AB0825CKY,50,20250813,2026-03-31,
500,1001,DNK00091AA,CI,C4,X,OT,756000000,1AB0725BTD,90,20250714,2026-12-31,
500,1007,DNP01196AA,JP,J1,X,CO,                ,1AG0425UUW,90,20250428,2026-03-31,
500,1007,DNP01196AA,JI,J1,X,CO,                ,1AG0425UUW,90,20250428,2026-03-31,
500,1001,DIG00431AD,CI,C1,X,CO,100000000,1AG0525ISM,95,20250529,2026-03-31,
500,1007,MLDL134957,CI,C1,X,CO,                ,1AB0925FNX,75,20250930,2026-03-31,
500,1007,MLDL134957,CP,C1,X,CO,                ,1AB0925FNX,75,20250930,2026-03-31,
500,1001,FICCI02,CP,C1,X,CO,2736450409,1AG0425ZKY,100,20250428,2026-03-31,
500,1001,FICCI02,CI,C1,X,CO,2736450409,1AG0425ZKY,100,20250428,2026-03-31,
500,1001,FICCI02,JP,J1,X,CO,29930627,1AG0425ZLB,100,20250428,2026-03-31,
500,1001,FICCI02,JI,J1,X,CO,29930627,1AG0425ZLB,100,20250428,2026-03-31,
500,1001,AGMSKAHO01,JI,J1,X,CO,2760000000,1AC0625JYI,40,20250712,2026-03-31,
500,1001,DIT00167AA,JP,  ,X,OT,5000000000,1AE0425CJW,100,20250415,2026-03-31,
500,1001,DND00312AB,CP,  ,X,CO,72239817420,1AC0425LYY,32.5,20250409,2026-03-31,
500,1001,DNM00420AD,CP,C1,X,CO,1433439613,1AD0725FHJ,62.5,20250731,2026-03-31,
500,1001,DID00312AG,CP,C1,X,CO,72239817420,1AC0425LYY,32.5,20250409,2026-03-31,
500,1001,DNM00420AA,CI,C1,X,CO,1433439613,1AD0725FHJ,62.5,20250731,2026-03-31,
500,1001,DNM00420AD,CI,C1,X,CO,1433439613,1AD0725FHJ,62.5,20250731,2026-03-31,
500,1001,DND00312AB,CI,C1,X,CO,72239817420,1AC0425LYY,32.5,20250409,2026-03-31,
500,1001,DID00312AA,CP,C1,X,CO,72239817420,1AC0425LYY,32.5,20250409,2026-03-31,
500,1001,DID00312AA,CI,C1,X,CO,72239817420,1AC0425LYY,32.5,20250409,2026-03-31,
500,1001,DHLTS2024,CI,C1,X,CO,72239817420,1AC0425LYY,32.5,20250409,2026-03-31,
500,1001,DID00312AG,CI,C1,X,CO,72239817420,1AC0425LYY,32.5,20250409,2026-03-31,
500,1001,DNC00728AA,JI,J1,X,CO,2000000,1AC0725KZO,90,20250723,2026-03-31,
500,1001,DNM00420AD,JI,J1,X,CO,1222281345,1AD0725FHI,70,20250731,2026-03-31,
500,1001,DNM00420AA,JI,J1,X,CO,1222281345,1AD0725FHI,70,20250731,2026-03-31,
500,1001,CLPL0489,JI,J1,X,CO,8500000.00,1AC0625WET,90,20250614,2026-03-31,
500,1001,HP001,JI,J1,X,OT,15000000,1AA0725NKB,100,20250704,2026-03-31,
500,1001,DIT00167AA,JI,J3,X,OT,5000000000,1AE0425CJW,100,20250415,2026-03-31,
500,1007,MLDL000091,JP,J3,X,OT,                ,1AE0425CJW,100,20250415,2026-03-31,
500,1007,MLDL000091,JI,J3,X,OT,                ,1AE0425CJW,100,20250415,2026-03-31,
500,1001,DNM00420AE,CI,C1,X,CO,1433439613,1AD0725FHJ,62.5,20250731,2026-03-31,
500,1001,DIM00420AD,CI,C1,X,CO,1433439613,1AD0725FHJ,62.5,20250731,2026-03-31,
500,1001,DNM00420AB,CI,C1,X,CO,1433439613,1AD0725FHJ,62.5,20250731,2026-03-31,
500,1001,DNM00420AB,JI,J1,X,CO,1222281345,1AD0725FHI,70,20250731,2026-03-31,
500,1001,DIP00221AA,JP,J1,X,CO,3084794102,1AA0825QGC,55,20250811,2026-03-31,
500,1001,DIP00221AA,JI,J1,X,CO,3084794102,1AA0825QGC,55,20250811,2026-03-31,
500,1001,DNC00800AA,CP,C1,X,CO,5000000,1AA1225LKT,25,20251216,2026-03-31,
500,1001,DNC00800AA,CI,C1,X,CO,5000000,1AA1225LKT,25,20251216,2026-03-31,
500,1001,DNE00440AA,JI,J3,X,CO,3720000,1AC0625GHS,50,20250611,2026-03-31,
500,1001,EYAS001,JI,J3,X,CO,3720000,1AC0625GHS,50,20250611,2026-03-31,
500,1007,S6151,JP,J3,X,OT,                ,1AA0525WVS,100,20250505,2026-03-31,
500,1007,S6151,JI,J3,X,OT,                ,1AA0525WVS,100,20250505,2026-03-31,
500,1006,MAS9905,CI,C1,X,CO,                ,1AD0725FIY,62.5,20250701,2026-03-31,
500,1001,DNI00531AD,CI,C1,X,CO,2741307,1AA0525ARA,95,20250430,2026-03-31,
500,1001,DIG00431AC,CI,C1,X,CO,100000000,1AG0525ISM,95,20250529,2026-03-31,
500,1001,DNI00531AD,CP,C1,X,CO,2741307,1AA0525ARA,95,20250430,2026-03-31,
500,1001,DIG00431AA,CI,C1,X,CO,100000000,1AG0525ISM,95,20250529,2026-03-31,
500,1001,DID00318AA,CI,C1,X,CO,87362532,1AD0625UZJ,0.5,20250619,2026-03-31,
500,1001,DIA01154AA,CI,C1,X,CO,1300000,1AB0625RNU,75,20250606,2026-03-31,
500,1001,DNI00531AC,CI,C1,X,CO,2741307,1AA0525ARA,95,20250430,2026-03-31,
500,1001,DHL1088,CI,C1,X,CO,72239817420,1AC0425LYY,32.5,20250409,2026-03-31,
500,1001,DIS00585AA,JI,J1,X,CO,14900000,1AA1025FYH,50,20251010,2026-03-31,
500,1001,DIC00248AA,JI,J1,X,CO,6527400,1AA1025USD,70,20251017,2026-03-31,
500,1001,DNS02773AA,JI,J3,X,OT,10000000,1AA0425YPN,100,20250402,2026-03-31,
500,1001,DND00312AJ,CI,C1,X,CO,72239817420,1AC0425LYY,32.5,20250409,2026-03-31,
500,1001,DNS03516AA,CI,C1,X,CO,10700000,1AG0525REE,99.5,20250530,2026-03-31,
500,1001,DNS03005AA,JI,J3,X,OT,12500000,1AA0525WVQ,100,20250505,2026-03-31,
500,1001,DNI00531AE,CI,C1,X,CO,2741307,1AA0525ARA,95,20250430,2026-03-31,
500,1001,DNI00531AE,CP,C1,X,CO,2741307,1AA0525ARA,95,20250430,2026-03-31,
500,1001,DIT00384AI,JI,J1,X,CO,5569000,1AA0625ISU,50,20250602,2026-03-31,
500,1001,DNK00091AB,CI,C4,X,OT,160000000,1AA0126JCP,90,20260120,2026-03-31,
500,1001,DIT00559AB,CI,C1,X,CO,31377000,1AE0625OEU,75,20250624,2026-03-31,
500,1001,BCG01,JI,J1,X,CO,47772469381,1AD0625UKD,55,20250619,2026-03-31,
500,1001,DIL00146AB,CP,C1,X,CO,24000000,1AC0525FUV,20,20250509,2026-03-31,
500,1001,DIL00146AB,CI,C1,X,CO,24000000,1AC0525FUV,20,20250509,2026-03-31,
500,1001,DII00426AC,JP,J3,X,OT,4000000,1AB0325DVQ,100,20250401,2026-03-31,
500,1001,DII00426AC,JI,J3,X,OT,4000000,1AB0325DVQ,100,20250401,2026-03-31,
500,1001,DIL00146AA,CP,C1,X,CO,24000000,1AC0525FUV,20,20250509,2026-03-31,
500,1001,DIL00146AA,CI,C1,X,CO,24000000,1AC0525FUV,20,20250509,2026-03-31,
500,1001,DIM00420AB,JP,  , ,CO,33847168,1AD0725FHI,70,20250731,2026-03-31,
500,1001,DIM00420AB,JI,J1,X,CO,33847168,1AD0725FHI,70,20250731,2026-03-31,
500,1001,DNB00904AA,JI,J3,X,OT,13181000000,1AB0325GFT,19.9,20250401,2026-03-31,
500,1001,DIM00420AH,CI,C1,X,CO,1433439613,1AD0725FHJ,62.5,20250731,2026-03-31,
500,1001,DIM00420AH,JI,J1,X,CO,1222281345,1AD0725FHI,70,20250731,2026-03-31,
500,1001,TSL00012,CI,C1,X,CO,314374365,1AB0326MHW,95,20260401,2027-03-31,
500,1001,DIT00610AA,CI,C1,X,CO,314374365,1AB0326MHW,95,20260401,2027-03-31,
500,1001,NST002,CI,C1,X,CO,314374365,1AB0326MHW,95,20260401,2027-03-31,
500,1001,MLDL006195,CP,C1, ,CO,314374365,1AB0326MHW,95,20260401,2027-03-31,
500,1001,T339,CI,C1,X,CO,314374365,1AB0326MHW,95,20260401,2027-03-31,
500,1001,DNT00610AA,CI,C1,X,CO,314374365,1AB0326MHW,95,20260401,2027-03-31,
500,1001,DIT00610AB,CI,C1,X,CO,314374365,1AB0326MHW,95,20260401,2027-03-31,
500,1001,TLSPL1022,CP,C1, ,CO,314374365,1AB0326MHW,95,20260401,2027-03-31,
500,1001,MLDL006195,CI,C1,X,CO,314374365,1AB0326MHW,95,20260401,2027-03-31,
500,1001,TLSPL1022,CI,C1,X,CO,314374365,1AB0326MHW,95,20260401,2027-03-31,
500,1001,DIG00415AB,CI,C1,X,CO,7080000,1AB0326EZL,85,20260401,2027-03-31,
500,1001,S01282,CI,C1,X,CO,20895111,1AC0426YUV,87.5,20260415,2027-03-31,
500,1001,SOSVC10CH,CP,C1,X,CO,20895111,1AC0426YUV,87.5,20260415,2027-03-31,
500,1001,NSPL001,CI,C1,X,CO,5200000,1AC0426RZI,67.5,20260415,2027-03-31,
500,1001,RTFTPL0917,CI,C1,X,CO,1100000000,1AC0426LLA,82.5,20260413,2027-03-31,
500,1001,DNT00161AA,CI,C1,X,CO,9390000,1AA0426SYZ,65,20260402,2027-03-31,
500,1001,DNM00420AC,CI,C1,X,CO,1433439613,1AD0725FHJ,62.5,20250731,2026-03-31,
500,1001,DNN00750AA,CI,C1,X,CO,5200000,1AC0426RZI,67.5,20260415,2027-03-31,
500,1001,EBU22809,CI,C1,X,CO,1100000000,1AC0426LLA,82.5,20260413,2027-03-31,
500,1001,DIP00727AA,CP,C1,X,CO,20895111,1AC0426YUV,87.5,20260415,2027-03-31,
500,1001,PSB2700389,CI,C1,X,CO,1100000000,1AC0426LLA,82.5,20260413,2027-03-31,
500,1001,DNR00824AA,CI,C1,X,CO,1100000000,1AC0426LLA,82.5,20260413,2027-03-31,
500,1001,DIP00727AA,CI,C1,X,CO,20895111,1AC0426YUV,87.5,20260415,2027-03-31,
500,1001,DIP00727AB,CP,C1,X,CO,20895111,1AC0426YUV,87.5,20260415,2027-03-31,
500,1001,DNR00824AB,CI,C1,X,CO,1100000000,1AC0426LLA,82.5,20260413,2027-03-31,
500,1001,EBU22809,CP,C1,X,CO,1100000000,1AC0426LLA,82.5,20260413,2027-03-31,
500,1001,RTPL0917,CI,C1,X,CO,1100000000,1AC0426LLA,82.5,20260413,2027-03-31,
500,1001,NSTCISC012,CI,C1,X,CO,9390000,1AA0426SYZ,65,20260402,2027-03-31,
500,1001,DIP00727AB,CI,C1,X,CO,20895111,1AC0426YUV,87.5,20260415,2027-03-31,
500,1001,T1050MP,CI,C1,X,CO,12992344,1AA0426VTK,75,20260402,2027-03-31,
500,1001,S01282,CP,C1,X,CO,20895111,1AC0426YUV,87.5,20260415,2027-03-31,
500,1001,EBU44345,CI,C1,X,CO,1100000000,1AC0426LLA,82.5,20260413,2027-03-31,
500,1001,DNR00824AC,CI,C1,X,CO,1100000000,1AC0426LLA,82.5,20260413,2027-03-31,
500,1001,DIT00485AA,CI,C1,X,CO,12992344,1AA0426VTK,75,20260402,2027-03-31,
500,1001,PTS1000124,CI,C1,X,CO,1100000000,1AC0426LLA,82.5,20260413,2027-03-31,
500,1001,SOSVC10CH,CI,C1,X,CO,20895111,1AC0426YUV,87.5,20260415,2027-03-31,
500,1001,CS0085,JI,J1,X,CO,70000000,1AD0426CLH,84,20260415,2027-03-31,
500,1001,SITL111013,JI,J1,X,CO,1000000000,1AB0426HMM,75,20260407,2027-03-31,
500,1001,DCS00642AA,JP,J1, ,CO,70000000,1AD0426CLH,84,20260415,2027-03-31,
500,1001,CS0085,JP,J1, ,CO,70000000,1AD0426CLH,84,20260415,2027-03-31,
500,1001,DCS00642AA,JI,J1,X,CO,70000000,1AD0426CLH,84,20260415,2027-03-31,
500,1001,DIS00642AA,JP,J1, ,CO,70000000,1AD0426CLH,84,20260415,2027-03-31,
500,1001,DNS00642AA,JP,J1, ,CO,70000000,1AD0426CLH,84,20260415,2027-03-31,
500,1001,DNS00642AA,JI,J1,X,CO,70000000,1AD0426CLH,84,20260415,2027-03-31,
500,1001,DIS00642AA,JI,J1,X,CO,70000000,1AD0426CLH,84,20260415,2027-03-31,
500,1001,32MAS1022,CP,  , ,CO,31084341727,1AD0426EMH,60,20260416,2027-03-31,
500,1001,DSM64924,CP,  , ,CO,31084341727,1AD0426EMH,60,20260416,2027-03-31,
500,1001,DIM00398AC,CP,  , ,CO,31084341727,1AD0426EMH,60,20260416,2027-03-31,
500,1001,24MAS1022,CP,  , ,CO,31084341727,1AD0426EMH,60,20260416,2027-03-31,
500,1001,23MAS1022,CP,  , ,CO,31084341727,1AD0426EMH,60,20260416,2027-03-31,
500,1001,DIM00398AL,JP,  , ,CO,2070249434,1AD0426EMJ,92,20260416,2027-03-31,
500,1001,19MAS1022,CP,  , ,  ,31084341727,1AD0426EMH,60,20260416,2027-03-31,
500,1001,DIM00398AH,CP,  , ,CO,31084341727,1AD0426EMH,60,20260416,2027-03-31,
500,1001,DIM00398AD,CP,  , ,CO,31084341727,1AD0426EMH,60,20260416,2027-03-31,
500,1001,DDM00398AA,CP,  ,X,CO,31084341727,1AD0426EMH,60,20260416,2027-03-31,
500,1001,DIM00398AL,CP,  , ,CO,31084341727,1AD0426EMH,60,20260416,2027-03-31,
500,1001,DIM00398AA,CP,  , ,CO,31084341727,1AD0426EMH,60,20260416,2027-03-31,
500,1001,DIM00398AL,8I,  , ,CO,866946434,1AD0426EMI,92,20260416,2027-03-31,
500,1001,DIM00398AF,CP,  ,X,CO,31084341727,1AD0426EMH,60,20260416,2027-03-31,
500,1001,09MAS1022,CP,  , ,CO,31084341727,1AD0426EMH,60,20260416,2027-03-31,
500,1001,09MAS1022,CI,C1,X,CO,31084341727,1AD0426EMH,60,20260416,2027-03-31,
500,1001,DSM64939,CI,C1,X,CO,31084341727,1AD0426EMH,60,20260416,2027-03-31,
500,1001,DSM64937,CI,C1,X,CO,31084341727,1AD0426EMH,60,20260416,2027-03-31,
500,1001,CM00165,CP,C1,X,CO,31084341727,1AD0426EMH,60,20260416,2027-03-31,
500,1001,DSM64927,CI,C1,X,CO,31084341727,1AD0426EMH,60,20260416,2027-03-31,
500,1001,32MAS1022,CI,C1,X,CO,31084341727,1AD0426EMH,60,20260416,2027-03-31,
500,1001,08MAS1022,CP,C1, ,CO,31084341727,1AD0426EMH,60,20260416,2027-03-31,
500,1001,PSB2700400,CI,C1,X,CO,800000000,1AE0426GNE,80,20260421,2027-03-31,
500,1001,DSM64931,CI,C1,X,CO,31084341727,1AD0426EMH,60,20260416,2027-03-31,
500,1001,02MAS1022,CI,C1,X,CO,31084341727,1AD0426EMH,60,20260416,2027-03-31,
500,1001,DIM00398AI,CI,C1,X,CO,31084341727,1AD0426EMH,60,20260416,2027-03-31,
500,1001,18MAS1022,CP,C1, ,CO,31084341727,1AD0426EMH,60,20260416,2027-03-31,
500,1001,10MAS1022,CP,C1, ,CO,31084341727,1AD0426EMH,60,20260416,2027-03-31,
500,1001,MA3494,CI,C1,X,CO,31084341727,1AD0426EMH,60,20260416,2027-03-31,
500,1001,MA3494,CP,C1, ,CO,31084341727,1AD0426EMH,60,20260416,2027-03-31,
500,1001,CM00165,CI,C1,X,CO,31084341727,1AD0426EMH,60,20260416,2027-03-31,
500,1001,36MAS1022,CI,C1,X,CO,31084341727,1AD0426EMH,60,20260416,2027-03-31,
500,1001,MAS1062,CP,C1, ,CO,31084341727,1AD0426EMH,60,20260416,2027-03-31,
500,1001,27MAS1022,CP,C1, ,CO,31084341727,1AD0426EMH,60,20260416,2027-03-31,
500,1001,27MAS1022,CI,C1,X,CO,31084341727,1AD0426EMH,60,20260416,2027-03-31,
500,1001,DIM00398AL,CI,C1,X,CO,31084341727,1AD0426EMH,60,20260416,2027-03-31,
500,1001,37MAS1022,CP,C1, ,CO,31084341727,1AD0426EMH,60,20260416,2027-03-31,
500,1001,DSM64926,CI,C1,X,CO,31084341727,1AD0426EMH,60,20260416,2027-03-31,
500,1001,M01179B,CI,C1,X,CO,31084341727,1AD0426EMH,60,20260416,2027-03-31,
500,1001,10MAS1022,CI,C1,X,CO,31084341727,1AD0426EMH,60,20260416,2027-03-31,
500,1001,DSM64924,CI,C1,X,CO,31084341727,1AD0426EMH,60,20260416,2027-03-31,
500,1001,MLL1209,CP,C1, ,CO,31084341727,1AD0426EMH,60,20260416,2027-03-31,
500,1001,DSM64935,CI,C1,X,CO,31084341727,1AD0426EMH,60,20260416,2027-03-31,
500,1001,DSM64940,CI,C1,X,CO,31084341727,1AD0426EMH,60,20260416,2027-03-31,
500,1001,23MAS1022,CI,C1,X,CO,31084341727,1AD0426EMH,60,20260416,2027-03-31,
500,1001,DNM00398AB,CP,C1,X,CO,31084341727,1AD0426EMH,60,20260416,2027-03-31,
500,1001,DSM64928,CI,C1,X,CO,31084341727,1AD0426EMH,60,20260416,2027-03-31,
500,1001,06MAS1022,CP,C1, ,CO,31084341727,1AD0426EMH,60,20260416,2027-03-31,
500,1001,DSM64933,CI,C1,X,CO,31084341727,1AD0426EMH,60,20260416,2027-03-31,
500,1001,MAS1022A,CI,C1,X,CO,31084341727,1AD0426EMH,60,20260416,2027-03-31,
500,1001,DIM00398AE,CI,C1,X,CO,31084341727,1AD0426EMH,60,20260416,2027-03-31,
500,1001,MAS1022,CP,C1, ,CO,31084341727,1AD0426EMH,60,20260416,2027-03-31,
500,1001,MAS1062,CI,C1,X,CO,31084341727,1AD0426EMH,60,20260416,2027-03-31,
500,1001,MAS1022B,CP,C1, ,CO,31084341727,1AD0426EMH,60,20260416,2027-03-31,
500,1001,MAS1062A,CP,C1, ,CO,31084341727,1AD0426EMH,60,20260416,2027-03-31,
500,1001,MLLC82017,CI,C1,X,CO,31084341727,1AD0426EMH,60,20260416,2027-03-31,
500,1001,MAS1022,CI,C1,X,CO,31084341727,1AD0426EMH,60,20260416,2027-03-31,
500,1001,DIM00398AJ,CI,C1,X,CO,31084341727,1AD0426EMH,60,20260416,2027-03-31,
500,1001,07MAS1022,CI,C1,X,CO,31084341727,1AD0426EMH,60,20260416,2027-03-31,
500,1001,MA3494A,CI,C1,X,CO,31084341727,1AD0426EMH,60,20260416,2027-03-31,
500,1001,DSM64942,CI,C1,X,CO,31084341727,1AD0426EMH,60,20260416,2027-03-31,
500,1001,29MAS1022,CI,C1,X,CO,31084341727,1AD0426EMH,60,20260416,2027-03-31,
500,1001,DNM00398AE,CP,C1, ,CO,31084341727,1AD0426EMH,60,20260416,2027-03-31,
500,1001,DNM00398AC,CP,C1, ,CO,31084341727,1AD0426EMH,60,20260416,2027-03-31,
500,1001,19MAS1022,CI,C1,X,CO,31084341727,1AD0426EMH,60,20260416,2027-03-31,
500,1001,DSM64922,CI,C1,X,CO,31084341727,1AD0426EMH,60,20260416,2027-03-31,
500,1001,DIM00398AA,CI,C1,X,CO,31084341727,1AD0426EMH,60,20260416,2027-03-31,
500,1001,DIM00398AR,CI,C1,X,CO,31084341727,1AD0426EMH,60,20260416,2027-03-31,
500,1001,07MAS1022,CP,C1,X,CO,31084341727,1AD0426EMH,60,20260416,2027-03-31,
500,1001,DSM64943,CI,C1,X,CO,31084341727,1AD0426EMH,60,20260416,2027-03-31,
500,1001,03MAS1022,CI,C1,X,CO,31084341727,1AD0426EMH,60,20260416,2027-03-31,
500,1001,MLL1209,CI,C1,X,CO,31084341727,1AD0426EMH,60,20260416,2027-03-31,
500,1001,20MAS1022,CP,C1, ,CO,31084341727,1AD0426EMH,60,20260416,2027-03-31,
500,1001,21MAS1022,CI,C1,X,CO,31084341727,1AD0426EMH,60,20260416,2027-03-31,
500,1001,DIM00398AH,CI,C1,X,CO,31084341727,1AD0426EMH,60,20260416,2027-03-31,
500,1001,MAS1022B,CI,C1,X,CO,31084341727,1AD0426EMH,60,20260416,2027-03-31,
500,1001,DSM64929,CI,C1,X,CO,31084341727,1AD0426EMH,60,20260416,2027-03-31,
500,1001,DSM64934,CI,C1,X,CO,31084341727,1AD0426EMH,60,20260416,2027-03-31,
500,1001,DIM00398AR,CP,C1, ,CO,31084341727,1AD0426EMH,60,20260416,2027-03-31,
500,1001,AGPULSES14,CI,C1,X,CO,31084341727,1AD0426EMH,60,20260416,2027-03-31,
500,1001,DIM00398AI,CP,C1,X,CO,31084341727,1AD0426EMH,60,20260416,2027-03-31,
500,1001,08MAS1022,CI,C1,X,CO,31084341727,1AD0426EMH,60,20260416,2027-03-31,
500,1001,20MAS1022,CI,C1,X,CO,31084341727,1AD0426EMH,60,20260416,2027-03-31,
500,1001,ML01,CI,C1,X,CO,31084341727,1AD0426EMH,60,20260416,2027-03-31,
500,1001,DIM00398AS,CI,C1,X,CO,31084341727,1AD0426EMH,60,20260416,2027-03-31,
500,1001,DIM00398AC,CI,C1,X,CO,31084341727,1AD0426EMH,60,20260416,2027-03-31,
500,1001,MAS1022C,CP,C1, ,CO,31084341727,1AD0426EMH,60,20260416,2027-03-31,
500,1001,DIM00398AD,CI,C1,X,CO,31084341727,1AD0426EMH,60,20260416,2027-03-31,
500,1001,DSM64944,CI,C1,X,CO,31084341727,1AD0426EMH,60,20260416,2027-03-31,
500,1001,21MAS1022,CP,C1, ,CO,31084341727,1AD0426EMH,60,20260416,2027-03-31,
500,1001,05MAS1022,CI,C1,X,CO,31084341727,1AD0426EMH,60,20260416,2027-03-31,
500,1001,DIM00398AG,CI,C1,X,CO,31084341727,1AD0426EMH,60,20260416,2027-03-31,
500,1001,01MAS1022,CI,C1,X,CO,31084341727,1AD0426EMH,60,20260416,2027-03-31,
500,1001,DNM00398AE,CI,C1,X,CO,31084341727,1AD0426EMH,60,20260416,2027-03-31,
500,1001,22MAS1022,CI,C1,X,CO,31084341727,1AD0426EMH,60,20260416,2027-03-31,
500,1001,DSM64925,CI,C1,X,CO,31084341727,1AD0426EMH,60,20260416,2027-03-31,
500,1001,DIM00398AB,CP,C1, ,CO,31084341727,1AD0426EMH,60,20260416,2027-03-31,
500,1001,DSM64923,CI,C1,X,CO,31084341727,1AD0426EMH,60,20260416,2027-03-31,
500,1001,33MAS1022,CI,C1,X,CO,31084341727,1AD0426EMH,60,20260416,2027-03-31,
500,1001,DSM64930,CI,C1,X,CO,31084341727,1AD0426EMH,60,20260416,2027-03-31,
500,1001,18MAS1022,CI,C1,X,CO,31084341727,1AD0426EMH,60,20260416,2027-03-31,
500,1001,29MAS1022,CP,C1, ,CO,31084341727,1AD0426EMH,60,20260416,2027-03-31,
500,1001,DIH00185AA,CI,C1,X,CO,1AD0426XBN,9000000,75,20260420,2027-03-31,
500,1001,MAS1022C,CI,C1,X,CO,31084341727,1AD0426EMH,60,20260416,2027-03-31,
500,1001,DSM64932,CI,C1,X,CO,31084341727,1AD0426EMH,60,20260416,2027-03-31,
500,1001,DSM64941,CI,C1,X,CO,31084341727,1AD0426EMH,60,20260416,2027-03-31,
500,1001,36MAS1022,CP,C1, ,CO,31084341727,1AD0426EMH,60,20260416,2027-03-31,
500,1001,DDM00398AA,CI,C1,X,CO,31084341727,1AD0426EMH,60,20260416,2027-03-31,
500,1001,MAS1062A,CI,C1,X,CO,31084341727,1AD0426EMH,60,20260416,2027-03-31,
500,1001,24MAS1022,CI,C1,X,CO,31084341727,1AD0426EMH,60,20260416,2027-03-31,
500,1001,MAS1022A,CP,C1, ,CO,31084341727,1AD0426EMH,60,20260416,2027-03-31,
500,1001,BMAHL0101,CI,C1,X,CO,31084341727,1AD0426EMH,60,20260416,2027-03-31,
500,1001,30MAS1022,CI,C1,X,CO,31084341727,1AD0426EMH,60,20260416,2027-03-31,
500,1001,DNM00398AC,CI,C1,X,CO,31084341727,1AD0426EMH,60,20260416,2027-03-31,
500,1001,33MAS1022,CP,C1, ,CO,31084341727,1AD0426EMH,60,20260416,2027-03-31,
500,1001,DIM00398AF,CI,C1,X,CO,31084341727,1AD0426EMH,60,20260416,2027-03-31,
500,1001,DSM64938,CI,C1,X,CO,31084341727,1AD0426EMH,60,20260416,2027-03-31,
500,1001,06MAS1022,CI,C1,X,CO,31084341727,1AD0426EMH,60,20260416,2027-03-31,
500,1001,ML307,CI,C1,X,CO,31084341727,1AD0426EMH,60,20260416,2027-03-31,
500,1001,05MAS1022,CP,C1, ,CO,31084341727,1AD0426EMH,60,20260416,2027-03-31,
500,1001,DNM00398AB,CI,C1,X,CO,31084341727,1AD0426EMH,60,20260416,2027-03-31,
500,1001,DNI00650AA,CI,C1,X,CO,800000000,1AE0426GNE,80,20260421,2027-03-31,
500,1001,37MAS1022,CI,C1,X,CO,31084341727,1AD0426EMH,60,20260416,2027-03-31,
500,1001,DIM00398AE,CP,C1, ,CO,31084341727,1AD0426EMH,60,20260416,2027-03-31,
500,1001,DIM00398AB,CI,C1,X,CO,31084341727,1AD0426EMH,60,20260416,2027-03-31,
500,1001,MLL1209,II,I1, ,CO,866946434,1AD0426EMI,92,20260416,2027-03-31,
500,1001,DNM00398AE,II,I1,X,CO,866946434,1AD0426EMI,92,20260416,2027-03-31,
500,1001,MA3494,II,I1,X,CO,866946434,1AD0426EMI,92,20260416,2027-03-31,
500,1001,DIM00398AB,II,I1, ,CO,866946434,1AD0426EMI,92,20260416,2027-03-31,
500,1001,18MAS1022,II,I1,X,CO,866946434,1AD0426EMI,92,20260416,2027-03-31,
500,1001,37MAS1022,II,I1,X,CO,866946434,1AD0426EMI,92,20260416,2027-03-31,
500,1001,DIM00398AR,IP,I1, ,CO,866946434,1AD0426EMI,92,20260416,2027-03-31,
500,1001,DIM00398AA,II,I1,X,CO,866946434,1AD0426EMI,92,20260416,2027-03-31,
500,1001,27MAS1022,II,I1,X,CO,866946434,1AD0426EMI,92,20260416,2027-03-31,
500,1001,36MAS1022,IP,I1, ,CO,866946434,1AD0426EMI,92,20260416,2027-03-31,
500,1001,DNM00398AC,II,I1,X,CO,866946434,1AD0426EMI,92,20260416,2027-03-31,
500,1001,DIM00398AH,II,I1, ,CO,866946434,1AD0426EMI,92,20260416,2027-03-31,
500,1001,DIM00398AC,II,I1,X,CO,866946434,1AD0426EMI,92,20260416,2027-03-31,
500,1001,DIM00398AI,RI,I1,X,CO,866946434,1AD0426EMI,92,20260416,2027-03-31,
500,1001,21MAS1022,II,I1,X,CO,866946434,1AD0426EMI,92,20260416,2027-03-31,
500,1001,10MAS1022,II,I1,X,CO,866946434,1AD0426EMI,92,20260416,2027-03-31,
500,1001,22MAS1022,II,I1,X,CO,866946434,1AD0426EMI,92,20260416,2027-03-31,
500,1001,ML01,II,I1,X,CO,866946434,1AD0426EMI,92,20260416,2027-03-31,
500,1001,08MAS1022,II,I1,X,CO,866946434,1AD0426EMI,92,20260416,2027-03-31,
500,1001,36MAS1022,II,I1,X,CO,866946434,1AD0426EMI,92,20260416,2027-03-31,
500,1001,DIM00398AJ,II,I1,X,CO,866946434,1AD0426EMI,92,20260416,2027-03-31,
500,1001,23MAS1022,II,I1,X,CO,866946434,1AD0426EMI,92,20260416,2027-03-31,
500,1001,20MAS1022,II,I1,X,CO,866946434,1AD0426EMI,92,20260416,2027-03-31,
500,1001,MLLC82017,RI,I1, ,CO,866946434,1AD0426EMI,92,20260416,2027-03-31,
500,1001,33MAS1022,II,I1, ,CO,866946434,1AD0426EMI,92,20260416,2027-03-31,
500,1001,DIM00398AG,II,I1,X,CO,866946434,1AD0426EMI,92,20260416,2027-03-31,
500,1001,06MAS1022,II,I1,X,CO,866946434,1AD0426EMI,92,20260416,2027-03-31,
500,1001,24MAS1022,II,I1,X,CO,866946434,1AD0426EMI,92,20260416,2027-03-31,
500,1001,DIM00398AL,II,I1,X,CO,866946434,1AD0426EMI,92,20260416,2027-03-31,
500,1001,DNM00398AB,II,I1,X,CO,866946434,1AD0426EMI,92,20260416,2027-03-31,
500,1001,MAS1022,II,I1, ,CO,866946434,1AD0426EMI,92,20260416,2027-03-31,
500,1001,19MAS1022,II,I1,X,CO,866946434,1AD0426EMI,92,20260416,2027-03-31,
500,1001,05MAS1022,II,I1,X,CO,866946434,1AD0426EMI,92,20260416,2027-03-31,
500,1001,32MAS1022,II,I1,X,CO,866946434,1AD0426EMI,92,20260416,2027-03-31,
500,1001,MA3494,IP,I1, ,CO,866946434,1AD0426EMI,92,20260416,2027-03-31,
500,1001,AGPULSES14,II,I1,X,CO,866946434,1AD0426EMI,92,20260416,2027-03-31,
500,1001,MAS1022B,II,I1,X,CO,866946434,1AD0426EMI,92,20260416,2027-03-31,
500,1001,DIM00398AD,II,I1,X,CO,866946434,1AD0426EMI,92,20260416,2027-03-31,
500,1001,02MAS1022,II,I1,X,CO,866946434,1AD0426EMI,92,20260416,2027-03-31,
500,1001,01MAS1022,II,I1,X,CO,866946434,1AD0426EMI,92,20260416,2027-03-31,
500,1001,09MAS1022,II,I1,X,CO,866946434,1AD0426EMI,92,20260416,2027-03-31,
500,1001,29MAS1022,II,I1,X,CO,866946434,1AD0426EMI,92,20260416,2027-03-31,
500,1001,DIM00398AR,II,I1,X,CO,866946434,1AD0426EMI,92,20260416,2027-03-31,
500,1001,03MAS1022,II,I1,X,CO,866946434,1AD0426EMI,92,20260416,2027-03-31,
500,1001,DSM64924,8I,IA,X,CO,866946434,1AD0426EMI,92,20260416,2027-03-31,
500,1001,DSM64939,8I,IA,X,CO,866946434,1AD0426EMI,92,20260416,2027-03-31,
500,1001,DSM64943,8I,IA,X,CO,866946434,1AD0426EMI,92,20260416,2027-03-31,
500,1001,DSM64925,8I,IA,X,CO,866946434,1AD0426EMI,92,20260416,2027-03-31,
500,1001,DSM64927,8I,IA,X,CO,866946434,1AD0426EMI,92,20260416,2027-03-31,
500,1001,DSM64922,8I,IA,X,CO,866946434,1AD0426EMI,92,20260416,2027-03-31,
500,1001,DSM64933,8I,IA,X,CO,866946434,1AD0426EMI,92,20260416,2027-03-31,
500,1001,MAS1062A,8I,IA,X,CO,866946434,1AD0426EMI,92,20260416,2027-03-31,
500,1001,DSM64940,8I,IA,X,CO,866946434,1AD0426EMI,92,20260416,2027-03-31,
500,1001,MLL1209,8I,IA, ,CO,866946434,1AD0426EMI,92,20260416,2027-03-31,
500,1001,MLLC82017,8I,IA,X,CO,866946434,1AD0426EMI,92,20260416,2027-03-31,
500,1001,DSM64932,8I,IA,X,CO,866946434,1AD0426EMI,92,20260416,2027-03-31,
500,1001,DIM00398AH,8I,IA, ,CO,866946434,1AD0426EMI,92,20260416,2027-03-31,
500,1001,DSM64936,8I,IA,X,CO,866946434,1AD0426EMI,92,20260416,2027-03-31,
500,1001,DSM64929,8I,IA,X,CO,866946434,1AD0426EMI,92,20260416,2027-03-31,
500,1001,DSM64938,8I,IA,X,CO,866946434,1AD0426EMI,92,20260416,2027-03-31,
500,1001,DSM64935,8I,IA,X,CO,866946434,1AD0426EMI,92,20260416,2027-03-31,
500,1001,DSM64941,8I,IA,X,CO,866946434,1AD0426EMI,92,20260416,2027-03-31,
500,1001,DSM64944,8I,IA,X,CO,866946434,1AD0426EMI,92,20260416,2027-03-31,
500,1001,DSM64931,8I,IA,X,CO,866946434,1AD0426EMI,92,20260416,2027-03-31,
500,1001,DIM00398AB,8I,IA, ,CO,866946434,1AD0426EMI,92,20260416,2027-03-31,
500,1001,MAS1022C,8I,IA,X,CO,866946434,1AD0426EMI,92,20260416,2027-03-31,
500,1001,DSM64934,8I,IA,X,CO,866946434,1AD0426EMI,92,20260416,2027-03-31,
500,1001,DSM64923,8I,IA,X,CO,866946434,1AD0426EMI,92,20260416,2027-03-31,
500,1001,DIM00398AS,8I,IA,X,CO,866946434,1AD0426EMI,92,20260416,2027-03-31,
500,1001,DSM64942,8I,IA,X,CO,866946434,1AD0426EMI,92,20260416,2027-03-31,
500,1001,DSM64937,8I,IA,X,CO,866946434,1AD0426EMI,92,20260416,2027-03-31,
500,1001,DSM64928,8I,IA,X,CO,866946434,1AD0426EMI,92,20260416,2027-03-31,
500,1001,DSM64930,8I,IA,X,CO,866946434,1AD0426EMI,92,20260416,2027-03-31,
500,1001,DSM64926,8I,IA,X,CO,866946434,1AD0426EMI,92,20260416,2027-03-31,
500,1001,DIM00398AE,8I,IA,X,CO,866946434,1AD0426EMI,92,20260416,2027-03-31,
500,1001,29MAS1022,JI,J1,X,CO,2070249434,1AD0426EMJ,92,20260416,2027-03-31,
500,1001,30MAS1022,JI,J1,X,CO,2070249434,1AD0426EMJ,92,20260416,2027-03-31,
500,1001,06MAS1022,JI,J1,X,CO,2070249434,1AD0426EMJ,92,20260416,2027-03-31,
500,1001,36MAS1022,JI,J1,X,CO,2070249434,1AD0426EMJ,92,20260416,2027-03-31,
500,1001,DIM00398AA,JI,J1,X,CO,2070249434,1AD0426EMJ,92,20260416,2027-03-31,
500,1001,27MAS1022,JI,J1,X,CO,2070249434,1AD0426EMJ,92,20260416,2027-03-31,
500,1001,MA3494,JI,J1,X,CO,2070249434,1AD0426EMJ,92,20260416,2027-03-31,
500,1001,09MAS1022,JI,J1,X,CO,2070249434,1AD0426EMJ,92,20260416,2027-03-31,
500,1001,MAS1022C,JI,J1,X,CO,2070249434,1AD0426EMJ,92,20260416,2027-03-31,
500,1001,08MAS1022,JI,J1,X,CO,2070249434,1AD0426EMJ,92,20260416,2027-03-31,
500,1001,MAS1062A,JI,J1,X,CO,2070249434,1AD0426EMJ,92,20260416,2027-03-31,
500,1001,DIM00398AL,JI,J1,X,CO,2070249434,1AD0426EMJ,92,20260416,2027-03-31,
500,1001,DIM00398AH,JI,J1,X,CO,2070249434,1AD0426EMJ,92,20260416,2027-03-31,
500,1001,MAS1062,JI,J1,X,CO,2070249434,1AD0426EMJ,92,20260416,2027-03-31,
500,1001,DIM00398AB,JI,J1, ,CO,2070249434,1AD0426EMJ,92,20260416,2027-03-31,
500,1001,MAS1022A,JI,J1, ,CO,2070249434,1AD0426EMJ,92,20260416,2027-03-31,
500,1001,19MAS1022,JI,J1,X,CO,2070249434,1AD0426EMJ,92,20260416,2027-03-31,
500,1001,DIM00398AS,JI,J1,X,CO,2070249434,1AD0426EMJ,92,20260416,2027-03-31,
500,1001,MLL1209,JI,J1, ,CO,2070249434,1AD0426EMJ,92,20260416,2027-03-31,
500,1001,DIM00398AR,JI,J1,X,CO,2070249434,1AD0426EMJ,92,20260416,2027-03-31,
500,1001,03MAS1022,JI,J1,X,CO,2070249434,1AD0426EMJ,92,20260416,2027-03-31,
500,1001,MA3494,JP,J1, ,CO,2070249434,1AD0426EMJ,92,20260416,2027-03-31,
500,1001,33MAS1022,JI,J1,X,CO,2070249434,1AD0426EMJ,92,20260416,2027-03-31,
500,1001,DIM00398AG,JI,J1,X,CO,2070249434,1AD0426EMJ,92,20260416,2027-03-31,
500,1001,MAS1022,JI,J1,X,CO,2070249434,1AD0426EMJ,92,20260416,2027-03-31,
500,1001,DIM00398AD,JI,J1,X,CO,2070249434,1AD0426EMJ,92,20260416,2027-03-31,
500,1001,DIM00398AE,JI,J1,X,CO,2070249434,1AD0426EMJ,92,20260416,2027-03-31,
500,1001,24MAS1022,JI,J1,X,CO,2070249434,1AD0426EMJ,92,20260416,2027-03-31,
500,1001,MAS1022A,JP,J1, ,CO,2070249434,1AD0426EMJ,92,20260416,2027-03-31,
500,1001,DIM00398AJ,JI,J1,X,CO,2070249434,1AD0426EMJ,92,20260416,2027-03-31,
500,1001,MLLC82017,JI,J1,X,CO,2070249434,1AD0426EMJ,92,20260416,2027-03-31,
500,1001,DIM00398AC,JI,J1,X,CO,2070249434,1AD0426EMJ,92,20260416,2027-03-31,
500,1001,ML01,JI,J1,X,CO,2070249434,1AD0426EMJ,92,20260416,2027-03-31,
500,1001,02MAS1022,JI,J1,X,CO,2070249434,1AD0426EMJ,92,20260416,2027-03-31,
500,1001,MAS1022,JP,J1, ,CO,2070249434,1AD0426EMJ,92,20260416,2027-03-31,
500,1001,DIM00398AI,JI,J1,X,CO,2070249434,1AD0426EMJ,92,20260416,2027-03-31,
500,1001,MAS1022B,JI,J1,X,CO,2070249434,1AD0426EMJ,92,20260416,2027-03-31,
500,1001,DSM64924,JI,J1,X,CO,2070249434,1AD0426EMJ,92,20260416,2027-03-31,
500,1001,01MAS1022,JI,J1,X,CO,2070249434,1AD0426EMJ,92,20260416,2027-03-31,
500,1001,05MAS1022,JI,J1,X,CO,2070249434,1AD0426EMJ,92,20260416,2027-03-31,
500,1001,DNM00398AB,JI,J1,X,CO,2070249434,1AD0426EMJ,92,20260416,2027-03-31,
500,1001,M01179B,JI,J1,X,CO,2070249434,1AD0426EMJ,92,20260416,2027-03-31,
500,1001,23MAS1022,JI,J1,X,CO,2070249434,1AD0426EMJ,92,20260416,2027-03-31,
500,1007,MLDL010342,CI,C1,X,CO,                ,1AA0326UAX,65,20260401,2027-03-31,
500,1007,MLDL010342,CP,C1,X,CO,                ,1AA0326UAX,65,20260401,2027-03-31,
500,1001,DIQ00013AA,JI,J1,X,CO,35000000,1AD0426MAP,59.5,20260417,2027-03-31,
500,1007,MLDL009123,HI,H1,X,CO,                ,4AC0426DHL4A010,99,20260410,2027-03-31,
500,1007,MLDL009123,HP,H1,X,CO,                ,4AC0426DHL4A010,99,20260410,2027-03-31,
500,1006,KAN01,CI,C1,X,CO,                ,4AD0326IGO,50,20260410,2027-03-31,
500,1001,HMLL2017,CI,C1,X,CO,31084341727,1AD0426EMH,60,20260416,2027-03-31,
500,1001,HMLL2017,CP,C1, ,CO,31084341727,1AD0426EMH,60,20260416,2027-03-31,
500,1001,HMLL2017,II,I1, ,CO,866946434,1AD0426EMI,92,20260416,2027-03-31,
500,1001,HMLL2017,8I,IA, ,CO,866946434,1AD0426EMI,92,20260416,2027-03-31,
500,1001,DIS00556AE,JI,J1,X,CO,                ,1AA0526DTJ,85,20260430,2027-03-31,
500,1001,HMLL2017,JI,J1,X,CO,2070249434,1AD0426EMJ,92,20260416,2027-03-31,
500,1001,EEPL53CE,JI,J1,X,CO,20000000,1AF0426ZBP,50,20260428,2027-03-31,
500,1001,DIS00556AB,JI,J1,X,CO,                ,1AA0526DTJ,85,20260430,2027-03-31,
500,1001,DNS03063AA,JI,J1,X,CO,1728207,1AA0526NTN,15,20260506,2027-03-31,
500,1001,FA0153,JI,J5,X,CO,300000000,1AA0526LJX,41.5,20260505,2027-03-31,
500,1001,SDB1072J,CI,C1,X,CO,48214019,1AA0526VLO,70,20260507,2027-03-31,
500,1001,DIS02332AA,CI,C1,X,CO,48214019,1AA0526VLO,70,20260507,2027-03-31,
500,1001,DII00229AA,JI,J1,X,CO,64860552,1AB0526ELZ,65,20260511,2027-03-31,
500,1001,ILS250322,JI,J1,X,CO,64860552,1AB0526ELZ,65,20260511,2027-03-31,
500,1001,PSB2700298,CI,C1,X,CO,1400000000,1AB0526FTL,50,20260511,2027-03-31,
500,1001,SG010751,CI,C1,X,CO,1400000000,1AB0526FTL,50,20260511,2027-03-31,
500,1001,GPSTG1118,CI,C1,X,CO,1400000000,1AB0526FTL,50,20260511,2027-03-31,
500,1001,GSPD101,CI,C1,X,CO,1400000000,1AB0526FTL,50,20260511,2027-03-31,
500,1001,EBU50830,CI,C1,X,CO,1400000000,1AB0526FTL,50,20260511,2027-03-31,
500,1001,PTIM270207,CI,C1,X,CO,1400000000,1AB0526FTL,50,20260511,2027-03-31,
500,1001,PSB2700378,CI,C1,X,CO,1400000000,1AB0526FTL,50,20260511,2027-03-31,
500,1001,GPSAP1118,CI,C1,X,CO,1400000000,1AB0526FTL,50,20260511,2027-03-31,
500,1001,SG010931,CI,C1,X,CO,1400000000,1AB0526FTL,50,20260511,2027-03-31,
500,1001,DNG00628AD,CI,C1,X,CO,1400000000,1AB0526FTL,50,20260511,2027-03-31,
500,1001,DNG00628AC,CI,C1,X,CO,1400000000,1AB0526FTL,50,20260511,2027-03-31,
500,1001,G010931,CI,C1,X,CO,1400000000,1AB0526FTL,50,20260511,2027-03-31,
500,1001,PSB2700379,CI,C1,X,CO,1400000000,1AB0526FTL,50,20260511,2027-03-31,
500,1001,DNG00628AB,CI,C1,X,CO,1400000000,1AB0526FTL,50,20260511,2027-03-31,
500,1007,MLDL012086,CP,C1,X,CO,                ,1AA0526OYD,97.5,20260506,2027-03-31,
500,1007,MLDL012086,CI,C1,X,CO,                ,1AA0526OYD,97.5,20260506,2027-03-31,
500,1001,GPSTN0818,CI,C1,X,CO,1400000000,1AB0526FTL,50,20260511,2027-03-31,
500,1001,DNG00628AA,CI,C1,X,CO,1400000000,1AB0526FTL,50,20260511,2027-03-31,
500,1001,G010751,CI,C1,X,CO,1400000000,1AB0526FTL,50,20260511,2027-03-31,
500,1001,DND00210AC,CI,C1,X,CO,476368248,4AC0326DIZ4A328,95,20260401,2027-03-31,
500,1001,DND00210AG,CI,C1,X,CO,476368248,4AC0326DIZ4A328,95,20260401,2027-03-31,
500,1001,DID00210AA,CI,C1,X,CO,476368248,4AC0326DIZ4A328,95,20260401,2027-03-31,
500,1001,DID00210AM,CI,C1,X,CO,476368248,4AC0326DIZ4A328,95,20260401,2027-03-31,
500,1001,DID00210AI,CI,C1,X,CO,476368248,4AC0326DIZ4A328,95,20260401,2027-03-31,
500,1001,DND00210AA,CI,C1,X,CO,476368248,4AC0326DIZ4A328,95,20260401,2027-03-31,
500,1001,DND00210AF,CI,C1,X,CO,476368248,4AC0326DIZ4A328,95,20260401,2027-03-31,
500,1007,MLDL007212,CI,C1,X,CO,                ,1AE0426HLU,25,20260421,2027-03-31,
500,1001,DID00210AC,CI,C1,X,CO,476368248,4AC0326DIZ4A328,95,20260401,2027-03-31,
500,1001,DID00210AL,CI,C1,X,CO,476368248,4AC0326DIZ4A328,95,20260401,2027-03-31,
500,1001,DID00210AB,CI,C1,X,CO,476368248,4AC0326DIZ4A328,95,20260401,2027-03-31,
500,1001,DND00210AE,CI,C1,X,CO,476368248,4AC0326DIZ4A328,95,20260401,2027-03-31,
500,1001,DID00210AN,CI,C1,X,CO,476368248,4AC0326DIZ4A328,95,20260401,2027-03-31,
500,1001,DID00210AJ,CI,C1,X,CO,476368248,4AC0326DIZ4A328,95,20260401,2027-03-31,
500,1001,DND00210AD,CI,C1,X,CO,476368248,4AC0326DIZ4A328,95,20260401,2027-03-31,
500,1001,DID00210AG,CI,C1,X,CO,476368248,4AC0326DIZ4A328,95,20260401,2027-03-31,
500,1001,DID00210AK,CI,C1,X,CO,476368248,4AC0326DIZ4A328,95,20260401,2027-03-31,
500,1007,MLDL007212,CP,C1,X,CO,                ,1AE0426HLU,25,20260421,2027-03-31,
500,1001,DID00210AD,CI,C1,X,CO,476368248,4AC0326DIZ4A328,95,20260401,2027-03-31,
500,1001,DND00210AB,CI,C1,X,CO,476368248,4AC0326DIZ4A328,95,20260401,2027-03-31,
500,1001,DID00210AL,II,I1,X,CO,630267130,4AC0326DJB4A002,99,20260401,2027-03-31,
500,1001,DND00210AB,II,I1,X,CO,630267130,4AC0326DJB4A002,99,20260401,2027-03-31,
500,1001,DID00210AA,II,I1,X,CO,630267130,4AC0326DJB4A002,99,20260401,2027-03-31,
500,1001,DID00210AN,II,I1,X,CO,630267130,4AC0326DJB4A002,99,20260401,2027-03-31,
500,1001,DND00210AA,II,I1,X,CO,630267130,4AC0326DJB4A002,99,20260401,2027-03-31,
500,1001,DID00210AI,II,I1,X,CO,630267130,4AC0326DJB4A002,99,20260401,2027-03-31,
500,1001,DND00210AG,II,I1,X,CO,630267130,4AC0326DJB4A002,99,20260401,2027-03-31,
500,1001,M8100,CP,  ,X,CO,12000000,1NA0526JMH,62.5,20260514,2027-03-31,
500,1001,M8100,CI,C1,X,CO,12000000,1NA0526JMH,62.5,20260514,2027-03-31,
500,1001,DNM00374AA,CI,C1,X,CO,12000000,1NA0526JMH,62.5,20260514,2027-03-31,
500,1001,CMA113,CP,C1,X,CO,129544037,1AB0526LDF,12.5,20260512,2027-03-31,
500,1001,DIM00374AA,CI,C1,X,CO,12000000,1NA0526JMH,62.5,20260514,2027-03-31,
500,1001,DLSIDI,CI,C1,X,CO,129544037,1AB0526LDF,12.5,20260512,2027-03-31,
500,1001,DND00155AA,CI,C1,X,CO,129544037,1AB0526LDF,12.5,20260512,2027-03-31,
500,1001,DLSIDI,CP,C1,X,CO,129544037,1AB0526LDF,12.5,20260512,2027-03-31,
500,1001,DND00155AA,CP,C1,X,CO,129544037,1AB0526LDF,12.5,20260512,2027-03-31,
500,1001,M9037,CI,C1,X,CO,12000000,1NA0526JMH,62.5,20260514,2027-03-31,
500,1001,DID00155AA,CP,C1,X,CO,129544037,1AB0526LDF,12.5,20260512,2027-03-31,
500,1001,DID00155AA,CI,C1,X,CO,129544037,1AB0526LDF,12.5,20260512,2027-03-31,
500,1001,CMA113,CI,C1,X,CO,129544037,1AB0526LDF,12.5,20260512,2027-03-31,
500,1001,DCM00374AA,CI,C1,X,CO,12000000,1NA0526JMH,62.5,20260514,2027-03-31,
500,1018,MAS1051,JI,J1,X,CO,AACCM0794N,4AG0426FWV4A182,90,20260429,2027-03-31,
500,1001,A9047,JI,J3, ,OT,350000000,1AD0526CUH,100,20260519,2027-03-31,
500,1001,CA1080,JI,J3,X,OT,350000000,1AD0526CUH,100,20260519,2027-03-31,
500,1001,CA1080,JP,J3,X,OT,350000000,1AD0526CUH,100,20260519,2027-03-31,
500,1001,DDT00472AC,JP,J3,X,OT,350000000,1AD0526CUH,100,20260519,2027-03-31,
500,1001,DST63547,JI,J3,X,OT,350000000,1AD0526CUH,100,20260519,2027-03-31,
500,1001,DNT00472AA,JP,J3,X,OT,350000000,1AD0526CUH,100,20260519,2027-03-31,
500,1001,A00582,JI,J3,X,OT,350000000,1AD0526CUH,100,20260519,2027-03-31,
500,1001,DIT00472AC,JP,J3,X,OT,350000000,1AD0526CUH,100,20260519,2027-03-31,
500,1001,DIT00472AC,JI,J3,X,OT,350000000,1AD0526CUH,100,20260519,2027-03-31,
500,1001,DIT00472AB,JP,J3,X,OT,350000000,1AD0526CUH,100,20260519,2027-03-31,
500,1001,DDT00472AC,JI,J3,X,OT,350000000,1AD0526CUH,100,20260519,2027-03-31,
500,1001,DIT00472AA,JI,J3,X,OT,350000000,1AD0526CUH,100,20260519,2027-03-31,
500,1001,DCT00472AA,JI,J3,X,OT,350000000,1AD0526CUH,100,20260519,2027-03-31,
500,1001,DDT00472AB,JP,J3,X,OT,350000000,1AD0526CUH,100,20260519,2027-03-31,
500,1001,DIT00472AB,JI,J3,X,OT,350000000,1AD0526CUH,100,20260519,2027-03-31,
500,1001,DST63547,JP,J3,X,OT,350000000,1AD0526CUH,100,20260519,2027-03-31,
500,1001,DCT00472AA,JP,J3, ,OT,350000000,1AD0526CUH,100,20260519,2027-03-31,
500,1001,DIT00472AD,JP,J3, ,OT,350000000,1AD0526CUH,100,20260519,2027-03-31,
500,1001,A00582,JP,J3,X,OT,350000000,1AD0526CUH,100,20260519,2027-03-31,
500,1001,DIT00472AD,JI,J3,X,OT,350000000,1AD0526CUH,100,20260519,2027-03-31,
500,1001,DNT00472AA,JI,J3,X,OT,350000000,1AD0526CUH,100,20260519,2027-03-31,
500,1001,FS003,CI,C1,X,CO,4100000,1AD0526MBZ,50,20260521,2027-03-31,
500,1001,DID00203AA,CI,C1,X,CO,953528000,1AD0526EYR,25,20260519,2027-03-31,
500,1001,DCD00203AA,CI,C1,X,CO,953528000,1AD0526EYR,25,20260519,2027-03-31,
500,1001,SMDMCFS224,CI,C1,X,CO,953528000,1AD0526EYR,25,20260519,2027-03-31,
500,1001,F5633,CI,C1,X,CO,4100000,1AD0526MBZ,50,20260521,2027-03-31,
500,1001,DIX00023AB,CI,C1,X,CO,127053547,1AD0526NGT,75,20260521,2027-03-31,
500,1001,DNF00077AA,CI,C1,X,CO,4100000,1AD0526MBZ,50,20260521,2027-03-31,
500,1001,DIF00077AA,CI,C1,X,CO,4100000,1AD0526MBZ,50,20260521,2027-03-31,
500,1001,F5633,CP,C1,X,CO,4100000,1AD0526MBZ,50,20260521,2027-03-31,
500,1001,H00218,JP,J1,X,CO,7000000,1AD0526NXJ,60,20260522,2027-03-31,
500,1001,DIH00144AA,JI,J1,X,CO,7000000,1AD0526NXJ,60,20260522,2027-03-31,
500,1001,DSH64763,JI,J1,X,CO,7000000,1AD0526NXJ,60,20260522,2027-03-31,
500,1001,DIH00144AA,JP,J1,X,CO,7000000,1AD0526NXJ,60,20260522,2027-03-31,
500,1001,DIH00144AB,JI,J1,X,CO,7000000,1AD0526NXJ,60,20260522,2027-03-31,
500,1001,H00218,JI,J1,X,CO,7000000,1AD0526NXJ,60,20260522,2027-03-31,
500,1001,DIH00144AB,JP,J1,X,CO,7000000,1AD0526NXJ,60,20260522,2027-03-31,
500,1001,AYREW105CH,LI,L1,X,CO,4000000,1NA0526NBS,90,20260515,2027-03-31,
500,1001,DIA01168AA,LI,L1,X,CO,4000000,1NA0526NBS,90,20260515,2027-03-31,
500,1001,DCJ00103AA,JP,  ,X,CO,332748483,1AC0526XFO,65,20260515,2027-03-31,
500,1001,DNJ00103AR,JP,  ,X,CO,332748483,1AC0526XFO,65,20260515,2027-03-31,
500,1001,JLL003,JP,  ,X,CO,332748483,1AC0526XFO,65,20260515,2027-03-31,
500,1001,DIM01158AU,CI,C1,X,CO,1800000000,1AD0526PNP,87.5,20260525,2027-03-31,
500,1001,DIM01158AX,CI,C1,X,CO,1800000000,1AD0526PNP,87.5,20260525,2027-03-31,
500,1001,DIM01158AG,CI,C1,X,CO,1800000000,1AD0526PNP,87.5,20260525,2027-03-31,
500,1001,DIM01158AB,CI,C1,X,CO,1800000000,1AD0526PNP,87.5,20260525,2027-03-31,
500,1001,DIM01158AQ,CI,C1,X,CO,1800000000,1AD0526PNP,87.5,20260525,2027-03-31,
500,1001,DIM01158BA,CI,C1,X,CO,1800000000,1AD0526PNP,87.5,20260525,2027-03-31,
500,1001,DIM01158AK,CI,C1,X,CO,1800000000,1AD0526PNP,87.5,20260525,2027-03-31,
500,1001,DIM01158AF,CI,C1,X,CO,1800000000,1AD0526PNP,87.5,20260525,2027-03-31,
500,1001,DIM01158AA,CI,C1,X,CO,1800000000,1AD0526PNP,87.5,20260525,2027-03-31,
500,1001,DIM01158AR,CI,C1,X,CO,1800000000,1AD0526PNP,87.5,20260525,2027-03-31,
500,1001,DIM01158AP,CI,C1,X,CO,1800000000,1AD0526PNP,87.5,20260525,2027-03-31,
500,1001,DIM01158AS,CI,C1,X,CO,1800000000,1AD0526PNP,87.5,20260525,2027-03-31,
500,1001,DIM01158AD,CI,C1,X,CO,1800000000,1AD0526PNP,87.5,20260525,2027-03-31,
500,1001,DIM01158AN,CI,C1,X,CO,1800000000,1AD0526PNP,87.5,20260525,2027-03-31,
500,1001,DIM01158AI,CI,C1,X,CO,1800000000,1AD0526PNP,87.5,20260525,2027-03-31,
500,1001,DIM01158AT,CI,C1,X,CO,1800000000,1AD0526PNP,87.5,20260525,2027-03-31,
500,1001,DIM01158AW,CI,C1,X,CO,1800000000,1AD0526PNP,87.5,20260525,2027-03-31,
500,1001,MAS1154,CI,C1,X,CO,1800000000,1AD0526PNP,87.5,20260525,2027-03-31,
500,1001,DIM01158AM,CI,C1,X,CO,1800000000,1AD0526PNP,87.5,20260525,2027-03-31,
500,1001,DIM01158AJ,CI,C1,X,CO,1800000000,1AD0526PNP,87.5,20260525,2027-03-31,
500,1001,DIM01158AZ,CI,C1,X,CO,1800000000,1AD0526PNP,87.5,20260525,2027-03-31,
500,1001,DIM01158AV,CI,C1,X,CO,1800000000,1AD0526PNP,87.5,20260525,2027-03-31,
500,1001,DIM01158AO,CI,C1,X,CO,1800000000,1AD0526PNP,87.5,20260525,2027-03-31,
500,1001,DIM01158AY,CI,C1,X,CO,1800000000,1AD0526PNP,87.5,20260525,2027-03-31,
500,1001,DIM01158AE,CI,C1,X,CO,1800000000,1AD0526PNP,87.5,20260525,2027-03-31,
500,1001,DIM01158AC,CI,C1,X,CO,1800000000,1AD0526PNP,87.5,20260525,2027-03-31,
500,1001,DIM01158AH,CI,C1,X,CO,1800000000,1AD0526PNP,87.5,20260525,2027-03-31,
500,1001,DIM01158AL,CI,C1,X,CO,1800000000,1AD0526PNP,87.5,20260525,2027-03-31,
500,1001,SJLLUP1322,JI,J1,X,CO,332748483,1AC0526XFO,65,20260515,2027-03-31,
500,1001,DNJ00103AG,JI,J1,X,CO,332748483,1AC0526XFO,65,20260515,2027-03-31,
500,1001,SJLLPN1022,JI,J1,X,CO,332748483,1AC0526XFO,65,20260515,2027-03-31,
500,1001,JLL001,JI,J1,X,CO,332748483,1AC0526XFO,65,20260515,2027-03-31,
500,1001,SJLLMP0822,JI,J1,X,CO,332748483,1AC0526XFO,65,20260515,2027-03-31,
500,1001,DNJ00103AM,JI,J1,X,CO,332748483,1AC0526XFO,65,20260515,2027-03-31,
500,1001,DNJ00103AH,JI,J1,X,CO,332748483,1AC0526XFO,65,20260515,2027-03-31,
500,1001,DNJ00103AQ,JI,J1,X,CO,332748483,1AC0526XFO,65,20260515,2027-03-31,
500,1001,MLDL2712,JI,J1,X,CO,332748483,1AC0526XFO,65,20260515,2027-03-31,
500,1001,WBA0319201,JI,J1,X,CO,332748483,1AC0526XFO,65,20260515,2027-03-31,
500,1001,DIJ00103AB,JI,J1,X,CO,332748483,1AC0526XFO,65,20260515,2027-03-31,
500,1001,JLL003,JI,J1,X,CO,332748483,1AC0526XFO,65,20260515,2027-03-31,
500,1001,DNJ00103AC,JI,J1,X,CO,332748483,1AC0526XFO,65,20260515,2027-03-31,
500,1001,DNJ00103AB,JI,J1,X,CO,332748483,1AC0526XFO,65,20260515,2027-03-31,
500,1001,DNJ00103AJ,JI,J1,X,CO,332748483,1AC0526XFO,65,20260515,2027-03-31,
500,1001,DNJ00103AR,JI,J1,X,CO,332748483,1AC0526XFO,65,20260515,2027-03-31,
500,1001,DNJ00103AL,JI,J1,X,CO,332748483,1AC0526XFO,65,20260515,2027-03-31,
500,1001,DIJ00103AD,JI,J1,X,CO,332748483,1AC0526XFO,65,20260515,2027-03-31,
500,1001,DNJ00103AA,JI,J1,X,CO,332748483,1AC0526XFO,65,20260515,2027-03-31,
500,1001,DCJ00103AA,JI,J1,X,CO,332748483,1AC0526XFO,65,20260515,2027-03-31,
500,1001,MLDL000114,JI,J1,X,CO,332748483,1AC0526XFO,65,20260515,2027-03-31,
500,1001,SJLLAM0222,JI,J1,X,CO,332748483,1AC0526XFO,65,20260515,2027-03-31,
500,1001,SJLLBH0322,JI,J1,X,CO,332748483,1AC0526XFO,65,20260515,2027-03-31,
500,1001,JLL002,JI,J1,X,CO,332748483,1AC0526XFO,65,20260515,2027-03-31,
500,1001,SJLLOD0922,JI,J1,X,CO,332748483,1AC0526XFO,65,20260515,2027-03-31,
500,1001,SJLLKL0722,JI,J1,X,CO,332748483,1AC0526XFO,65,20260515,2027-03-31,
500,1001,DNJ00103AI,JI,J1,X,CO,332748483,1AC0526XFO,65,20260515,2027-03-31,
500,1001,DNJ00103AD,JI,J1,X,CO,332748483,1AC0526XFO,65,20260515,2027-03-31,
500,1001,MHWHL11,JP,  , ,CO,4000000,4NA0526AEQ4A054,87.5,20260520,2027-03-31,
500,1001,DNW00199AA,JP,  , ,CO,4000000,4NA0526AEQ4A054,87.5,20260520,2027-03-31,
500,1001,DIS00659AB,CI,C1,X,CO,120068853,4AB0426EVC4C114,99.5,20260406,2027-03-31,
500,1001,DIS00659AC,CI,C1,X,CO,120068853,4AB0426EVC4C114,99.5,20260406,2027-03-31,
500,1001,S9093,CP,C1, ,CO,120068853,4AB0426EVC4C114,99.5,20260406,2027-03-31,
500,1001,S9093,CI,C1,X,CO,120068853,4AB0426EVC4C114,99.5,20260406,2027-03-31,
500,1001,DIS00659AA,CI,C1,X,CO,120068853,4AB0426EVC4C114,99.5,20260406,2027-03-31,
500,1001,DIS00659AA,CP,C1, ,CO,120068853,4AB0426EVC4C114,99.5,20260406,2027-03-31,
500,1001,WKHS07,JI,J1,X,CO,4000000,4NA0526AEQ4A054,87.5,20260520,2027-03-31,
500,1001,DNW00199AB,JI,J1,X,CO,4000000,4NA0526AEQ4A054,87.5,20260520,2027-03-31,
500,1001,UEPL1ZZ,JI,J1,X,CO,110000000,4AA0526NTJ4A008,80,20260506,2027-03-31,
500,1001,DIU00228AA,JI,J1,X,CO,110000000,4AA0526NTJ4A008,80,20260506,2027-03-31,
500,1001,MHWHL11,JI,J1,X,CO,4000000,4NA0526AEQ4A054,87.5,20260520,2027-03-31,
500,1001,DNW00199AA,JI,J1,X,CO,4000000,4NA0526AEQ4A054,87.5,20260520,2027-03-31,
500,1001,DIM00398AQ,CI,C1,X,CO,31084341727,1AD0426EMH,60,20260416,2027-03-31,
500,1012,MLDL006229,HI,H1,X,CO,                ,4AD0326FRD,75,20260401,2027-03-31,
500,1008,MLDL006229,HI,H1,X,CO,                ,4AD0326FRD,75,20260401,2027-03-31,
500,1007,MLDL006229,HI,H1,X,CO,                ,4AD0326FRD,75,20260401,2027-03-31,
500,1001,DIA00441AB,JI,J5,X,CO,300000000,1AA0526LJX,41.5,20260505,2027-03-31,
500,1001,DSM64936,CI,C1,X,CO,31084341727,1AD0426EMH,60,20260416,2027-03-31,
500,1001,DIM00398AX,CI,C1,X,CO,31084341727,1AD0426EMH,60,20260416,2027-03-31,
500,1001,DIM00398AZ,CI,C1,X,CO,31084341727,1AD0426EMH,60,20260416,2027-03-31,
500,1001,DIM00398BA,CI,C1,X,CO,31084341727,1AD0426EMH,60,20260416,2027-03-31,
500,1001,DIM00398AX,8I,IA,X,CO,866946434,1AD0426EMI,92,20260416,2027-03-31,
500,1001,DIM00398AZ,8I,IA,X,CO,866946434,1AD0426EMI,92,20260416,2027-03-31,
500,1001,DIM00398BA,8I,IA,X,CO,866946434,1AD0426EMI,92,20260416,2027-03-31,
500,1001,PSB2700356,CP,C1,X,CO,864072072,1NA0626AKR,87.5,20260601,2027-03-31,
500,1001,DNM00348AF,CI,C1,X,CO,864072072,1NA0626AKR,87.5,20260601,2027-03-31,
500,1001,MLLMPL0122,CI,C1,X,CO,864072072,1NA0626AKR,87.5,20260601,2027-03-31,
500,1001,DNM00348AE,CI,C1,X,CO,864072072,1NA0626AKR,87.5,20260601,2027-03-31,
500,1001,DNM00348AC,CI,C1,X,CO,864072072,1NA0626AKR,87.5,20260601,2027-03-31,
500,1001,PSB2700401,CI,C1,X,CO,864072072,1NA0626AKR,87.5,20260601,2027-03-31,
500,1001,DIC00858AB,CI,C1,X,CO,28702897,1NB0526SDZ,92.5,20260529,2027-03-31,
500,1001,DIM00348AA,CI,C1,X,CO,864072072,1NA0626AKR,87.5,20260601,2027-03-31,
500,1001,PSB2700356,CI,C1,X,CO,864072072,1NA0626AKR,87.5,20260601,2027-03-31,
500,1001,DNM00348AG,CI,C1,X,CO,864072072,1NA0626AKR,87.5,20260601,2027-03-31,
500,1001,DNM00348AB,CI,C1,X,CO,864072072,1NA0626AKR,87.5,20260601,2027-03-31,
500,1001,DNM00348AB,CP,C1,X,CO,864072072,1NA0626AKR,87.5,20260601,2027-03-31,
500,1001,DIC00858AA,CI,C1,X,CO,28702897,1NB0526SDZ,92.5,20260529,2027-03-31,
500,1001,DNM00348AD,CI,C1,X,CO,864072072,1NA0626AKR,87.5,20260601,2027-03-31,
500,1001,DIM00348AA,CP,C1,X,CO,864072072,1NA0626AKR,87.5,20260601,2027-03-31,
500,1001,DNM00348AA,CI,C1,X,CO,864072072,1NA0626AKR,87.5,20260601,2027-03-31,
500,1001,I00403,JP,J1,X,CO,12400000,1AD0526TWI,35,20260526,2027-03-31,
500,1001,DII00477AA,JI,J1,X,CO,12400000,1AD0526TWI,35,20260526,2027-03-31,
500,1001,I00403,JI,J1,X,CO,12400000,1AD0526TWI,35,20260526,2027-03-31,
500,1001,DNI00426AA,JP,J3,X,OT,600000,1AC0326KOZ,100,20260401,2027-03-31,
500,1001,DNI00426AA,JI,J3,X,OT,600000,1AC0326KOZ,100,20260401,2027-03-31,
500,1001,G6599,CI,C1,X,CO,7080000,1AB0326EZL,85,20260401,2027-03-31,
500,1018,NS0176,CI,C1,X,CO,AADCC3694E,1AE0426WLW,95,20260422,2027-03-31,
500,1001,DIN00380AA,CI,C1,X,CO,7500000,4AB0426YFU4A294,92.5,20260409,2027-03-31,
500,1001,DIF00079AB,CI,C1,X,CO,2886685303,4AB0326KEN,100,20260401,2027-03-31,
500,1001,DIF00079AB,JI,J1,X,CO,727671064,4AB0326KER,100,20260401,2027-03-31,
500,1001,DNT00144AA,LP,  , ,CO,358350000,1NA0626NIV,50,20260609,2027-03-31,
500,1001,MT0073,LP,  , ,CO,358350000,1NA0626NIV,50,20260609,2027-03-31,
500,1001,DIN00170AA,CI,C1,X,CO,28754079,1NA0626QFK,67.5,20260610,2027-03-31,
500,1001,N01114B,CI,C1,X,CO,28754079,1NA0626QFK,67.5,20260610,2027-03-31,
500,1001,DIN00170AA,CP,C1, ,CO,28754079,1NA0626QFK,67.5,20260610,2027-03-31,
500,1001,DCB00900AA,JI,J1, ,CO,                ,1AF0426XIU,80,20260427,2027-03-31,
500,1001,DIR00178AA,JI,J1, ,CO,                ,1AB0426UVW,99,20260409,2027-03-31,
500,1001,DDR00178AA,JI,J1, ,CO,                ,1AB0426UVW,99,20260409,2027-03-31,
500,1001,DSR63552,JI,J1, ,CO,                ,1AB0426UVW,99,20260409,2027-03-31,
500,1001,MLDL000448,LI,L1,X,CO,358350000,1NA0626NIV,50,20260609,2027-03-31,
500,1001,MT0073,LI,L1,X,CO,358350000,1NA0626NIV,50,20260609,2027-03-31,
500,1001,DNT00144AA,LI,L1,X,CO,358350000,1NA0626NIV,50,20260609,2027-03-31,
500,1001,DIN00380AA,JI,J1, ,CO,5000000,4AB0426YFY4A028,97.5,20260409,2027-03-31,
500,1001,DLA0425601,JI,J1,X,CO,10000000,1NA0626TBA,75,20260612,2027-03-31,
500,1001,DIH00156AA,JI,J1,X,CO,10000000,1NA0626TBA,75,20260612,2027-03-31,
500,1001,VIN00065,JI,J1,X,CO,10000000,1NA0626TBA,75,20260612,2027-03-31,
500,1001,H098741,JI,J1,X,CO,10000000,1NA0626TBA,75,20260612,2027-03-31,
500,1001,DNH00156AA,JI,J1,X,CO,10000000,1NA0626TBA,75,20260612,2027-03-31,
500,1001,SMHQIP0122,JI,J1,X,CO,2231986,1NA0626THP,90,20260612,2027-03-31,
500,1001,HMIL01,JI,J1,X,CO,10000000,1NA0626TBA,75,20260612,2027-03-31,
500,1001,DIH00442AA,JI,J1,X,CO,2231986,1NA0626THP,90,20260612,2027-03-31,
500,1001,S00986,CP,  , ,CO,16000000,1NB0626BVD,25,20260617,2027-03-31,
500,1001,DNS00552AA,CP,  , ,CO,16000000,1NB0626BVD,25,20260617,2027-03-31,
500,1001,S10153,CP,  ,X,CO,16000000,1NB0626BVD,25,20260617,2027-03-31,
500,1001,DIS00552AA,CP,  , ,CO,16000000,1NB0626BVD,25,20260617,2027-03-31,
500,1001,MLL415A,CP,C1, ,CO,16000000,1NB0626BVD,25,20260617,2027-03-31,
500,1001,S10153,CI,C1,X,CO,16000000,1NB0626BVD,25,20260617,2027-03-31,
500,1001,29S0001,CP,C1, ,CO,16000000,1NB0626BVD,25,20260617,2027-03-31,
500,1001,MLL415A,CI,C1,X,CO,16000000,1NB0626BVD,25,20260617,2027-03-31,
500,1001,S10153H,CI,C1,X,CO,16000000,1NB0626BVD,25,20260617,2027-03-31,
500,1001,MHA0026201,CI,C1,X,CO,16000000,1NB0626BVD,25,20260617,2027-03-31,
500,1001,DNS00552AA,CI,C1,X,CO,16000000,1NB0626BVD,25,20260617,2027-03-31,
500,1001,MLL415,CP,C1, ,CO,16000000,1NB0626BVD,25,20260617,2027-03-31,
500,1001,DIS00552AA,CI,C1,X,CO,16000000,1NB0626BVD,25,20260617,2027-03-31,
500,1001,29S0001,CI,C1,X,CO,16000000,1NB0626BVD,25,20260617,2027-03-31,
500,1001,S00986,CI,C1,X,CO,16000000,1NB0626BVD,25,20260617,2027-03-31,
500,1001,DIS00552AB,CI,C1,X,CO,16000000,1NB0626BVD,25,20260617,2027-03-31,
500,1001,32S0001,CI,C1,X,CO,16000000,1NB0626BVD,25,20260617,2027-03-31,
500,1001,32S0001,CP,C1, ,CO,16000000,1NB0626BVD,25,20260617,2027-03-31,
500,1001,DIS00552AB,CP,C1, ,CO,16000000,1NB0626BVD,25,20260617,2027-03-31,
500,1001,MLL415,CI,C1,X,CO,16000000,1NB0626BVD,25,20260617,2027-03-31,
500,1001,IV0015,JI,J1,X,CO,30000000,1NB0626AIL,90,20260617,2027-03-31,
500,1001,DDX00023AB,CI,C1,X,CO,127053547,1AD0526NGT,75,20260521,2027-03-31,
500,1001,DID00362AK,CI,C1,X,CO,66544756,4AB0326QIP4A066,99.5,20260401,2027-03-31,
500,1001,DID00362AD,CI,C1,X,CO,66544756,4AB0326QIP4A066,99.5,20260401,2027-03-31,
500,1001,DND00160AA,CI,C1,X,CO,66544756,4AB0326QIP4A066,99.5,20260401,2027-03-31,
500,1001,DID00362AD,CP,C1, ,CO,66544756,4AB0326QIP4A066,99.5,20260401,2027-03-31,
500,1001,DID00362AJ,CI,C1,X,CO,66544756,4AB0326QIP4A066,99.5,20260401,2027-03-31,
500,1001,DND00362AA,CI,C1,X,CO,66544756,4AB0326QIP4A066,99.5,20260401,2027-03-31,
500,1001,DNC00796AA,JI,J1,X,CO,1800000,1AB0426GSZ,95,20260407,2027-03-31,
500,1001,DNH00405AA,CI,C1,X,CO,4160000,1NB0626EWU,85,20260619,2027-03-31,
500,1001,DCL00094AA,CI,C1,X,CO,16000000,1AA0626FUE,80,20260619,2027-03-31,
500,1001,DNH00405AD,CI,C1,X,CO,4160000,1NB0626EWU,85,20260619,2027-03-31,
500,1001,DIH00405AA,CI,C1,X,CO,4160000,1NB0626EWU,85,20260619,2027-03-31,
500,1001,DIL00094AA,CI,C1,X,CO,16000000,1AA0626FUE,80,20260619,2027-03-31,
500,1001,L0074,CI,C1,X,CO,16000000,1AA0626FUE,80,20260619,2027-03-31,
500,1001,S000020,CI,C4,X,OT,DY COMMISSIIONER,ITBA/EXM/F/EXM44/2025-26/,100,20260406,2027-03-31,
500,1001,DIA00493AA,JI,J1,X,CO,20000000,4AF0426WTO4A005,82.5,20260427,2027-03-31,
500,1001,DNM00398AA,CP,  , ,CO,31084341727,1AD0426EMH,60,20260416,2027-03-31,
500,1001,DIM00398AO,CI,C1,X,CO,31084341727,1AD0426EMH,60,20260416,2027-03-31,
500,1001,DIM00398AO,CP,C1, ,CO,31084341727,1AD0426EMH,60,20260416,2027-03-31,
500,1001,DIM00398AQ,CP,C1, ,CO,31084341727,1AD0426EMH,60,20260416,2027-03-31,
500,1001,DLSIML02A,CI,C1,X,CO,31084341727,1AD0426EMH,60,20260416,2027-03-31,
500,1001,DNM00398AA,CI,C1,X,CO,31084341727,1AD0426EMH,60,20260416,2027-03-31,
500,1001,DLSIML02A,II,I1,X,CO,866946434,1AD0426EMI,92,20260416,2027-03-31,
500,1001,DNM00398AA,II,I1,X,CO,866946434,1AD0426EMI,92,20260416,2027-03-31,
500,1001,DIM00398AQ,II,I1,X,CO,866946434,1AD0426EMI,92,20260416,2027-03-31,
500,1001,DLSIML02A,JI,J1,X,CO,2070249434,1AD0426EMJ,92,20260416,2027-03-31,
500,1001,DIM00398AQ,JI,J1,X,CO,2070249434,1AD0426EMJ,92,20260416,2027-03-31,
500,1001,DIM00398AO,JI,J1,X,CO,2070249434,1AD0426EMJ,92,20260416,2027-03-31,
500,1001,DIM00398AV,II,I1,X,CO,                ,1AD0426EMI,92,20260416,2027-03-31,
500,1001,DIM00398AV,JI,J1,X,CO,                ,1AD0426EMJ,92,20260416,2027-03-31,
500,1001,SA1080,JP,J3, ,OT,350000000,1AD0526CUH,100,20260519,2027-03-31,
500,1001,SA1080,JI,J3,X,OT,350000000,1AD0526CUH,100,20260519,2027-03-31,
500,1001,PTIM050016,CP,  ,X,OT,1250000000,1NA0726NHG,72.5,20260702,2027-03-31,
500,1001,DNP01003AA,CP,  , ,OT,1250000000,1NA0726NHG,72.5,20260702,2027-03-31,
500,1001,AEPL01,CI,C1, ,CO,10000000,1NA0726EJF,95,20260701,2027-03-31,
500,1001,DNC00606AD,CI,C1,X,CO,81266120,1NC0626AOZ,75,20260630,2027-03-31,
500,1001,DNC00606AA,CI,C1,X,CO,81266120,1NC0626AOZ,75,20260630,2027-03-31,
500,1001,DSC63834,CI,C1,X,CO,81266120,1NC0626AOZ,75,20260630,2027-03-31,
500,1001,CHMAT105CH,CI,C1,X,CO,81266120,1NC0626AOZ,75,20260630,2027-03-31,
500,1001,DSC63918,CI,C1,X,CO,81266120,1NC0626AOZ,75,20260630,2027-03-31,
500,1001,DNC00606AC,CI,C1,X,CO,81266120,1NC0626AOZ,75,20260630,2027-03-31,
500,1001,DNG00415AA,CI,C1,X,CO,7080000,1AB0326EZL,85,20260401,2027-03-31,
500,1001,DIC00606AA,CI,C1,X,CO,81266120,1NC0626AOZ,75,20260630,2027-03-31,
500,1001,DSC63683,CI,C1,X,CO,81266120,1NC0626AOZ,75,20260630,2027-03-31,
500,1001,DNC00606AA,CP,C1, ,CO,81266120,1NC0626AOZ,75,20260630,2027-03-31,
500,1001,DIA01162AA,CI,C1,X,CO,10000000,1NA0726EJF,95,20260701,2027-03-31,
500,1001,UPA0150001,CI,C1,X,CO,81266120,1NC0626AOZ,75,20260630,2027-03-31,
500,1001,DSC62181,CP,C1, ,CO,81266120,1NC0626AOZ,75,20260630,2027-03-31,
500,1001,DNC00606AB,CI,C1,X,CO,81266120,1NC0626AOZ,75,20260630,2027-03-31,
500,1001,DNO00139AB,CI,C1,X,CO,25569000,1AG0426GGL,67.5,20260429,2027-03-31,
500,1001,DSC62181,CI,C1,X,CO,81266120,1NC0626AOZ,75,20260630,2027-03-31,
500,1001,DNP01003AF,CI,C4,X,OT,1250000000,1NA0726NHG,72.5,20260702,2027-03-31,
500,1001,PEC1218,CI,C4,X,OT,1250000000,1NA0726NHG,72.5,20260702,2027-03-31,
500,1001,DNP01003AA,CI,C4,X,OT,1250000000,1NA0726NHG,72.5,20260702,2027-03-31,
500,1001,DNP01003AB,CI,C4,X,OT,1250000000,1NA0726NHG,72.5,20260702,2027-03-31,
500,1001,PTIM050016,CI,C4,X,OT,1250000000,1NA0726NHG,72.5,20260702,2027-03-31,
500,1001,POLESTAR01,CI,C4,X,OT,1250000000,1NA0726NHG,72.5,20260702,2027-03-31,
500,1001,EBU35832,CI,C4,X,OT,1250000000,1NA0726NHG,72.5,20260702,2027-03-31,
500,1001,DNP01003AE,CI,C4,X,OT,1250000000,1NA0726NHG,72.5,20260702,2027-03-31,
500,1001,PTIM290126,CI,C4,X,OT,1250000000,1NA0726NHG,72.5,20260702,2027-03-31,
500,1001,PT20010,CI,C4,X,OT,1250000000,1NA0726NHG,72.5,20260702,2027-03-31,
500,1001,DNP01003AD,CI,C4,X,OT,1250000000,1NA0726NHG,72.5,20260702,2027-03-31,
500,1001,PEC0219,CI,C4,X,OT,1250000000,1NA0726NHG,72.5,20260702,2027-03-31,
500,1001,DIA01162AA,JP,J1,X,CO,1841600,1NA0726EJE,99,20260701,2027-03-31,
500,1001,DIA01162AA,JI,J1,X,CO,1841600,1NA0726EJE,99,20260701,2027-03-31,
500,1001,AEPL01,JI,J1,X,CO,1841600,1NA0726EJE,99,20260701,2027-03-31,
500,1001,DID00384AC,JI,J1,X,CO,120097250,1NA0726SQB,66.5,20260706,2027-03-31,
500,1001,DSTSL105CH,JI,J1,X,CO,120097250,1NA0726SQB,66.5,20260706,2027-03-31,
500,1001,DCD00384AA,JI,J1, ,CO,120097250,1NA0726SQB,66.5,20260706,2027-03-31,
500,1001,MD0080,JI,J1,X,CO,120097250,1NA0726SQB,66.5,20260706,2027-03-31,
500,1001,ISD1292,JI,J1, ,CO,120097250,1NA0726SQB,66.5,20260706,2027-03-31,
500,1001,DID00384AA,JI,J1, ,CO,120097250,1NA0726SQB,66.5,20260706,2027-03-31,
500,1001,DCD00384AB,JI,J1,X,CO,120097250,1NA0726SQB,66.5,20260706,2027-03-31,
500,1001,DID00384AB,JI,J1,X,CO,120097250,1NA0726SQB,66.5,20260706,2027-03-31,
500,1001,C00393,CP,  ,X,CO,10000000,1AA0726HLR,50,20260707,2027-03-31,
500,1001,DNH00180AA,CI,C1,X,CO,10000000,1AA0726HLR,50,20260707,2027-03-31,
500,1001,H00252,CI,C1,X,CO,10000000,1AA0726HLR,50,20260707,2027-03-31,
500,1001,C00393,CI,C1,X,CO,10000000,1AA0726HLR,50,20260707,2027-03-31,
500,1001,DIH00180AA,CI,C1,X,CO,10000000,1AA0726HLR,50,20260707,2027-03-31,
500,1001,DIH00180AB,CI,C1,X,CO,10000000,1AA0726HLR,50,20260707,2027-03-31,
500,1001,H142,CI,C1,X,CO,10000000,1AA0726HLR,50,20260707,2027-03-31,
500,1001,DCH00180AA,CI,C1,X,CO,10000000,1AA0726HLR,50,20260707,2027-03-31,
500,1001,DNH00180AB,CI,C1,X,CO,10000000,1AA0726HLR,50,20260707,2027-03-31,
500,1001,DIH00180AB,CP,C1,X,CO,10000000,1AA0726HLR,50,20260707,2027-03-31,
500,1001,H00252,JP,J1,X,CO,427800000,1AA0726HLP,76.5,20260707,2027-03-31,
500,1001,DIH00180AA,JI,J1,X,CO,427800000,1AA0726HLP,76.5,20260707,2027-03-31,
500,1001,C00393,JI,J1,X,CO,427800000,1AA0726HLP,76.5,20260707,2027-03-31,
500,1001,H142,JI,J1,X,CO,427800000,1AA0726HLP,76.5,20260707,2027-03-31,
500,1001,DCH00180AA,JI,J1,X,CO,427800000,1AA0726HLP,76.5,20260707,2027-03-31,
500,1001,DNH00180AB,JP,J1,X,CO,427800000,1AA0726HLP,76.5,20260707,2027-03-31,
500,1001,H00252,JI,J1,X,CO,427800000,1AA0726HLP,76.5,20260707,2027-03-31,
500,1001,DIH00180AB,JP,J1,X,CO,427800000,1AA0726HLP,76.5,20260707,2027-03-31,
500,1001,DIH00180AB,JI,J1,X,CO,427800000,1AA0726HLP,76.5,20260707,2027-03-31,
500,1001,DCH00180AA,JP,J1,X,CO,427800000,1AA0726HLP,76.5,20260707,2027-03-31,
500,1001,DII00470AA,JI,J1,X,CO,23000000,1NA0726YDI,65,20260707,2027-03-31,
500,1001,IFBIPL015,JI,J1,X,CO,23000000,1NA0726YDI,65,20260707,2027-03-31,
500,1001,DNH00180AA,JI,J1,X,CO,427800000,1AA0726HLP,76.5,20260707,2027-03-31,
500,1001,DNH00180AB,JI,J1,X,CO,427800000,1AA0726HLP,76.5,20260707,2027-03-31,
500,1001,CG0124,JP,  ,X,CO,10000000,1NB0726LCV,45,20260710,2027-03-31,
500,1001,GO0015,JP,  ,X,CO,10000000,1NB0726LCV,45,20260710,2027-03-31,
500,1001,DIG00167AA,JP,  ,X,CO,10000000,1NB0726LCV,45,20260710,2027-03-31,
500,1001,CG01234,JP,  ,X,CO,10000000,1NB0726LCV,45,20260710,2027-03-31,
500,1001,DCG00167AA,JP,  ,X,CO,10000000,1NB0726LCV,45,20260710,2027-03-31,
500,1001,DIL00080AA,CI,C1,X,CO,336616582,1NB0726FGJ,87.5,20260709,2027-03-31,
500,1001,DIG00491AA,CI,C1,X,CO,37167656,1NB0726GKX,95,20260709,2027-03-31,
500,1001,L5206,CI,C1,X,CO,15000000,1NB0726JMD,62.5,20260710,2027-03-31,
500,1001,DNG00491AA,CI,C1,X,CO,37167656,1NB0726GKX,95,20260709,2027-03-31,
500,1001,MRVL002,CI,C1,X,CO,336616582,1NB0726FGJ,87.5,20260709,2027-03-31,
500,1001,MRVL002,CP,C1,X,CO,336616582,1NB0726FGJ,87.5,20260709,2027-03-31,
500,1001,SMGDX0122,CI,C1,X,CO,37167656,1NB0726GKX,95,20260709,2027-03-31,
500,1001,DIG00491AC,CI,C1,X,CO,37167656,1NB0726GKX,95,20260709,2027-03-31,
500,1001,DIL00080AA,CP,C1,X,CO,336616582,1NB0726FGJ,87.5,20260709,2027-03-31,
500,1001,DIG00491AB,CI,C1,X,CO,37167656,1NB0726GKX,95,20260709,2027-03-31,
500,1001,DIG00491AD,CI,C1,X,CO,37167656,1NB0726GKX,95,20260709,2027-03-31,
500,1001,MRVL004,CI,C1,X,CO,336616582,1NB0726FGJ,87.5,20260709,2027-03-31,
500,1001,DIL00186AA,CI,C1,X,CO,15000000,1NB0726JMD,62.5,20260710,2027-03-31,
500,1001,CG01234,JI,J1,X,CO,10000000,1NB0726LCV,45,20260710,2027-03-31,
500,1001,GO0015,JI,J1,X,CO,10000000,1NB0726LCV,45,20260710,2027-03-31,
500,1001,DIG00167AA,JI,J1, ,CO,10000000,1NB0726LCV,45,20260710,2027-03-31,
500,1001,DCG00167AA,JI,J1,X,CO,10000000,1NB0726LCV,45,20260710,2027-03-31,
500,1001,GO0016,JI,J1,X,CO,10000000,1NB0726LCV,45,20260710,2027-03-31,
500,1001,CG0124,JI,J1,X,CO,10000000,1NB0726LCV,45,20260710,2027-03-31,
500,1001,DIT00559AA,CI,C1,X,CO,6819000,1AB0326PSB,100,20260401,2027-03-31,
500,1001,DNI00538AA,JI,J3,X,OT,7000000.00,4AB0426YWE4A019,100,20260409,2027-03-31,
500,1001,DNI00538AA,JP,J3,X,OT,7000000.00,4AB0426YWE4A019,100,20260409,2027-03-31,
500,1001,DIK00212AA,JP,  ,X,CO,180000000,1NC0726CFF,75,20260714,2027-03-31,
500,1001,DNK00212AA,JP,  ,X,CO,180000000,1NC0726CFF,75,20260714,2027-03-31,
500,1001,DIK00212AA,JI,J1,X,CO,180000000,1NC0726CFF,75,20260714,2027-03-31,
500,1001,D1234,JI,J1,X,CO,914462070,1NC0726NSM,87,20260717,2027-03-31,
500,1001,DASSAULT1,JI,J1,X,CO,914462070,1NC0726NSM,87,20260717,2027-03-31,
500,1001,KRIOSINFO1,JI,J1,X,CO,180000000,1NC0726CFF,75,20260714,2027-03-31,
500,1001,DDD00371AA,JI,J1,X,CO,914462070,1NC0726NSM,87,20260717,2027-03-31,
500,1001,DCK00212AA,JI,J1,X,CO,180000000,1NC0726CFF,75,20260714,2027-03-31,
500,1001,D1234,JP,J1,X,CO,914462070,1NC0726NSM,87,20260717,2027-03-31,
500,1001,D00121,JI,J1,X,CO,914462070,1NC0726NSM,87,20260717,2027-03-31,
500,1001,DNK00212AA,JI,J1,X,CO,180000000,1NC0726CFF,75,20260714,2027-03-31,
500,1001,DNM00497AB,JP,J3,X,OT,1708633372,1NC0726MCH,62.7,20260717,2027-03-31,
500,1001,DNM00497AB,JI,J3,X,OT,1708633372,1NC0726MCH,62.7,20260717,2027-03-31,
500,1001,MC02445B,JI,J3,X,OT,1708633372,1NC0726MCH,62.7,20260717,2027-03-31,
500,1001,DNM00497AA,JP,J3,X,OT,1708633372,1NC0726MCH,62.7,20260717,2027-03-31,
500,1001,DIM00497AA,JP,J3,X,OT,1708633372,1NC0726MCH,62.7,20260717,2027-03-31,
500,1001,MKCIL001,JP,J3,X,OT,1708633372,1NC0726MCH,62.7,20260717,2027-03-31,
500,1001,MC02445B,JP,J3,X,OT,1708633372,1NC0726MCH,62.7,20260717,2027-03-31,
500,1001,DIM00497AA,JI,J3,X,OT,1708633372,1NC0726MCH,62.7,20260717,2027-03-31,
500,1001,MKCIL001,JI,J3,X,OT,1708633372,1NC0726MCH,62.7,20260717,2027-03-31,
500,1001,DNM00497AA,JI,J3,X,OT,1708633372,1NC0726MCH,62.7,20260717,2027-03-31,
500,1001,DSM64531,JI,J3,X,OT,1708633372,1NC0726MCH,62.7,20260717,2027-03-31,
500,1001,DIT00875AA,JI,J1,X,CO,1200000,4AA0526QJR4A551,70,20260506,2027-03-31,
500,1001,DIJ00281AA,JI,J1,X,CO,3000000,1AF0426FEG,95,20260423,2027-03-31,
500,1001,VFGVL23001,II,I1,X,CO,192000000,4AG0426FWT4A005,90,20260429,2027-03-31,
500,1001,DIM01054AA,II,I1,X,CO,192000000,4AG0426FWT4A005,90,20260429,2027-03-31,
500,1006,T080,JI,J1,X,CO,                ,4NA0626AAB4D002,50,20260601,2027-03-31,
500,1001,DIS00698AA,CI,C1,X,CO,150000000,4NA0626ADO4A003,62.5,20260608,2027-03-31,
500,1001,DIS00548AB,CI,C1,X,CO,26635571,AF0426RXQ,45,20260427,2027-03-31,
500,1001,DIS03836AA,JI,J1,X,CO,80999699,1NC0726GYX,60,20260715,2027-03-31,
500,1001,DNR00887AA,JI,J1,X,CO,1807509,1NA0726UJA,75,20260706,2027-03-31,
500,1001,DCI00181AA,CP,  , ,CO,1476824000,1ND0726ETP,25,20260724,2027-03-31,
500,1001,DNI00181AA,CP,  , ,CO,1476824000,1ND0726ETP,25,20260724,2027-03-31,
500,1001,I00365,CP,  , ,CO,1476824000,1ND0726ETP,25,20260724,2027-03-31,
500,1001,DNI00181AA,CI,C1,X,CO,1476824000,1ND0726ETP,25,20260724,2027-03-31,
500,1001,I00365,CI,C1,X,CO,1476824000,1ND0726ETP,25,20260724,2027-03-31,
500,1001,DII00181AA,CP,C1,X,CO,1476824000,1ND0726ETP,25,20260724,2027-03-31,
500,1001,DCI00181AA,CI,C1,X,CO,1476824000,1ND0726ETP,25,20260724,2027-03-31,
500,1001,DII00181AA,CI,C1,X,CO,1476824000,1ND0726ETP,25,20260724,2027-03-31,
500,1001,DCI00181AA,JI,J1,X,CO,58622000,1ND0726EYS,70,20260724,2027-03-31,
500,1001,DNI00181AA,JI,J1,X,CO,58622000,1ND0726EYS,70,20260724,2027-03-31,
500,1001,DNI00181AA,JP,J1,X,CO,58622000,1ND0726EYS,70,20260724,2027-03-31,
500,1001,DII00181AA,JI,J1,X,CO,58622000,1ND0726EYS,70,20260724,2027-03-31,
500,1001,DCI00181AA,JP,J1,X,CO,58622000,1ND0726EYS,70,20260724,2027-03-31,
500,1001,I00365,JI,J1,X,CO,58622000,1ND0726EYS,70,20260724,2027-03-31,
500,1001,I00365,JP,J1,X,CO,58622000,1ND0726EYS,70,20260724,2027-03-31,
500,1001,DCE00571AA,JP,J1, ,CO,                ,1NE0726NGD,90,20260727,2027-03-31,
500,1001,WAGONS27,JI,J1,X,CO,                ,1NF0726KJG,40,20260731,2027-03-31,
500,1001,DNE00571AA,JP,J1, ,CO,                ,1NE0726NGD,90,20260727,2027-03-31,
500,1001,DIE00571AA,JI,J1,X,CO,                ,1NE0726NGD,90,20260727,2027-03-31,
500,1001,DIE00571AA,JP,J1, ,CO,                ,1NE0726NGD,90,20260727,2027-03-31,
500,1001,DIW00131AA,JI,J1,X,CO,                ,1NF0726KJG,40,20260731,2027-03-31,
500,1001,ME013,JI,J1,X,CO,                ,1NE0726NGD,90,20260727,2027-03-31,
500,1001,DNE00571AA,JI,J1,X,CO,                ,1NE0726NGD,90,20260727,2027-03-31,
500,1001,ME013,JP,J1, ,CO,                ,1NE0726NGD,90,20260727,2027-03-31,
500,1001,DCE00571AA,JI,J1,X,CO,                ,1NE0726NGD,90,20260727,2027-03-31,
500,1001,DCW00131AA,JI,J1,X,CO,                ,1NF0726KJG,40,20260731,2027-03-31,
500,1001,J011261,LI,L1,X,CO,                ,1NE0726VFG,80,20260728,2027-03-31,
500,1001,SJ011311,LI,L1,X,CO,                ,1NE0726VFG,80,20260728,2027-03-31,
500,1001,J011311,LI,L1,X,CO,                ,1NE0726VFG,80,20260728,2027-03-31,
500,1001,SJ011301,LI,L1,X,CO,                ,1NE0726VFG,80,20260728,2027-03-31,
500,1001,SJ011261,LI,L1,X,CO,                ,1NE0726VFG,80,20260728,2027-03-31,
500,1001,J011301,LI,L1,X,CO,                ,1NE0726VFG,80,20260728,2027-03-31,
500,1001,J011311,MI,M1,X,CO,                ,1NE0726VFN,95,20260728,2027-03-31,
500,1001,J011261,MI,M1,X,CO,                ,1NE0726VFN,95,20260728,2027-03-31,
500,1001,SJ011301,MI,M1,X,CO,                ,1NE0726VFN,95,20260728,2027-03-31,
500,1001,SJ011261,MI,M1,X,CO,                ,1NE0726VFN,95,20260728,2027-03-31,
500,1001,J011301,MI,M1,X,CO,                ,1NE0726VFN,95,20260728,2027-03-31,
500,1001,SJ011311,MI,M1,X,CO,                ,1NE0726VFN,95,20260728,2027-03-31,
500,1001,INP526MN,JI,J1,X,CO,                ,1NA0826DJV,84,20260806,2027-03-31,
500,1001,DCP00333AA,JI,J1,X,CO,                ,1NA0826DJV,84,20260806,2027-03-31,
500,1001,DIP00333AB,JI,J1,X,CO,                ,1NA0826DJV,84,20260806,2027-03-31,
500,1001,DIP00333AA,JI,J1,X,CO,                ,1NA0826DJV,84,20260806,2027-03-31,
500,1001,DII00647AA,JI,J1,X,CO,9000000,1NA0826AEM,81.5,20260804,2027-03-31,
500,1001,DIN00463AA,JI,J5,X,CO,6900000,4NA0726AGF4A020,1.75,20260715,2027-03-31,
500,1007,MLDL008060,JI,J1,X,CO,                ,1NA0626CLD,85,20260602,2027-03-31,
500,1007,MLDL008060,JP,J1,X,CO,                ,1NA0626CLD,85,20260602,2027-03-31,
500,1001,DID00371AA,JI,J1,X,CO,                ,1NC0726NSM,87,20260717,2027-03-31,
500,1001,DID00371AA,JP,J1,X,CO,                ,1NC0726NSM,87,20260717,2027-03-31,
500,1005,E021,LI,L1,X,CO,4612649380,1AA0726IIR,60,20260710,2027-03-31,
500,1005,ARCELOI01,LI,L1,X,CO,                ,1AA0726IIR,60,20260710,2027-03-31,
500,1001,DNB00880AA,JI,J1,X,CO,                ,4NA0726ALV,65,20260729,2027-03-31,
500,1001,PEXP270214,JI,J1,X,CO,7500000,1NB0726UQA,30,20260710,2027-03-31,
500,1001,B5609,JI,J1,X,CO,7500000,1NB0726UQA,30,20260710,2027-03-31,
500,1001,DNB00081AA,JI,J1,X,CO,7500000,1NB0726UQA,30,20260710,2027-03-31,
500,1001,DSB64513,JI,J1,X,CO,7500000,1NB0726UQA,30,20260710,2027-03-31,
500,1001,DIB00081AA,JI,J1,X,CO,7500000,1NB0726UQA,30,20260710,2027-03-31,
500,1001,SPSBVP0124,JI,J1,X,CO,7500000,1NB0726UQA,30,20260710,2027-03-31,
500,1001,1730000148,JP,J1, ,CO,7500000,1NB0726UQA,30,20260710,2027-03-31,
500,1001,B5609,JP,J1, ,CO,7500000,1NB0726UQA,30,20260710,2027-03-31,
500,1001,DIB00081AB,JI,J1,X,CO,7500000,1NB0726UQA,30,20260710,2027-03-31,
500,1001,DSB65159,JI,J1,X,CO,7500000,1NB0726UQA,30,20260710,2027-03-31,
500,1001,BUREAU1,JI,J1,X,CO,7500000,1NB0726UQA,30,20260710,2027-03-31,
500,1001,DNB00081AA,JP,J1, ,CO,7500000,1NB0726UQA,30,20260710,2027-03-31,
500,1001,DIB00081AB,JP,J1, ,CO,7500000,1NB0726UQA,30,20260710,2027-03-31,
500,1001,1730000148,JI,J1,X,CO,7500000,1NB0726UQA,30,20260710,2027-03-31,
500,1001,MRVT017,LI,L1,X,CO,224979000,1NB0726OFT,100,20260710,2026-12-31,
500,1001,TNGTV105CH,LI,L1,X,CO,224979000,1NB0726OFT,100,20260710,2026-12-31,
500,1001,MRVT017,LP,L1,X,CO,224979000,1NB0726OFT,100,20260710,2026-12-31,
500,1007,MLDL009217,CP,C1,X,CO,                ,1NF0726HMB,50,20260730,2027-03-31,
500,1007,MLDL009217,CI,C1,X,CO,                ,1NF0726HMB,50,20260730,2027-03-31,
500,1001,DIB00544AA,II,I1,X,CO,6360000,4AD0526ITY4A005,70,20260521,2027-03-31,
500,1001,DIB00544AA,IP,I1, ,CO,6360000,4AD0526ITY4A005,70,20260521,2027-03-31,
500,1005,PNST100532,JI,J1,X,CO,148000, 4NA0626AAB4D018,50,20260601,2027-03-31,
500,1001,DNM00398AF,8I,IA,X,CO,                ,1AD0426EMI,92,20260416,2027-03-31,
500,1001,DIM01158AA,CP,C1, ,CO,1800000000,1AD0526PNP,87.5,20260525,2027-03-31,
500,1001,DDM00136AA,LI,L1,X,CO,                ,1NH0826UIT,50,20260819,2027-03-31,
500,1001,DM094A,LI,L1,X,CO,                ,1NH0826UIT,50,20260819,2027-03-31,
500,1001,DIJ00103AC,JP,J1, ,CO,332748483,1AC0526XFO,65,20260515,2027-03-31,
500,1001,LORDS105CH,CP,C1, ,CO,291091768,1AE0522FHM,25,20220518,2023-03-31,
500,1001,DIJ00103AC,JI,J1,X,CO,332748483,1AC0526XFO,65,20260515,2027-03-31,
500,1001,DNF00079AC,CP,  ,X,CO,5000000.00,4AB0326KEN4A027,100,20260401,2027-03-31,
500,1001,DNF00079AC,CI,C1,X,CO,5000000.00,4AB0326KEN4A027,100,20260401,2027-03-31,
500,1001,G152,CI,C1,X,CO,                ,0118CU601H,62.5,20190125,2019-03-31,
500,1001,T00366,CI,C1,X,CO,                ,0218DF635H,25,20180622,2019-03-31,
500,1001,DIO00139AB,CI,C1,X,CO,                ,1AG0426GGL,67.5,20260429,2027-03-31,
500,1001,B478,JP,  ,X,OT,                ,0217EV514G,100,20171219,2018-03-31,
500,1001,DIC00540AA,CI,C1,X,CO,                ,1AG0426KJR,87.5,20260429,2027-03-31,
500,1001,ET067,CI,C1,X,CO,                ,1AA0419OGX,62.5,20190418,2020-03-31,
500,1001,NSCF0122,CP,C3, ,OT,                ,236101120040821,100,20220901,2023-03-31,
500,1001,FLYJT105CH,CP,C1, ,CO,                ,1NF0726FLD,50,20260730,2027-03-31,
500,1001,J011311,CI,C1,X,CO,                ,1NE0726VFD,75,20260728,2027-03-31,
500,1001,DIF00108AB,CI,C1,X,CO,                ,1NF0726FLD,50,20260730,2027-03-31,
500,1001,MA200,CI,C1,X,CO,                ,0215CJ098H,34.5,20150522,2016-03-31,
500,1001,ML0917,CI,C1,X,CO,                ,SECTION172,100,20230401,9999-03-31,
500,1001,DIF00108AE,CI,C1,X,CO,                ,1NF0726FLD,50,20260730,2027-03-31,
500,1001,HS057,JP,  ,X,OT,                ,0217ER277E,79.7,20171017,2018-03-31,
500,1001,UPA1820,CI,C1, ,CO,                ,1AE0519VCE,50,20190521,2020-03-31,
500,1001,A6800,JP,  , ,CO,                ,0410AC121I,100,20100430,2010-09-30,
500,1001,DIF00108AC,CI,C1,X,CO,                ,1NF0726FLD,50,20260730,2027-03-31,
500,1001,D0623,JP,  ,X,OT,                ,1118AS146J,45,20181016,2019-03-31,
500,1001,D5027,CI,C1,X,CO,                ,0813FH062I,50,20130910,2014-03-31,
500,1001,INV510MN,HI,H1, ,CO,                ,0215CQ719B,77.8,20150529,2016-03-31,
500,1001,M5984,CI,C3,X,OT,                ,1217AC292H,50,20170718,2018-03-31,
500,1001,R138,HI,H1,X,CO,                ,2013-14/3,75,20140722,2015-03-31,
500,1001,GTS0618,CI,C1,X,CO,                ,0118CU601H,62.5,20190125,2019-03-31,
500,1001,TF0003,CI,C1,X,CO,                ,1NF0726FLD,50,20260730,2027-03-31,
500,1001,MA0010,JP,  ,X,CO,                ,0214UM311B,97.6,20140401,2015-03-31,
500,1001,FLYJT105CH,CI,C1,X,CO,                ,1NF0726FLD,50,20260730,2027-03-31,
500,1001,B5576,CI,C4,X,OT,                ,DCIT(E)-/18-19,100,20180402,2019-03-31,
500,1001,FABHOTEL01,CI,C1,X,CO,                ,1AG0426KJR,87.5,20260429,2027-03-31,
500,1001,EBU30822,CI,C4,X,OT,                ,1011BB682I,50,20110720,2012-03-31,
500,1001,B5576,CP,  , ,OT,                ,DCIT(E)-/18-19,100,20180402,2019-03-31,
500,1001,CIR811,5I,5M,X,CO,                ,1AD0519GIU,78.28,20190514,2020-03-31,
500,1001,DIM00398AV,CP,C1, ,CO,                ,1AD0426EMH,60,20260416,2027-03-31,
500,1001,SJ011261,CI,C1,X,CO,                ,1NE0726VFD,75,20260728,2027-03-31,
500,1001,R2290,CP,  ,X,OT,                ,0210BV374C,100,20100604,2010-06-04,
500,1001,DIC00540AA,CP,C1,X,CO,                ,1AG0426KJR,87.5,20260429,2027-03-31,
500,1001,CMA35010,CI,C1,X,CO,                ,2021-22/1032376362(1),100,20210401,2022-03-31,
500,1001,FAB01GO,CI,C1,X,CO,                ,1AG0426KJR,87.5,20260429,2027-03-31,
500,1001,FABHOTEL01,CP,C1,X,CO,                ,1AG0426KJR,87.5,20260429,2027-03-31,
500,1001,T1775,CP,  , ,OT,                ,1AA0520LFZ,100,20210516,2022-03-31,
500,1001,TF0003,CP,  , ,CO,                ,1NF0726FLD,50,20260730,2027-03-31,
500,1001,IH001,CI,C1,X,CO,                ,0216DA268C,84,20160614,2017-03-31,
500,1001,P0027H,CP,C1, ,CO,                ,1510AB822C,25,20100525,2011-03-31,
500,1001,F00180,CI,  ,X,CO,                ,0218DO100D,75,20180706,2019-03-31,
500,1001,GTSPL0917,CI,C1,X,CO,                ,0118CU601H,62.5,20190125,2019-03-31,
500,1001,M5984,CP,C3, ,OT,                ,1217AC292H,50,20170718,2018-03-31,
500,1001,JMPL01,CP,C1,X,CO,                ,1NE0726VFD,75,20260728,2027-03-31,
500,1001,SJ011311,CI,C1,X,CO,                ,1NE0726VFD,75,20260728,2027-03-31,
500,1001,N6092,CP,  ,X,CO,                ,ITO(IT)KOL.662,100,20100412,2011-03-31,
500,1001,MKTGA797,5I,54,X,CO,                ,1AA0320CVN,50,20200305,2020-06-30,
500,1001,A073,HI,H1,X,CO,                ,0216EG686H,87,20160817,2017-03-31,
500,1001,AS010,CP,  ,X,CO,                ,0218DF560H,50,20180611,2019-03-31,
500,1001,FSR2089B,CI,C1,X,CO,                ,0113GC224H/37,75,20130430,2014-03-31,
500,1001,I00144,CI,C1,X,CO,                ,0116CJ772H,65,20160712,2017-03-31,
500,1001,C00292,CI,C1,X,CO,                ,1AI0519KIQ,50,20190531,2020-03-31,
500,1001,A797,5I,54, ,CO,                ,0114JF538A,70,20141029,2015-03-31,
500,1001,M0037H,CP,C4, ,CO,                ,0412BU259G,75,20120423,2013-03-31,
500,1001,F00180,CP,  , ,CO,                ,0218DO100D,75,20180706,2019-03-31,
500,1001,SJ011301,CI,C1,X,CO,                ,1NE0726VFD,75,20260728,2027-03-31,
500,1001,DIP00333AA,JP,  , ,CO,                ,1NA0826DJV,84,20260806,2027-03-31,
500,1001,DIO00139AA,CI,C1,X,CO,                ,1AG0426GGL,67.5,20260429,2027-03-31,
500,1001,MRVM012,CI,C1,X,CO,                ,0310AI261G,12.5,20110401,2012-01-30,
500,1001,FAB01GO,CP,C1,X,CO,                ,1AG0426KJR,87.5,20260429,2027-03-31,
500,1001,DIF00108AB,CP,C1, ,CO,                ,1NF0726FLD,50,20260730,2027-03-31,
500,1001,DIJ00581AA,CI,C1,X,CO,                ,1NE0726VFD,75,20260728,2027-03-31,
500,1001,P0117,CI,C4,X,OT,                ,1NA0626GRY,100,20260604,2027-03-31,
500,1001,DIJ00581AA,CP,C1,X,CO,                ,1NE0726VFD,75,20260728,2027-03-31,
500,1001,C489,CI,C1,X,CO,                ,0916AC619B,75,20170125,2017-03-31,
500,1001,OPTUM6027,CI,C1,X,CO,                ,0418AT027A,50,20180702,2019-03-31,
500,1001,DIF00108AA,CI,C1,X,CO,                ,1NF0726FLD,50,20260730,2027-03-31,
500,1001,S10323,CI,C4,X,OT,                ,2416AA729A,70,20161020,2017-03-31,
500,1001,G6599T,CI,C1,X,CO,                ,1AH0519FKC,33.33,20200401,2020-06-30,
500,1001,A00583,CI,C1,X,CO,                ,0410AK440E,100,20100813,2011-03-31,
500,1001,ISU2035,CI,C1,X,CO,                ,1AD0621YGH,28,20210617,2022-03-31,
500,1001,C00246,CI,C1,X,CO,                ,ITBA/COM/F/17/2021-22/103,100,20210401,2022-03-31,
500,1001,DIF00108AD,CI,C1,X,CO,                ,1NF0726FLD,50,20260730,2027-03-31,
500,1001,DIM00398AV,CI,C1,X,CO,                ,1AD0426EMH,60,20260416,2027-03-31,
500,1001,PLIL001,CI,C1,X,CO,                ,0218DD615B,50,20180619,2019-03-31,
500,1001,OLS254995B,CI,C1,X,CO,                ,1AG0426GGL,67.5,20260429,2027-03-31,
500,1001,P0027H,CI,C1,X,CO,                ,1510AB822C,25,20100525,2011-03-31,
500,1001,C00246,CP,  , ,OT,                ,2021-22/1032376362(1),100,20210401,2022-03-31,
500,1001,1730000159,JI,  ,X,OT,                ,3014AC120A,100,20141108,2015-03-31,
500,1001,YURUA2020,CI,C4,X,OT,                ,351929520120521,100,20220901,2023-03-31,
500,1001,DNC00540AA,CI,C1,X,CO,                ,1AG0426KJR,87.5,20260429,2027-03-31,
500,1001,N6092,CI,C1,X,CO,                ,ITO(IT)KOL.662,100,20100412,2011-03-31,
500,1001,DIF00108AF,CI,C1,X,CO,                ,1NF0726FLD,50,20260730,2027-03-31,
500,1001,YURUA2020,CP,C4, ,OT,                ,351929520120521,100,20220901,2023-03-31,
500,1001,SL001,CI,C1,X,CO,                ,0616BD916I,87.5,20160608,2017-03-31,
500,1001,SBS0717,CI,C4,X,OT,                ,1AA1219LHR,66.67,20200604,2021-03-31,
500,1001,INP526MN,JP,  , ,CO,                ,1NA0826DJV,84,20260806,2027-03-31,
500,1001,DNM00398AF,CI,C1,X,CO,                ,1AD0426EMH,60,20260416,2027-03-31,
500,1001,MLDL006391,CI,C1,X,CO,                ,1AG0426KJR,87.5,20260429,2027-03-31,
500,1001,J00258,CI,C4,X,OT,                ,3616AA082E,50,20170725,2018-03-31,
500,1001,CA0078,CI,C1,X,CO,                ,0214XW725F,99.69,20140618,2015-03-31,
500,1001,DIF00108AA,CP,  , ,CO,                ,1NF0726FLD,50,20260730,2027-03-31,
500,1001,GSSPL01,CI,C1,X,CO,                ,1AH0519FKC,33.33,20200401,2020-06-30,
500,1001,DNC00540AA,CP,C1,X,CO,                ,1AG0426KJR,87.5,20260429,2027-03-31,
500,1001,ET020,CI,C1,X,CO,                ,197/2014-15/01,58,20140417,2015-03-31,
500,1001,R2290,CI,C1,X,OT,                ,0210BV374C,100,20100604,2010-06-04,
500,1001,I0010H,JP,  ,X,OT,                ,05/DDIT(E)05-06,100,20050401,2006-03-31,
500,1001,KFPSPLD101,CI,C1,X,CO,                ,0216EM9371,50,20160822,2017-03-31,
500,1001,DCP00333AA,JP,  , ,CO,                ,1NA0826DJV,84,20260806,2027-03-31,
500,1001,DSG64830,CI,C1,X,CO,                ,1AA0321OHO,95,20210501,2022-03-31,
500,1001,J011301,CI,C1,X,CO,                ,1NE0726VFD,75,20260728,2027-03-31,
500,1001,J011261,CI,C1,X,CO,                ,1NE0726VFD,75,20260728,2027-03-31,
500,1001,JMPL01,CI,C1,X,CO,                ,1NE0726VFD,75,20260728,2027-03-31,
500,1001,DIF00108AC,CP,  , ,CO,                ,1NF0726FLD,50,20260730,2027-03-31,
500,1001,DIF00108AG,CI,C1,X,CO,                ,1NF0726FLD,50,20260730,2027-03-31,
500,1022,APA0305301,CP,  ,X,CO,                ,1AA1019OWP,89,20191021,2020-03-31,
500,1022,MHA0274501,CP,  ,X,OT,                ,1AE0519PPJ,34,20190520,2020-03-31,
500,1022,MHA0363701,CP,  ,X,CO,                ,1AD0519ZFF,80,20190520,2020-03-31,
500,1022,OSA0181301,CP,  ,X,CO,                ,1AA0120MSG,50,20200313,2020-03-31,
500,1058,36MKTG1820,CI,C1,X,CO,                ,0418AH613J,50,20180508,2019-03-31,
500,1070,AGCCTCI180,CI,C1,X,CO,                ,1AE0424LBM,70,20240424,2025-03-31,
500,1081,DIM01158BA,CI,C1,X,CO,"15,00,00,000",1AD0526PNS,87.5,20260525,2027-03-31,
500,1079,M01179B,CI,C1,X,CO,1202274130,1AD0426EMO,60,20260416,2027-03-31,
500,1070,MHA0165601,CI,C1,X,CO,                ,1AA0721QGV,0.65,20210706,2022-03-31,
500,9023,VHO2500018,CI,C1,X,CO,                ,1AD0525LPX,95,20250514,2026-03-31,
500,9023,YMS100928,II,I4,X,OT,1ND0726GAF,1ND0726GAF,89,20260724,2027-03-31,
500,1081,DIS00681AA,JI,J1,X,CO,14030000,1NC0626BQR,90,20260630,2027-03-31,
500,9023,VHO2300052,JI,J1,X,CO,1AA0123VGI,1AA0123VGI,60,20230131,2023-03-31,
500,9017,VQUESSRJ1,JI,J1,X,CO,                ,197(1)/AABCI7601M/2021-22,95,20210401,2022-03-31,
500,1081,MAS1051,JI,J5,X,CO,"40,00,000",4AG0426FWU4A063,50,20260429,2027-03-31,
500,1024,MAS1022,II,  , ,CO,RS 3850000,0218AS531C,75,20180504,2019-03-31,
500,9033,BHARTIAIR1,CI,C1,X,CO,                ,1AC0325BQX,90,20250401,2026-03-31,
500,9025,DNB00759AA,CI,C1,X,CO,AAGCB8612G,4AB0326FMV4A134,95,20260401,2027-03-31,
500,1067,KTA0014901,CI,C1,X,CO,                ,1AD0725FIU,62.5,20250731,2026-03-31,
500,1022,S0846,CI,C1,X,CO,                ,1AI0519ALW,75,20190531,2020-03-31,
500,1084,DLSIML02,II,I1,X,CO,                ,1AC0724WDD,93.5,20240716,2025-03-31,
500,1027,DLSISA01,JI,J1,X,CO,                ,1AC0326GUR,79.5,20260401,2027-03-31,
500,1065,DSA63568,JI,J1,X,CO,                ,0418AH931F,90,20180508,2019-03-31,
500,1037,MLDL006998,JP,J1,X,CO,                ,1AF0521LWS,60,20210526,2022-03-31,
500,1044,T00125,JI,J1,X,CO,                ,1AA0619UJW,50,20190610,2020-03-31,
500,1080,VNSK-04435,JP,J1, ,CO,                ,1AD0725FHD,70,20250731,2026-03-31,
500,1030,CANB0032,JP,J3,X,OT,                ,197/AAATD0094K,100,20110728,2012-03-31,
500,1081,DIE00207AB,JI,J3,X,OT,"60,00,000",4NA0626AIE4D263,40,20260625,2027-03-31,
500,1083,MLDL000091,JP,J3,X,OT,                ,1AE0425CJW,100,20250415,2026-03-31,
500,1037,SA1080,JP,J3, ,OT,                ,1AC0721GBO,100,20210716,2022-03-31,
500,1022,O0038,CP,  ,X,CO,                ,1AA1219XVM,90,20200101,2020-03-31,
500,1024,V0658,JP,  ,X,CO,AADCV7818F,0214YS876I,89,20140725,2014-09-29,
500,1044,KAF00668,CP,C1, ,CO,                ,1AB0521BWF,50,20210505,2022-03-31,
500,1070,MAS9905PB,CI,C1,X,CO,                ,1AD0725FIZ,62.5,20250731,2026-03-31,
500,9025,DNT00548AA,JI,J1,X,CO,AAECT4240J,1AF0426WOJ,88,20260427,2027-03-31,
500,1045,SA1080,JI,J3,X,OT,                ,1AC0519AZG,100,20190509,2020-03-31,
500,1022,HRA01441ME,CP,  ,X,OT,                ,1AE0519ZOF,100,20190523,2020-03-31,
500,1022,TNA0466001,CP,  ,X,CO,                ,1AD0519TVY,75,20190607,2020-03-31,
500,1070,DEL25476B,CI,C1,X,CO,                ,4AC0326DIZ,95,20260401,2027-03-31,
500,9023,E00030,CI,C1,X,CO,                ,1AA1219CHX,50,20191204,2020-03-31,
500,1021,LORDS01,CI,C1,X,CO,20000000,0218AT258B,65,20180504,2019-03-31,
500,1084,MDSLVEN186,CI,C1,X,CO,AABCM4781A,1AC0323RSF,100,20230401,2024-01-24,
500,1044,MRVDS00087,CP,C1,X,CO,                ,1AC0821ZQL,50,20210823,2022-03-31,
500,9023,VHO2200120,CI,C1,X,CO,                ,1AD0525LPX,95,20250514,2026-03-31,
500,9018,0035012489,JP,J1,X,CO,                ,197/AAICS5500L/,51,06/20/20,,
500,1021,CT0012,JI,J1,X,CO,                ,2013-14/7,55,20130402,2014-03-31,
500,1079,DIM00474AA,JI,J1,X,CO,12000000,1AC0526TKB,58,20260515,2027-03-31,
500,1080,VNSK-04435,JI,J1,X,CO,                ,1AD0725FHD,70,20250731,2026-03-31,
500,1049,BSR9852,JI,J3,X,OT,                ,1AB0325GFT,19.9,20250401,2026-03-31,
500,1022,G00019,7P,  ,X,CO,                ,1AB0619WVR,60,20190703,2020-03-31,
500,1022,UTA0018501,CP,  ,X,CO,                ,1AC0619NNB,62.5,20190621,2020-03-31,
500,1024,09MAS1022,CI,C1,X,CO,RS 18766317,0218AS815J,48,20180504,2019-03-31,
500,1022,MHA0263901,CI,C1,X,CO,                ,1AA0519CJG,62.5,20190503,2020-03-31,
500,1022,TNA0263901,CI,C1,X,CO,                ,1AA0519CJG,62.5,20190503,2020-03-31,
500,1021,MD061,II,I4,X,OT,                ,0610AG201E,100,20100528,2011-03-31,
500,1081,DIP00333AB,JI,J1,X,CO,36241947,1NA0826DJW,84,20260806,2027-03-31,
500,9017,INH504MN,JI,J1,X,CO,900000.00,1113BT435D,70,20150409,2016-03-31,
500,1037,P00607,JP,J1, ,CO,                ,1AH0522XXF,95.5,20220526,2023-03-31,
500,1038,VIVAC01,JI,J1,X,CO,                ,1AF0525QZY,70,20250523,2026-03-31,
500,1027,MI0031,JP,J3, ,OT,                ,1AA0221CRG,100,20210205,2021-03-31,
500,9025,T0720,JP,J3,X,OT,AAATT1989P,1AD0526CWB,100,20260519,2027-03-31,
500,1049,MPOT001722,JI,J5,X,CO,                ,1AB0825RNU,90,20250827,2026-03-31,
500,1022,M0492,CP,  ,X,CO,                ,1AA0719ZGM,87.5,20190719,2020-03-31,
500,1022,TNA0305302,CP,  ,X,CO,                ,1AA1019OWP,89,20191021,2020-03-31,
500,1044,KASISL01,CI,C1,X,CO,                ,4AB0426EVC4D140,99.99,20260406,2027-03-31,
500,1036,LS957,CI,C1,X,CO,                ,1NA0526DLG,55,20260507,2027-03-31,
500,1081,M01179B,CI,C1,X,CO,3423983036,1AD0426EMP,60,20260416,2027-03-31,
500,1022,MHA0020701,CI,C1,X,CO,                ,1AA0419RIX,75,20190506,2020-03-31,
500,1037,MRVDS00078,CI,C1,X,CO,                ,0211FL378E,72,20110516,2012-03-31,
500,9018,0035011908,JP,J1, ,CO,                ,197/AAACR7606L,99.5,20100819,2011-03-31,
500,1042,MES00962,JI,J1,X,CO,                ,1AF0524CXY,98,20240516,2025-03-31,
500,9018,T080,JP,J1,X,CO,                ,1AC0523SFQ,50,20230512,2024-03-31,
500,9026,M144209707,LI,L1,X,CO,IMPORT,IMPORT,100,20220401,2023-03-31,
500,1024,A797,5P,  ,X,CO,AADCA0861H,0116AJ523I,85,20160401,2017-03-31,
500,1022,B0062,CP,  ,X,CO,                ,1AC0619KEH,50,20190618,2020-03-31,
500,1022,MAS9905,JP,  ,X,CO,                ,1AC0719GGX,64,20190730,2020-03-31,
500,1022,MLL415A,7P,  ,X,CO,                ,1AA1119ROS,50,20191210,2020-03-31,
500,1081,DIM01158AD,CI,C1,X,CO,"15,00,00,000",1AD0526PNS,87.5,20260525,2027-03-31,
500,1081,DIT00610AA,CI,C1,X,CO,7850918,1AB0326MIN,95,20260401,2027-03-31,
500,9017,FAB01RJ,CI,C1,X,CO,                ,1AD0524GUI,87.5,20240508,2025-03-31,
500,1022,HRA0099201,CI,C1,X,CO,                ,1AB0719HET,77.5,20190808,2020-03-31,
500,1022,M0091,CI,C1,X,CO,                ,1AA1019CUC,75,20191025,2020-03-31,
500,1027,MDSLRI03,CI,C1,X,CO,                ,1AD05268BXA,50,20260519,2027-03-31,
500,1022,MHA0053401,CI,C1,X,CO,                ,1AH0519YAU,40,20190530,2020-03-31,
500,1022,RJA0062001,8I,IA,X,CO,                ,1AB0519WMY,90,20190513,2020-03-31,
500,1081,DCP00333AA,JI,J1,X,CO,36241947,1NA0826DJW,84,20260806,2027-03-31,
500,1022,PNA0109001,JI,J1,X,CO,                ,1AA0419FAG,100,20190816,2020-03-31,
500,9017,VQUESSAP1,JI,J1,X,CO,                ,197(1)/AABCI7601M/2021-22,95,20210401,2022-03-31,
500,1022,A00578,8P,  ,X,CO,                ,1AG0519XWJ,70,20190604,2020-03-31,
500,1022,DLA0105701,CP,  ,X,CO,                ,1AB0719HET,77.5,20190808,2020-03-31,
500,1024,O0257,JP,  ,X,CO,AAACO0849E,0113HC625D,75,20130725,2014-03-31,
500,1022,WBA0343901,CP,  ,X,CO,                ,1AB0819MJP,45,20191011,2020-03-31,
500,9025,DID00707AA,CI,C1,X,CO,AAGCM1226P,1NA0726PMZ,25,20260703,2027-03-31,
500,1049,GRPSERV358,CI,C1,X,CO,                ,4AD0426KWA,50,20260416,2027-03-31,
500,1022,HRA0158101,CI,C1,X,CO,                ,1AA0519RBU,60,20190507,2020-03-31,
500,1022,KLA0018501,CI,C1,X,CO,                ,1AC0619NNB,62.5,20190621,2020-03-31,
500,1023,MFVMFM01,CI,C1,X,CO,                ,0311AT630B,99.5,20110511,2012-03-31,
500,1022,MLL665,CI,C1,X,CO,                ,1AA0719SOP,90,20190715,2020-03-31,
500,1067,T1775,CI,C4,X,OT,                ,1AA0421IGF,100,20210412,2022-03-31,
500,9025,DIA01154AB,II,I1,X,CO,AALCA0748D,1AF0426DAE,75,20260423,2027-03-31,
500,1037,MI0031,JI,J3,X,OT,                ,0116CT999G,100,20160819,2017-03-31,
500,1037,MRVI009,JI,J3,X,OT,                ,1AA1021WGV,100,20211029,2022-03-31,
500,1022,HRA0016001,CP,  ,X,CO,                ,1AA0619EQP,90,20190610,2020-03-31,
500,1022,MHA0198001,CP,  ,X,CO,                ,1AA0519EIQ,65,20190509,2020-03-31,
500,1022,MHA0396801,HP,  ,X,CO,                ,1AB0819RJS,40,20190905,2020-03-31,
500,1070,AGCCDLL316,CI,C1,X,CO,                ,4AC0326DIZ,95,20260401,2027-03-31,
500,1081,DIM00398AS,CI,C1,X,CO,3423983036,1AD0426EMP,60,20260416,2027-03-31,
500,1081,DIM01158AB,CI,C1,X,CO,"15,00,00,000",1AD0526PNS,87.5,20260525,2027-03-31,
500,1081,DIT00559AA,CI,C1,X,CO,156000,1AB0326PSD,100,20260401,2027-03-31,
500,1024,J0521,CI,C1,X,CO,AABCJ3126A,0115LY589A,70,20150801,2016-03-31,
500,1079,LORDS01,CI,C1,X,CO,"2,94,56,153",1NA0626AVI,25,20260601,2027-03-31,
500,1081,LORDS105CH,CI,C1,X,CO,260298,1NA0626AVJ,25,20260601,2027-03-31,
500,9029,MAS9905,CI,C1,X,CO,                ,1AD0725FIX,62.5,20250731,2026-03-31,
500,1022,MHA0053101,CI,C1,X,CO,                ,1AA0519ITQ,94.5,20190502,2020-03-31,
500,1079,DIT00875AA,JI,J1,X,CO,2900000,4AA0526QJR4A242,70,20260506,2027-03-31,
500,1048,DLSII03,JI,J1,X,CO,                ,1AC0621WVG,80,20210823,2022-03-31,
500,1027,T00856,JI,J1,X,CO,                ,1AD0425UFJ,6,20250412,2026-03-31,
500,1038,VIVAC01,JP,J1,X,CO,                ,1AF0525QZY,70,20250523,2026-03-31,
500,9018,G8007,JI,J3, ,OT,                ,0617AQ932E,100,20170503,2018-03-31,
500,1022,BPA0466001,CP,  ,X,CO,                ,1AD0519TVY,75,20190607,2020-03-31,
500,1022,MHA0084801,CP,  ,X,CO,                ,1AA0419RIX,75,20190506,2020-03-31,
500,1022,MHA0225001,JP,  ,X,CO,                ,1AA0120BPV,100,20200106,2020-03-31,
500,1036,36MAS1022,CI,C1, ,CO,                ,1AD0426EJO,92,20260423,2027-03-31,
500,1070,AGCDELL290,CI,C1,X,CO,                ,4AC0326DIZ,95,20260401,2027-03-31,
500,9029,AWFIS01,CI,C1,X,CO,                ,1AD0525LPZ,95,20250514,2026-03-31,
500,1021,CH0023,CI,C1,X,CO,AAACH1471R,0213RZ191B,38,20130613,2014-03-31,
500,1081,DIM00398AH,CI,C1,X,CO,3423983036,1AD0426EMP,60,20260416,2027-03-31,
500,9017,FAB01TL,CI,C1,X,CO,                ,1AD0524GUI,87.5,20240508,2025-03-31,
500,1022,MHA0181301,CI,C1,X,CO,                ,1AA0120MSG,50,20200313,2020-03-31,
500,1063,VNSK-00472,CP,C1,X,CO,                ,1AC0425LYY,32.5,20250409,2026-03-31,
500,1036,08MAS1022,II,I1,X,CO,                ,1AD0426EJP,92,20260423,2027-03-31,
500,9023,YMS100025,II,I4,X,CO,1ND0726GAF,1ND0726GAF,89,20260724,2027-03-31,
500,9023,YMS101012,II,I4,X,CO,1ND0726GAF,1ND0726GAF,89,20260724,2027-03-31,
500,1022,A00578,8I,IA,X,CO,                ,1AG0519XWJ,70,20190604,2020-03-31,
500,1065,DSA63560,JI,J1,X,CO,                ,0418AH931F,90,20180508,2019-03-31,
500,1027,SSG0000888,JI,J1,X,CO,                ,1AD0426XZS,1.5,20260420,2027-03-31,
500,1052,BSR9852,JI,J3,X,OT,                ,1AB0325GFT,19.9,20250401,2026-03-31,
500,1081,DDT00472AB,JI,J3,X,OT,110000000,1AD0526CVA,100,20260519,2027-03-31,
500,1022,ASA0466001,CP,  ,X,CO,                ,1AD0519TVY,75,20190607,2020-03-31,
500,1022,K10093,CP,  ,X,CO,                ,1AA1119IWF,99.5,20191118,2020-03-31,
500,1022,M0202,CP,  ,X,CO,                ,1AA0619EQP,90,20190610,2020-03-31,
500,1022,MHA0263901,CP,  ,X,CO,                ,1AA0519CJG,62.5,20190503,2020-03-31,
500,1024,36MAS1022,CI,C1,X,CO,RS 18766317,0218AS815J,48,20180504,2019-03-31,
500,1046,IV0015,CI,C1,X,CO,                ,1AF0622MRC,2.5,20221029,2023-03-31,
500,9025,MSBFMISC01,CI,C1,X,CO,AACCF6938K,4AD0526XTE4A042,75,20260529,2027-03-31,
500,1067,SISLTD3538,CI,C1,X,CO,                ,4AB0426EVC,99.5,20260406,2027-03-31,
500,1051,VIN00121,8I,IA,X,CO,                ,0218AH149E,4,20180221,2018-03-31,
500,1081,DIM00420AB,JP,J1, ,CO,11848236,1AD0725FIL,70,20250731,2026-03-31,
500,1021,MAS9905,JI,J1, ,CO,                ,1AC0719GGV,52,20190729,2020-06-30,
500,1048,MAS9905,JI,J1,X,CO,                ,1AD0725FIJ,70,20250731,2026-03-31,
500,1024,DTT001,JP,  ,X,CO,AABCD1147R,0214ZR895H,95.6,20141114,2015-03-31,
500,1022,GJA0054701,CP,  ,X,CO,                ,1AA0719SOP,90,20190715,2020-03-31,
500,1022,WBA0216501,CP,  ,X,CO,                ,1AI0519HEB,50,20190611,2020-03-31,
500,9018,MAS1051,AI,A1,X,CO,                ,187/AACCM0794N,95,06/30/20,,
500,9017,AARVI1,CI,C1,X,CO,                ,1AF0425UGF,82.5,20250421,2026-03-31,
500,1081,DIM01158AI,CI,C1,X,CO,"15,00,00,000",1AD0526PNS,87.5,20260525,2027-03-31,
500,1036,33MAS1022,II,I1,X,CO,                ,1AD0426EJO,92,20260423,2027-03-31,
500,9023,YMS101049,II,I4,X,OT,1ND0726GAF,1ND0726GAF,89,20260724,2027-03-31,
500,1069,1730000148,JI,J1,X,CO,                ,1730000148,45,20211202,2022-03-31,
500,1037,C01766B,JI,J1,X,CO,                ,1AA0119AJL,90,20190125,2019-03-31,
500,1022,C0751,JI,J1,X,CO,                ,1AA0519DGM,90,20190513,2020-03-31,
500,1081,DIA00493AA,JI,J1,X,CO,"10,000,000",4AF0426WTO4A021,82.5,20260427,2027-03-31,
500,1079,MAS9905,JI,J1,X,CO,2789382109,1AD0725FHX,70,20250731,2026-03-31,
500,1069,MHDL015253,JP,J3,X,OT,                ,1AC0724LFE,60,20240711,2025-03-31,
500,1022,HRA0098501,8P,  ,X,CO,                ,1AG0519XWJ,70,20190604,2020-03-31,
500,1022,I0225,JP,  ,X,CO,                ,1AA0120BPV,100,20200106,2020-03-31,
500,1022,PNA0181301,CP,  ,X,CO,                ,1AA0120MSG,50,20200313,2020-03-31,
500,1037,U00089B,CP,  ,X,CO,                ,0313DT689A,75,20130603,2014-03-31,
500,1024,A797,5I,5H,X,CO,AADCA0861H,0116AJ523I,85,20160401,2017-03-31,
500,1022,WBA0024101,CI,C1,X,CO,                ,1AD0519MPE,99.5,20190610,2020-03-31,
500,1022,GJA0404801,7I,IA,X,CO,                ,1AB0619WVR,60,20190703,2020-03-31,
500,1048,GJA0319201,JP,J1,X,CO,                ,1AC0721RGY,55,20210722,2022-03-31,
500,1081,H00252,JI,J1,X,CO,50000000,1AA0726HLT,76.5,20260707,2027-03-31,
500,1044,TELWRI01,JP,J1,X,CO,                ,1AE0426IFF,88.5,20260421,2027-03-31,
500,1022,GJA01347A0,7P,  ,X,CO,                ,1AB0619WVR,60,20190703,2020-03-31,
500,1022,KLA0156901,CP,  ,X,CO,                ,1AA0120MSG,50,20200313,2020-03-31,
500,1022,MHA0337301,CP,  ,X,CO,                ,1AD0519MPE,99.5,20190610,2020-03-31,
500,9017,FFS047,CI,C1,X,CO,                ,0216DA915I,42,20160617,2017-03-31,
500,9017,E00172,JI,J1,X,CO,                ,0113GU383D,80,20130605,2014-03-31,
500,1044,KAHM01,JI,J1,X,CO,                ,1AB0720BTO,100,20200706,2020-07-31,
500,1084,MAS9905,JI,J1,X,CO,                ,1AE0624HGQ,75,20240621,2025-03-31,
500,9025,DCT00472AB,JP,J3,X,OT,AAATT1989P,1AD0526CWB,100,20260519,2027-03-31,
500,1037,FLYJT105CH,CI,C1,X,CO,                ,1AD0621RAH,0.5,20210616,2022-03-31,
500,1022,K0088,CI,C1,X,CO,                ,1AA0519YVI,100,20190506,2020-03-31,
500,1022,TLA0181301,CI,C1,X,CO,                ,1AA0120MSG,50,20200313,2020-03-31,
500,1036,20MAS1022,II,I1,X,CO,                ,1AD0426EJO,92,20260423,2027-03-31,
500,9025,DIA01154AB,JI,J1,X,CO,AALCA0748D,1AF0426DAF,75,20260423,2027-03-31,
500,1081,DIB00155AN,JP,J1,X,CO,10734313,1AB0325RLQ,98,20250401,2026-03-31,
500,1079,DSTSL105CH,JI,J1,X,CO,8426700,1NA0726SQD,66.5,20260706,2027-03-31,
500,9001,MAS9905,JI,J1, ,CO,                ,0218EA655I,52,20200224,2020-06-30,
500,1044,MAS9905,JI,J1,X,CO,                ,1AD0725FHO,70,20250801,2026-03-31,
500,1048,TCLG15,JP,J1, ,CO,                ,1AC0821KJY,34,20210813,2022-03-31,
500,9033,VDARWINB1,JI,J1,X,CO,                ,1AC0426OMB,99,20260413,2027-03-31,
500,1022,HRA0055501,CP,  ,X,OT,                ,1AC0419QCS,55,20190513,2020-03-31,
500,1022,MHA0027301,CP,  ,X,CO,                ,1AB0719MGE,40,20190720,2020-03-31,
500,1024,33MAS1022,CI,C1,X,CO,RS 18766317,0218AS815J,48,20180504,2019-03-31,
500,9025,AVPL0135,CP,C1,X,CO,AAHCA0135G,1NB0626PDO,75,20260624,2027-03-31,
500,1022,DLA0158101,CI,C1,X,CO,                ,1AA0519RBU,60,20190507,2020-03-31,
500,1022,DLA0331701,CI,C1,X,CO,                ,1AB0719TUA,50,20190724,2020-03-31,
500,1022,MLL925,CI,C1,X,CO,                ,1AD0519CON,55,20190522,2020-03-31,
500,1022,WBA0212201,CI,C1,X,CO,                ,1AA0719ZGM,87.5,20190719,2020-03-31,
500,1046,HLSNDC01,8I,IA,X,CO,                ,1AA0719SRR,40,20190709,2020-03-31,
500,1048,MLDL007043,JP,J1,X,CO,                ,1AE0720KAK,80,20200721,2021-03-31,
500,1081,MS0017,JI,J1,X,CO,"1,00,00,000",4AF0426WTO4A021,82.5,20260427,2027-03-31,
500,1049,P00607,JI,J1,X,CO,                ,1AD0621HLA,95.5,20210614,2022-03-31,
500,1067,BSR9852,JI,J3,X,OT,                ,1AB0325GFT,19.9,20250401,2026-03-31,
500,1069,MHDL015253,JI,J3,X,OT,                ,1AC0724LFE,60,20240711,2025-03-31,
500,9026,M144200516,LI,L1,X,CO,TDS ON ADV,TDSONADVBOOKING,100,20220401,2023-03-31,
500,1037,0002000398,JP,  ,X,CO,                ,0314FR705C,100,20140901,2015-03-31,
500,1024,A1820,JP,  ,X,CO,AABCG3636Q,0413CT479J,92.5,20130823,2014-03-31,
500,1022,F0405,CP,  ,X,CO,                ,1AA1019XLZ,87.5,20191202,2020-03-31,
500,9025,AVPL0135,CI,C1,X,CO,AAHCA0135G,1NB0626PDO,75,20260624,2027-03-31,
500,1037,B000006,CI,C1,X,CO,                ,1AG0820RZL,9.3,20200831,2021-03-31,
500,1037,F02287B,CI,C1,X,CO,                ,1AD0621RAH,0.5,20210616,2022-03-31,
500,1022,JHA0024101,CI,C1,X,CO,                ,1AD0519MPE,99.5,20190610,2020-03-31,
500,9033,SISLTD24,CI,C1,X,CO,                ,1AD0525NZQ,99.5,20250514,2026-03-31,
500,1022,SS0006,CI,C1,X,CO,                ,1AD0519MPE,99.5,20190610,2020-03-31,
500,9023,C00025,JI,J1,X,CO,                ,1AB0621VIP,70,20210609,2022-03-31,
500,9017,VQUESSGJ1,JI,J1,X,CO,                ,197(1)/AABCI7601M/2021-22,95,20210401,2022-03-31,
500,1022,MHA0026201,7P,  , ,CO,                ,1AA1119ROS,50,20191210,2020-03-31,
500,1081,0035050202,CI,C1,X,CO,25000000,1AC0625VUO,75,20250613,2026-03-31,
500,1058,33MKTG1820,CI,C1,X,CO,                ,0418AH613J,50,20180508,2019-03-31,
500,1022,B10103,CI,C1,X,CO,                ,1AC0619KEH,50,20190618,2020-03-31,
500,1063,DHLE35010,CP,C1,X,CO,                ,1AC0425LYY,32.5,20250409,2026-03-31,
500,1037,F02287B,CP,C1, ,  ,                ,1AD0621RAH,0.5,20210616,2022-03-31,
500,9017,WAR1800006,CP,C1,X,CO,                ,1AC0424ZHJ,95,20240419,2025-03-31,
500,1022,Y9029,CI,C1,X,CO,                ,1AA0519ITQ,94.5,20190502,2020-03-31,
500,1030,0035013708,JP,J1,X,CO,                ,0612BQ004A,90,20120206,2012-03-31,
500,1081,DCM00420AA,JI,J1,X,CO,11848236,1AD0725FIL,70,20250731,2026-03-31,
500,9025,DIT00548AA,JI,J1,X,CO,AAECT4240J,1AF0426WOJ,88,20260427,2027-03-31,
500,9025,SPTAL0125,JI,J1,X,CO,AAECT4240J,1AF0426WOJ,88,20260427,2027-03-31,
500,9026,DSB65097,LI,L1,X,CO,ADVANCE PAYMENT,ADVANCE PAYMENT,100,20220401,2023-03-31,
500,1067,33MAS1022,CI,C1,X,CO,                ,1AE0523SWA,62.5,20230516,2024-02-12,
500,1022,DLA0126501,CI,C1,X,CO,                ,1AI0519FEZ,95,20190531,2020-03-31,
500,1022,G00019,CI,C1,X,CO,                ,1AB0619WVQ,60,20190703,2020-03-31,
500,1054,GSSPL01,CI,C1,X,CO,AADCG3694A,1AB0326FAO,0.3,20260401,2027-03-31,
500,1044,I00470,CI,C1,X,CO,                ,4NA0726AJT4A490,75,20260723,2027-03-31,
500,1022,L0107,CI,C1,X,CO,                ,1AA0519EIQ,65,20190509,2020-03-31,
500,1022,TNA0181301,CI,C1,X,CO,                ,1AA0120MSG,50,20200313,2020-03-31,
500,1079,DIH00185AA,JI,J1,X,CO,10800000,1AD0426XBO,75,20260420,2027-03-31,
500,1024,36MAS1022,II,  , ,CO,RS 3850000,0218AS531C,75,20180504,2019-03-31,
500,1022,GJA0052001,CP,  ,X,CO,                ,1AA0719SOP,90,20190715,2020-03-31,
500,1067,CM0794N,CI,C1,X,CO,                ,4AG0426FWR4A005,50,20260429,2027-03-31,
500,9025,DIA01154AA,CI,C1,X,CO,AALCA0748D,1AF0426DAD,75,20260423,2027-03-31,
500,9025,DID00707AA,CP,C1, ,CO,AAGCM1226P,1NA0726PMZ,25,20260703,2027-03-31,
500,1081,DIM01158AX,CI,C1,X,CO,"15,00,00,000",1AD0526PNS,87.5,20260525,2027-03-31,
500,1049,GRPSERV819,CI,C4,X,OT,194C OTHER,1AF0525QVK,25,20250523,2026-03-31,
500,9029,WEWORK01,RP,I1,X,CO,                ,1AE0423ABP,99.9,20230421,2024-03-31,
500,9018,0035012840,IP,I4,X,OT,                ,0610AK293H,100,07/19/20,,
500,1024,29MAS1022,JI,J1,X,CO,RS 213586,0218AS596F,75,20180504,2019-03-31,
500,9023,WW21000001,JI,J1,X,CO,                ,1AE0625VFC,95,20250626,2026-03-31,
500,1037,S00312B,JP,  , ,CO,                ,0414DW737E,100,20140627,2015-03-31,
500,1022,WBA0203701,CP,  ,X,CO,                ,1AC0419CLJ,55,20190612,2020-03-31,
500,9025,CLPL0489,CI,C1,X,CO,AABCK6981G,4AD0526VDW4A014,75,20260527,2027-03-31,
500,1079,DCI00181AA,CI,C1,X,CO,31189000,1ND0726EUX,25,20260724,2027-03-31,
500,1081,DIM00398AN,CI,C1,X,CO,3423983036,1AD0426EMP,60,20260416,2027-03-31,
500,1081,DIM01158AQ,CI,C1,X,CO,"15,00,00,000",1AD0526PNS,87.5,20260525,2027-03-31,
500,1081,DIM01158AU,CI,C1,X,CO,"15,00,00,000",1AD0526PNS,87.5,20260525,2027-03-31,
500,1084,DLSIML02,CI,C1,X,CO,                ,1AC0724WDC,67.5,20240716,2025-03-31,
500,1084,MDSLBL01,CI,C1,X,CO,                ,1AD0724WSA,62.5,20240726,2025-03-31,
500,1022,MHA0018501,CI,C1,X,CO,                ,1AC0619NNB,62.5,20190621,2020-03-31,
500,9025,CLPL0615,II,I1,X,CO,AALCA0748D,1AF0426DAE,75,20260423,2027-03-31,
500,1038,CIIPL18,JP,J1, ,CO,                ,1AB0825JIW,60,20250822,2026-03-31,
500,1022,KTA0014901,JI,J1,X,CO,                ,1AC0719GGX,64,20190730,2020-03-31,
500,1079,MRVDO00351,JI,J1,X,CO,"4,00,000",4NA0626AAB4G873,50,20260601,2027-03-31,
500,1024,A1605,CP,  ,X,CO,AAACA5622M,0314FT904J,50,20140605,2015-03-31,
500,1049,I00041,CP,  ,X,CO,                ,2318AH573F5859,17.5,20181220,2019-03-31,
500,1022,MHA0305301,CP,  ,X,CO,                ,1AA1019OWP,89,20191021,2020-03-31,
500,1022,RJA0069201,CP,  ,X,CO,                ,1AB0519WMP,50,20190513,2020-03-31,
500,1022,BPA0024101,CI,C1,X,CO,                ,1AD0519MPE,99.5,20190610,2020-03-31,
500,1024,C0924,CI,C1,X,CO,AAACK0411E,AAACK0411E,62,20160428,2017-03-31,
500,1021,DLSIDI,CI,C1,X,CO,AACCA7791D,7,50,20130615,2021-03-31,
500,1022,KTA0181301,CI,C1,X,CO,                ,1AA0120MSG,50,20200313,2020-03-31,
500,1024,M1444,CI,C1,X,CO,AACCM7663A,MUM/ACIT(TDS)2-,100,20100427,2011-03-31,
500,1022,MERCU1022,CI,C1,X,CO,                ,1AA0619EQP,90,20190610,2020-03-31,
500,1022,TNA0066801,CI,C1,X,CO,                ,1AC0419CLJ,55,20190612,2020-03-31,
500,1068,POLESTARJ1,CI,C4,X,OT,                ,1AC0622LQD,70.5,20220614,2023-03-31,
500,1036,23MAS1022,II,I1,X,CO,                ,1AD0426EJO,92,20260423,2027-03-31,
500,1021,A00582,JP,J1, ,OT,                ,0616AW690C,100,20160401,2017-03-31,
500,1079,DNE00207AD,JI,J3,X,OT,"5,00,00,000",4NA0626AIE4C526,40,20260625,2027-03-31,
500,1027,MI0031,JI,J3,X,OT,                ,1AA0221CRG,100,20210205,2021-03-31,
500,1083,MLDL000091,JI,J3,X,OT,                ,1AE0425CJW,100,20250415,2026-03-31,
500,1022,DLA0158101,CP,  ,X,CO,                ,1AA0519RBU,60,20190507,2020-03-31,
500,1022,HPA0107801,JP,  ,X,CO,                ,1AA0419FAG,100,20190816,2020-03-31,
500,9025,CLPL0615,CI,C1,X,CO,AALCA0748D,1AF0426DAD,75,20260423,2027-03-31,
500,9017,FAB01KR,CI,C1,X,CO,                ,1AD0524GUI,87.5,20240508,2025-03-31,
500,9017,FAB01UP,CI,C1,X,CO,                ,1AD0524GUI,87.5,20240508,2025-03-31,
500,1081,H00161,CI,C1,X,CO,100000,1AD0426XBP,75,20260420,2027-03-31,
500,1027,IV0015,CI,C1,X,CO,                ,1AF0622MRC,2.5,20221029,2023-03-31,
500,1037,LORDS01,CI,C1,X,  ,                ,1AA0521TDZ,65,20210505,2022-03-31,
500,9023,WH11300192,CI,C1,X,CO,                ,1AD0725FIB,62.5,20250731,2025-12-31,
500,9025,DIA01154AC,II,I1,X,CO,AALCA0748D,1AF0426DAE,75,20260423,2027-03-31,
500,1079,DADSPL1,JI,J1,X,CO,91128000,1AC0326LBF,90,20260401,2027-03-31,
500,1037,F01771B,JP,J1, ,CO,                ,1AB0421BNW,50,20210421,2022-03-31,
500,9029,MAS9905,JI,J1,X,CO,                ,1AE0624HHW,75,20240621,2025-03-31,
500,1024,24MAS1022,II,  , ,CO,RS 3850000,0218AS531C,75,20180504,2019-03-31,
500,1022,PPC1022,JP,  ,X,CO,                ,1AA0419RIP,60,20190826,2020-03-31,
500,1022,ASA0024101,CI,C1,X,CO,                ,1AD0519MPE,99.5,20190610,2020-03-31,
500,1081,DIM01158AE,CI,C1,X,CO,"15,00,00,000",1AD0526PNS,87.5,20260525,2027-03-31,
500,1081,DIM01158AO,CI,C1,X,CO,"15,00,00,000",1AD0526PNS,87.5,20260525,2027-03-31,
500,9025,DNB00759AA,CP,C1,X,CO,AAGCB8612G,4AB0326FMV4A134,95,20260401,2027-03-31,
500,1037,F01771B,CI,C1,X,CO,                ,1AB0421BND,25,20210421,2022-03-31,
500,1070,G6599,CI,C1,X,CO,AADCG3694A,1AB0326FAV,85,20260401,2027-03-31,
500,1081,LORDS01,CI,C1,X,CO,260298,1NA0626AVJ,25,20260601,2027-03-31,
500,1068,POLESTAR01,CI,C4,X,OT,                ,1AA0623MQU,70,20230601,2024-03-31,
500,9018,0035012489,JI,J1,X,CO,                ,197/AAICS5500L/,51,06/20/20,,
500,1081,D1234,JI,J1,X,CO,96739212,1NC0726NTN,87,20260717,2027-03-31,
500,1022,KTA0317201,JI,J1,X,CO,                ,1AB0819LFA,97.5,20190924,2020-03-31,
500,1046,SSG0000404,JI,J1,X,CO,                ,0417AF805D,70,20170420,2018-03-31,
500,1046,SSG0000681,JI,J1,X,CO,                ,197,70,20170428,2018-03-31,
500,9001,CANN032,JI,J3,X,OT,500000,1AB0523HHW,100,20230508,2024-03-31,
500,1022,DLA0099201,CP,  ,X,CO,                ,1AB0719HET,77.5,20190808,2020-03-31,
500,1022,G00019,CP,  ,X,CO,                ,1AB0619WVQ,60,20190703,2020-03-31,
500,1022,MHA0189201,CP,  ,X,CO,                ,1AB0719MGE,40,20190720,2020-03-31,
500,9017,FAB01PC,CI,C1,X,CO,                ,1AD0524GUI,87.5,20240508,2025-03-31,
500,1067,MAS9905GJ,CI,C1,X,CO,                ,1AD0725FIU,62.5,20250731,2026-03-31,
500,1042,S00224,CP,C1, ,CO,                ,0414DR469J,62.5,20140606,2015-03-31,
500,1081,Y0059,CI,C1,X,CO,                ,1AB0724XVV,100,20240709,2025-03-31,
500,1084,HLSNDC01,8I,IA,X,CO,                ,1AA0719SRR,40,20190709,2020-03-31,
500,1081,DII00229AA,JP,J1,X,CO,4274160,1AB0526EMB,65,20260511,2027-03-31,
500,1044,ILS250322,JI,J1,X,CO,                ,1AB0526EMA,65,20260511,2027-03-31,
500,1069,C7586,IP,  ,X,CO,                ,1AA0220IPA,90,20200212,2020-03-31,
500,1036,03MAS1022,CI,C1,X,CO,                ,1AD0426EJO,60,20260423,2027-03-31,
500,1021,CS0347P,CI,C1,X,CO,1%,0218DX369F,50,20180718,2019-03-31,
500,9018,CT0969,CP,C1, ,CO,                ,1AD0622MOI,50,20220617,2023-03-31,
500,1084,MDSLOL01,CI,C1,X,CO,                ,197(1)/AAACO4716C/2019-20,90,20191226,2020-03-31,
500,1022,MHA0027301,CI,C1,X,CO,                ,1AB0719MGE,40,20190720,2020-03-31,
500,1022,MLL415A,CI,C1,X,CO,                ,1AA1119ROJ,95,20191210,2020-03-31,
500,1081,NSTCISC012,CI,C1,X,CO,69190000,1AA0426SZQ,65,20260402,2027-03-31,
500,1037,S02410B,CI,C1,X,CO,                ,1AD0622FSZ,87.5,20220611,2023-03-31,
500,1069,C7586,II,I1,X,CO,                ,1AA0220IPA,90,20200212,2020-03-31,
500,1081,DIX00023AB,JI,J1,X,CO,56525104,1AD0526NGJ,77.5,20260521,2027-03-31,
500,1024,T0720,JI,J3,X,OT,AAATT1989P,0615FS539E,100,20150401,2016-03-31,
500,1022,GJA0181301,CP,  ,X,CO,                ,1AA0120MSG,50,20200313,2020-03-31,
500,1022,PNA0107801,JP,  ,X,CO,                ,1AA0419FAG,100,20190816,2020-03-31,
500,1049,AGFOR00003,CI,C1,X,CO,                ,0918AB848H,50,20180828,2019-03-31,
500,1022,ARPL1022,CI,C1,X,CO,                ,1AA0519RBU,60,20190507,2020-03-31,
500,9025,CLPL0605,CI,C1,X,CO,AALCA0748D,1AF0426DAD,75,20260423,2027-03-31,
500,1079,DIM00398AI,CI,C1,X,CO,1202274130,1AD0426EMO,60,20260416,2027-03-31,
500,1044,L0107,CI,C1,X,CO,                ,1AA0519EWX,65,20190430,2020-03-31,
500,1022,MLL320A,CI,C3,X,OT,                ,1AI0519FWY,50,20190701,2020-03-31,
500,1022,HRA0052701,CI,C4,X,OT,                ,1AC0419QCS,55,20190513,2020-03-31,
500,1036,22MAS1022,II,I1,X,CO,                ,1AD0426EJO,92,20260423,2027-03-31,
500,1022,RJA0077001,8I,IA,X,CO,                ,1AB0519WMY,90,20190513,2020-03-31,
500,1030,0035012740,JI,J1,X,CO,                ,197/11-12/15,82.8,20110506,2012-03-31,
500,1079,IMPGP003,JI,J1,X,CO,2789382109,1AD0725FHX,70,20250731,2026-03-31,
500,1022,MHA0014901,JI,J1,X,CO,                ,1AC0719GGX,64,20190730,2020-03-31,
500,1044,CE1382,JI,J3,X,OT,                ,4NA0626AIE4D654,40,20260625,2027-03-31,
500,9001,HM001,JI,J3,X,  ,765325.00,1AA0923DAW,100,20230904,2024-03-31,
500,1044,K00112,JP,J3, ,OT,                ,0213QP144C,99.9,20130507,2014-03-31,
500,1069,1730000148,JP,  ,X,CO,                ,1730000148,45,20211202,2022-03-31,
500,1022,DLA0126501,CP,  ,X,CO,                ,1AI0519FEZ,95,20190531,2020-03-31,
500,1079,DIL00146AA,CI,C1,X,CO,1200000,1AD0326FEZ,50,20260401,2027-03-31,
500,1037,F01771B,CP,C1, ,CO,                ,1AB0421BND,25,20210421,2022-03-31,
500,9001,MAS9905,CI,C1,X,CO,96000,1AD0725FHH,62.5,20251030,2026-03-31,
500,1070,MSBDLPB01,CI,C1,X,CO,                ,4AC0326DIZ,95,20260401,2027-03-31,
500,1036,09MAS1022,II,I1,X,CO,                ,1AD0426EJO,92,20260423,2027-03-31,
500,1081,BAL041,JI,J1,X,CO,10734313,1AB0325RLQ,98,20250401,2026-03-31,
500,1079,DNH00180AB,JI,J1,X,CO,63960000,1AA0726HLS,76.5,20260707,2027-03-31,
500,1037,I01943B,JI,J1,X,CO,                ,0217EA547H,52,20170627,2018-03-31,
500,1079,MS0017,JI,J1,X,CO,"1,00,00,000",4AF0426WTO4A009,82.5,20260427,2027-03-31,
500,1058,QUESS1HYD,JI,J1,X,CO,                ,0418AC420E,98,20180419,2019-03-31,
500,1024,T1163,JI,J1,X,CO,AAACT2209D,0215AM630I,45.7,20150423,2016-03-31,
500,9017,VQUESSUP1,JI,J1,X,CO,                ,197(1)/AABCI7601M/2021-22,95,20210401,2022-03-31,
500,1063,BSR9852,JI,J3,X,OT,                ,1AB0325GFT,19.9,20250428,2026-03-31,
500,1022,MHA0018501,CP,  ,X,CO,                ,1AC0619NNB,62.5,20190621,2020-03-31,
500,1022,MHA0053401,CP,  ,X,CO,                ,1AH0519YAU,40,20190530,2020-03-31,
500,1022,TNA0305301,CP,  ,X,CO,                ,1AA1019OWP,89,20191021,2020-03-31,
500,1079,CF0019,CI,C1,X,CO,4027553,1NF0726FMH,50,20260730,2027-03-31,
500,1081,DIF00108AA,CI,C1,X,CO,21867716,1NF0726FMJ,50,20260730,2027-03-31,
500,1079,DIF00108AF,CI,C1,X,CO,4027553,1NF0726FMH,50,20260730,2027-03-31,
500,1081,G02380B,CI,C1,X,CO,28600000,1AG0525IUZ,95,20250529,2026-03-31,
500,1024,JW950,CI,C1,X,CO,AAACK0411E,AAACK0411E,62,20160428,2017-03-31,
500,1079,MAS9905,CI,C1,X,CO,515282400,1AD0725FHY,62.5,20250731,2026-03-31,
500,1022,MHA0337301,CI,C1,X,CO,                ,1AD0519MPE,99.5,20190610,2020-03-31,
500,1067,MIBSTN01,CI,C1,X,CO,                ,1AD0725FIU,62.5,20250731,2026-03-31,
500,1022,MLL415A,7I,IA,X,CO,                ,1AA1119ROS,50,20191210,2020-03-31,
500,1030,0035012489,JI,J1,X,CO,                ,197/AAICS5500L/,51,20110620,2012-03-31,
500,1079,D1234,JI,J1,X,CO,101918936,1AC0625EYK,56,20250611,2026-03-31,
500,1037,F01771B,JI,J1,X,CO,                ,1AB0421BNW,50,20210421,2022-03-31,
500,9033,NSPIREAUT1,JI,J1,X,CO,                ,4AB0426LER,90,20260408,2027-03-31,
500,1022,DLA0024101,CP,  ,X,CO,                ,1AD0519MPE,99.5,20190610,2020-03-31,
500,1022,HRA0052701,CP,  ,X,OT,                ,1AC0419QCS,55,20190513,2020-03-31,
500,1024,MFVE002,JP,  ,X,CO,AAACE8476D,2717AA009H,50,20170203,2017-03-31,
500,1022,MLL415A,CP,  ,X,CO,                ,1AA1119ROJ,95,20191210,2020-03-31,
500,1037,C00579,CI,C1,X,CO,                ,1AA0719VQI,75,20190710,2020-03-31,
500,1081,DIM00420AB,CP,C1, ,CO,112621764,1AD0725FIM,62.5,20250731,2026-03-31,
500,9017,FFS047,CP,C1,X,CO,                ,0216DA915I,42,20160617,2017-03-31,
500,1022,MHA0466001,CI,C1,X,CO,                ,1AD0519TVY,75,20190607,2020-03-31,
500,1081,TCI254986B,CI,C1,X,CO,69190000,1AA0426SZQ,65,20260402,2027-03-31,
500,1081,DIT00472AD,JI,J3,X,OT,110000000,1AD0526CVA,100,20260519,2027-03-31,
500,1081,DNE00207AE,JI,J3,X,OT,"60,00,000",4NA0626AIE4D263,40,20260625,2027-03-31,
500,1037,SA1080A,JI,J3,X,OT,                ,1AD0622NCG,100,20220617,2023-03-31,
500,1024,MAS1022,JI,  , ,CO,RS 213586,0218AS596F,75,20180504,2019-03-31,
500,1022,MPA0181301,CP,  ,X,CO,                ,1AA0120MSG,50,20200313,2020-03-31,
500,1022,OSA0048201,CP,  ,X,CO,                ,1AD0519CON,55,20190522,2020-03-31,
500,1081,DIF00108AE,CI,C1,X,CO,21867716,1NF0726FMJ,50,20260730,2027-03-31,
500,9017,FAB01PJ,CI,C1,X,CO,                ,1AD0524GUI,87.5,20240508,2025-03-31,
500,1084,IV0015,CI,C1,X,CO,                ,1AF0622MRC,2.5,20221029,2023-03-31,
500,1036,LS446,CI,C1,X,CO,                ,BRDM01211A,50,20260401,2027-03-31,
500,1022,MPA0297101,CI,C1,X,CO,                ,1AC0719JWM,70,20190807,2020-03-31,
500,1022,PNA0024101,CI,C1,X,CO,                ,1AD0519MPE,99.5,20190610,2020-03-31,
500,1022,TNA0318301,CI,C1,X,CO,                ,1AA1219FRB,100,20191212,2020-03-31,
500,9025,DIA01154AF,II,I1,X,CO,AALCA0748D,1AF0426DAE,75,20260423,2027-03-31,
500,1022,MHA0026201,7I,IA, ,CO,                ,1AA1119ROS,50,20191210,2020-03-31,
500,1030,0035012740,JP,J1,X,CO,                ,197/11-12/15,82.8,20110506,2012-03-31,
500,1079,DID00371AA,JI,J1,X,CO,101918936,1AC0625EYK,56,20250611,2026-03-31,
500,1081,DNS00642AA,JI,J1,X,CO,17000000,1AD0426CLG,84,20260415,2027-03-31,
500,1024,MAS9905,JI,J1,X,CO,AAGCM9780N,1AC0723XAL,75,20230701,2024-03-31,
500,9025,CLPL0655,JI,J5,X,CO,AADCE5018Q,1NE0726NGI,50,20260727,2027-03-31,
500,1022,HRA0024101,CP,  ,X,CO,                ,1AD0519MPE,99.5,20190610,2020-03-31,
500,1022,HRA0107801,JP,  ,X,CO,                ,1AA0419FAG,100,20190816,2020-03-31,
500,1081,DIM01158AF,CI,C1,X,CO,"15,00,00,000",1AD0526PNS,87.5,20260525,2027-03-31,
500,1081,DIN00170AA,CI,C1,X,CO,28754079,1NA0626QFJ,67.5,20260610,2027-03-31,
500,1049,I00363,CI,C1,X,CO,                ,1AC0625NVR,75,20250612,2026-03-31,
500,1057,MAS9905,CI,C1,X,CO,                ,1AC0723WZS,62.5,20230731,2024-03-31,
500,1022,MHA0026201,CI,C1,X,CO,                ,1AA1119ROJ,95,20191210,2020-03-31,
500,1022,HRA0024001,CI,C3,X,OT,                ,1AE0519PPJ,34,20190520,2020-03-31,
500,9025,CLPL0605,JI,J1,X,CO,AALCA0748D,1AF0426DAF,75,20260423,2027-03-31,
500,1049,H00252,JI,J1,X,CO,                ,1AA1022NQV,98,20221014,2023-03-31,
500,1081,ILS250322,JP,J1,X,CO,4274160,1AB0526EMB,65,20260511,2027-03-31,
500,1037,S02343B,JI,J1,X,CO,                ,1AD0421SVU,85,20210430,2022-03-31,
500,1022,GJA0404801,7P,  ,X,CO,                ,1AB0619WVR,60,20190703,2020-03-31,
500,9025,CLPL0614,CI,C1,X,CO,AALCA0748D,1AF0426DAD,75,20260423,2027-03-31,
500,1081,DIL00192AF,CI,C1,X,CO,260298,1NA0626AVJ,25,20260601,2027-03-31,
500,1081,DIM01158AH,CI,C1,X,CO,"15,00,00,000",1AD0526PNS,87.5,20260525,2027-03-31,
500,1044,KARAIN001,CI,C1,X,CO,                ,1AD0526BQL,50,20260519,2027-03-31,
500,1084,MLDL261,CI,C1,X,CO,AABCM4781A,1AA0422OEW,100,20220411,2023-03-31,
500,9025,CLPL0524,CI,C4,X,OT,AAAAP4829M,1NA0626GPZ,100,20260604,2027-03-31,
500,1022,MHA0243101,8I,IA,X,CO,                ,1AH0519BTF,95,20190603,2020-03-31,
500,1049,AGSDS5024,JI,J1,X,CO,                ,4AB0426EVD,99.9,20260406,2027-03-31,
500,9025,DIA01154AA,JI,J1,X,CO,AALCA0748D,1AF0426DAF,75,20260423,2027-03-31,
500,1057,MAS9905,JI,J1,X,CO,                ,1AC0723WZT,75,20230731,2024-03-31,
500,1021,T0142,JI,J1,X,CO,                ,0216AN952F,54,20160415,2017-03-31,
500,1037,TUV002,JI,J1,X,CO,                ,1AE0521BAB,50,20210521,2022-03-31,
500,1022,MHA0020701,JP,  ,X,CO,                ,1AA0419RIP,60,20190826,2020-03-31,
500,1070,AGCCDLL315,CI,C1,X,CO,                ,4AC0326DIZ,95,20260401,2027-03-31,
500,9025,DIA01154AB,CI,C1,X,CO,AALCA0748D,1AF0426DAD,75,20260423,2027-03-31,
500,1081,DIM00398AL,CI,C1,X,CO,3423983036,1AD0426EMP,60,20260416,2027-03-31,
500,9025,FIPL01,CI,C1,X,CO,AACCF0683K,1AC0326NXF,95,20260401,2027-03-31,
500,1022,O0038,CI,C1,X,CO,AAACO4716C,1AA1219XVM,90,20200101,2020-03-31,
500,1022,UTA0018501,CI,C1,X,CO,                ,1AC0619NNB,62.5,20190621,2020-03-31,
500,9033,VEN003033,CI,C1,X,CO,                ,1AA0426XCL,75,20260402,2027-03-31,
500,9027,WAR1800006,CI,C1,X,CO,1AA1223QFZ,1AA1223QFZ,95,20231221,2024-03-31,
500,9025,CLPL0079,JI,J1, ,CO,AAJCS9091D,1AC0519NTL,98,20200331,2020-03-31,
500,1022,HPA0107801,JI,J1,X,CO,                ,1AA0419FAG,100,20190816,2020-03-31,
500,1021,MA3494,JI,J1, ,CO,                ,1AB0521OMI,90,20210507,2022-03-31,
500,1024,MAS1036,JI,J1,X,CO,AAACM5186E,0212NI32E,68.5,20120917,2013-03-31,
500,1038,MAS1071,JI,J1,X,CO,                ,1AD0619QPG,75,20190626,2020-03-31,
500,1027,MAS9905,JI,J1,X,CO,                ,1AD0725FHU,70,20250731,2026-03-31,
500,1081,EY002,JI,J3,X,OT,"60,00,000",4NA0626AIE4D263,40,20260625,2027-03-31,
500,1022,BPA0024101,CP,  ,X,CO,                ,1AD0519MPE,99.5,20190610,2020-03-31,
500,1022,C470,HP,  ,X,CO,                ,1AB0819RJS,40,20190905,2020-03-31,
500,1022,HRA0274501,CP,  ,X,OT,                ,1AE0519PPJ,34,20190520,2020-03-31,
500,1070,AGFOR00003,CI,C1,X,CO,                ,1AD0725BCT,62.5,20250730,2026-03-31,
500,9017,BAL038,CI,C1,X,CO,                ,1AB0422LQF,95,20220413,2023-03-31,
500,9017,CASASTAY2,CI,C1,X,CO,                ,1AD0524GUI,87.5,20240508,2025-03-31,
500,1036,CM00165,CI,C1,X,CO,                ,1AD0426EJO,60,20260423,2027-03-31,
500,1070,MSBDL01,CI,C1,X,CO,                ,4AC0326DIZ,95,20260401,2027-03-31,
500,1044,KACSET01,CI,C4,X,OT,                ,1AC0326CQO,100,20260401,2027-03-31,
500,9023,VHO1900021,II,I1,X,CO,                ,1AD0421DCV,10,20210517,2022-03-31,
500,9025,DIA01154AD,JI,J1,X,CO,AALCA0748D,1AF0426DAF,75,20260423,2027-03-31,
500,1046,IV0015,JI,J1,X,CO,AABCI8601B,1AF0622MRC,97.5,20221029,2023-03-31,
500,1081,MAS9905,JP,J1, ,CO,11848236,1AD0725FIL,70,20250731,2026-03-31,
500,1084,CA1080,JI,J3,X,OT,                ,1AF0524PEG,100,20240520,2025-03-31,
500,1027,CA1080,JP,J3,X,OT,                ,1AC0625RXZ,100,20250613,2026-03-31,
500,1037,A5512,JI,J5,X,CO,                ,1AC0422IYH,75,20220422,2023-03-31,
500,1037,H00252,JI,  ,X,CO,                ,1AD0722MRT,82,20220728,2023-03-31,
500,1049,AGTEMIN01,CI,C1,X,CO,                ,2317AB006C,87.5,20170418,2018-03-31,
500,1081,DIL00192AB,CI,C1,X,CO,260298,1NA0626AVJ,25,20260601,2027-03-31,
500,9017,FAB01GO,CI,C1,X,CO,                ,1AD0524GUI,87.5,20240508,2025-03-31,
500,1022,GJA0072201,CI,C1,X,CO,                ,1AA0719SOP,90,20190715,2020-03-31,
500,1022,J10093,CI,C1,X,CO,                ,1AI0519HEB,50,20190611,2020-03-31,
500,1067,MFCWN1Z8,CI,C1,X,CO,                ,4AG0426FWR4A005,50,20260429,2027-03-31,
500,1045,CG029,CI,C3,X,OT,                ,0210BT717E,10,20100513,2011-03-31,
500,9025,DIA01154AE,II,I1,X,CO,AALCA0748D,1AF0426DAE,75,20260423,2027-03-31,
500,1022,MHA0243101,8P,  ,X,CO,                ,1AH0519BTF,95,20190603,2020-03-31,
500,1022,T00076,CP,  ,X,CO,                ,1AA0519AWI,65,20190502,2020-03-31,
500,1022,TNA0144101,CP,  ,X,OT,                ,1AE0519ZOF,100,20190523,2020-03-31,
500,1022,UPA0024101,CP,  ,X,CO,                ,1AD0519MPE,99.5,20190610,2020-03-31,
500,1081,MA3494,CI,C1,X,CO,3423983036,1AD0426EMP,60,20260416,2027-03-31,
500,1027,MAS1022,CI,C1,X,CO,                ,1AB0725BVX,60,20250714,2026-03-31,
500,1022,MHA0363701,CI,C1,X,CO,                ,1AD0519ZFF,80,20190520,2020-03-31,
500,1022,HRA0274502,CI,C3,X,OT,                ,1AE0519PPJ,34,20190520,2020-03-31,
500,1081,T1775,CI,C4,X,OT,                ,1AD0724FVS,100,20240719,2025-03-31,
500,1023,MFVB013,II,I4,X,OT,                ,197/264/2009-10,100,20091119,2010-03-31,
500,1022,KLA0200801,7I,IA,X,CO,                ,1AA1119ROS,50,20191210,2020-03-31,
500,9033,VEN004994,JI,J5,X,CO,                ,4AA0526NTI,75,20260506,2027-03-31,
500,1024,C0924,CP,  ,X,CO,AAACK0411E,AAACK0411E,62,20160428,2017-03-31,
500,9012,KCMET50002,JP,  ,X,CO,                ,0214XO403H,95.3,20140618,2015-03-31,
500,1022,R1264,CP,  ,X,CO,                ,1AA1019HIS,50,20191017,2020-03-31,
500,1022,RJA0077001,CP,  ,X,CO,                ,1AB0519WMP,50,20190513,2020-03-31,
500,1022,KLA0200801,CI,C1,X,CO,                ,1AA1119ROJ,95,20191210,2020-03-31,
500,1022,M9037,CI,C1,X,CO,                ,1AB0519WMP,50,20190513,2020-03-31,
500,1044,MRVDS00087,CI,C1,X,CO,                ,1AC0821ZQL,50,20210823,2022-03-31,
500,1022,HRA0362001,CI,C3,X,OT,                ,1AA0419UUO,62,20190425,2020-03-31,
500,1022,MAS9905,JI,J1,X,CO,                ,1AC0719GGX,64,20190730,2020-03-31,
500,1079,MRVTACTD01,JI,J1,X,CO,10000000,1AB0326EUU,50,20260401,2027-03-31,
500,1070,AGFOR00010,JI,J3,X,OT,                ,1AF0622LSL,100,20220629,2023-03-31,
500,1022,GJA0134701,CP,  ,X,CO,                ,1AB0619WVR,60,20190703,2020-03-31,
500,1022,HRA0158101,CP,  ,X,CO,                ,1AA0519RBU,60,20190507,2020-03-31,
500,1022,HRA0362001,CP,  ,X,OT,                ,1AA0419UUO,62,20190425,2020-03-31,
500,1024,P1375,JP,  ,X,CO,AABCP0471C,21/2012 (197A),100,20121101,2013-03-31,
500,9025,DIA01154AF,CI,C1,X,CO,AALCA0748D,1AF0426DAD,75,20260423,2027-03-31,
500,1081,DIT00161AB,CI,C1,X,CO,69190000,1AA0426SZQ,65,20260402,2027-03-31,
500,9017,IP002,CI,C1,X,CO,                ,0216DA258D,84,20160614,2017-03-31,
500,1037,MRVL002,CI,C1,X,CO,                ,0316AE152B,75,20160401,2017-03-31,
500,1022,RJA0157401,CI,C1,X,CO,                ,1AI0519ALW,75,20190531,2020-03-31,
500,1044,U00089B,CI,C1,X,CO,                ,1AD0621CWK,80,20210614,2022-03-31,
500,1081,DIK00512AA,JP,J1,X,CO,20000000,1NA0526XPB,45,20260521,2027-03-31,
500,1081,DIT00548AA,JI,J1,X,CO,13799000,1AF0426WOG,88,20260427,2027-03-31,
500,1048,DLSII03,JP,J1,X,CO,                ,1AC0621WVG,80,20210823,2022-03-31,
500,1022,RJA0069201,8P,  ,X,CO,                ,1AB0519WMY,90,20190513,2020-03-31,
500,1022,TNA0066801,CP,  ,X,CO,                ,1AC0419CLJ,55,20190612,2020-03-31,
500,9025,DIN00463AA,CI,C1,X,CO,AAACR2730D,4NA0726AGE4A045,12.5,20260715,2027-03-31,
500,1022,F0405,CI,C1,X,CO,                ,1AA1019XLZ,87.5,20191202,2020-03-31,
500,9017,FAB01HR,CI,C1,X,CO,                ,1AD0524GUI,87.5,20240508,2025-03-31,
500,1022,GJA0054701,CI,C1,X,CO,                ,1AA0719SOP,90,20190715,2020-03-31,
500,1027,MDSLBL01,CI,C1,X,CO,                ,1AD0724WSA,62.5,20240726,2025-03-31,
500,9025,S01590,CP,C1,X,CO,AABCS4372D,4AE0426OPC,2.5,20260422,2027-03-31,
500,9023,VANITECHN3,CI,C1,X,CO,                ,1AB0819OGP,95,20190828,2020-03-31,
500,9029,WH11300192,CI,C1,X,CO,                ,1AD0725FIX,62.5,20250731,2026-03-31,
500,1049,Y0059,CI,C1,X,CO,                ,1AD0521AOE,100,20210517,2022-03-31,
500,1022,MHA0274501,CI,C3,X,OT,                ,1AE0519PPJ,34,20190520,2020-03-31,
500,1063,VNSK-03779,CI,C4,X,OT,                ,206C(9)AAEFJ7618K/2022-23,50,20220629,2023-03-31,
500,9023,YMS100906,II,I4,X,OT,1ND0726GAF,1ND0726GAF,89,20260724,2027-03-31,
500,1021,A00582,JI,J1,X,OT,                ,0616AW690C,100,20160401,2017-03-31,
500,1081,DCH00180AA,JI,J1,X,CO,50000000,1AA0726HLT,76.5,20260707,2027-03-31,
500,9025,DIA01154AF,JI,J1,X,CO,AALCA0748D,1AF0426DAF,75,20260423,2027-03-31,
500,1038,FH0008,JI,J1,X,CO,                ,1117AK746E,90,20170529,2018-03-31,
500,1037,INP526MN,JI,J1,X,CO,                ,1AF0622KUR,80.1,20220628,2023-03-31,
500,1022,GOA0024101,CP,  ,X,CO,                ,1AD0519MPE,99.5,20190610,2020-03-31,
500,1022,MHA0014901,JP,  ,X,CO,                ,1AC0719GGX,64,20190730,2020-03-31,
500,1022,Y9029,CP,  ,X,CO,                ,1AA0519ITQ,94.5,20190502,2020-03-31,
500,1081,DIH00185AA,CI,C1,X,CO,100000,1AD0426XBP,75,20260420,2027-03-31,
500,1079,DIM00398AL,CI,C1,X,CO,1202274130,1AD0426EMO,60,20260416,2027-03-31,
500,1022,HRA0358201,CI,C1,X,CO,                ,1AA0419VRT,80,20190430,2020-03-31,
500,1037,N01114B,CI,C1,X,CO,                ,1AB0522GAL,50,20220506,2023-03-31,
500,1022,RJA0059901,CI,C1,X,CO,                ,1AA1219XVM,90,20200101,2020-03-31,
500,9033,VEN001031,CI,C1,X,CO,                ,1AD0725FJD,62.5,20250731,2026-03-31,
500,1022,WBA0466001,CI,C1,X,CO,                ,1AD0519TVY,75,20190607,2020-03-31,
500,9023,YMS100241,II,I4,X,CO,1ND0726GAF,1ND0726GAF,89,20260724,2027-03-31,
500,1081,DIH00442AA,JI,J1,X,CO,2183531,1NA0626THQ,90,20260612,2027-03-31,
500,9025,DCE00571AA,JP,J5,X,CO,AADCE5018Q,1NE0726NGI,50,20260727,2027-03-31,
500,1024,33MAS1022,JI,  , ,CO,RS 213586,0218AS596F,75,20180504,2019-03-31,
500,1024,C0837,CP,  ,X,CO,AACCC0739R,1514AO530I,50,20141024,2015-03-31,
500,1022,GJA0072201,CP,  ,X,CO,                ,1AA0719SOP,90,20190715,2020-03-31,
500,1022,MDR035,CP,  ,X,OT,                ,1AC0419QCS,55,20190513,2020-03-31,
500,1022,RJA0157401,CP,  ,X,CO,                ,1AI0519ALW,75,20190531,2020-03-31,
500,9017,CASSA6416,CI,C1,X,CO,                ,1AD0524GUI,87.5,20240508,2025-03-31,
500,1081,DIM00398AR,CI,C1,X,CO,3423983036,1AD0426EMP,60,20260416,2027-03-31,
500,1081,DIM00420AB,CI,C1,X,CO,112621764,1AD0725FIM,62.5,20250731,2026-03-31,
500,1049,I00041,CI,C1,X,CO,                ,2318AH573F5859,17.5,20181220,2019-03-31,
500,1084,MLDL261,CP,C1, ,CO,AABCM4781A,1AA0422OEW,100,20220411,2023-03-31,
500,1022,RJA0077001,CI,C1,X,CO,                ,1AB0519WMP,50,20190513,2020-03-31,
500,9023,WH11500027,HI,H1,X,CO,43690000,0219AJ055B,1,20190207,2019-03-31,
500,9017,CA0078,II,I1,X,CO,                ,0215AY026H,99.8,20150429,2016-03-31,
500,9018,0035012740,JI,J1,X,CO,                ,197/11-12/15,82.8,05/06/20,,
500,1047,MLDL002149,CP,  ,X,CO,                ,0116CH994J,62.5,20160801,2016-12-31,
500,1037,MRVL002,CP,  , ,CO,                ,0316AE152B,75,20160401,2017-03-31,
500,1022,S3665,CP,  ,X,CO,                ,1AD0519MPE,99.5,20190610,2020-03-31,
500,1024,03MAS1022,CI,C1,X,CO,RS 18766317,0218AS815J,48,20180504,2019-03-31,
500,1036,DNO00139AA,CI,C1,X,CO,                ,BRDM01211A,67.5,20260429,2027-03-31,
500,1024,MAS9905,CI,C1,X,CO,AAGCM9780N,1AA0722PDX,62.5,20220701,2023-03-31,
500,1022,MHA0024101,CI,C1,X,CO,                ,1AD0519MPE,99.5,20190610,2020-03-31,
500,1047,MLDL006540,CI,C1,X,CO,                ,1NA0826DWY,37.5,20260806,2027-03-31,
500,1022,T0167,CI,C1,X,CO,                ,1AB0719MGE,40,20190720,2020-03-31,
500,9029,WEWORK01,II,I1,X,CO,                ,1AE0423ABP,99.9,20230421,2024-03-31,
500,9023,EILISIONN5,JI,J1,X,CO,                ,1NB0526KSL,70,20260528,2027-03-31,
500,1037,M01893B,JI,J1,X,CO,                ,0217DF504F,40,20170529,2018-03-31,
500,1024,V0658,JI,J1,X,CO,AADCV7818F,0214YS876I,89,20140725,2014-09-29,
500,1022,RJA0062001,CP,  ,X,CO,                ,1AB0519WMP,50,20190513,2020-03-31,
500,1022,UPA0043701,CP,  ,X,CO,                ,1AA1019XLZ,87.5,20191202,2020-03-31,
500,9017,IPSPL03,CI,C1,X,CO,                ,0218BH033I,75,20180619,2019-03-31,
500,1027,MDSLVEN186,CI,C1,X,CO,AABCM4781A,1AC0323RSF,100,20230401,2024-01-24,
500,1047,MLDL008261,CP,C1,X,CO,                ,1AE0621NYK,50,20210621,2022-03-31,
500,1081,DNH00180AB,JI,J1,X,CO,50000000,1AA0726HLT,76.5,20260707,2027-03-31,
500,1079,NSMADE0121,JI,J1,X,CO,2789382109,1AD0725FHX,70,20250731,2026-03-31,
500,1044,TELWRI01,JI,J1,X,CO,                ,1AE0426IFF,88.5,20260421,2027-03-31,
500,1070,BSR9852,JI,J3,X,OT,                ,1AB0325GFT,19.9,20250401,2026-03-31,
500,1084,SA1080,JI,J3,X,OT,                ,1AF0623DEJ,100,20230620,2024-03-31,
500,1022,HRA0141501,CP,  ,X,OT,                ,1AE0519PPJ,34,20190520,2020-03-31,
500,1024,JW950,CP,  ,X,CO,AAACK0411E,AAACK0411E,62,20160428,2017-03-31,
500,1022,L0107,CP,  ,X,CO,                ,1AA0519EIQ,65,20190509,2020-03-31,
500,1022,M9037,8P,  ,X,CO,                ,1AB0519WMY,90,20190513,2020-03-31,
500,1022,RJA0012501,CP,  ,X,CO,                ,1AA0519YVI,100,20190506,2020-03-31,
500,1081,DIF00108AD,CI,C1,X,CO,21867716,1NF0726FMJ,50,20260730,2027-03-31,
500,1081,DIM01158AA,CI,C1,X,CO,"15,00,00,000",1AD0526PNS,87.5,20260525,2027-03-31,
500,1036,DIS02188AA,CI,C1,X,CO,                ,BRDM01211A,50,20260401,2027-03-31,
500,1044,KAF00668,CI,C1,X,CO,                ,1AB0521BWF,50,20210505,2022-03-31,
500,1068,MAS9905,CI,C1,X,CO,                ,1AC0723XAN,62.5,20230731,2024-03-31,
500,1047,MLDL003433,CP,C1,X,CO,                ,1AG0525HYR,70,20250529,2026-03-31,
500,1048,MLDL007162,CI,C1,X,CO,                ,1AG0522YKR,75,20220524,2023-03-31,
500,1047,MLDL008261,CI,C1,X,CO,                ,1AE0621NYK,50,20210621,2022-03-31,
500,1022,S1370,CI,C1,X,CO,                ,1AD0519CON,55,20190522,2020-03-31,
500,1022,UTA0305301,CI,C1,X,CO,                ,1AA1019OWP,89,20191021,2020-03-31,
500,1063,VHYD00337,CI,C1,X,CO,                ,1AD0525KCX,82.5,20250514,2026-03-31,
500,9025,CLPL0079,HI,H1,X,CO,AAJCS9091D,1AC0519NDM,98,20200131,2020-03-31,
500,1036,21MAS1022,II,I1,X,CO,                ,1AD0426EJO,92,20260423,2027-03-31,
500,1084,SSG0000823,8I,IA,X,CO,AAHCR5542A,1AB0423LYO,85,20230411,2024-03-31,
500,1079,DII00181AA,JI,J1,X,CO,7200000,1ND0726EZO,70,20260724,2027-03-31,
500,1022,TLA0018501,CP,  ,X,CO,                ,1AC0619NNB,62.5,20190621,2020-03-31,
500,9017,CASA2,CI,C1,X,CO,                ,1AA0224JJC,87.5,20240508,2025-03-31,
500,9025,DIS00006AA,CI,C1,X,CO,AABCS4372D,4AE0426OPC,2.5,20260422,2027-03-31,
500,1022,DLA0105701,CI,C1,X,CO,                ,1AB0719HET,77.5,20190808,2020-03-31,
500,1048,MLDL007162,II,I1,X,CO,                ,1AG0522YEO,80,20220524,2023-03-31,
500,1079,DDA00224AA,JI,J1,X,CO,91128000,1AC0326LBF,90,20260401,2027-03-31,
500,9025,DIA01154AC,JI,J1,X,CO,AALCA0748D,1AF0426DAF,75,20260423,2027-03-31,
500,9025,EQUIPINFO1,JI,J1,X,CO,                ,0618AX031I,95,20180720,2019-03-31,
500,1081,SPTAL0125,JI,J1,X,CO,13799000,1AF0426WOG,88,20260427,2027-03-31,
500,1058,VQUESSGJ1,JI,J1,X,CO,                ,0418AC420E,98,20180419,2019-03-31,
500,1022,HRA0318801,CP,  ,X,CO,                ,1AA1019CUC,75,20191025,2020-03-31,
500,1022,JHA0466001,CP,  ,X,CO,                ,1AD0519TVY,75,20190607,2020-03-31,
500,1022,MHA0016001,CP,  ,X,CO,                ,1AA0619EQP,90,20190610,2020-03-31,
500,1022,MLL910,CP,  ,X,CO,                ,1AB0819MJP,45,20191011,2020-03-31,
500,1022,MLL925,CP,  ,X,CO,                ,1AD0519CON,55,20190522,2020-03-31,
500,9033,VEN004994,AI,A1,X,CO,                ,1AC0624HNN,90,20240608,2025-03-31,
500,1022,BPA0466001,CI,C1,X,CO,                ,1AD0519TVY,75,20190607,2020-03-31,
500,1027,MLDL004715,CI,C1,X,CO,                ,1AA0126ATQ,1,20260102,2026-03-31,
500,1027,MLDL261,CI,C1,X,CO,AABCM4781A,1AA0422OEW,100,20220411,2023-03-31,
500,1067,TEF1162,CI,C1,X,CO,                ,1AA0821ZVZ,75,20220105,2023-03-31,
500,9025,CLPL0613,JI,J1,X,CO,AALCA0748D,1AF0426DAF,75,20260423,2027-03-31,
500,9025,CLPL0614,JI,J1,X,CO,AALCA0748D,1AF0426DAF,75,20260423,2027-03-31,
500,1079,EY002,JI,J3,X,OT,"5,00,00,000",4NA0626AIE4C526,40,20260625,2027-03-31,
500,1024,03MAS1022,JI,  ,X,CO,RS 213586,0218AS596F,75,20180504,2019-03-31,
500,1022,GJA0134901,CP,  ,X,CO,                ,1AA1019HIS,50,20191017,2020-03-31,
500,1022,M9037,CP,  ,X,CO,                ,1AB0519WMP,50,20190513,2020-03-31,
500,1070,AGCCDLL314,CI,C1,X,CO,                ,4AC0326DIZ,95,20260401,2027-03-31,
500,1048,MAS9905,CI,C1,X,CO,                ,1AE0624HHH,62.5,20240621,2025-03-31,
500,1022,MHA0201001,CI,C1,X,CO,                ,1AB0719MGE,40,20190720,2020-03-31,
500,1081,MSBTCI01,CI,C1,X,CO," 9,20,00,000",1AE0424LBP,65,20240424,2025-03-31,
500,1022,OSA0048201,CI,C1,X,CO,                ,1AD0519CON,55,20190522,2020-03-31,
500,1022,DLA0357001,CI,C3,X,OT,                ,1AE0519PPJ,34,20190520,2020-03-31,
500,1036,18MAS1022,II,I1,X,CO,                ,1AD0426EJO,92,20260423,2027-03-31,
500,1079,DCD00384AB,JI,J1,X,CO,8426700,1NA0726SQD,66.5,20260706,2027-03-31,
500,1081,DII00167AB,JI,J1,X,CO,4500000,1AC0625ULU,47,20250613,2026-03-31,
500,1070,G6599,JP,J1, ,CO,AADCG3694A,AB0323FFG,98,20230401,2024-03-31,
500,1058,QUESS1,JI,J1,X,CO,                ,0418AC420E,98,20180419,2019-03-31,
500,1081,STS25464B,JI,J1,X,CO,14030000,1NC0626BQR,90,20260630,2027-03-31,
500,9017,VQUESSKN1,JI,J1,X,CO,                ,197(1)/AABCI7601M/2021-22,95,20210401,2022-03-31,
500,1080,VD01289,JI,J5,X,CO,                ,1AC0326BAI,0.75,20260401,2027-03-31,
500,1022,ASA0553701,CP,  ,X,CO,                ,1AD0519TVY,75,20190607,2020-03-31,
500,1022,DLA0357001,CP,  ,X,OT,                ,1AE0519PPJ,34,20190520,2020-03-31,
500,1022,MHA0031701,CP,  ,X,CO,                ,1AA0519AWI,65,20190502,2020-03-31,
500,1022,PNA0109001,JP,  ,X,CO,                ,1AA0419FAG,100,20190816,2020-03-31,
500,9033,BAL025,CI,C1,X,CO,                ,1AC0325BQX,90,20250401,2026-03-31,
500,9017,IP002,CP,C1,X,CO,                ,0216DA258D,84,20160614,2017-03-31,
500,1022,TNA0466001,CI,C1,X,CO,                ,1AD0519TVY,75,20190607,2020-03-31,
500,1037,U00089B,CI,C1,X,CO,                ,0313DT689A,75,20130603,2014-03-31,
500,1063,VNSK-03455,CI,C1,X,CO,                ,197(1)/AAFCM2530H/2021-22,90,20210507,2022-03-31,
500,9023,VHO2500018,II,I1,X,CO,                ,1AA0426OFC,99,20260401,2027-03-31,
500,9001,HB014,JI,J3,X,OT,500000,1AB0823CTL,100,20230816,2024-03-31,
500,9035,RAJENDRAS,JI,J3,X,OT,                ,1NA0526CHM,65,20260507,2027-03-31,
500,1024,INH504MN,JP,  ,X,CO,AABCH2130G,1113CL452E,75,20131129,2014-03-31,
500,1022,KTA0240501,JP,  ,X,CO,                ,1AA0519DGM,90,20190513,2020-03-31,
500,1024,T1163,JP,  ,X,CO,AAACT2209D,0215AM630I,45.7,20150423,2016-03-31,
500,1079,BJ011261,CI,C1,X,CO,2995974,1NE0726VFO,75,20260728,2027-03-31,
500,9025,CLPL0686,CI,C1,X,CO,AAECD4879M,4AA0526NTF4A017,75,20260506,2027-03-31,
500,1081,DCM00398AB,CI,C1,X,CO,3423983036,1AD0426EMP,60,20260416,2027-03-31,
500,9017,FAB01KL,CI,C1,X,CO,                ,1AD0524GUI,87.5,20240508,2025-03-31,
500,1022,GJA0134901,CI,C1,X,CO,                ,1AA1019HIS,50,20191017,2020-03-31,
500,1022,HRA0016001,CI,C1,X,CO,                ,1AA0619EQP,90,20190610,2020-03-31,
500,9023,VHO1900127,CI,C1,X,CO,                ,197(1)_206C(9)/AABC8936F/,25,20190722,2020-03-31,
500,1022,HRA0055501,CI,C4,X,OT,                ,1AC0419QCS,55,20190513,2020-03-31,
500,1044,KACSET01,CP,C4,X,OT,                ,1AC0326CQO,100,20260401,2027-03-31,
500,1038,A1820,JI,J1,X,CO,                ,0416AG600H,94,20160511,2017-03-31,
500,1049,G6599,JI,J1, ,CO,194J PROFESSION,1AB0425AJJ,97.5,20250401,2026-03-31,
500,1084,IV0015,JI,J1,X,CO,AABCI8601B,1AF0622MRC,97.5,20221029,2023-03-31,
500,1027,MDSLPC02,JI,J1,X,CO,                ,1AC0723NIU,75,20230725,2024-03-31,
500,9025,DIE00207AE,JI,J3,X,OT,AAEFE1763C,4NA0626AIE4A315,40,20260625,2027-03-31,
500,1037,A00728,JP,  , ,CO,                ,1AG0521OMC,75,20210531,2022-03-31,
500,1022,TS0001,CP,  ,X,OT,                ,1AE0519PPJ,34,20190520,2020-03-31,
500,1022,WBA0024101,CP,  ,X,CO,                ,1AD0519MPE,99.5,20190610,2020-03-31,
500,1067,CCM0794N,CI,C1,X,CO,                ,4AG0426FWR4A005,50,20260429,2027-03-31,
500,1081,CF0019,CI,C1,X,CO,21867716,1NF0726FMJ,50,20260730,2027-03-31,
500,9025,DIA02004AA,CI,C1,X,CO,AAHCA0135G,1NB0626PDO,75,20260624,2027-03-31,
500,9017,FAB01MP,CI,C1,X,CO,                ,1AD0524GUI,87.5,20240508,2025-03-31,
500,1081,MAS1022,CI,C1,X,CO,3423983036,1AD0426EMP,60,20260416,2027-03-31,
500,1070,MAS9905,CI,C1,X,CO,                ,1AD0725FIZ,62.5,20250731,2026-03-31,
500,1022,MDR035,CI,C4,X,OT,                ,1AC0419QCS,55,20190513,2020-03-31,
500,1037,0002000398,JI,J1, ,CO,                ,0314FR705C,100,20140901,2015-03-31,
500,9025,EY001,JI,J3,X,OT,AAEFE1763C,4NA0626AIE4A315,40,20260625,2027-03-31,
500,1022,TNA0305901,CP,  ,X,CO,                ,1AC0519SDV,93.5,20190517,2020-03-31,
500,1079,DIL00192AA,CI,C1,X,CO,"2,94,56,153",1NA0626AVI,25,20260601,2027-03-31,
500,1081,DIM01158AZ,CI,C1,X,CO,"15,00,00,000",1AD0526PNS,87.5,20260525,2027-03-31,
500,1081,DIN00463AA,CI,C1,X,CO,"1,00,000",4NA0726AGE4A194,12.5,20260715,2027-03-31,
500,1069,MLDL010494,CP,C1,X,CO,                ,1AD0525NZQ,99.5,20250514,2026-03-31,
500,1022,GJA0134701,7I,IA,X,CO,                ,1AB0619WVQ,60,20190703,2020-03-31,
500,1046,SSG0000823,8I,IA,X,CO,AAHCR5542A,1AB0423LYO,85,20230411,2024-03-31,
500,9025,CLPL0797,JI,J1,X,CO,AACCC7527R,1AB0426LNN,80,20260409,2027-03-31,
500,1065,DSA63048,JI,J1,X,CO,AABCG3636Q,0418AH931F,90,20180508,2019-03-31,
500,1067,MAS9905,JI,J1, ,CO,                ,1AC0719GHK,64,20190729,2020-06-30,
500,9017,QUESSDL1,JI,J1,X,CO,                ,1AA0419EES,95,20190410,2020-06-30,
500,1022,HRA0181301,CP,  ,X,CO,                ,1AA0120MSG,50,20200313,2020-03-31,
500,9017,FAB01WB,CI,C1,X,CO,                ,1AD0524GUI,87.5,20240508,2025-03-31,
500,1067,MFCWLGN01,CI,C1,X,CO,                ,4AG0426FWR4A005,50,20260429,2027-03-31,
500,1022,PNA0181301,CI,C1,X,CO,                ,1AA0120MSG,50,20200313,2020-03-31,
500,1022,MPA0336401,CI,C3,X,OT,                ,1AI0519FWY,50,20190701,2020-03-31,
500,1037,MLDL006998,JI,J1,X,CO,                ,1AF0521LWS,60,20210526,2022-03-31,
500,1022,M0091,CP,  ,X,CO,                ,1AA1019CUC,75,20191025,2020-03-31,
500,1049,AGSDS5024,CI,C1,X,CO,                ,4AB0426EVC,99.5,20260406,2027-03-31,
500,1022,CHA0119701,CI,C1,X,CO,                ,1AD0519MPE,99.5,20190610,2020-03-31,
500,9025,DIC00191AA,CI,C1,X,CO,AABCK6981G,4AD0526VDW4A014,75,20260527,2027-03-31,
500,1081,DIM01158AJ,CI,C1,X,CO,"15,00,00,000",1AD0526PNS,87.5,20260525,2027-03-31,
500,1022,I100053,CI,C1,X,CO,                ,1AB0719TUA,50,20190724,2020-03-31,
500,1022,I5007,CI,C1,X,CO,                ,1AC0519SDV,93.5,20190517,2020-03-31,
500,1048,MAS9905,CP,C1,X,CO,                ,1AE0624HHH,62.5,20240621,2025-03-31,
500,1037,O02162B,CI,C1,X,CO,                ,1AA1219VSV,86,20191226,2020-06-30,
500,1081,DID00371AA,JI,J1,X,CO,96739212,1NC0726NTN,87,20260717,2027-03-31,
500,1057,MAS9905,JP,J1,X,CO,                ,1AC0723WZT,75,20230731,2024-03-31,
500,1058,MAS9905,JI,J1,X,CO,                ,0217EV900H,70,20171201,2018-03-31,
500,1022,HRA0305901,CP,  ,X,CO,                ,1AC0519SDV,93.5,20190517,2020-03-31,
500,9017,CP1469,CI,C1,X,CO,                ,0212ME845E,61,20120420,2013-03-31,
500,1081,DIM01158AP,CI,C1,X,CO,"15,00,00,000",1AD0526PNS,87.5,20260525,2027-03-31,
500,1081,DIM01158AR,CI,C1,X,CO,"15,00,00,000",1AD0526PNS,87.5,20260525,2027-03-31,
500,1069,MLDL006229,HI,H1,X,CO,                ,4AD0326FRD,75,20260401,2027-03-31,
500,1081,BAL025,JP,J1,X,CO,10734313,1AB0325RLQ,98,20250401,2026-03-31,
500,9025,CLPL0615,JI,J1,X,CO,AALCA0748D,1AF0426DAF,75,20260423,2027-03-31,
500,1044,D1234,JI,J1,X,CO,                ,1NC0726NWX,87,20260717,2027-03-31,
500,9017,KALOLWB01,JI,J1,X,CO,                ,1AD0525OXK,43,20250514,2026-03-31,
500,1068,MAS9905,JI,J1, ,CO,                ,1AC0719GHM,64,20190729,2020-06-30,
500,1081,SMHQIP0122,JI,J1,X,CO,2183531,1NA0626THQ,90,20260612,2027-03-31,
500,1081,CA1080,JI,J3,X,OT,110000000,1AD0526CVA,100,20260519,2027-03-31,
500,9018,CANB0032,JI,J3, ,OT,                ,AAATD0094K,100,20230508,2024-03-31,
500,9033,RAJESHAH01,JI,J3,X,OT,                ,1NA0526CHN,65,20260507,2027-03-31,
500,1022,OKAY1022,CP,  ,X,CO,                ,1AC0619NNB,62.5,20190621,2020-03-31,
500,9017,CA0078,CP,C1,X,CO,100000,0215BF331I,99,20150429,2016-03-31,
500,1081,DIM01158AC,CI,C1,X,CO,"15,00,00,000",1AD0526PNS,87.5,20260525,2027-03-31,
500,1081,DIM01158AT,CI,C1,X,CO,"15,00,00,000",1AD0526PNS,87.5,20260525,2027-03-31,
500,9025,E00167,CI,C1,X,CO,AAACE7796G,1AB0822RKI,20,20220826,2023-03-31,
500,1022,GOA0024101,CI,C1,X,CO,                ,1AD0519MPE,99.5,20190610,2020-03-31,
500,1079,LORDS105CH,CI,C1,X,CO,"2,94,56,153",1NA0626AVI,25,20260601,2027-03-31,
500,1084,MDSLPC02,JI,J1,X,CO,                ,1AC0723NIU,75,20230725,2024-03-31,
500,1079,MES00707,JI,J1,X,CO,2900000,4AA0526QJR4A242,70,20260506,2027-03-31,
500,1021,ML01,JI,J1, ,CO,                ,1AB0521OMI,90,20210507,2022-03-31,
500,9017,QCLPUN1,JI,J1,X,CO,                ,197(1)/AABCI7601M/2021-22,95,20210401,2022-03-31,
500,9026,SELBPCL001,LI,L1, ,CO,TDS ON ADV,TDSONADVBOOKING,100,20220401,2023-03-31,
500,1022,HRA0358201,CP,  ,X,CO,                ,1AA0419VRT,80,20190430,2020-03-31,
500,1070,AGCCDLL319,CI,C1,X,CO,                ,4AC0326DIZ,95,20260401,2027-03-31,
500,1081,F00014,CI,C1,X,CO,21867716,1NF0726FMJ,50,20260730,2027-03-31,
500,1022,M5834,CI,C1,X,CO,                ,1AA0519CJG,62.5,20190503,2020-03-31,
500,1027,MDSLOL01,CI,C1,X,CO,                ,1AG0426GUR,67.5,20260429,2027-03-31,
500,9025,CLPL0764,II,I1,X,CO,AALCA0748D,1AF0426DAE,75,20260423,2027-03-31,
500,1030,0035012840,II,I4,X,OT,                ,0610AK293H,100,20100719,2011-03-31,
500,9017,BRUNEL1,JP,J1,X,CO,3780000,0215DP522H,99.6,20150623,2016-03-31,
500,1024,MFVE002,JI,J1,X,CO,AAACE8476D,2717AA009H,50,20170203,2017-03-31,
500,9017,QUESS1,JI,J1,X,CO,                ,197(1)/AABCI7601M/2021-22,95,20210420,2022-03-31,
500,9033,VEN004672,JI,J1,X,CO,                ,1AA0925DJB,99,20250908,2026-03-31,
500,1022,ARPL1022,CP,  ,X,CO,                ,1AA0519RBU,60,20190507,2020-03-31,
500,1022,D0113H,CP,  ,X,CO,                ,1AB0719HET,77.5,20190808,2020-03-31,
500,1022,GJA0134701,7P,  ,X,CO,                ,1AB0619WVQ,60,20190703,2020-03-31,
500,1022,MPA0024101,CP,  ,X,CO,                ,1AD0519MPE,99.5,20190610,2020-03-31,
500,1049,G6599,CI,C1,X,CO,194C CONTRACTS,1AB0326FAQ,85,20260401,2027-03-31,
500,1079,I00365,CI,C1,X,CO,31189000,1ND0726EUX,25,20260724,2027-03-31,
500,1081,MRVDS00087,CI,C1,X,CO,16115613,1AB0523EOJ,40,20230508,2024-03-31,
500,1081,N01114B,CI,C1,X,CO,28754079,1NA0626QFJ,67.5,20260610,2027-03-31,
500,9029,WAR1800006,CP,C1,X,CO,                ,1AB0523CPK,95,20230508,2024-03-31,
500,1022,TS0001,CI,C3,X,OT,                ,1AE0519PPJ,34,20190520,2020-03-31,
500,9025,DIA01154AD,II,I1,X,CO,AALCA0748D,1AF0426DAE,75,20260423,2027-03-31,
500,1081,DCM00420AA,JP,J1, ,CO,11848236,1AD0725FIL,70,20250731,2026-03-31,
500,1038,EILISIONN5,JI,J1,X,CO,                ,1NB0526KSO,70,20260528,2027-03-31,
500,1023,MFACS01,JI,J1,X,CO,                ,1812AB332C,50,20111103,2012-12-31,
500,1084,SSG0000681,JI,J1,X,CO,                ,197,70,20170428,2018-03-31,
500,1079,DNE00207AE,JI,J3,X,OT,"5,00,00,000",4NA0626AIE4C526,40,20260625,2027-03-31,
500,1022,L0019,CP,  ,X,CO,                ,1AA0419VRT,80,20190430,2020-03-31,
500,1024,MAS1051,AI,  ,X,CO,AACCM0794N,0213RX558D,99.9,20130610,2014-03-31,
500,1022,MHA0024101,CP,  ,X,CO,                ,1AD0519MPE,99.5,20190610,2020-03-31,
500,1022,S1370,CP,  ,X,CO,                ,1AD0519CON,55,20190522,2020-03-31,
500,1022,TLA0181301,CP,  ,X,CO,                ,1AA0120MSG,50,20200313,2020-03-31,
500,1024,A1605,CI,C1,X,CO,AAACA5622M,0314FT904J,50,20140605,2015-03-31,
500,9017,FAB01GJ,CI,C1,X,CO,                ,1AD0524GUI,87.5,20240508,2025-03-31,
500,1069,MAS9905,CI,C1,X,CO,                ,1AE0624HGW,62.5,20240621,2025-03-31,
500,1081,MAS9905,CI,C1,X,CO,112621764,1AD0725FIM,62.5,20250731,2026-03-31,
500,1067,MFCWL02,CI,C1,X,CO,                ,4AG0426FWR4A005,50,20260429,2027-03-31,
500,1022,MHA0016001,CI,C1,X,CO,                ,1AA0619EQP,90,20190610,2020-03-31,
500,1022,HRA0106001,CI,C3,X,OT,                ,1AI0519FWY,50,20190701,2020-03-31,
500,1037,MRVDS00068,CP,C7,X,CO,SPECIFIED PERSON,0112EY631F,75,20120601,2013-03-31,
500,1037,MRVDS00068,CI,C7,X,CO,SPECIFIED PERSON,0112EY631F,75,20120601,2013-03-31,
500,1081,BAL025,JI,J1,X,CO,10734313,1AB0325RLQ,98,20250401,2026-03-31,
500,9017,BRUNEL1,JI,J1,X,CO,3780000,0215DP522H,99.6,20150623,2016-03-31,
500,1081,INP526MN,JI,J1,X,CO,36241947,1NA0826DJW,84,20260806,2027-03-31,
500,1036,LR1035,JI,J1,X,CO,                ,1AB0426OHA,99,20260401,2027-03-31,
500,1037,MRVDO00351,JI,J1,X,CO,                ,1AD0422GGM,50,20220426,2023-03-31,
500,1070,P00607,JI,J1,X,CO,                ,1AB0526KEW,95.5,20260512,2027-03-31,
500,9017,QUESSDL1,JP,J1,X,CO,                ,1AA0419EES,95,20190410,2020-06-30,
500,1027,RJI001,JI,J1,X,CO,                , 1AC0325YRU,0.1,20250401,2026-03-31,
500,1044,N00421,JP,J5,X,CO,                ,INA0626YUQ,100,20260615,2027-03-31,
500,1022,JHA0024101,CP,  ,X,CO,                ,1AD0519MPE,99.5,20190610,2020-03-31,
500,1024,MAS1036,JP,  ,X,CO,AAACM5186E,0212NI32E,68.5,20120917,2013-03-31,
500,9017,AIRTEL01,CP,C1,X,CO,                ,1AB0422LQF,95,20220413,2023-03-31,
500,1081,DIM01158AK,CI,C1,X,CO,"15,00,00,000",1AD0526PNS,87.5,20260525,2027-03-31,
500,1081,DIM01158AY,CI,C1,X,CO,"15,00,00,000",1AD0526PNS,87.5,20260525,2027-03-31,
500,1022,M0202,CI,C1,X,CO,                ,1AA0619EQP,90,20190610,2020-03-31,
500,1047,MLDL006540,CP,C1,X,CO,                ,1NA0826DWY,37.5,20260806,2027-03-31,
500,1022,OSA0181301,CI,C1,X,CO,                ,1AA0120MSG,50,20200313,2020-03-31,
500,1063,VNSK-04435,CI,C1,X,CO,                ,1AD0725FIA,62.5,20250731,2026-03-31,
500,9029,WH11300192,CP,C1,X,CO,                ,1AD0725FIX,62.5,20250731,2026-03-31,
500,9029,WEWORK01HR,II,I1,X,CO,                ,1AB0522HTU,99.9,20220506,2023-01-30,
500,1070,N1023,JI,J1,X,CO,                ,1AA0623MDF,35,20230601,2024-03-31,
500,1027,SSG0000879,JI,J1,X,CO,AABCT1296R,1AC0325NNL,1.5,20250401,2026-03-31,
500,9018,CANB0032,JP,J3, ,OT,                ,AAATD0094K,100,20230508,2024-03-31,
500,9025,DIT00472AA,JI,J3,X,OT,AAATT1989P,1AD0526CWB,100,20260519,2027-03-31,
500,1024,03MAS1022,II,  ,X,CO,RS 3850000,0218AS531C,75,20180504,2019-03-31,
500,1022,HRA0099201,CP,  ,X,CO,                ,1AB0719HET,77.5,20190808,2020-03-31,
500,1022,B0062,CI,C1,X,CO,                ,1AC0619KEH,50,20190618,2020-03-31,
500,1022,B0126,CI,C1,X,CO,                ,1AC0419CLJ,55,20190612,2020-03-31,
500,1057,MAS9905,CP,C1,X,CO,                ,1AC0723WZS,62.5,20230731,2024-03-31,
500,1052,PMSPL01,CP,C1, ,CO,                ,SEC 172,100,20220401,2023-03-31,
500,1036,10MAS1022,II,I1,X,CO,                ,1AD0426EJO,92,20260423,2027-03-31,
500,1023,BBH1001,II,I4,X,OT,                ,0211GH052H,100,20110520,2012-03-31,
500,9023,YMS100960,II,I4,X,CO,1ND0726GAF,1ND0726GAF,89,20260724,2027-03-31,
500,9023,YMS101058,II,I4,X,OT,1ND0726GAF,1ND0726GAF,89,20260724,2027-03-31,
500,1081,DIH00180AB,JI,J1,X,CO,50000000,1AA0726HLT,76.5,20260707,2027-03-31,
500,1079,DIH00180AB,JI,J1,X,CO,63960000,1AA0726HLS,76.5,20260707,2027-03-31,
500,1067,MDT018,JI,J1,X,CO,                ,1AD0422KAK,50,20220426,2023-03-31,
500,1067,T0142,JI,J1,X,CO,                ,4NA0626AAB4D051,50,20260601,2027-03-31,
500,1022,GJA01349A0,CP,  ,X,CO,                ,1AA1019HIS,50,20191017,2020-03-31,
500,1024,H00218,JP,  ,X,CO,AAACH9516M,0312DG1417F,90,20120920,2013-03-31,
500,1022,KTA0014901,JP,  ,X,CO,                ,1AC0719GGX,64,20190730,2020-03-31,
500,9025,DIA01154AE,CI,C1,X,CO,AALCA0748D,1AF0426DAD,75,20260423,2027-03-31,
500,1022,MPA0181301,CI,C1,X,CO,                ,1AA0120MSG,50,20200313,2020-03-31,
500,1079,NMIL15,CI,C1,X,CO,10000000,4AB0426YFU4A241,92.5,20260409,2027-03-31,
500,1079,P080041,CI,C1,X,CO,200000,1AA0526XYE,96.5,20260508,2027-03-31,
500,9033,VEN001035,CI,C1,X,CO,                ,1AC0325BQX,90,20250401,2026-03-31,
500,1081,YSL02,CI,C1,X,CO,                ,1AB0724XVV,100,20240709,2025-03-31,
500,1022,HRA01441ME,CI,C4,X,OT,                ,1AE0519ZOF,100,20190523,2020-03-31,
500,1027,SSG0000823,8I,IA,X,CO,AAHCR5542A,1AC0425NVM,0.25,20250409,2026-03-31,
500,1079,DIH00128AA,JI,J1,X,CO,20800000,1AD0526GQE,85,20260520,2027-03-31,
500,1079,DIM00420AB,JI,J1,X,CO,2789382109,1AD0725FHX,70,20250731,2026-03-31,
500,1037,MLDL001957,JI,J3,X,OT,                ,0317AS522B,100,20170607,2018-03-31,
500,1081,DIF00108AG,CI,C1,X,CO,21867716,1NF0726FMJ,50,20260730,2027-03-31,
500,1081,DIM01158AV,CI,C1,X,CO,"15,00,00,000",1AD0526PNS,87.5,20260525,2027-03-31,
500,1081,DNM00420AE,CI,C1,X,CO,112621764,1AD0725FIM,62.5,20250731,2026-03-31,
500,9005,JSS001,CI,C1,X,CO,10000000,1AE0425PSE,46.5,20260417,2027-03-31,
500,1028,MAS9905,CP,C1,X,CO,                ,1AA0722PDJ,62.5,20220707,2023-03-31,
500,1044,MS0243,CI,C1,X,CO,                ,1AB0526DCJ,50,20260508,2027-03-31,
500,1037,CI0505,CI,C4,X,OT,                ,6227/01-14,100,20140723,2015-03-31,
500,1036,CM00165,II,I1, ,CO,                ,1AD0426EJO,92,20260423,2027-03-31,
500,9023,VHO2200120,II,I1,X,CO,                ,1AD0525LPW,99,20250514,2026-03-31,
500,9023,VHO2400063,II,I1,X,CO,                ,1AA0426WJL,70,20260402,2026-12-31,
500,9023,AGHOE&Y01,JI,J1,X,OT,                ,4NA0626AIE4D358,40,20260625,2027-03-31,
500,1049,AGMUP0014,JI,J1,X,CO,197(1)_206C(9)/A,1AB0526KEN,95.5,20260512,2027-03-31,
500,1021,T080,JI,J1,X,CO,                ,77,57.1,20140523,2015-03-31,
500,1022,B10103,CP,  ,X,CO,                ,1AC0619KEH,50,20190618,2020-03-31,
500,1022,HRA0024001,CP,  ,X,OT,                ,1AE0519PPJ,34,20190520,2020-03-31,
500,1022,MHA0059901,CP,  ,X,CO,                ,1AA1219XVM,90,20200101,2020-03-31,
500,1081,DCM00420AA,CP,C1, ,CO,112621764,1AD0725FIM,62.5,20250731,2026-03-31,
500,1081,DIL00192AA,CI,C1,X,CO,260298,1NA0626AVJ,25,20260601,2027-03-31,
500,1079,DIL00192AC,CI,C1,X,CO,"2,94,56,153",1NA0626AVI,25,20260601,2027-03-31,
500,1079,DIN00380AA,CP,C1,X,CO,10000000,4AB0426YFU4A241,92.5,20260409,2027-03-31,
500,1079,DNI00181AA,CI,C1,X,CO,31189000,1ND0726EUX,25,20260724,2027-03-31,
500,1037,MAS1022,CI,C1,X,CO,                ,1AB0521OGL,50,20210507,2021-05-07,
500,1027,MDSLRI03,CP,C1, ,CO,                ,1AD05268BXA,50,20260519,2027-03-31,
500,1022,HRA0274501,CI,C3,X,OT,                ,1AE0519PPJ,34,20190520,2020-03-31,
500,1027,DLSIML02,II,I1,X,CO,                ,1AC0724WDD,93.5,20240716,2025-03-31,
500,1023,MFMA003,II,I1,X,CO,                ,0211GH919H,95,20110629,2012-03-31,
500,1024,V0555,II,I4,X,OT,AAATD7356C,0613DN480A,100,20130828,2014-03-31,
500,1081,DCI00167AA,JP,J1,X,CO,4500000,1AC0625ULU,47,20250613,2026-03-31,
500,1065,DSA63569,JI,J1,X,CO,                ,0418AH931F,90,20180508,2019-03-31,
500,1024,O0257,JI,J1,X,CO,AAACO0849E,0113HC625D,75,20130725,2014-03-31,
500,1027,SSG0000681,JI,J1,X,CO,                ,1AF0525SOG,1,20250526,2026-03-31,
500,9025,VHO2200027,JI,J1,X,CO,AAFCA3384H,1NB0526MEC,80,20260529,2027-03-31,
500,9023,WH11300192,JI,J1,X,CO,                ,1AE0624HGV,75,20240621,2025-01-31,
500,9018,G8007,JP,J3, ,OT,                ,0617AQ932E,100,20170503,2018-03-31,
500,1022,HRA01415A0,CP,  ,X,OT,                ,1AE0519PPJ,34,20190520,2020-03-31,
500,9018,MAS1051,AP,A1,X,CO,                ,187/AACCM0794N,95,06/30/20,,
500,1081,29MAS1022,CI,C1,X,CO,3423983036,1AD0426EMP,60,20260416,2027-03-31,
500,1081,F02287B,CI,C1,X,CO,21867716,1NF0726FMJ,50,20260730,2027-03-31,
500,1022,PPC1022,CI,C1,X,CO,                ,1AA0419RIX,75,20190506,2020-03-31,
500,9025,S01590,CI,C1,X,CO,AABCS4372D,4AE0426OPC,2.5,20260422,2027-03-31,
500,1022,TNA0305301,CI,C1,X,CO,                ,1AA1019OWP,89,20191021,2020-03-31,
500,1081,DNM00420AE,JI,J1,X,CO,11848236,1AD0725FIL,70,20250731,2026-03-31,
500,9017,VQUESSTL1,JI,J1,X,CO,                ,197(1)/AABCI7601M/2021-22,95,20210401,2022-03-31,
500,1022,GJA01347A0,CP,  ,X,CO,                ,1AB0619WVQ,60,20190703,2020-03-31,
500,1037,H00252,JP,  , ,CO,                ,1AD0722MRT,82,20220728,2023-03-31,
500,1022,K0088,CP,  ,X,CO,                ,1AA0519YVI,100,20190506,2020-03-31,
500,1022,RJA0011901,CP,  ,X,CO,                ,1AA1119IWF,99.5,20191118,2020-03-31,
500,1022,T0167,CP,  ,X,CO,                ,1AB0719MGE,40,20190720,2020-03-31,
500,1022,CHA0024101,CI,C1,X,CO,                ,1AD0519MPE,99.5,20190610,2020-03-31,
500,1081,DIM00398AK,CI,C1,X,CO,3423983036,1AD0426EMP,60,20260416,2027-03-31,
500,1081,DIM01158AG,CI,C1,X,CO,"15,00,00,000",1AD0526PNS,87.5,20260525,2027-03-31,
500,9025,DIU00228AA,CI,C1,X,CO,AAECD4879M,4AA0526NTF4A017,75,20260506,2027-03-31,
500,1022,GJA01347A0,CI,C1,X,CO,                ,1AB0619WVQ,60,20190703,2020-03-31,
500,1046,MDSRS04,CI,C1,X,CO,                ,1AA0424PGK,100,20240401,2025-03-31,
500,1022,MHA0052001,CI,C1,X,CO,                ,1AA0719SOP,90,20190715,2020-03-31,
500,1022,MLL980,CI,C1,X,CO,                ,1AH0519YAU,40,20190530,2020-03-31,
500,1037,N01114B,CP,C1, ,CO,                ,1AB0522GAL,50,20220506,2023-03-31,
500,1022,TNA0305302,CI,C1,X,CO,                ,1AA1019OWP,89,20191021,2020-03-31,
500,1022,WBA0343901,CI,C1,X,CO,                ,1AB0819MJP,45,20191011,2020-03-31,
500,9017,A00531,IP,I1,X,CO,21050000,0218CN153G,20,20180606,2019-03-31,
500,9029,ALTF01,II,I1,X,CO,                ,1AD0525XDN,85,20250516,2026-03-31,
500,1079,DID00384AB,JI,J1,X,CO,8426700,1NA0726SQD,66.5,20260706,2027-03-31,
500,1081,MAS9905,JI,J1,X,CO,11848236,1AD0725FIL,70,20250731,2026-03-31,
500,1022,MHA0225001,JI,J1,X,CO,                ,1AA0120BPV,100,20200106,2020-03-31,
500,1038,PSTPLHR15,JI,J1,X,CO,                ,1AB0526KES,95.5,20260512,2027-03-31,
500,9023,VHO2300058,JI,J1,X,CO,                ,1NA0726ETA,90,20260701,2027-03-31,
500,1030,MAS1051,AI,A1,X,CO,                ,187/AACCM0794N,95,20110630,2012-03-31,
500,9025,DIF00282AA,CI,C1,X,CO,AACCF6938K,4AD0526XTE4A042,75,20260529,2027-03-31,
500,1022,GJA0052001,CI,C1,X,CO,                ,1AA0719SOP,90,20190715,2020-03-31,
500,1022,HRA0305901,CI,C1,X,CO,                ,1AC0519SDV,93.5,20190517,2020-03-31,
500,1079,MA3494,CI,C1,X,CO,1202274130,1AD0426EMO,60,20260416,2027-03-31,
500,1022,MHA0189201,CI,C1,X,CO,                ,1AB0719MGE,40,20190720,2020-03-31,
500,9025,MLDL261,CI,C1,X,CO,AABCM4781A,1AC0323RJS,100,20230401,2024-03-31,
500,9023,WAR1800006,CI,C1,X,CO,                ,1AA0426XCJ,75,20260402,2027-03-31,
500,9025,CLPL0614,II,I1,X,CO,AALCA0748D,1AF0426DAE,75,20260423,2027-03-31,
500,1027,HLSNDC01,8I,IA,X,CO,                ,1AA0719SRR,40,20190709,2020-03-31,
500,1044,MES00962,JI,J1,X,CO,                ,1AC0326CLC,84,20260418,2027-03-31,
500,1058,MKTGA1820,JI,J1,X,CO,                ,0418AH613J,90,20180508,2019-03-31,
500,1079,QTP015,JI,J1,X,CO,1000000,1AD0426MFB,59.5,20260417,2027-03-31,
500,1030,G8007,JI,J3,X,OT,                ,0611BF290G/8.7,80,20110805,2012-03-31,
500,1024,33MAS1022,II,  , ,CO,RS 3850000,0218AS531C,75,20180504,2019-03-31,
500,1022,GJA0404801,CP,  ,X,CO,                ,1AB0619WVQ,60,20190703,2020-03-31,
500,1022,HRA0305301,CP,  ,X,CO,                ,1AA1019OWP,89,20191021,2020-03-31,
500,1022,J10093,CP,  ,X,CO,                ,1AI0519HEB,50,20190611,2020-03-31,
500,1022,KLA0018501,CP,  ,X,CO,                ,1AC0619NNB,62.5,20190621,2020-03-31,
500,1022,UPA0048201,CP,  ,X,CO,                ,1AD0519CON,55,20190522,2020-03-31,
500,1079,DIM00398AK,CI,C1,X,CO,1202274130,1AD0426EMO,60,20260416,2027-03-31,
500,1022,HRA0305301,CI,C1,X,CO,                ,1AA1019OWP,89,20191021,2020-03-31,
500,1027,MDSLVEN329,CI,C1,X,CO,                ,1AG0426GUR,67.5,20260429,2027-03-31,
500,1037,MRVDS00087,CI,C1,X,CO,                ,1AC0821ZQN,50,20210823,2022-03-31,
500,1022,RJA0069201,CI,C1,X,CO,                ,1AB0519WMP,50,20190513,2020-03-31,
500,1042,S00224,CI,C1,X,CO,                ,0414DR469J,62.5,20140606,2015-03-31,
500,1022,HRA01415A0,CI,C3,X,OT,                ,1AE0519PPJ,34,20190520,2020-03-31,
500,1079,DCH00180AA,JI,J1,X,CO,63960000,1AA0726HLS,76.5,20260707,2027-03-31,
500,1079,DIA00934AA,JI,J1,X,CO,10000000,1AB0326EUU,50,20260401,2027-03-31,
500,1079,DIT00384AA,JI,J1,X,CO,"4,00,000",4NA0626AAB4G873,50,20260601,2027-03-31,
500,1022,MHA0020701,JI,J1,X,CO,                ,1AA0419RIP,60,20190826,2020-03-31,
500,1081,MRVDO00351,JP,J1,X,CO,"18,40,000",4NA0626AAB4D060,50,20260601,2027-03-31,
500,9017,VQUESSHY1,JI,J1,X,CO,                ,197(1)/AABCI7601M/2021-22,95,20210401,2022-03-31,
500,9023,BSR9852,JI,J3,X,OT,                ,1AB0325GFT,19.9,20250401,2026-03-31,
500,1027,CA1080,JI,J3,X,OT,                ,1AC0625RXZ,100,20250613,2026-03-31,
500,1030,CANB0032,JI,J3,X,OT,                ,197/AAATD0094K,100,20110728,2012-03-31,
500,9025,DNE00207AD,JI,J3,X,OT,AAEFE1763C,4NA0626AIE4A315,40,20260625,2027-03-31,
500,1022,HRA0274502,CP,  ,X,OT,                ,1AE0519PPJ,34,20190520,2020-03-31,
500,1022,MPA0336401,CP,  ,X,OT,                ,1AI0519FWY,50,20190701,2020-03-31,
500,1022,SS0006,CP,  ,X,CO,                ,1AD0519MPE,99.5,20190610,2020-03-31,
500,1081,DIF00108AF,CI,C1,X,CO,21867716,1NF0726FMJ,50,20260730,2027-03-31,
500,1081,DIM01158AN,CI,C1,X,CO,"15,00,00,000",1AD0526PNS,87.5,20260525,2027-03-31,
500,1079,FICCI02,CP,C1,X,CO,1AG0425ZKY,2736450409,100,20250428,2026-03-31,
500,1022,HRA0318801,CI,C1,X,CO,                ,1AA1019CUC,75,20191025,2020-03-31,
500,1067,MAS9905AS,CI,C1,X,CO,                ,1AD0725FIU,62.5,20250731,2026-03-31,
500,1022,RJA0062001,CI,C1,X,CO,                ,1AB0519WMP,50,20190513,2020-03-31,
500,9029,POLESTAR01,CI,C4,X,OT,                ,1AA0623MQV,70,20230601,2024-03-31,
500,9025,DIA01154AA,II,I1,X,CO,AALCA0748D,1AF0426DAE,75,20260423,2027-03-31,
500,1022,RJA0069201,8I,IA,X,CO,                ,1AB0519WMY,90,20190513,2020-03-31,
500,1022,PPC1022,JI,J1,X,CO,                ,1AA0419RIP,60,20190826,2020-03-31,
500,1022,KLA0200801,7P,  ,X,CO,                ,1AA1119ROS,50,20191210,2020-03-31,
500,9017,B485,CI,C1,X,CO,                ,0212NL339I,93.5,20120904,2013-03-31,
500,1079,BJ011311,CI,C1,X,CO,2995974,1NE0726VFO,75,20260728,2027-03-31,
500,1081,DIS00698AB,CI,C1,X,CO,25000000,1AC0625VUO,75,20250613,2026-03-31,
500,9017,FAB01AP,CI,C1,X,CO,                ,1AD0524GUI,87.5,20240508,2025-03-31,
500,1047,MLDL003433,CI,C1,X,CO,                ,1AG0525HYR,70,20250529,2026-03-31,
500,1022,RJA0011901,CI,C1,X,CO,                ,1AA1119IWF,99.5,20191118,2020-03-31,
500,1069,MLDL009123,HP,H1,X,CO,                ,1AF0625HZD,99,20250630,2026-03-31,
500,1022,M9037,8I,IA,X,CO,                ,1AB0519WMY,90,20190513,2020-03-31,
500,1022,KTA0240501,JI,J1,X,CO,                ,1AA0519DGM,90,20190513,2020-03-31,
500,1048,MLDL007043,JI,J1,X,CO,                ,1AE0720KAK,80,20200721,2021-03-31,
500,1052,MT0003,JI,J1,X,CO,                ,1AA0625IUI,50,20250602,2026-03-31,
500,1048,TCLG15,JI,J1,X,CO,                ,1AC0821KJY,34,20210813,2022-03-31,
500,9023,VHO2200157,JI,J1,X,CO,                ,1AF0425VRC,97.5,20250422,2025-12-31,
500,1037,SA1080,JI,J3,X,OT,                ,1AC0721GBO,100,20210716,2022-03-31,
500,1022,OSA0278601,CP,  ,X,CO,                ,1AC0619KEH,50,20190618,2020-03-31,
500,9025,DIA01154AD,CI,C1,X,CO,AALCA0748D,1AF0426DAD,75,20260423,2027-03-31,
500,1079,FLYJT105CH,CI,C1,X,CO,4027553,1NF0726FMH,50,20260730,2027-03-31,
500,1079,LM004,CI,C1,X,CO,1200000,1AD0326FEZ,50,20260401,2027-03-31,
500,1022,TLA0018501,CI,C1,X,CO,                ,1AC0619NNB,62.5,20190621,2020-03-31,
500,1079,CLPL0079,JI,J1,X,CO,2000000,1AA0526XJK,98.9,20260508,2027-03-31,
500,1081,H00252,JP,J1,X,CO,50000000,1AA0726HLT,76.5,20260707,2027-03-31,
500,1024,INH504MN,JI,J1,X,CO,AABCH2130G,1113CL452E,75,20131129,2014-03-31,
500,9023,VHO2300191,JI,J5,X,CO,                ,1AD0524HRO,90,20240508,2025-03-31,
500,1024,09MAS1022,II,  , ,CO,RS 3850000,0218AS531C,75,20180504,2019-03-31,
500,1024,19MAS1022,II,  , ,CO,RS 3850000,0218AS531C,75,20180504,2019-03-31,
500,1022,DGFCPL1022,CP,  ,X,CO,                ,1AB0719HET,77.5,20190808,2020-03-31,
500,1022,I5007,CP,  ,X,CO,                ,1AC0519SDV,93.5,20190517,2020-03-31,
500,1022,MHA0053101,CP,  ,X,CO,                ,1AA0519ITQ,94.5,20190502,2020-03-31,
500,1024,G6599,CI,C1,X,CO,AADCG3694A,0117AP386E,75,20170410,2018-03-31,
500,1049,3MKTGA1820,JI,J1,X,CO,                ,197/AABCG3636Q/2017-18/45,0.75,20170505,2018-03-31,
500,1081,DIP00333AA,JI,J1,X,CO,36241947,1NA0826DJW,84,20260806,2027-03-31,
500,1037,G01513B,JI,J1,X,CO,                ,0117AP486C,95,20170410,2018-03-31,
500,1027,SSG0000779,JI,J1,X,CO,                , 1AC0325YRU,0.1,20250401,2026-03-31,
500,1030,MFVD010,JI,J3,X,OT,                ,197/AACFD4815A,67.1,20110805,2012-03-30,
500,1037,MI0031,JP,J3,X,OT,                ,0116CT999G,100,20160819,2017-03-31,
500,1022,TNA0263901,CP,  ,X,CO,                ,1AA0519CJG,62.5,20190503,2020-03-31,
500,1022,UTA0305301,CP,  ,X,CO,                ,1AA1019OWP,89,20191021,2020-03-31,
500,1079,DIF00108AA,CI,C1,X,CO,4027553,1NF0726FMH,50,20260730,2027-03-31,
500,1081,DIM01158AM,CI,C1,X,CO,"15,00,00,000",1AD0526PNS,87.5,20260525,2027-03-31,
500,1022,GJA0134701,CI,C1,X,CO,                ,1AB0619WVR,60,20190703,2020-03-31,
500,1022,M0492,CI,C1,X,CO,                ,1AA0719ZGM,87.5,20190719,2020-03-31,
500,1024,MAS1022,CI,C1,X,CO,RS 18766317,0218AS815J,48,20180504,2019-03-31,
500,1022,R1264,CI,C1,X,CO,                ,1AA1019HIS,50,20191017,2020-03-31,
500,1022,S3665,CI,C1,X,CO,                ,1AD0519MPE,99.5,20190610,2020-03-31,
500,9023,SHYAM2,CI,C1,X,CO,                ,1AA0424JDO,95,20240403,2025-03-31,
500,1022,HRA0098501,8I,IA,X,CO,                ,1AG0519XWJ,70,20190604,2020-03-31,
500,1081,DCH00180AA,JP,J1,X,CO,50000000,1AA0726HLT,76.5,20260707,2027-03-31,
500,1024,DTT001,JI,J1,X,CO,AABCD1147R,0214ZR895H,95.6,20141114,2015-03-31,
500,1048,MAS9905,JP,J1,X,CO,                ,1AD0725FIJ,70,20250731,2026-03-31,
500,1081,QTP015,JI,J1,X,CO,3500000,1AD0426MDK,59.5,20260417,2027-03-31,
500,9017,VQUESSMP1,JI,J1,X,CO,                ,197(1)/AABCI7601M/2021-22,95,20210401,2022-03-31,
500,1069,MLDL004824,HP,  ,X,CO,                ,1AC0421QGA,80,20210426,2022-03-31,
500,1070,AGCCDLL312,CI,C1,X,CO,                ,4AC0326DIZ,95,20260401,2027-03-31,
500,1024,C0837,CI,C1,X,CO,AACCC0739R,1514AO530I,50,20141024,2015-03-31,
500,1081,G02380B,CP,C1, ,CO,28600000,1AG0525IUZ,95,20250529,2026-03-31,
500,1022,GJA0076801,CI,C1,X,CO,                ,1AA0719SOP,90,20190715,2020-03-31,
500,9017,WH11300192,CP,C1,X,CO,                ,1AE0624HHZ,62.5,20240621,2025-03-31,
500,1022,HRA0141501,CI,C3,X,OT,                ,1AE0519PPJ,34,20190520,2020-03-31,
500,9023,AGMUP0014,JI,J1,X,CO,                ,1AB0526KAB,95.5,20260512,2027-03-31,
500,1081,B0126,JI,J1,X,CO,10734313,1AB0325RLQ,98,20250401,2026-03-31,
500,1079,FICCI02,JI,J1,X,CO,1AG0425ZLB,29930627,100,20250428,2026-03-31,
500,1022,CHA0119701,CP,  ,X,CO,                ,1AD0519MPE,99.5,20190610,2020-03-31,
500,1037,E00195,JI,  ,X,CO,                ,197/13-14/1,99.9,20130719,2014-03-31,
500,1022,PPC1022,CP,  ,X,CO,                ,1AA0419RIX,75,20190506,2020-03-31,
500,1024,32MAS1022,CI,C1,X,CO,RS 18766317,0218AS815J,48,20180504,2019-03-31,
500,1081,36MAS1022,CI,C1,X,CO,3423983036,1AD0426EMP,60,20260416,2027-03-31,
500,1070,AGCCMIBS64,CI,C1,X,CO,                ,1AD0725FIZ,62.5,20250731,2026-03-31,
500,9017,CH00119,CI,C1,X,CO,                ,0314EZ536F,87.5,20140207,2014-03-31,
500,1021,CH0023,CP,C1,X,CO,AAACH1471R,0213RZ191B,38,20130613,2014-03-31,
500,9018,CT0969,CI,C1,X,CO,                ,1AD0622MOI,50,20220617,2023-03-31,
500,1022,DLA0181301,CI,C1,X,CO,                ,1AA0120MSG,50,20200313,2020-03-31,
500,1027,DLSIML02,CI,C1,X,CO,                ,1AC0724WDC,67.5,20240716,2025-03-31,
500,1079,LORDSME01,CI,C1,X,CO,"2,94,56,153",1NA0626AVI,25,20260601,2027-03-31,
500,9029,WAR1800006,CI,C1,X,CO,                ,1AB0523CPK,95,20230508,2024-03-31,
500,9017,WH11300192,CI,C1,X,CO,                ,1AE0624HHZ,62.5,20240621,2025-03-31,
500,1036,27MAS1022,II,I1,X,CO,                ,1AD0426EJO,92,20260423,2027-03-31,
500,1048,MLDL007162,IP,I1,X,CO,                ,1AG0522YEO,80,20220524,2023-03-31,
500,9023,YMS100234,II,I1,X,CO,1ND0726GAF,1ND0726GAF,89,20260724,2027-03-31,
500,1081,B0126,JP,J1,X,CO,10734313,1AB0325RLQ,98,20250401,2026-03-31,
500,1081,DII00229AA,JI,J1,X,CO,4274160,1AB0526EMB,65,20260511,2027-03-31,
500,1045,MAS9905,JI,J1,X,CO,194J,1AE0624HGQ,75,20240621,2025-03-31,
500,1054,MKTGP00607,JI,J1,X,  ,MKTGP00607,1AD0621HTQ,0.45,20210614,2022-03-31,
500,1037,MRVDS00099,JI,J1,X,CO,                ,IAA0422ZLV,98.5,20220413,2023-03-31,
500,1081,NSKMP0121,JI,J1,X,CO,20000000,1NA0526XPB,45,20260521,2027-03-31,
500,1065,R6243,JI,J1,X,CO,                ,0418AJ634D,100,20180516,2019-03-31,
500,9025,DCE00571AA,JI,J5,X,CO,AADCE5018Q,1NE0726NGI,50,20260727,2027-03-31,
500,1079,DIM01054AA,JI,J5,X,CO,"4,00,00,000",4AG0426FWU4A062,50,20260429,2027-03-31,
500,1022,C0751,JP,  ,X,CO,                ,1AA0519DGM,90,20190513,2020-03-31,
500,1022,MHA0181301,CP,  ,X,CO,                ,1AA0120MSG,50,20200313,2020-03-31,
500,1024,V0555,IP,  ,X,OT,AAATD7356C,0613DN480A,100,20130828,2014-03-31,
500,1030,MAS1051,AP,A1,X,CO,                ,187/AACCM0794N,95,20110630,2012-03-31,
500,9025,DIA02004AA,CP,C1,X,CO,AAHCA0135G,1NB0626PDO,75,20260624,2027-03-31,
500,1079,DIF00108AB,CI,C1,X,CO,4027553,1NF0726FMH,50,20260730,2027-03-31,
500,1081,FS003,CI,C1,X,CO,800000,1AD0526MCS,50,20260521,2026-09-30,
500,1027,MDSLOL01,CP,C1, ,CO,                ,1AG0426GUR,67.5,20260429,2027-03-31,
500,9027,VHO2200081,CI,C1,X,CO,                ,1AE0623PK,75,20230616,2024-03-31,
500,9018,0035012740,JP,J1,X,CO,                ,197/11-12/15,82.8,05/06/20,,
500,1081,DCI00167AA,JI,J1,X,CO,4500000,1AC0625ULU,47,20250613,2026-03-31,
500,1079,FICCI02,JP,J1,X,CO,1AG0425ZLB,29930627,100,20250428,2026-03-31,
500,1081,NSKMP0121,JP,J1,X,CO,20000000,1NA0526XPB,45,20260521,2027-03-31,
500,1049,T0142,JI,J1,X,CO,                ,1AB0419KSA,40,20190426,2020-03-31,
500,1037,WAGONS27,JI,J1, ,OT,                ,1AD0721VDN,80,20210731,2022-03-31,
500,1081,SA1080,JI,J3,X,OT,110000000,1AD0526CVA,100,20260519,2027-03-31,
500,1027,PSS1022,LI,L1,X,CO,                ,1AA0825QGI,90,20250811,2026-03-31,
500,1024,24MAS1022,JI,  , ,CO,RS 213586,0218AS596F,75,20180504,2019-03-31,
500,1024,M1444,CP,  ,X,CO,AACCM7663A,MUM/ACIT(TDS)2-,100,20100427,2011-03-31,
500,1081,DIM01158AS,CI,C1,X,CO,"15,00,00,000",1AD0526PNS,87.5,20260525,2027-03-31,
500,1022,GJA0404801,CI,C1,X,CO,                ,1AB0619WVQ,60,20190703,2020-03-31,
500,1081,L01710B,CI,C1,X,CO,260298,1NA0626AVJ,25,20260601,2027-03-31,
500,9017,MAS9905,CI,C1,X,CO,                ,1AD0725FJB,62.5,20250731,2026-03-31,
500,1027,MAS9905,CI,C1,X,CO,                ,1AD0725FHV,62.5,20250731,2026-03-31,
500,1022,MHA0305301,CI,C1,X,CO,                ,1AA1019OWP,89,20191021,2020-03-31,
500,1081,NST002,CI,C1,X,CO,7850918,1AB0326MIN,95,20260401,2027-03-31,
500,9017,SHYAM2,CI,C1,X,CO,214500,0118BJ275D,75,20180523,2019-03-31,
500,1070,Y0059,CI,C1,X,CO,                ,1AA0623BXQ,100,20240609,2025-03-31,
500,1024,C0823A,JI,J1,X,CO,AADCB3842R,0116CD641A,70,20160629,2017-03-31,
500,1081,DIS00642AA,JI,J1,X,CO,17000000,1AD0426CLG,84,20260415,2027-03-31,
500,1081,DIT00384AA,JP,J1,X,CO,"18,40,000",4NA0626AAB4D060,50,20260601,2027-03-31,
500,1021,E5488,JI,J1,X,CO,                ,0617AR806J,65,20170705,2018-03-31,
500,1049,MAS9905,JI,J1,X,CO,194 J PROFESSION,1AA0623MDD,75,20240621,2025-03-31,
500,1038,MHA0059301,JI,J1,X,CO,                ,1AB0426GTA,95,20260407,2027-03-31,
500,9001,MS031,JI,J3,X,OT,                ,1AE0519XFM,100,20190521,2020-03-31,
500,9025,T0720,JI,J3,X,OT,AAATT1989P,1AD0526CWB,100,20260519,2027-03-31,
500,1022,B0126,CP,  ,X,CO,                ,1AC0419CLJ,55,20190612,2020-03-31,
500,1022,KLA0200801,CP,  ,X,CO,                ,1AA1119ROJ,95,20191210,2020-03-31,
500,1022,KTA0317201,JP,  ,X,CO,                ,1AB0819LFA,97.5,20190924,2020-03-31,
500,1081,DIG00431AD,CI,C1,X,CO,28600000,1AG0525IUZ,95,20250529,2026-03-31,
500,1037,E02186B,CI,C1,X,CO,                ,0218ER939J,37.5,20180919,2019-03-31,
500,9017,FAB01TN,CI,C1,X,CO,                ,1AD0524GUI,87.5,20240508,2025-03-31,
500,1079,FICCI02,CI,C1,X,CO,1AG0425ZKY,2736450409,100,20250428,2026-03-31,
500,1069,MAS9905,CP,C1,X,CO,                ,1AE0624HGW,62.5,20240621,2025-03-31,
500,1027,MAS1022,II,I1,X,CO,                ,1AD0426EKQ,92,20260416,2027-03-31,
500,1038,CIIPL18,JI,J1,X,CO,                ,4AD0526ABG,60,20260506,2027-03-31,
500,1081,DDD00371AA,JI,J1,X,CO,96739212,1NC0726NTN,87,20260717,2027-03-31,
500,1081,DIM00420AB,JI,J1,X,CO,11848236,1AD0725FIL,70,20250731,2026-03-31,
500,1022,MHA0084801,JI,J1,X,CO,                ,1AA0419RIP,60,20190826,2020-03-31,
500,9001,CANB0032,JI,J3,X,OT,                ,1AC0519GRC,100,20190510,2020-03-31,
500,1030,MFVD010,JP,J3,X,OT,                ,197/AACFD4815A,67.1,20110805,2012-03-30,
500,1054,GSSPL01,JI,  , ,CO,GSSPL01,1AA0321OGT,0.1,20210401,2022-03-31,
500,1022,MERCU1022,CP,  ,X,CO,                ,1AA0619EQP,90,20190610,2020-03-31,
500,1022,MHA0466001,CP,  ,X,CO,                ,1AD0519TVY,75,20190607,2020-03-31,
500,1022,MLL320A,CP,  ,X,OT,                ,1AI0519FWY,50,20190701,2020-03-31,
500,1022,MPA0297101,CP,  ,X,CO,                ,1AC0719JWM,70,20190807,2020-03-31,
500,1037,CF0019,CI,C1,X,CO,                ,1AD0621RAH,0.55,20210616,2022-03-31,
500,1079,DIM00420AB,CI,C1,X,CO,515282400,1AD0725FHY,62.5,20250731,2026-03-31,
500,1079,DIN00380AA,CI,C1,X,CO,10000000,4AB0426YFU4A241,92.5,20260409,2027-03-31,
500,1022,UPA0043701,CI,C1,X,CO,                ,1AA1019XLZ,87.5,20191202,2020-03-31,
500,1036,36MAS1022,II,I1,X,CO,                ,1AD0426EJO,92,20260416,2027-03-31,
500,1037,A00728,JI,J1,X,CO,                ,1AG0521OMC,75,20210531,2022-03-31,
500,1081,DII00167AB,JP,J1,X,CO,4500000,1AC0625ULU,47,20250613,2026-03-31,
500,1024,H00218,JI,J1,X,CO,AAACH9516M,0312DG1417F,90,20120920,2013-03-31,
500,1042,MAS9905,JI,J1,X,CO,                ,0218EA368I,64,20180731,2019-03-31,
500,1038,MHA0059301,JP,J1,X,CO,                ,1AB0426GTA,95,20260407,2027-03-31,
500,1037,P00607,JI,J1,X,CO,                ,1AH0522XXF,95.5,20220526,2023-03-31,
500,1058,QUESS1DEL,JI,J1,X,CO,                ,0418AC420E,98,20180419,2019-03-31,
500,1058,WEB1800021,JI,J1,X,CO,                ,0418AC420E,98,20180419,2019-03-31,
500,9025,DIE00207AD,JI,J3,X,OT,AAEFE1763C,4NA0626AIE4A315,40,20260625,2027-03-31,
500,1024,T0720,JP,  ,X,OT,AAATT1989P,0615FS539E,100,20150401,2016-03-31,
500,1022,TNA0318301,CP,  ,X,CO,                ,1AA1219FRB,100,20191212,2020-03-31,
500,1022,K10093,CI,C1,X,CO,                ,1AA1119IWF,99.5,20191118,2020-03-31,
500,1022,MHA0084801,CI,C1,X,CO,                ,1AA0419RIX,75,20190506,2020-03-31,
500,1069,MLDL009123,HI,H1,X,CO,                ,1AF0625HZD,99,20250630,2026-03-31,
500,1081,DNF00332AA,JI,J1,X,CO,3400000,1AA0426KMA,85,20260401,2027-03-31,
500,1081,ILS250322,JI,J1,X,CO,4274160,1AB0526EMB,65,20260511,2027-03-31,
500,1044,T00125,JP,J1,X,CO,                ,1AA0619UJW,50,20190610,2020-03-31,
500,1022,DLA0024101,CI,C1,X,CO,                ,1AD0519MPE,99.5,20190610,2020-03-31,
500,1067,GCM9780N,CI,C1,X,CO,                ,1AD0725FIU,62.5,20250731,2026-03-31,
500,1022,MHA0198001,CI,C1,X,CO,                ,1AA0519EIQ,65,20190509,2020-03-31,
500,1022,TLA0372201,CI,C4,X,OT,                ,1AA0619OMZ,24,20190706,2020-03-31,
500,1036,01MAS1022,II,I1,X,CO,                ,1AD0426EJO,92,20260423,2027-03-31,
500,9023,YMS100462,II,I1,X,CO,1ND0726GAF,1ND0726GAF,89,20260724,2027-03-31,
500,1023,MFCS004,II,I4,X,OT,                ,0211ES594B,100,20110112,2011-03-31,
500,1081,DIK00512AA,JI,J1,X,CO,20000000,1NA0526XPB,45,20260521,2027-03-31,
500,1022,CHA0024101,CP,  ,X,CO,                ,1AD0519MPE,99.5,20190610,2020-03-31,
500,1022,GJA0076801,CP,  ,X,CO,                ,1AA0719SOP,90,20190715,2020-03-31,
500,1022,MHA0052001,CP,  ,X,CO,                ,1AA0719SOP,90,20190715,2020-03-31,
500,1081,FLYJT105CH,CI,C1,X,CO,21867716,1NF0726FMJ,50,20260730,2027-03-31,
500,1022,GJA0061801,CI,C1,X,CO,                ,1AA0719SOP,90,20190715,2020-03-31,
500,1022,GJA01349A0,CI,C1,X,CO,                ,1AA1019HIS,50,20191017,2020-03-31,
500,1022,L0019,CI,C1,X,CO,                ,1AA0419VRT,80,20190430,2020-03-31,
500,1022,TNA0305901,CI,C1,X,CO,                ,1AC0519SDV,93.5,20190517,2020-03-31,
500,1067,UDS001,CI,C1,X,CO,                ,1AA0623JEH,75,20230601,2024-01-20,
500,1070,AGCCVJL362,CI,C3,X,OT,                ,194C(6) TRANSPORT,100,20250401,2026-03-31,
500,1081,DIT00166AA,CI,C4,X,OT,162000,1AE0625BOK,100,20250620,2026-03-31,
500,1069,MLDL004824,HI,H1,X,CO,                ,1AC0421QGA,80,20210426,2022-03-31,
500,1084,MAS1022,II,I1,X,CO,                ,1AC0724WDD,93.5,20240716,2025-03-31,
500,1067,SC5258F,II,I1,X,CO,                ,1AA0325HWA,99,20250401,2026-03-31,
500,1022,G00019,7I,IA,X,CO,                ,1AB0619WVR,60,20190703,2020-03-31,
500,1030,0035013708,JI,J1,X,CO,                ,0612BQ004A,90,20120206,2012-03-31,
500,1079,H00252,JI,J1,X,CO,63960000,1AA0726HLS,76.5,20260707,2027-03-31,
500,9025,AGHOE&Y01,JI,J3,X,OT,AAEFE1763C,4NA0626AIE4A315,40,20260625,2027-03-31,
500,1084,MI0031,JP,J3, ,OT,                ,1AA0221CRG,100,20210205,2021-03-31,
500,1037,MRVDO00351,JP,  , ,CO,                ,0218AY855J,49.7,20180510,2019-03-31,
500,1079,DIF00108AG,CI,C1,X,CO,4027553,1NF0726FMH,50,20260730,2027-03-31,
500,1079,DIL00192AB,CI,C1,X,CO,"2,94,56,153",1NA0626AVI,25,20260601,2027-03-31,
500,1081,DIM00398AQ,CI,C1,X,CO,3423983036,1AD0426EMP,60,20260416,2027-03-31,
500,9017,FAB01OD,CI,C1,X,CO,                ,1AD0524GUI,87.5,20240508,2025-03-31,
500,1037,L01710B,CI,C1,X,CO,                ,1AA0521TDZ,65,20210505,2022-03-31,
500,1022,UPA0024101,CI,C1,X,CO,                ,1AD0519MPE,99.5,20190610,2020-03-31,
500,1063,VNSK-03167,CI,C1,X,CO,                ,4AB0326XUO4A008,87.5,20260401,2027-03-31,
500,1022,WBA0216501,CI,C1,X,CO,                ,1AI0519HEB,50,20190611,2020-03-31,
500,1067,CSPLD101,CI,C4,X,CO,                ,1AE0422OHB,75,20220429,2023-03-31,
500,1081,CS0085,JI,J1,X,CO,17000000,1AD0426CLG,84,20260415,2027-03-31,
500,1081,DIX00023AC,JI,J1,X,CO,56525104,1AD0526NGJ,77.5,20260521,2027-03-31,
500,1084,MDT018,JI,J1,X,CO,                ,1AC0523PZM,50,20230512,2024-03-31,
500,1070,T0142,JI,J1,X,CO,                ,1AD0422KAO,50,20220401,2023-03-31,
500,1079,DCT00472AA,JI,J3,X,OT,110000000,1AD0526CVD,100,20260519,2027-03-31,
500,1027,SA1080,JI,J3,X,OT,                ,1AC0625RXZ,100,20250613,2026-03-31,
500,1037,E00195,JP,  , ,CO,                ,197/13-14/1,99.9,20130719,2014-03-31,
500,1038,A1820,CI,C1,X,CO,                ,0418AI398G,50,20180509,2019-03-31,
500,1037,F5156,CI,C1,X,CO,                ,2012-13/25,100,20130618,2014-03-31,
500,1022,HRA0024101,CI,C1,X,CO,                ,1AD0519MPE,99.5,20190610,2020-03-31,
500,1037,MAS1062,CI,C1,X,CO,                ,1AB0521OGL,50,20210507,2022-03-31,
500,1022,OSA0278601,CI,C1,X,CO,                ,1AC0619KEH,50,20190618,2020-03-31,
500,1030,0035012840,IP,I4,X,OT,                ,0610AK293H,100,20100719,2011-03-31,
500,1024,36MAS1022,JI,J1, ,CO,RS 213586,0218AS596F,75,20180504,2019-03-31,
500,9025,CLPL0764,JI,J1,X,CO,AALCA0748D,1AF0426DAF,75,20260423,2027-03-31,
500,1081,DIT00384AA,JI,J1,X,CO,"18,40,000",4NA0626AAB4D060,50,20260601,2027-03-31,
500,9023,VHO1700688,JI,J1,X,CO,                ,2017AB982E,5,20170803,2018-03-31,
500,9017,VQUESSTN1,JI,J1,X,CO,                ,197(1)/AABCI7601M/2021-22,95,20210401,2022-03-31,
500,1084,MI0031,JI,J3,X,OT,                ,1AA0221CRG,100,20210205,2021-03-31,
500,9023,E00030,JI,J5,X,CO,                ,1AA1219CHX,50,20191204,2020-03-31,
500,1022,DLA0181301,CP,  ,X,CO,                ,1AA0120MSG,50,20200313,2020-03-31,
500,9017,BAL038,CP,C1,X,CO,                ,1AB0422LQF,95,20220413,2203-03-31,
500,1066,MAS9905,CI,C1,X,CO,194C,1AD0725FHR,62.5,20250731,2026-03-31,
500,1048,MLDL007162,CP,C1, ,CO,                ,1AG0522YKR,75,20220524,2023-03-31,
500,1070,AGCCATC218,CI,C4,X,OT,                ,2023-2024,100,20230401,2024-03-31,
500,9017,A00531,II,I1,X,CO,21050000,0218CN153G,20,20180606,2019-03-31,
500,1037,I01253B,II,I1, ,CO,                ,1AE0720UOL,85,20200622,2021-03-31,
500,9018,0035012840,II,I4,X,OT,                ,0610AK293H,100,07/19/20,,
500,1037,G01513B,JP,  , ,CO,                ,0117AP486C,95,20170410,2018-03-31,
500,1022,I100053,CP,  ,X,CO,                ,1AB0719TUA,50,20190724,2020-03-31,
500,1037,MRVDS00078,CP,  ,X,CO,                ,0211FL378E,72,20110516,2012-03-31,
500,1022,S0846,CP,  ,X,CO,                ,1AI0519ALW,75,20190531,2020-03-31,
500,1022,0035050170,CI,C1,X,CO,                ,1AB0719MGE,40,20190720,2020-03-31,
500,9017,FABHOTEL01,CI,C1,X,CO,                ,1AD0524GUI,87.5,20240508,2025-03-31,
500,1024,LORDS01,CI,C1,X,CO,AACCL0108M,0218AT915G,65,20180504,2019-03-31,
500,1027,MDSLOL02,CI,C1,X,CO,                ,1AG0426GUR,67.5,20260429,2027-03-31,
500,1067,MFCWM0794N,CI,C1,X,CO,                ,4AG0426FWR4A005,50,20260429,2027-03-31,
500,1081,TCI025342B,CI,C1,X,CO,69190000,1AA0426SZQ,65,20260402,2027-03-31,
500,1065,A1820,JI,J1,X,CO,                ,0418AH931F,90,20180508,2019-03-31,
500,9025,DID00728AA,JI,J1,X,CO,AAKCD6353Q,1AB0326IBP,95,20260401,2027-03-31,
500,1043,MAS9905,JI,J1,X,CO,                ,1AC0719GGR,64,20190729,2020-06-30,
500,1022,0035050170,CP,  ,X,CO,                ,1AB0719MGE,40,20190720,2020-03-31,
500,1022,KTA0181301,CP,  ,X,CO,                ,1AA0120MSG,50,20200313,2020-03-31,
500,1022,MHA0026201,CP,  ,X,CO,                ,1AA1119ROJ,95,20191210,2020-03-31,
500,1022,MLL980,CP,  ,X,CO,                ,1AH0519YAU,40,20190530,2020-03-31,
500,1022,PNA0024101,CP,  ,X,CO,                ,1AD0519MPE,99.5,20190610,2020-03-31,
500,1024,24MAS1022,CI,C1,X,CO,RS 18766317,0218AS815J,48,20180504,2019-03-31,
500,1079,DIF00108AE,CI,C1,X,CO,4027553,1NF0726FMH,50,20260730,2027-03-31,
500,9025,DIS00006AA,CP,C1,X,CO,AABCS4372D,4AE0426OPC,2.5,20260422,2027-03-31,
500,1079,MAS1022,CI,C1,X,CO,1202274130,1AD0426EMO,60,20260416,2027-03-31,
500,1081,MAS1022A,CI,C1,X,CO,3423983036,1AD0426EMP,60,20260416,2027-03-31,
500,1067,MAS9905,CI,C1,X,CO,                ,1AD0725FIU,62.5,20250731,2026-03-31,
500,1022,Q1005,JI,J1,X,CO,                ,1AA0419FAG,100,20190816,2020-03-31,
500,1057,1730000361,JI,J3,X,OT,                ,1AC0522MMZ,55,20220512,2023-03-31,
500,1079,DIT00472AD,JI,J3,X,OT,110000000,1AD0526CVD,100,20260519,2027-03-31,
500,1079,FMUBSR01,JI,J3,X,OT,13181000000,1AB0325GFT,19.9,20250401,2026-03-31,
500,1044,N00421,JI,J5,X,CO,                ,INA0626YUQ,100,20260615,2027-03-31,
500,1024,09MAS1022,JI,  , ,CO,RS 213586,0218AS596F,75,20180504,2019-03-31,
500,1024,LORDS01,CP,  ,X,CO,AACCL0108M,0218AT915G,65,20180504,2019-03-31,
500,9017,CHECKMATE1,CI,C1,X,CO,                ,0918AB928H,50,20180828,2019-03-31,
500,1081,CLPL0563,CI,C1,X,CO,"1,00,000",4NA0726AGE4A194,12.5,20260715,2027-03-31,
500,1081,DIM01158AL,CI,C1,X,CO,"15,00,00,000",1AD0526PNS,87.5,20260525,2027-03-31,
500,1081,DIT00161AD,CI,C1,X,CO,69190000,1AA0426SZQ,65,20260402,2027-03-31,
500,1022,MLL420,CI,C1,X,CO,                ,1AI0519ALW,75,20190531,2020-03-31,
500,9023,WH11400129,CI,C1,X,CO,                ,1AC0519TWA,12.5,20190513,2020-03-31,
500,9023,WH11600057,CI,C1,X,OT,                ,0116BX791F,1.5,20160620,2017-03-31,
500,1047,MLDL006229,HI,H1,X,CO,                ,4AD0326FRD,75,20260401,2027-03-31,
500,1081,DNT00548AA,JI,J1,X,CO,13799000,1AF0426WOG,88,20260427,2027-03-31,
500,1037,GSSPL01,JI,J1,X,CO,                ,0117AP486C,95,20170410,2018-03-31,
500,1058,H00252,JI,J1,X,CO,                ,0318AH765H,80,20180402,2019-03-31,
500,9012,KCMET50002,JI,J1,X,CO,                ,0214XO403H,95.3,20140618,2015-03-31,
500,1042,MAS9905,JP,J1, ,CO,                ,0218EA368I,64,20180731,2019-03-31,
500,1079,SPSHAR2401,JI,J1,X,CO,20800000,1AD0526GQE,85,20260520,2027-03-31,
500,9025,DCT00472AB,JI,J3,X,OT,AAATT1989P,1AD0526CWB,100,20260519,2027-03-31,
500,9025,DIT00472AA,JP,J3,X,OT,AAATT1989P,1AD0526CWB,100,20260519,2027-03-31,
500,1069,MLDL000091,JI,J3,X,OT,                ,1AE0425CJW,100,20250415,2026-03-31,
500,1079,NSHAL0124,JI,J3,X,OT,"1,94,700",4NA0626AIZ4A854,40,20260629,2027-03-31,
500,1079,SA1080,JI,J3,X,OT,110000000,1AD0526CVD,100,20260519,2027-03-31,
500,9026,M144200169,LI,L1,X,CO,IMPORT,IMPORT,100,20220401,2023-03-31,
500,1022,DLA0262301,CP,  ,X,CO,                ,1AA0519CJG,62.5,20190503,2020-03-31,
500,1024,19MAS1022,CI,C1,X,CO,RS 18766317,0218AS815J,48,20180504,2019-03-31,
500,1024,29MAS1022,CI,C1,X,CO,RS 18766317,0218AS815J,48,20180504,2019-03-31,
500,1022,APA0305301,CI,C1,X,CO,                ,1AA1019OWP,89,20191021,2020-03-31,
500,1022,DGFCPL1022,CI,C1,X,CO,                ,1AB0719HET,77.5,20190808,2020-03-31,
500,1081,DNF00077AA,CI,C1,X,CO,800000,1AD0526MCS,50,20260521,2026-09-30,
500,1021,SE0004,CI,C1,X,CO,16027553.00,0217ES766F,60,20171120,2018-03-31,
500,9029,AWFIS01,II,I1,X,CO,                ,1AA0426OFD,99,20260401,2027-03-31,
500,1081,DCS00642AA,JI,J1,X,CO,17000000,1AD0426CLG,84,20260415,2027-03-31,
500,1070,G6599,JI,J1, ,CO,AADCG3694A,1AB0326FAV,97,20260401,2027-03-31,
500,1027,MDT018,JI,J1,X,CO,                ,1AC0523PZM,50,20230512,2024-03-31,
500,1022,P1698,JI,J1,X,CO,                ,1AB0819LFA,97.5,20190924,2020-03-31,
500,1024,29MAS1022,II,  , ,CO,RS 3850000,0218AS531C,75,20180504,2019-03-31,
500,1037,CI0505,CP,  ,X,OT,                ,6227/01-14,100,20140723,2015-03-31,
500,1022,GJA0061801,CP,  ,X,CO,                ,1AA0719SOP,90,20190715,2020-03-31,
500,1022,TLA0372201,CP,  ,X,OT,                ,1AA0619OMZ,24,20190706,2020-03-31,
500,1052,C122,CI,C1,X,CO,                ,0217EG234G,52,20170802,2018-03-31,
500,9025,CLPL0613,CI,C1,X,CO,AALCA0748D,1AF0426DAD,75,20260423,2027-03-31,
500,1081,DIM00398AI,CI,C1,X,CO,3423983036,1AD0426EMP,60,20260416,2027-03-31,
500,1081,DIS00698AA,CI,C1,X,CO,25000000,1AC0625VUO,75,20250613,2026-03-31,
500,1022,DLA0099201,CI,C1,X,CO,                ,1AB0719HET,77.5,20190808,2020-03-31,
500,1021,DLSIDI,CP,C1,X,CO,AACCA7791D,7,50,20200708,2021-03-31,
500,1044,KADART001,CI,C1,X,CO,                ,1AD0821HTY,99.9,20210830,2022-03-31,
500,9017,SHYAM2,CP,C1,X,CO,214500,0118BJ275D,75,20180523,2019-03-31,
500,1022,UTA0059901,CI,C1,X,CO,                ,1AA1219XVM,90,20200101,2020-03-31,
500,9025,CLPL0605,II,I1,X,CO,AALCA0748D,1AF0426DAE,75,20260423,2027-03-31,
500,1030,0035012489,JP,J1,X,CO,                ,197/AAICS5500L/,51,20110620,2012-03-31,
500,1079,DIA00493AA,JI,J1,X,CO,10000000.00,4AF0426WTO4A009,82.5,20260427,2027-03-31,
500,9017,QCLKL01,JI,J1,X,CO,                ,197(1)/AABCI7601M/2021-22,95,20210401,2022-03-31,
500,9025,DCE00207AA,JI,J3,X,OT,AAEFE1763C,4NA0626AIE4A315,40,20260625,2027-03-31,
500,1030,G8007,JP,J3,X,OT,                ,0611BF290G/8.7,80,20110805,2012-03-31,
500,1044,K00112,JI,J3,X,OT,                ,0215EX064A,93.4,20151120,2016-03-31,
500,1022,WBA0466001,CP,  ,X,CO,                ,1AD0519TVY,75,20190607,2020-03-31,
500,1037,RCD001,5I,54,X,CO,                ,0118BK839F,78,20211207,2022-03-31,
500,9017,AIRTEL01,CI,C1,X,CO,                ,1AB0422LQF,95,20220413,2023-03-31,
500,1081,DIF00077AA,CI,C1,X,CO,800000,1AD0526MCS,50,20260521,2026-09-30,
500,1081,DIM01158AW,CI,C1,X,CO,"15,00,00,000",1AD0526PNS,87.5,20260525,2027-03-31,
500,1022,MHA0031701,CI,C1,X,CO,                ,1AA0519AWI,65,20190502,2020-03-31,
500,1069,MLDL010494,CI,C1,X,CO,                ,1AD0525NZQ,99.5,20250514,2026-03-31,
500,1081,BAL041,JP,J1,X,CO,10734313,1AB0325RLQ,98,20250401,2026-03-31,
500,9025,DIA01154AE,JI,J1,X,CO,AALCA0748D,1AF0426DAF,75,20260423,2027-03-31,
500,1079,DNI00477AC,JI,J1,X,CO,2600000,1AD0526TWJ,35,20260526,2027-03-31,
500,1022,HRA0107801,JI,J1,X,CO,                ,1AA0419FAG,100,20190816,2020-03-31,
500,1027,IV0015,JI,J1,X,CO,AABCI8601B,1AF0622MRC,97.5,20221029,2023-03-31,
500,9001,NH0024,JI,J1,X,CO,                ,1AD0724JRR,96.5,20240723,2025-03-31,
500,1024,P1375,JI,J1,X,CO,AABCP0471C,21/2012 (197A),100,20121101,2013-03-31,
500,1024,19MAS1022,JI,  , ,CO,RS 213586,0218AS596F,75,20180504,2019-03-31,
500,1037,F5156,CP,  , ,CO,                ,2012-13/25,100,20130618,2014-03-31,
500,1022,MHA0084801,JP,  ,X,CO,                ,1AA0419RIP,60,20190826,2020-03-31,
500,1022,TNA0181301,CP,  ,X,CO,                ,1AA0120MSG,50,20200313,2020-03-31,
500,1081,DCM00420AA,CI,C1,X,CO,112621764,1AD0725FIM,62.5,20250731,2026-03-31,
500,1022,DLA0262301,CI,C1,X,CO,                ,1AA0519CJG,62.5,20190503,2020-03-31,
500,1022,GJA0181301,CI,C1,X,CO,                ,1AA0120MSG,50,20200313,2020-03-31,
500,1022,HRA0181301,CI,C1,X,CO,                ,1AA0120MSG,50,20200313,2020-03-31,
500,1070,J000011,CI,C1,X,CO,AAACJ0880G,1NC0626BVM,75,20260630,2027-03-31,
500,1037,MAS9905,CI,C1,X,CO,                ,1AA0722PDT,62.5,20220707,2023-03-31,
500,1070,AFCCRCS195,CI,C3,X,OT,                ,194C(6) TRANSPORT,100,20250401,2026-03-31,
500,1037,MAS9905,JI,J1, ,CO,                ,1AA0722PBY,75,20220707,2023-03-31,
500,9025,MFVE002,JI,J1,X,CO,                ,1AB0519JPK,45,20190506,2020-03-31,
500,1022,HRA0106001,CP,  ,X,OT,                ,1AI0519FWY,50,20190701,2020-03-31,
500,1022,Q1005,JP,  ,X,CO,                ,1AA0419FAG,100,20190816,2020-03-31,
500,1070,AGCCTCIF01,CI,C1,X,CO,                ,1AA0721GFW,0.8,20210702,2022-03-31,
500,1022,D0113H,CI,C1,X,CO,                ,1AB0719HET,77.5,20190808,2020-03-31,
500,9025,DIA01154AC,CI,C1,X,CO,AALCA0748D,1AF0426DAD,75,20260423,2027-03-31,
500,1027,MLDL261,CP,C1, ,CO,AABCM4781A,1AA0422OEW,100,20220411,2023-03-31,
500,1022,UPA0048201,CI,C1,X,CO,                ,1AD0519CON,55,20190522,2020-03-31,
500,9025,CLPL0613,II,I1,X,CO,AALCA0748D,1AF0426DAE,75,20260423,2027-03-31,
500,1027,CASSA6416,8I,IA,X,CO,                ,1AG0426KHB,90,20260429,2027-03-31,
500,1022,I0225,JI,J1,X,CO,                ,1AA0120BPV,100,20200106,2020-03-31,
500,1027,V123,JI,J1,X,CO,                ,1AB0326TOD,6,20260412,2027-03-31,
500,9027,VCDT0296,JI,J1,X,CO,                ,1AC0522LLO,80,20220512,2023-03-31,
500,1024,A1820,JI,  ,X,CO,AABCG3636Q,0413CT479J,92.5,20130823,2014-03-31,
500,1022,MHA0020701,CP,  ,X,CO,                ,1AA0419RIX,75,20190506,2020-03-31,
500,1022,MHA0201001,CP,  ,X,CO,                ,1AB0719MGE,40,20190720,2020-03-31,
500,1079,DNL00192AA,CI,C1,X,CO,"2,94,56,153",1NA0626AVI,25,20260601,2027-03-31,
500,1084,MAS9905,CI,C1,X,CO,                ,1AE0624HGP,62.5,20240621,2025-03-31,
500,1049,MAS9905,CI,C1,X,CO,                ,1AE0624HGI,62.5,20240621,2025-03-31,
500,1021,CT0012A,JI,J1,X,CO,                ,123,80,20200401,2020-06-30,
500,1048,GJA0319201,JI,J1,X,CO,                ,1AC0721RGY,55,20210722,2022-03-31,
500,1070,MAS9905,JI,J1,X,CO,                ,1AD0725FIZ,70,20250731,2026-03-31,
500,1079,DIE00207AB,JI,J3,X,OT,"5,00,00,000",4NA0626AIE4C526,40,20260625,2027-03-31,
500,1022,ASA0024101,CP,  ,X,CO,                ,1AD0519MPE,99.5,20190610,2020-03-31,
500,1022,RJA0062001,8P,  ,X,CO,                ,1AB0519WMY,90,20190513,2020-03-31,
500,1022,WBA0212201,CP,  ,X,CO,                ,1AA0719ZGM,87.5,20190719,2020-03-31,
500,1022,ASA0553701,CI,C1,X,CO,                ,1AD0519TVY,75,20190607,2020-03-31,
500,1022,JHA0466001,CI,C1,X,CO,                ,1AD0519TVY,75,20190607,2020-03-31,
500,1022,MPA0024101,CI,C1,X,CO,                ,1AD0519MPE,99.5,20190610,2020-03-31,
500,1022,TNA0144101,CI,C4,X,OT,                ,1AE0519ZOF,100,20190523,2020-03-31,
500,1023,MFVTBSS01,II,I4,X,OT,                ,0211GB951G,100,20110518,2012-03-31,
500,1065,DSA63048,JP,J1, ,CO,AABCG3636Q,0418AH931F,90,20180508,2019-03-31,
500,9018,T080,JI,J1,X,CO,                ,1AC0523SFQ,50,20230512,2024-03-31,
500,9025,CLPL0655,JP,J5,X,CO,AADCE5018Q,1NE0726NGI,50,20260727,2027-03-31,
500,1027,SSG0000879,LI,L1,X,CO,AABCT1296R,1AC0325NNN,0.01,20250401,2026-03-31,
500,1024,32MAS1022,JI,  , ,CO,RS 213586,0218AS596F,75,20180504,2019-03-31,
500,1022,M5834,CP,  ,X,CO,                ,1AA0519CJG,62.5,20190503,2020-03-31,
500,1022,MLL665,CP,  ,X,CO,                ,1AA0719SOP,90,20190715,2020-03-31,
500,1022,RJA0077001,8P,  ,X,CO,                ,1AB0519WMY,90,20190513,2020-03-31,
500,1070,AGCCDFS329,CI,C1,X,CO,                ,1AB0525SCX,95,20250507,2026-03-31,
500,1070,MAS9905GJ,CI,C1,X,CO,                ,1AD0725FIZ,62.5,20250731,2026-03-31,
500,1022,MHA0059901,CI,C1,X,CO,                ,1AA1219XVM,90,20200101,2020-03-31,
500,1022,MLL910,CI,C1,X,CO,                ,1AB0819MJP,45,20191011,2020-03-31,
500,1022,WBA0203701,CI,C1,X,CO,                ,1AC0419CLJ,55,20190612,2020-03-31,
500,1068,ONE,CI,C4,X,CO,VENDOR,1AC0620QIT,100,20201201,2030-03-31,
500,1022,C470,HI,H1,X,CO,                ,1AB0819RJS,40,20190905,2020-03-31,
500,1022,MHA0396801,HI,H1,X,CO,                ,1AB0819RJS,40,20190905,2020-03-31,
500,1036,29MAS1022,II,I1,X,CO,                ,1AD0426EJO,92,20260423,2027-03-31,
500,1081,MRVDO00351,JI,J1,X,CO,"18,40,000",4NA0626AAB4D060,50,20260601,2027-03-31,
500,1022,PNA0107801,JI,J1,X,CO,                ,1AA0419FAG,100,20190816,2020-03-31,
500,1024,DELOPUNE,JI,J3,X,OT,AABFD7919A,1118AS153F,45,20181011,2019-03-31,
500,9026,DSS63107,JI,J3,X,OT,1AF0525RKS,1AF0525RKS,100,20250903,2026-03-31,
500,9026,M144209958,JI,J3,X,OT,1AC0625SVX,1AC0625SVX,100,20250613,2026-03-31,
500,1069,MLDL000091,JP,J3,X,OT,                ,1AE0425CJW,100,20250415,2026-03-31,
500,1024,32MAS1022,II,  , ,CO,RS 3850000,0218AS531C,75,20180504,2019-03-31,
500,1022,P1698,JP,  ,X,CO,                ,1AB0819LFA,97.5,20190924,2020-03-31,
500,9025,CLPL0764,CI,C1,X,CO,AALCA0748D,1AF0426DAD,75,20260423,2027-03-31,
500,1079,DII00181AA,CI,C1,X,CO,31189000,1ND0726EUX,25,20260724,2027-03-31,
500,1081,MAS9905,CP,C1, ,CO,112621764,1AD0725FIM,62.5,20250731,2026-03-31,
500,1046,MDVI01,CI,C1,X,CO,                ,1AA0919AAX,37.5,20190902,2020-03-31,
500,1047,MLDL002149,CI,C1,X,CO,                ,0116CH994J,62.5,20160801,2016-12-31,
500,1022,OKAY1022,CI,C1,X,CO,                ,1AC0619NNB,62.5,20190621,2020-03-31,
500,1022,T00076,CI,C1,X,CO,                ,1AA0519AWI,65,20190502,2020-03-31,
500,1022,GJA01347A0,7I,IA,X,CO,                ,1AB0619WVR,60,20190703,2020-03-31,
500,1021,CT0012A,JP,J1, ,CO,                ,123,80,20200401,2020-06-30,
500,1024,D0623,JI,J3,X,OT,AABFD7919A,1118AS153F,45,20181011,2019-03-31,
500,1079,DIE00207AA,JI,J3,X,OT,"5,00,00,000",4NA0626AIE4C526,40,20260625,2027-03-31,
500,1022,DLA0331701,CP,  ,X,CO,                ,1AB0719TUA,50,20190724,2020-03-31,
500,9017,CA0078,CI,C1,X,CO,100000,0215BF331I,99,20150429,2016-03-31,
500,1022,RJA0012501,CI,C1,X,CO,                ,1AA0519YVI,100,20190506,2020-03-31,
500,9023,SDC2000004,CI,C1,X,CO,                ,1AC0424DZU,94.5,20240412,2025-03-31,
500,1021,SE0004,CP,C1,X,CO,16027553.00,0217ES766F,60,20171120,2018-03-31,
500,9023,YMS100336,II,I1,X,CO,1ND0726GAF,1ND0726GAF,89,20260724,2027-03-31,
500,1030,0035011908,JP,J1, ,CO,                ,197/AAACR7606L,99.5,20100819,2011-03-31,
500,1081,DCQ00013AA,JI,J1,X,CO,3500000,1AD0426MDK,59.5,20260417,2027-03-31,
500,1081,DIX00023AA,JI,J1,X,CO,56525104,1AD0526NGJ,77.5,20260521,2027-03-31,
500,1081,DNS00681AA,JI,J1,X,CO,14030000,1NC0626BQR,90,20260630,2027-03-31,
500,1037,L00169,JI,J1,X,CO,                ,1AD0519WDH,70,20190616,2020-03-31,
500,9033,PSPL020724,JI,J1,X,CO,                ,4AB0326DTA,80,20260401,2027-03-31,
500,1063,VNSK04583,LI,L1,X,CO,                ,1AC0525ESB,90,20250509,2026-03-31,
500,1022,MLL420,CP,  ,X,CO,                ,1AI0519ALW,75,20190531,2020-03-31,
500,1037,S00312B,JI,  ,X,CO,                ,0414DW737E,100,20140627,2015-03-31,
500,1022,UTA0059901,CP,  ,X,CO,                ,1AA1219XVM,90,20200101,2020-03-31,
500,1022,ASA0466001,CI,C1,X,CO,                ,1AD0519TVY,75,20190607,2020-03-31,
500,1084,MAS1022,CI,C1,X,CO,                ,1AC0724WDC,67.5,20240716,2025-03-31,
500,1079,MAS1022A,CI,C1,X,CO,1202274130,1AD0426EMO,60,20260416,2027-03-31,
500,1070,AGCCMOBI01,JI,J1,X,CO,                ,1AB0625JII,98,20250606,2026-03-31,
500,1081,DIB00155AN,JI,J1,X,CO,10734313,1AB0325RLQ,98,20250401,2026-03-31,
500,1022,RJA0059901,CP,  ,X,CO,                ,1AA1219XVM,90,20200101,2020-03-31,
500,1027,CO0153,CI,C1,X,CO,                ,1AG0426GUR,67.5,20260429,2027-03-31,
500,1081,DIF00108AB,CI,C1,X,CO,21867716,1NF0726FMJ,50,20260730,2027-03-31,
500,1081,HMLL2017,CI,C1,X,CO,3423983036,1AD0426EMP,60,20260416,2027-03-31,
500,1022,KLA0156901,CI,C1,X,CO,                ,1AA0120MSG,50,20200313,2020-03-31,
500,1070,AGCCEWR173,CI,C3,X,OT,                ,1AG0426BSB,30,20260428,2027-03-31,
500,9018,35050AT,CI,C4,X,OT,1AC0723OKF,1AC0723OKF,85,20230725,2024-03-31,
500,1081,DIQ00013AA,JI,J1,X,CO,3500000,1AD0426MDK,59.5,20260417,2027-03-31,
500,1079,I00365,JI,J1,X,CO,7200000,1ND0726EZO,70,20260724,2027-03-31,
500,9018,PD00103,JI,J3,X,OT,                ,197/AACFD4815A/19,59,20161018,2017-03-31,