Company_Code,Vendor_Number,Vendor_Name,Vendor_PAN,Clearing_Date,Clearing_Document,Assignment_Number,Fiscal_Year,Document_Number,Line_Item,Reference_Document_Number,Reference_Fiscal_Year,Reference_Line_Item,Posting_Date,Document_Date,Currency_Key,Reference_Document,Document_Type,Debit_Credit,Local_Amount,Document_Amount,Line_Item_Text,GL_Account,special_gl_transaction_type,special_gl_indicator,Baseline_Date_For_Payment,Payment_Terms,Withholding_Tax_Base_Amount,Withholding_Tax_Amount,withholding_tax_type,withholding_tax_code,wtax_rate,tax_base_percentage,tds_rate,official_withholding_tax_key,tds_description
1001,DIM00398AJ,MAHINDRA LOGISTICS LIMITED,27AAFCM2530H1ZO,2026-02-11,2610576617,3400839037,2026,3191045266,001,,0000,000,2026-02-06,2026-01-15,INR,262701704536,RE,H,-94825.8,-94825.8,On Site Mnapower -JBM-AUG-25,0016080001,,,2026-02-06,C005,80910,0,CI,C1,0.0,100,2,194C,Cont. Cos - 2%-New Sec-393(1)6(i)
1001,DIM00398AJ,MAHINDRA LOGISTICS LIMITED,27AAFCM2530H1ZO,2026-01-28,2610552226,,2026,2610552226,001,,0000,000,2026-01-28,2026-01-28,INR,,KZ,S,1926324.87,1926324.87,,0016080001,,,2026-01-28,,1643627.85,0,,,,,,,
1001,DIM00398AJ,MAHINDRA LOGISTICS LIMITED,27AAFCM2530H1ZO,2026-02-11,2610576617,,2026,2610576617,001,,0000,000,2026-02-11,2026-02-11,INR,,KZ,S,1802610.78,1802610.78,,0016080001,,,2026-02-11,,1538071,0,,,,,,,
1001,DIM00398AJ,MAHINDRA LOGISTICS LIMITED,27AAFCM2530H1ZO,2026-01-30,2610559461,3400838899,2026,3190795102,001,,0000,000,2026-01-30,2025-12-05,INR,262701585157,RE,H,-1101725.5,-1101725.5,MATHADI-OCT-25,0016080001,,,2026-01-30,C005,940039.4,7521,JI,J1,0.0,100,10,94JB,Prof. Serv. Fees@10%-CONS393(1)6(iii)(b)
1001,DIM00398AJ,MAHINDRA LOGISTICS LIMITED,27AAFCM2530H1ZO,2025-11-19,2610449708,3400815227,2026,3188447703,001,,0000,000,2025-11-18,2025-09-10,INR,262701362713,RE,H,-90572,-90572,CLMS-AUG-25,0016060001,,,2025-11-18,C005,77280.42,619,,,,,,,
1001,DIM00398AJ,MAHINDRA LOGISTICS LIMITED,27AAFCM2530H1ZO,2026-03-11,2610619349,3400822467,2026,3192143431,001,,0000,000,2026-03-09,2026-02-11,INR,262701779907,RE,H,-115765.73,-115765.73,CLMS-JAN-26,0016080001,,,2026-03-09,C005,98776.89,791,,,,,,,
1001,DIM00398AJ,MAHINDRA LOGISTICS LIMITED,27AAFCM2530H1ZO,2026-03-30,2610650006,3400848807,2026,3192752214,001,,0000,000,2026-03-26,2025-12-31,INR,262701652741,RE,H,-2968812.03,-2968812.03,Inbound fixed Management fees,0016080001,,,2026-03-26,C005,2533116.13,20265,,,,,,,
1001,DIM00398AJ,MAHINDRA LOGISTICS LIMITED,27AAFCM2530H1ZO,2026-03-01,2251084472,MLL,2026,2251084472,003,,0000,000,2026-03-01,2026-02-28,INR,MLL2,JR,S,6050065.45,6050065.45,ASB GRIR FEB 2026,0016080001,,,2026-02-28,D017,0,0,,,,,,,
1001,DIM00398AJ,MAHINDRA LOGISTICS LIMITED,27AAFCM2530H1ZO,2025-09-17,2610357679,3400812933,2026,3185982857,001,,0000,000,2025-09-16,2025-08-29,INR,262701338081,RE,H,-12281.22,-12281.22,Fixed staff & GMI-July-25,0016080001,,,2025-09-16,C005,10479,84,CI,C1,0.0,100,2,194C,Cont. Cos - 2%-New Sec-393(1)6(i)
1001,DIM00398AJ,MAHINDRA LOGISTICS LIMITED,27AAFCM2530H1ZO,2025-09-17,2610357679,3400813118,2026,3185984775,001,,0000,000,2025-09-16,2024-08-19,INR,252701258327,RE,H,-7325,-7325,Manpower Line feeding-Apr-24,0016080001,,,2025-09-16,C005,6250,50,CI,C1,0.0,100,2,194C,Cont. Cos - 2%-New Sec-393(1)6(i)
1001,DIM00398AJ,MAHINDRA LOGISTICS LIMITED,27AAFCM2530H1ZO,2026-01-30,2610559461,,2026,2610559461,001,,0000,000,2026-01-30,2026-01-30,INR,,KZ,S,7531823.18,7531823.18,,0016080001,,,2026-01-30,,6426472.18,0,,,,,,,
1001,DIM00398AJ,MAHINDRA LOGISTICS LIMITED,27AAFCM2530H1ZO,2026-03-01,2251084464,MLL,2026,2251084464,003,,0000,000,2026-03-01,2026-02-28,INR,MLL1,JR,S,49569861.26,49569861.26,ASB GRIR FEB 2026,0016080001,,,2026-02-28,D017,0,0,,,,,,,
1001,DIM00398AJ,MAHINDRA LOGISTICS LIMITED,27AAFCM2530H1ZO,2026-01-20,2610544798,3400817840,2026,3190447152,001,,0000,000,2026-01-20,2025-07-23,INR,262701251843,RE,H,-123881.18,-123881.18,Fixed Staff & GMI-JUN-25,0016080001,,,2026-01-20,C005,105701,846,CI,C1,0.0,100,2,194C,Cont. Cos - 2%-New Sec-393(1)6(i)
1001,DIM00398AJ,MAHINDRA LOGISTICS LIMITED,27AAFCM2530H1ZO,2025-09-30,2610379567,3400816098,2026,3186383811,001,,0000,000,2025-09-27,2025-04-19,INR,262701042874,RE,H,-600645.05,-600645.05,Warehouse  M&M 255K Warehouse Electricity & Solar,0016080001,,,2025-09-27,C005,512495.81,4100,CI,C1,0.0,100,2,194C,Cont. Cos - 2%-New Sec-393(1)6(i)
1001,DIM00398AJ,MAHINDRA LOGISTICS LIMITED,27AAFCM2530H1ZO,2025-09-01,2250427224,MLL,2026,2250427224,003,,0000,000,2025-09-01,2025-08-31,INR,MLL4,JR,S,301556.08,301556.08,ASB GRIR AUG 25,0016080001,,,2025-08-31,D017,0,0,,,,,,,
1001,DIM00398AJ,MAHINDRA LOGISTICS LIMITED,27AAFCM2530H1ZO,2026-02-01,2250970476,GRIR JAN'26,2026,2250970476,001,,0000,000,2026-02-01,2026-01-31,INR,GRIR_11,JR,S,4869872.33,4869872.33,GRIR JAN'2026,0016080001,,,2026-01-31,D017,0,0,,,,,,,
1001,DIM00398AJ,MAHINDRA LOGISTICS LIMITED,27AAFCM2530H1ZO,2026-03-30,2610650006,3400848807,2026,3192752220,001,,0000,000,2026-03-26,2026-02-28,INR,262701829323,RE,H,-2799733.4,-2799733.4,Inbound fixed Management fees,0016080001,,,2026-03-26,C005,2388851.18,19111,,,,,,,
1001,DIM00398AJ,MAHINDRA LOGISTICS LIMITED,27AAFCM2530H1ZO,2026-02-21,2610576604,,2026,2610576604,001,,0000,000,2026-02-21,2026-02-21,INR,,KZ,H,-1802610.78,-1802610.78,,0016080001,,,2026-02-21,,1538071,0,,,,,,,
1001,DIM00398AJ,MAHINDRA LOGISTICS LIMITED,27AAFCM2530H1ZO,2025-09-17,2610357679,3400813118,2026,3185982852,001,,0000,000,2025-09-16,2025-04-19,INR,262701042690,RE,H,-195265.62,-195265.62,Line feeding manpower's -Mar-25,0016080001,,,2025-09-16,C005,166609,1333,CI,C1,0.0,100,2,194C,Cont. Cos - 2%-New Sec-393(1)6(i)
1001,DIM00398AJ,MAHINDRA LOGISTICS LIMITED,27AAFCM2530H1ZO,2025-09-01,2250427209,MLL,2026,2250427209,003,,0000,000,2025-09-01,2025-08-31,INR,MLL2,JR,S,1812199.16,1812199.16,ASB GRIR AUG 25,0016080001,,,2025-08-31,D017,0,0,,,,,,,
1001,DIM00398AJ,MAHINDRA LOGISTICS LIMITED,27AAFCM2530H1ZO,2026-01-06,2610523537,3400830585,2026,3189955110,001,,0000,000,2026-01-05,2025-10-31,INR,262701478479,RE,H,-9129.2,-9129.2,MLL FTC-12JPH PAINT SHOP-Inventory-DEC-24,0016080001,,,2026-01-05,C005,7790,63,CI,C1,0.0,100,2,194C,Cont. Cos - 2%-New Sec-393(1)6(i)
1001,DIM00398AJ,MAHINDRA LOGISTICS LIMITED,27AAFCM2530H1ZO,2025-12-01,4999647254,Recon ASB Nov25,2026,4999647254,001,,0000,000,2025-12-01,2025-11-30,INR,RECON NOV25_61,TP,S,12962,12962,Recon ASB Nov25,0016080001,,,2025-11-30,D017,0,0,,,,,,,
1001,DIM00398AJ,MAHINDRA LOGISTICS LIMITED,27AAFCM2530H1ZO,2025-10-15,2610399394,,2026,3187365696,001,,0000,000,2025-10-15,2025-07-14,INR,262701234242,RE,H,-249728.22,-249728.22,EXPORT Container Charges- Jun-25,0016080001,,,2025-10-15,C005,213079,1705,CI,C1,0.0,100,2,194C,Cont. Cos - 2%-New Sec-393(1)6(i)
1001,DIM00398AJ,MAHINDRA LOGISTICS LIMITED,27AAFCM2530H1ZO,2025-10-15,2610399394,3400814055,2026,3187365696,001,,0000,000,2025-10-15,2025-07-14,INR,262701234242,RE,H,-249728.22,-249728.22,EXPORT Container Charges- Jun-25,0016080001,,,2025-10-15,C005,213079,1705,CI,C1,0.0,100,2,194C,Cont. Cos - 2%-New Sec-393(1)6(i)
1001,DIM00398AJ,MAHINDRA LOGISTICS LIMITED,27AAFCM2530H1ZO,2025-10-08,2610387907,3400817243,2026,3187058439,001,,0000,000,2025-10-07,2025-07-23,INR,262701252794,RE,H,-5916034.53,-5916034.53,M&M 135K Warehouse Service charges for May-25,0016080001,,,2025-10-07,C005,5047811.47,40383,CI,C1,0.0,100,2,194C,Cont. Cos - 2%-New Sec-393(1)6(i)
1001,DIM00398AJ,MAHINDRA LOGISTICS LIMITED,27AAFCM2530H1ZO,2026-03-11,2610619349,3400843980,2026,3192143421,001,,0000,000,2026-03-09,2026-02-11,INR,262701779887,RE,H,-10095882.12,-10095882.12,CLMS-JAN-26,0016080001,,,2026-03-09,C005,8614234,68914,,,,,,,
1001,DIM00398AJ,MAHINDRA LOGISTICS LIMITED,27AAFCM2530H1ZO,2025-12-01,2250735932,MLL,2026,2250735932,003,,0000,000,2025-12-01,2025-11-30,INR,MIL1,JR,S,2300301.44,2300301.44,ASB GRIR NOV 25,0016080001,,,2025-11-30,D017,0,0,,,,,,,
1001,DIM00398AJ,MAHINDRA LOGISTICS LIMITED,27AAFCM2530H1ZO,2025-11-19,2610449708,3400821555,2026,3188217414,001,,0000,000,2025-11-12,2025-06-17,INR,262701173665,RE,H,-205801.82,-205801.82,Export Container charges -Mar-25,0016080001,,,2025-11-12,C005,175599,1405,CI,C1,0.0,100,2,194C,Cont. Cos - 2%-New Sec-393(1)6(i)
1001,DIM00398AJ,MAHINDRA LOGISTICS LIMITED,27AAFCM2530H1ZO,2025-12-26,2610510217,3400830587,2026,3189709993,001,,0000,000,2025-12-24,2025-06-26,INR,262701194611,RE,H,-134068.92,-134068.92,CLMS-MAY-25,0016080001,,,2025-12-24,C005,114394,916,CI,C1,0.0,100,2,194C,Cont. Cos - 2%-New Sec-393(1)6(i)
1001,DIM00398AJ,MAHINDRA LOGISTICS LIMITED,27AAFCM2530H1ZO,2025-11-19,2610449708,3400815227,2026,3188447736,001,,0000,000,2025-11-18,2025-09-11,INR,262701369925,RE,H,-423956,-423956,CLMS-AUG-25,0016060001,,,2025-11-18,C005,361737.16,2894,,,,,,,
1001,DIM00398AJ,MAHINDRA LOGISTICS LIMITED,27AAFCM2530H1ZO,2025-10-15,2610399394,3400814055,2026,3187154200,001,,0000,000,2025-10-09,2025-07-14,INR,262701234241,RE,H,-164263.26,-164263.26,Export Container & RORO Driver chgs May'25,0016080001,,,2025-10-09,C005,140157,1122,CI,C1,0.0,100,2,194C,Cont. Cos - 2%-New Sec-393(1)6(i)
1001,DIM00398AJ,MAHINDRA LOGISTICS LIMITED,27AAFCM2530H1ZO,2025-09-30,2610379567,3400816098,2026,3186383836,001,,0000,000,2025-09-27,2025-04-19,INR,262701042873,RE,H,-82424.59,-82424.59,Warehouse  M&M 265K Consumables Charges for Mar'25,0016080001,,,2025-09-27,C005,70328.47,563,CI,C1,0.0,100,2,194C,Cont. Cos - 2%-New Sec-393(1)6(i)
1001,DIM00398AJ,MAHINDRA LOGISTICS LIMITED,27AAFCM2530H1ZO,2026-03-11,2610619349,3400843853,2026,3191978170,001,,0000,000,2026-03-04,2026-02-11,INR,262701779267,RE,H,-423077.84,-423077.84,PRE-OUTBOUND ACTIVITY DEC 25,0016080001,,,2026-03-04,C005,360988,2888,,,,,,,
1001,DIM00398AJ,MAHINDRA LOGISTICS LIMITED,27AAFCM2530H1ZO,2025-10-31,2610424824,3400821555,2026,3187783686,001,,0000,000,2025-10-30,2025-02-10,INR,252701619752,RE,H,-429987.12,-429987.12,Export Container Supplement  Charges-Jan-23 to Mar,0016080001,,,2025-10-30,C005,366884,2936,CI,C1,0.0,100,2,194C,Cont. Cos - 2%-New Sec-393(1)6(i)
1001,DIM00398AJ,MAHINDRA LOGISTICS LIMITED,27AAFCM2530H1ZO,2025-12-16,2610493773,3400828704,2026,3189266068,001,,0000,000,2025-12-11,2025-10-08,INR,262701427680,RE,H,-69187.12,-69187.12,CLMS-SEPT-25,0016080001,,,2025-12-11,C005,59034,473,CI,C1,0.0,100,2,194C,Cont. Cos - 2%-New Sec-393(1)6(i)
1001,DIM00398AJ,MAHINDRA LOGISTICS LIMITED,27AAFCM2530H1ZO,2025-09-17,2610357679,3400813118,2026,3185982849,001,,0000,000,2025-09-16,2025-04-19,INR,262701042703,RE,H,-106693.48,-106693.48,Line feeding manpower's -Mar-25,0016080001,,,2025-09-16,C005,91036,729,CI,C1,0.0,100,2,194C,Cont. Cos - 2%-New Sec-393(1)6(i)
1001,DIM00398AJ,MAHINDRA LOGISTICS LIMITED,27AAFCM2530H1ZO,2025-12-26,2610510217,3400830587,2026,3189709996,001,,0000,000,2025-12-24,2025-06-26,INR,262701194598,RE,H,-4923.18,-4923.18,CLMS-MAY-25,0016080001,,,2025-12-24,C005,4201,34,CI,C1,0.0,100,2,194C,Cont. Cos - 2%-New Sec-393(1)6(i)
1001,DIM00398AJ,MAHINDRA LOGISTICS LIMITED,27AAFCM2530H1ZO,2026-01-20,2610544798,3400835857,2026,3190447141,001,,0000,000,2026-01-20,2025-09-10,INR,262701361263,RE,H,-126045.64,-126045.64,Fixed Staff & GMI-AUG-25,0016080001,,,2026-01-20,C005,107548,861,CI,C1,0.0,100,2,194C,Cont. Cos - 2%-New Sec-393(1)6(i)
1001,DIM00398AJ,MAHINDRA LOGISTICS LIMITED,27AAFCM2530H1ZO,2025-12-03,2610474283,,2026,2610474283,001,,0000,000,2025-12-03,2025-12-03,INR,,KZ,S,392901,392901,,0016060001,,,2025-12-03,,335244,0,,,,,,,
1001,DIM00398AJ,MAHINDRA LOGISTICS LIMITED,27AAFCM2530H1ZO,2026-04-08,2610109229,3400825626,2026,3192938337,001,,0000,000,2026-03-31,2025-07-29,INR,262701268492,RE,H,-244797.53,-244797.53,Warehouse  Rent,0016080001,,,2026-03-31,C005,208871.63,1671,,,,,,,
1001,DIM00398AJ,MAHINDRA LOGISTICS LIMITED,27AAFCM2530H1ZO,2025-09-01,2250427222,MLL,2026,2250427222,003,,0000,000,2025-09-01,2025-08-31,INR,MLL3,JR,S,1762432.66,1762432.66,ASB GRIR AUG 25,0016080001,,,2025-08-31,D017,0,0,,,,,,,
1001,DIM00398AJ,MAHINDRA LOGISTICS LIMITED,27AAFCM2530H1ZO,2025-08-05,2610294877,3400804084,2026,3184486217,001,,0000,000,2025-07-31,2025-06-26,INR,262701194587,RE,H,-128217.94,-128217.94,SLF Fixed Staff & GMI,0016080001,,,2025-07-31,C005,110533,2211,CI,C1,0.0,100,2,194C,Cont. Cos - 2%-New Sec-393(1)6(i)
1001,DIM00398AJ,MAHINDRA LOGISTICS LIMITED,27AAFCM2530H1ZO,2025-10-29,2610416792,3400820079,2026,3187702420,001,,0000,000,2025-10-28,2025-06-17,INR,262701170855,RE,H,-200461.74,-200461.74,MLL Export Outbound-APR-25,0016080001,,,2025-10-28,C005,171043,1369,CI,C1,0.0,100,2,194C,Cont. Cos - 2%-New Sec-393(1)6(i)
1001,DIM00398AJ,MAHINDRA LOGISTICS LIMITED,27AAFCM2530H1ZO,2025-08-29,2610330274,,2026,2610330274,001,,0000,000,2025-08-29,2025-08-29,INR,,KZ,S,32410441.52,32410441.52,,0016080001,,,2025-08-29,,27940064,0,,,,,,,
1001,DIM00398AJ,MAHINDRA LOGISTICS LIMITED,27AAFCM2530H1ZO,2025-09-30,2610379567,3400816098,2026,3186383801,001,,0000,000,2025-09-27,2025-04-19,INR,262701042878,RE,H,-5937408.29,-5937408.29,Warehouse M&M 135K Warehouse Service charges for M,0016080001,,,2025-09-27,C005,5066048.55,40529,CI,C1,0.0,100,2,194C,Cont. Cos - 2%-New Sec-393(1)6(i)
1001,DIM00398AJ,MAHINDRA LOGISTICS LIMITED,27AAFCM2530H1ZO,2025-10-15,2610399394,,2026,2610399394,001,,0000,000,2025-10-15,2025-10-15,INR,,KZ,S,661689.94,661689.94,,0016080001,,,2025-10-15,,564583,0,,,,,,,
1001,DIM00398AJ,MAHINDRA LOGISTICS LIMITED,27AAFCM2530H1ZO,2025-12-16,2610493773,3400821555,2026,3189401751,001,,0000,000,2025-12-15,2025-11-08,INR,262701504052,RE,H,-31935.82,-31935.82,CLMS-OCT-25,0016080001,,,2025-12-15,C005,27249,218,CI,C1,0.0,100,2,194C,Cont. Cos - 2%-New Sec-393(1)6(i)
1001,DIM00398AJ,MAHINDRA LOGISTICS LIMITED,27AAFCM2530H1ZO,2026-03-01,2251084501,GRIR FEB 26,2026,2251084501,001,,0000,000,2026-03-01,2026-02-28,INR,GRIR_12,JR,S,5282573.38,5282573.38,GRIR FEB 2026,0016080001,,,2026-02-28,D017,0,0,,,,,,,
1001,DIM00398AJ,MAHINDRA LOGISTICS LIMITED,27AAFCM2530H1ZO,2025-08-05,2610294877,,2026,2610294877,001,,0000,000,2025-08-05,2025-08-05,INR,,KZ,S,97114315.85,97114315.85,,0016080001,,,2025-08-05,,83719332.07,0,,,,,,,
1001,DIM00398AJ,MAHINDRA LOGISTICS LIMITED,27AAFCM2530H1ZO,2026-02-11,2610576617,3400840785,2026,3191170426,001,,0000,000,2026-02-10,2026-01-15,INR,262701704521,RE,H,-139268.4,-139268.4,CLMS-DEC-25,0016080001,,,2026-02-10,C005,118830,0,CI,C1,0.0,100,2,194C,Cont. Cos - 2%-New Sec-393(1)6(i)
1001,DIM00398AJ,MAHINDRA LOGISTICS LIMITED,27AAFCM2530H1ZO,2026-03-30,2610650006,3400848807,2026,3192752027,001,,0000,000,2026-03-26,2026-02-28,INR,262701829327,RE,H,-58458.87,-58458.87,Inbound fixed Management fees,0016080001,,,2026-03-26,C005,49880.39,400,,,,,,,
1001,DIM00398AJ,MAHINDRA LOGISTICS LIMITED,27AAFCM2530H1ZO,2026-03-30,2610650006,3400848807,2026,3192752204,001,,0000,000,2026-03-26,2026-02-28,INR,262701829319,RE,H,-2799733.4,-2799733.4,Inbound fixed Management fees,0016080001,,,2026-03-26,C005,2388851.18,19111,,,,,,,
1001,DIM00398AJ,MAHINDRA LOGISTICS LIMITED,27AAFCM2530H1ZO,2025-11-19,2610449708,3400815227,2026,3188447712,001,,0000,000,2025-11-18,2025-09-10,INR,262701362750,RE,H,-195071,-195071,CLMS-AUG-25,0016060001,,,2025-11-18,C005,166443.08,1332,,,,,,,
1001,DIM00398AJ,MAHINDRA LOGISTICS LIMITED,27AAFCM2530H1ZO,2026-03-30,2610650006,3400848807,2026,3192752189,001,,0000,000,2026-03-26,2025-10-31,INR,262701477694,RE,H,-1122306.97,-1122306.97,Inbound fixed Management fees,0016080001,,,2026-03-26,C005,957599.97,7661,,,,,,,
1001,DIM00398AJ,MAHINDRA LOGISTICS LIMITED,27AAFCM2530H1ZO,2026-01-13,2610534589,3400833249,2026,3190135287,001,,0000,000,2026-01-10,2025-08-24,INR,262701329857,RE,H,-126372.86,-126372.86,Fixed Staff & GMI-July-25,0016080001,,,2026-01-10,C005,107827,863,CI,C1,0.0,100,2,194C,Cont. Cos - 2%-New Sec-393(1)6(i)
1001,DIM00398AJ,MAHINDRA LOGISTICS LIMITED,27AAFCM2530H1ZO,2025-11-06,2610429893,3400821930,2026,3187908174,001,,0000,000,2025-11-03,2025-05-12,INR,262701090970,RE,H,-16237.9,-16237.9,MLL-OT-MAR-25,0016080001,,,2025-11-03,C005,13855,111,CI,C1,0.0,100,2,194C,Cont. Cos - 2%-New Sec-393(1)6(i)
1001,DIM00398AJ,MAHINDRA LOGISTICS LIMITED,27AAFCM2530H1ZO,2026-03-11,2610619349,3400843851,2026,3191978201,001,,0000,000,2026-03-04,2025-12-24,INR,262701640684,RE,H,-340004.08,-340004.08,PRE-PUTBOUND ACTIVITY OCT 25,0016080001,,,2026-03-04,C005,290106,2321,,,,,,,
1001,DIM00398AJ,MAHINDRA LOGISTICS LIMITED,27AAFCM2530H1ZO,2025-12-26,2610510217,3400826393,2026,3189710018,001,,0000,000,2025-12-24,2025-11-08,INR,262701504096,RE,H,-4624683.68,-4624683.68,Fixed Staff  & GMI-OCT-25,0016080001,,,2025-12-24,C005,3945976,31568,CI,C1,0.0,100,2,194C,Cont. Cos - 2%-New Sec-393(1)6(i)
1001,DIM00398AJ,MAHINDRA LOGISTICS LIMITED,27AAFCM2530H1ZO,2025-09-30,2610379567,3400816107,2026,3186758755,001,,0000,000,2025-09-29,2025-09-10,INR,262701362795,RE,H,-293068.62,-293068.62,MT-VE-AUG-25,0016080001,,,2025-09-29,C005,250059,2001,CI,C1,0.0,100,2,194C,Cont. Cos - 2%-New Sec-393(1)6(i)
1001,DIM00398AJ,MAHINDRA LOGISTICS LIMITED,27AAFCM2530H1ZO,2026-02-11,2610576617,3400822467,2026,3191139221,001,,0000,000,2026-02-09,2025-12-11,INR,262701601018,RE,H,-242031.16,-242031.16,CLMS-NOV-25,0016080001,,,2026-02-09,C005,206512,0,CI,C1,0.0,100,2,194C,Cont. Cos - 2%-New Sec-393(1)6(i)
1001,DIM00398AJ,MAHINDRA LOGISTICS LIMITED,27AAFCM2530H1ZO,2025-11-01,4999427718,MLL,2026,4999427718,003,,0000,000,2025-11-01,2025-10-31,INR,MLL-1,TP,S,57339518.16,57339518.16,ASB GRIR OCT 25,0016080001,,,2025-10-31,D017,0,0,,,,,,,
1001,DIM00398AJ,MAHINDRA LOGISTICS LIMITED,27AAFCM2530H1ZO,2026-01-13,2610534589,3400831158,2026,3190184655,001,,0000,000,2026-01-12,2025-11-08,INR,262701427682,RE,H,-105751.76,-105751.76,CLMS-SEPT-25,0016080001,,,2026-01-12,C005,90232,722,CI,C1,0.0,100,2,194C,Cont. Cos - 2%-New Sec-393(1)6(i)
1001,DIM00398AJ,MAHINDRA LOGISTICS LIMITED,27AAFCM2530H1ZO,2025-09-30,2610379567,3400816107,2026,3186754283,001,,0000,000,2025-09-29,2025-09-10,INR,262701361264,RE,H,-102774.56,-102774.56,MT-VE-AUG-25,0016080001,,,2025-09-29,C005,87692,702,CI,C1,0.0,100,2,194C,Cont. Cos - 2%-New Sec-393(1)6(i)
1001,DIM00398AJ,MAHINDRA LOGISTICS LIMITED,27AAFCM2530H1ZO,2026-01-30,2610559461,3400838899,2026,3190795044,001,,0000,000,2026-01-30,2025-12-25,INR,262701644726,RE,H,-1128265.6,-1128265.6,MATHADI -NOV-25,0016080001,,,2026-01-30,C005,962684.4,7702,JI,J1,0.0,100,10,94JB,Prof. Serv. Fees@10%-CONS393(1)6(iii)(b)
1001,DIM00398AJ,MAHINDRA LOGISTICS LIMITED,27AAFCM2530H1ZO,2025-11-25,2610461394,3400822975,2026,3188601556,001,,0000,000,2025-11-22,2025-10-16,INR,262701452457,RE,H,-340060.9,-340060.9,PREOUTBOUND ACTIVITY SEP 25,0016080001,,,2025-11-22,C005,290155,2322,CI,C1,0.0,100,2,194C,Cont. Cos - 2%-New Sec-393(1)6(i)
1001,DIM00398AJ,MAHINDRA LOGISTICS LIMITED,27AAFCM2530H1ZO,2026-04-08,2610109229,3400846892,2026,3192939117,001,,0000,000,2026-03-31,2026-02-24,INR,262701819783,RE,H,-431209.86,-431209.86,PRE OUTBOUND ACTIVITY JAN 26,0016080001,,,2026-03-31,C005,367927,2944,,,,,,,
1001,DIM00398AJ,MAHINDRA LOGISTICS LIMITED,27AAFCM2530H1ZO,2026-02-11,2610576617,3400830585,2026,3191045089,001,,0000,000,2026-02-06,2025-10-17,INR,262701453295,RE,H,-105586.38,-105586.38,On Site Mnapower -JBM-SEPT-25,0016080001,,,2026-02-06,C005,90091,0,CI,C1,0.0,100,2,194C,Cont. Cos - 2%-New Sec-393(1)6(i)
1001,DIM00398AJ,MAHINDRA LOGISTICS LIMITED,27AAFCM2530H1ZO,2026-03-04,2610607203,,2026,2610607203,001,,0000,000,2026-03-04,2026-03-04,INR,,KZ,S,38632084.01,38632084.01,,0016080001,,,2026-03-04,,32962594.93,0,,,,,,,
1001,DIM00398AJ,MAHINDRA LOGISTICS LIMITED,27AAFCM2530H1ZO,2026-04-08,2610109229,3400825626,2026,3192938435,001,,0000,000,2026-03-31,2025-07-29,INR,262701268516,RE,H,-263693.71,-263693.71,Warehouse  Rent,0016080001,,,2026-03-31,C005,224994.67,1800,,,,,,,
1001,DIM00398AJ,MAHINDRA LOGISTICS LIMITED,27AAFCM2530H1ZO,2025-12-16,2610493773,3400806722,2026,3189266073,001,,0000,000,2025-12-11,2025-11-08,INR,262701504046,RE,H,-70258.64,-70258.64,CLMS-OCT-25,0016080001,,,2025-12-11,C005,59948,480,CI,C1,0.0,100,2,194C,Cont. Cos - 2%-New Sec-393(1)6(i)
1001,DIM00398AJ,MAHINDRA LOGISTICS LIMITED,27AAFCM2530H1ZO,2026-03-20,2610635314,6500012935,2026,3192401074,001,,0000,000,2026-03-16,2026-03-11,INR,262701861471,RE,H,-1040107.52,-1040107.52,Charges for Professional Fees-hire & service,0016080001,,,2026-03-16,C005,887464,0,,,,,,,
1001,DIM00398AJ,MAHINDRA LOGISTICS LIMITED,27AAFCM2530H1ZO,2026-03-18,2610627904,6500012935,2026,3192401074,001,,0000,000,2026-03-16,2026-03-11,INR,262701861471,RE,H,-1040107.52,-1040107.52,Charges for Professional Fees-hire & service,0016080001,,,2026-03-16,C005,887464,7100,,,,,,,
1001,DIM00398AJ,MAHINDRA LOGISTICS LIMITED,27AAFCM2530H1ZO,2025-10-08,2610387907,3400817243,2026,3187058438,001,,0000,000,2025-10-07,2025-07-23,INR,262701252787,RE,H,-11121687.03,-11121687.03,M&M 265K Warehouse service charges -May-25,0016080001,,,2025-10-07,C005,9489494.09,75916,CI,C1,0.0,100,2,194C,Cont. Cos - 2%-New Sec-393(1)6(i)
1001,DIM00398AJ,MAHINDRA LOGISTICS LIMITED,27AAFCM2530H1ZO,2025-08-05,2610294877,3400804084,2026,3184486219,001,,0000,000,2025-07-31,2025-06-26,INR,262701194561,RE,H,-984121.58,-984121.58,SLF Fixed Staff & GMI,0016080001,,,2025-07-31,C005,848381,16968,CI,C1,0.0,100,2,194C,Cont. Cos - 2%-New Sec-393(1)6(i)
1001,DIM00398AJ,MAHINDRA LOGISTICS LIMITED,27AAFCM2530H1ZO,2025-08-05,2610294877,3400804084,2026,3184486216,001,,0000,000,2025-07-31,2025-06-26,INR,262701194556,RE,H,-266069.78,-266069.78,SLF Fixed Staff & GMI,0016080001,,,2025-07-31,C005,229371,4588,CI,C1,0.0,100,2,194C,Cont. Cos - 2%-New Sec-393(1)6(i)
1001,DIM00398AJ,MAHINDRA LOGISTICS LIMITED,27AAFCM2530H1ZO,2025-10-08,2610387907,3400817243,2026,3187058437,001,,0000,000,2025-10-07,2025-07-23,INR,262701252792,RE,H,-11121687.03,-11121687.03,M&M 265K Warehouse service charges -Jun-25,0016080001,,,2025-10-07,C005,9489494.09,75916,CI,C1,0.0,100,2,194C,Cont. Cos - 2%-New Sec-393(1)6(i)
1001,DIM00398AJ,MAHINDRA LOGISTICS LIMITED,27AAFCM2530H1ZO,2025-08-07,2610298286,,2026,2610298286,001,,0000,000,2025-08-07,2025-08-07,INR,,KZ,S,43489760.92,43489760.92,,0016080001,,,2025-08-07,,37491194,0,,,,,,,
1001,DIM00398AJ,MAHINDRA LOGISTICS LIMITED,27AAFCM2530H1ZO,2026-01-30,2610559461,3400838899,2026,3190795339,001,,0000,000,2026-01-30,2025-12-31,INR,262701652744,RE,H,-3817044.03,-3817044.03,F26 Fixed Fees-Nov25,0016080001,,,2026-01-30,C005,3256863.59,26055,JI,J1,0.0,100,10,94JB,Prof. Serv. Fees@10%-CONS393(1)6(iii)(b)
1001,DIM00398AJ,MAHINDRA LOGISTICS LIMITED,27AAFCM2530H1ZO,2025-12-10,2610482611,3400818474,2026,3189187084,001,,0000,000,2025-12-09,2025-11-08,INR,262701504043,RE,H,-21194.15,-21194.15,CLMS-OCT-25,0016080001,,,2025-12-09,C005,18084.03,145,CI,C1,0.0,100,2,194C,Cont. Cos - 2%-New Sec-393(1)6(i)
1001,DIM00398AJ,MAHINDRA LOGISTICS LIMITED,27AAFCM2530H1ZO,2026-01-20,2610544798,3400835857,2026,3190447148,001,,0000,000,2026-01-20,2025-09-10,INR,262701362779,RE,H,-1385025.34,-1385025.34,CLMS-AUG-25,0016080001,,,2026-01-20,C005,1181763,9455,CI,C1,0.0,100,2,194C,Cont. Cos - 2%-New Sec-393(1)6(i)
1001,DIM00398AJ,MAHINDRA LOGISTICS LIMITED,27AAFCM2530H1ZO,2026-01-30,2610559461,3400838899,2026,3190795073,001,,0000,000,2026-01-30,2025-12-19,INR,262701626034,RE,H,-1484788.05,-1484788.05,Chakan Cross Dock Cost Sheet Aug25,0016080001,,,2026-01-30,C005,1266884.79,10136,JI,J1,0.0,100,10,94JB,Prof. Serv. Fees@10%-CONS393(1)6(iii)(b)
1001,DIM00398AJ,MAHINDRA LOGISTICS LIMITED,27AAFCM2530H1ZO,2025-11-19,2610449708,3400815227,2026,3188447730,001,,0000,000,2025-11-18,2025-09-10,INR,262701362757,RE,H,-5852821,-5852821,CLMS-AUG-25,0016060001,,,2025-11-18,C005,4993875.32,39952,,,,,,,
1001,DIM00398AJ,MAHINDRA LOGISTICS LIMITED,27AAFCM2530H1ZO,2025-11-19,2610449708,,2026,2610449708,002,,0000,000,2025-11-19,2025-11-19,INR,,KZ,S,1599283.42,1599283.42,,0016080001,,,2025-11-19,,1364580.02,0,,,,,,,
1001,DIM00398AJ,MAHINDRA LOGISTICS LIMITED,27AAFCM2530H1ZO,2026-03-01,2251084489,MLL,2026,2251084489,003,,0000,000,2026-03-01,2026-02-28,INR,MLL5,JR,S,399912.62,399912.62,,0016080001,,,2026-02-28,D017,0,0,,,,,,,
1001,DIM00398AJ,MAHINDRA LOGISTICS LIMITED,27AAFCM2530H1ZO,2026-02-14,2610565369,,2026,2610564938,001,,0000,000,2026-02-14,2026-02-14,INR,,KZ,S,83045828.42,83045828.42,,0016080001,,,2026-02-14,,70858266.46,0,,,,,,,
1001,DIM00398AJ,MAHINDRA LOGISTICS LIMITED,27AAFCM2530H1ZO,2025-09-17,2610357679,3400813118,2026,3185982853,001,,0000,000,2025-09-16,2025-04-19,INR,262701042707,RE,H,-73124.92,-73124.92,Line feeding manpower's -Mar-25,0016080001,,,2025-09-16,C005,62394,500,CI,C1,0.0,100,2,194C,Cont. Cos - 2%-New Sec-393(1)6(i)
1001,DIM00398AJ,MAHINDRA LOGISTICS LIMITED,27AAFCM2530H1ZO,2025-11-19,2610449708,3400821555,2026,3188217405,001,,0000,000,2025-11-12,2025-05-06,INR,262701079439,RE,H,-160659.76,-160659.76,Export Container charges -Apr-24,0016080001,,,2025-11-12,C005,137082,1097,CI,C1,0.0,100,2,194C,Cont. Cos - 2%-New Sec-393(1)6(i)
1001,DIM00398AJ,MAHINDRA LOGISTICS LIMITED,27AAFCM2530H1ZO,2025-11-06,2610429893,3400821555,2026,3187908163,001,,0000,000,2025-11-03,2025-06-17,INR,262701170853,RE,H,-244369.26,-244369.26,Export Container Charges -FEB-25,0016080001,,,2025-11-03,C005,208507,1669,CI,C1,0.0,100,2,194C,Cont. Cos - 2%-New Sec-393(1)6(i)
1001,DIM00398AJ,MAHINDRA LOGISTICS LIMITED,27AAFCM2530H1ZO,2026-02-01,2250970430,MLL,2026,2250970430,003,,0000,000,2026-02-01,2026-01-31,INR,MIL2,JR,S,275138.04,275138.04,ASB GRIR JAN 26,0016080001,,,2026-01-31,D017,0,0,,,,,,,
1001,DIM00398AJ,MAHINDRA LOGISTICS LIMITED,27AAFCM2530H1ZO,2025-11-06,2610429893,3400821555,2026,3187908161,001,,0000,000,2025-11-03,2025-06-17,INR,262701170852,RE,H,-249767.16,-249767.16,Export Container Charges -JAN-25,0016080001,,,2025-11-03,C005,213112,1705,CI,C1,0.0,100,2,194C,Cont. Cos - 2%-New Sec-393(1)6(i)
1001,DIM00398AJ,MAHINDRA LOGISTICS LIMITED,27AAFCM2530H1ZO,2026-01-30,2610560777,,2026,2610560777,002,,0000,000,2026-01-30,2026-01-30,INR,,KZ,S,5799921.61,5799921.61,,0016080001,,,2026-01-30,,4948738.65,0,,,,,,,
1001,DIM00398AJ,MAHINDRA LOGISTICS LIMITED,27AAFCM2530H1ZO,2025-10-08,2610387907,,2026,2610387907,001,,0000,000,2025-10-08,2025-10-08,INR,,KZ,S,53124901.46,53124901.46,,0016080001,,,2025-10-08,,45328425.8,0,,,,,,,
1001,DIM00398AJ,MAHINDRA LOGISTICS LIMITED,27AAFCM2530H1ZO,2026-01-13,2610534589,3400835720,2026,3190184661,001,,0000,000,2026-01-12,2025-11-08,INR,262701504049,RE,H,-4844.12,-4844.12,CLMS-OCT-25,0016080001,,,2026-01-12,C005,4134,34,CI,C1,0.0,100,2,194C,Cont. Cos - 2%-New Sec-393(1)6(i)
1001,DIM00398AJ,MAHINDRA LOGISTICS LIMITED,27AAFCM2530H1ZO,2025-11-19,2610449708,3400824513,2026,3188449340,001,,0000,000,2025-11-18,2025-10-08,INR,262701427608,RE,H,-102722.64,-102722.64,Fixed Staff & GMl-Sept-25,0016080001,,,2025-11-18,C005,87648,702,CI,C1,0.0,100,2,194C,Cont. Cos - 2%-New Sec-393(1)6(i)
1001,DIM00398AJ,MAHINDRA LOGISTICS LIMITED,27AAFCM2530H1ZO,2025-10-01,4998906924,MLL,2026,4998906924,003,,0000,000,2025-10-01,2025-09-30,INR,MLL-1,TP,S,657628.14,657628.14,ASB GRIR SEP 25,0016080001,,,2025-09-30,D017,0,0,,,,,,,
1001,DIM00398AJ,MAHINDRA LOGISTICS LIMITED,27AAFCM2530H1ZO,2025-12-03,2610474283,,2026,2610474283,002,,0000,000,2025-12-03,2025-12-03,INR,,KZ,S,39703291.98,39703291.98,,0016080001,,,2025-12-03,,33876561,0,,,,,,,
1001,DIM00398AJ,MAHINDRA LOGISTICS LIMITED,27AAFCM2530H1ZO,2025-11-01,4999427720,MLL,2026,4999427720,003,,0000,000,2025-11-01,2025-10-31,INR,MLL-5,TP,S,26375289.2,26375289.2,ASB GRIR OCT 25,0016080001,,,2025-10-31,D017,0,0,,,,,,,
1001,DIM00398AJ,MAHINDRA LOGISTICS LIMITED,27AAFCM2530H1ZO,2025-12-26,2610510217,3400830369,2026,3189709982,001,,0000,000,2025-12-24,2025-11-08,INR,262701504042,RE,H,-6424.76,-6424.76,CLMS-OCT-25,0016080001,,,2025-12-24,C005,5482,44,CI,C1,0.0,100,2,194C,Cont. Cos - 2%-New Sec-393(1)6(i)
1001,DIM00398AJ,MAHINDRA LOGISTICS LIMITED,27AAFCM2530H1ZO,2025-12-26,2610510217,3400830532,2026,3189710010,001,,0000,000,2025-12-24,2025-10-08,INR,262701427678,RE,H,-32706.26,-32706.26,CLMS-SEPT-25,0016080001,,,2025-12-24,C005,27907,224,CI,C1,0.0,100,2,194C,Cont. Cos - 2%-New Sec-393(1)6(i)
1001,DIM00398AJ,MAHINDRA LOGISTICS LIMITED,27AAFCM2530H1ZO,2026-02-11,2610576617,3400830585,2026,3191045130,001,,0000,000,2026-02-06,2025-09-10,INR,262701362793,RE,H,-106940.28,-106940.28,On Site Mnapower -JBM-AUG-25,0016080001,,,2026-02-06,C005,91246,0,CI,C1,0.0,100,2,194C,Cont. Cos - 2%-New Sec-393(1)6(i)
1001,DIM00398AJ,MAHINDRA LOGISTICS LIMITED,27AAFCM2530H1ZO,2025-09-17,2610357679,,2026,2610357679,001,,0000,000,2025-09-17,2025-09-17,INR,,KZ,S,32910613.09,32910613.09,,0016080001,,,2025-09-17,,28080765.33,0,,,,,,,
1001,DIM00398AJ,MAHINDRA LOGISTICS LIMITED,27AAFCM2530H1ZO,2026-02-11,2610576617,3400830585,2026,3191045078,001,,0000,000,2026-02-06,2025-08-24,INR,262701329958,RE,H,-108192.7,-108192.7,On Site Mnapower -JBM-JUL-25,0016080001,,,2026-02-06,C005,92315,0,CI,C1,0.0,100,2,194C,Cont. Cos - 2%-New Sec-393(1)6(i)
1001,DIM00398AJ,MAHINDRA LOGISTICS LIMITED,27AAFCM2530H1ZO,2025-11-19,2610449708,3400820079,2026,3188217402,001,,0000,000,2025-11-12,2025-10-15,INR,262701450257,RE,H,-281495.12,-281495.12,Export Container charges -Aug-25,0016080001,,,2025-11-12,C005,240184,1922,CI,C1,0.0,100,2,194C,Cont. Cos - 2%-New Sec-393(1)6(i)
1001,DIM00398AJ,MAHINDRA LOGISTICS LIMITED,27AAFCM2530H1ZO,2025-11-06,2610429893,,2026,2610429893,001,,0000,000,2025-11-06,2025-11-06,INR,,KZ,S,50943770.8,50943770.8,,0016080001,,,2025-11-06,,43467410,0,,,,,,,
1001,DIM00398AJ,MAHINDRA LOGISTICS LIMITED,27AAFCM2530H1ZO,2026-01-20,2610544798,,2026,2610544798,001,,0000,000,2026-01-20,2026-01-20,INR,,KZ,S,2325105.58,2325105.58,,0016080001,,,2026-01-20,,1983881,0,,,,,,,
1001,DIM00398AJ,MAHINDRA LOGISTICS LIMITED,27AAFCM2530H1ZO,2026-01-06,2610523537,3400826330,2026,3189954581,001,,0000,000,2026-01-05,2025-08-18,INR,262701312816,RE,H,-607249.76,-607249.76,Driver Shifting Charges -July-25,0016080001,,,2026-01-05,C005,518132,4146,CI,C1,0.0,100,2,194C,Cont. Cos - 2%-New Sec-393(1)6(i)
1001,DIM00398AJ,MAHINDRA LOGISTICS LIMITED,27AAFCM2530H1ZO,2025-09-30,2610379567,3400816098,2026,3186383781,001,,0000,000,2025-09-27,2025-04-19,INR,262701042879,RE,H,-169599.8,-169599.8,Warehouse  M&M 135K WH Electricity Charges for Mar,0016080001,,,2025-09-27,C005,144710,1158,CI,C1,0.0,100,2,194C,Cont. Cos - 2%-New Sec-393(1)6(i)
1001,DIM00398AJ,MAHINDRA LOGISTICS LIMITED,27AAFCM2530H1ZO,2026-02-11,2610576617,3400840719,2026,3191139233,001,,0000,000,2026-02-09,2026-01-15,INR,262701704527,RE,H,-31919.3,-31919.3,CLMS-DEC-25,0016080001,,,2026-02-09,C005,27235,0,CI,C1,0.0,100,2,194C,Cont. Cos - 2%-New Sec-393(1)6(i)
1001,DIM00398AJ,MAHINDRA LOGISTICS LIMITED,27AAFCM2530H1ZO,2025-09-30,2610379567,3400816098,2026,3186383828,001,,0000,000,2025-09-27,2025-04-19,INR,262701042875,RE,H,-11121687.03,-11121687.03,Warehouse  M&M 255K Warehouse 5ervice charges for,0016080001,,,2025-09-27,C005,9489494.09,75916,CI,C1,0.0,100,2,194C,Cont. Cos - 2%-New Sec-393(1)6(i)
1001,DIM00398AJ,MAHINDRA LOGISTICS LIMITED,27AAFCM2530H1ZO,2026-02-25,2610596420,,2026,2610596420,001,,0000,000,2026-02-25,2026-02-25,INR,,KZ,S,37000.78,37000.78,,0016080001,,,2026-02-25,,31571,0,,,,,,,
1001,DIM00398AJ,MAHINDRA LOGISTICS LIMITED,27AAFCM2530H1ZO,2026-03-25,2610639832,3400847895,2026,3192568583,001,,0000,000,2026-03-21,2026-02-11,INR,262701779917,RE,H,-36557.74,-36557.74,CLMS-JAN-26,0016080001,,,2026-03-21,C005,31193,250,,,,,,,
1001,DIM00398AJ,MAHINDRA LOGISTICS LIMITED,27AAFCM2530H1ZO,2026-03-11,2610619349,3400843980,2026,3192143434,001,,0000,000,2026-03-09,2026-02-11,INR,262701779842,RE,H,-6668814.7,-6668814.7,CLMS-JAN-26,0016080001,,,2026-03-09,C005,5690115,45521,,,,,,,
1001,DIM00398AJ,MAHINDRA LOGISTICS LIMITED,27AAFCM2530H1ZO,2026-01-13,2610534589,,2026,2610534589,001,,0000,000,2026-01-13,2026-01-13,INR,,KZ,S,3702303.82,3702303.82,,0016080001,,,2026-01-13,,3158966.8,0,,,,,,,
1001,DIM00398AJ,MAHINDRA LOGISTICS LIMITED,27AAFCM2530H1ZO,2025-11-28,2610466596,,2026,2610466596,001,,0000,000,2025-11-28,2025-11-28,INR,,KZ,S,25408065.74,25408065.74,,0016080001,,,2025-11-28,,21679243,0,,,,,,,
1001,DIM00398AJ,MAHINDRA LOGISTICS LIMITED,27AAFCM2530H1ZO,2025-09-17,2610357679,3400810666,2026,3185949406,001,,0000,000,2025-09-15,2025-04-19,INR,262701042644,RE,H,-126723.07,-126723.07,MTBD Project-MAR-25,0016080001,,,2025-09-15,C005,108126.33,866,CI,C1,0.0,100,2,194C,Cont. Cos - 2%-New Sec-393(1)6(i)
1001,DIM00398AJ,MAHINDRA LOGISTICS LIMITED,27AAFCM2530H1ZO,2025-12-26,2610510217,3400813341,2026,3189710028,001,,0000,000,2025-12-24,2025-11-08,INR,262701504035,RE,H,-31495.14,-31495.14,CLMS-OCT-25,0016080001,,,2025-12-24,C005,26873,215,CI,C1,0.0,100,2,194C,Cont. Cos - 2%-New Sec-393(1)6(i)
1001,DIM00398AJ,MAHINDRA LOGISTICS LIMITED,27AAFCM2530H1ZO,2026-01-01,2250830120,GRIR DEC'25,2026,2250830120,001,,0000,000,2026-01-01,2025-12-31,INR,GRIR DEC'2025,JR,S,5366275.55,5366275.55,GRIR DEC'2025,0016080001,,,2025-12-31,D017,0,0,,,,,,,
1001,DIM00398AJ,MAHINDRA LOGISTICS LIMITED,27AAFCM2530H1ZO,2025-10-01,4998906923,MLL,2026,4998906923,003,,0000,000,2025-10-01,2025-09-30,INR,MLL,TP,S,56326293.22,56326293.22,ASB GRIR SEP 25,0016080001,,,2025-09-30,D017,0,0,,,,,,,
1001,DIM00398AJ,MAHINDRA LOGISTICS LIMITED,27AAFCM2530H1ZO,2026-01-13,2610534589,3400835720,2026,3190184527,001,,0000,000,2026-01-12,2025-11-08,INR,262701504047,RE,H,-31495.14,-31495.14,Oth Employment & labour supply services,0016080001,,,2026-01-12,C005,26873,215,CI,C1,0.0,100,2,194C,Cont. Cos - 2%-New Sec-393(1)6(i)
1001,DIM00398AJ,MAHINDRA LOGISTICS LIMITED,27AAFCM2530H1ZO,2025-08-05,2610294877,3400804084,2026,3184486212,001,,0000,000,2025-07-31,2025-06-26,INR,262701194560,RE,H,-180716.2,-180716.2,SLF Fixed Staff & GMI,0016080001,,,2025-07-31,C005,155790,3116,CI,C1,0.0,100,2,194C,Cont. Cos - 2%-New Sec-393(1)6(i)
1001,DIM00398AJ,MAHINDRA LOGISTICS LIMITED,27AAFCM2530H1ZO,2025-12-16,2610493773,3400824513,2026,3189266061,001,,0000,000,2025-12-11,2025-10-08,INR,262701427697,RE,H,-284946.22,-284946.22,CLMS-SEPT-25,0016080001,,,2025-12-11,C005,243129,1946,CI,C1,0.0,100,2,194C,Cont. Cos - 2%-New Sec-393(1)6(i)
1001,DIM00398AJ,MAHINDRA LOGISTICS LIMITED,27AAFCM2530H1ZO,2025-11-19,2610449708,3400806737,2026,3188259990,001,,0000,000,2025-11-13,2025-08-24,INR,262701329955,RE,H,-88080.92,-88080.92,CLMS-JULY-25,0016080001,,,2025-11-13,C005,75155.02,602,CI,C1,0.0,100,2,194C,Cont. Cos - 2%-New Sec-393(1)6(i)
1001,DIM00398AJ,MAHINDRA LOGISTICS LIMITED,27AAFCM2530H1ZO,2025-11-01,4999427722,MLL,2026,4999427722,003,,0000,000,2025-11-01,2025-10-31,INR,MLL-8,TP,S,396504.78,396504.78,ASB GRIR OCT 25,0016080001,,,2025-10-31,D017,0,0,,,,,,,
1001,DIM00398AJ,MAHINDRA LOGISTICS LIMITED,27AAFCM2530H1ZO,2025-12-10,2610482611,3400818474,2026,3189187088,001,,0000,000,2025-12-09,2025-10-08,INR,262701427688,RE,H,-32706.26,-32706.26,CLMS-SEPT-25,0016080001,,,2025-12-09,C005,27907,224,CI,C1,0.0,100,2,194C,Cont. Cos - 2%-New Sec-393(1)6(i)
1001,DIM00398AJ,MAHINDRA LOGISTICS LIMITED,27AAFCM2530H1ZO,2026-02-11,2610576617,3400830585,2026,3191045084,001,,0000,000,2026-02-06,2025-05-13,INR,262701096184,RE,H,-98817.88,-98817.88,On Site Mnapower -JBM-APR-25,0016080001,,,2026-02-06,C005,84316,0,CI,C1,0.0,100,2,194C,Cont. Cos - 2%-New Sec-393(1)6(i)
1001,DIM00398AJ,MAHINDRA LOGISTICS LIMITED,27AAFCM2530H1ZO,2026-01-16,2610537786,,2026,2610537786,001,,0000,000,2026-01-16,2026-01-16,INR,,KZ,S,122309.8,122309.8,,0016080001,,,2026-01-16,,104360,0,,,,,,,
1001,DIM00398AJ,MAHINDRA LOGISTICS LIMITED,27AAFCM2530H1ZO,2025-12-16,2610493773,,2026,2610493773,001,,0000,000,2025-12-16,2025-12-16,INR,,KZ,S,569191.98,569191.98,,0016080001,,,2025-12-16,,485661,0,,,,,,,
1001,DIM00398AJ,MAHINDRA LOGISTICS LIMITED,27AAFCM2530H1ZO,2026-01-13,2610534589,3400835720,2026,3190184659,001,,0000,000,2026-01-12,2025-09-10,INR,262701362789,RE,H,-26608.72,-26608.72,CLMS-AUG-25,0016080001,,,2026-01-12,C005,22704,182,CI,C1,0.0,100,2,194C,Cont. Cos - 2%-New Sec-393(1)6(i)
1001,DIM00398AJ,MAHINDRA LOGISTICS LIMITED,27AAFCM2530H1ZO,2025-09-24,2610369285,3400813175,2026,3185982837,001,,0000,000,2025-09-16,2025-04-30,INR,262701067761,RE,H,-3755589.32,-3755589.32,Fixed cost management Fees-APR-25,0016080001,,,2025-09-16,C005,3204428.24,25636,JI,J1,0.0,100,10,94JB,Prof. Serv. Fees@10%-CONS393(1)6(iii)(b)
1001,DIM00398AJ,MAHINDRA LOGISTICS LIMITED,27AAFCM2530H1ZO,2026-02-14,2610565369,,2026,2610565369,001,,0000,000,2026-02-14,2026-02-14,INR,,KZ,H,-83045828.42,-83045828.42,,0016080001,,,2026-02-14,,70858266.46,0,,,,,,,
1001,DIM00398AJ,MAHINDRA LOGISTICS LIMITED,27AAFCM2530H1ZO,2026-01-13,2610534589,3400815239,2026,3190184474,001,,0000,000,2026-01-12,2025-12-11,INR,262701601023,RE,H,-45220.12,-45220.12,Oth Employment & labour supply services,0016080001,,,2026-01-12,C005,38584,309,CI,C1,0.0,100,2,194C,Cont. Cos - 2%-New Sec-393(1)6(i)
1001,DIM00398AJ,MAHINDRA LOGISTICS LIMITED,27AAFCM2530H1ZO,2025-12-16,2610493773,3400828704,2026,3189266066,001,,0000,000,2025-12-11,2025-11-08,INR,262701504036,RE,H,-76315.88,-76315.88,CLMS-OCT-25,0016080001,,,2025-12-11,C005,65116,521,CI,C1,0.0,100,2,194C,Cont. Cos - 2%-New Sec-393(1)6(i)
1001,DIM00398AJ,MAHINDRA LOGISTICS LIMITED,27AAFCM2530H1ZO,2025-12-26,2610510217,3400830587,2026,3189710002,001,,0000,000,2025-12-24,2025-06-26,INR,262701194612,RE,H,-186263.04,-186263.04,CLMS-MAY-25,0016080001,,,2025-12-24,C005,158928,1272,CI,C1,0.0,100,2,194C,Cont. Cos - 2%-New Sec-393(1)6(i)
1001,DIM00398AJ,MAHINDRA LOGISTICS LIMITED,27AAFCM2530H1ZO,2025-11-19,2610449708,3400821555,2026,3188217396,001,,0000,000,2025-11-12,2025-05-06,INR,262701079441,RE,H,-160659.76,-160659.76,Export Container charges -Jun-24,0016080001,,,2025-11-12,C005,137082,1097,CI,C1,0.0,100,2,194C,Cont. Cos - 2%-New Sec-393(1)6(i)
1001,DIM00398AJ,MAHINDRA LOGISTICS LIMITED,27AAFCM2530H1ZO,2025-10-15,2610399394,3400814055,2026,3187154201,001,,0000,000,2025-10-09,2025-05-27,INR,262701130986,RE,H,-247698.46,-247698.46,Export Container & RORO Driver chgs Apr'25,0016080001,,,2025-10-09,C005,211347,1691,CI,C1,0.0,100,2,194C,Cont. Cos - 2%-New Sec-393(1)6(i)
1001,DIM00398AJ,MAHINDRA LOGISTICS LIMITED,27AAFCM2530H1ZO,2026-02-11,2610576617,3400837485,2026,3191045109,001,,0000,000,2026-02-06,2025-12-11,INR,262701601037,RE,H,-106992.38,-106992.38,On Site Mnapower -JBM-NOV-25,0016080001,,,2026-02-06,C005,91291,0,CI,C1,0.0,100,2,194C,Cont. Cos - 2%-New Sec-393(1)6(i)
1001,DIM00398AJ,MAHINDRA LOGISTICS LIMITED,27AAFCM2530H1ZO,2025-11-01,4999427721,MLL,2026,4999427721,003,,0000,000,2025-11-01,2025-10-31,INR,MLL-7,TP,S,3898627.96,3898627.96,ASB GRIR OCT 25,0016080001,,,2025-10-31,D017,0,0,,,,,,,
1001,DIM00398AJ,MAHINDRA LOGISTICS LIMITED,27AAFCM2530H1ZO,2026-02-11,2610576617,3400840153,2026,3191139250,001,,0000,000,2026-02-09,2025-12-11,INR,262701601019,RE,H,-86345.32,-86345.32,CLMS-NOV-25,0016080001,,,2026-02-09,C005,73674,0,CI,C1,0.0,100,2,194C,Cont. Cos - 2%-New Sec-393(1)6(i)
1001,DIM00398AJ,MAHINDRA LOGISTICS LIMITED,27AAFCM2530H1ZO,2025-09-17,2610357679,3400813118,2026,3185982850,001,,0000,000,2025-09-16,2024-10-21,INR,252701382835,RE,H,-15336.48,-15336.48,Line feeding manpower's -Sept-24,0016080001,,,2025-09-16,C005,13086,105,CI,C1,0.0,100,2,194C,Cont. Cos - 2%-New Sec-393(1)6(i)
1001,DIM00398AJ,MAHINDRA LOGISTICS LIMITED,27AAFCM2530H1ZO,2026-02-11,2610576617,3400840249,2026,3191139305,001,,0000,000,2026-02-09,2026-01-15,INR,262701704388,RE,H,-5961.66,-5961.66,Fixed staff & GMI-DEC-25,0016080001,,,2026-02-09,C005,5087,0,CI,C1,0.0,100,2,194C,Cont. Cos - 2%-New Sec-393(1)6(i)
1001,DIM00398AJ,MAHINDRA LOGISTICS LIMITED,27AAFCM2530H1ZO,2025-11-01,4999427746,MLL,2026,4999427746,003,,0000,000,2025-11-01,2025-10-31,INR,MLL-3,TP,S,1344957.97,1344957.97,ASB GRIR OCT 25,0016080001,,,2025-10-31,D017,0,0,,,,,,,
1001,DIM00398AJ,MAHINDRA LOGISTICS LIMITED,27AAFCM2530H1ZO,2025-09-30,2610379567,3400816098,2026,3186383818,001,,0000,000,2025-09-27,2025-04-19,INR,262701042881,RE,H,-34759.62,-34759.62,Warehouse  M&M 135K WH Consumables Charges for Mar,0016080001,,,2025-09-27,C005,29659,238,CI,C1,0.0,100,2,194C,Cont. Cos - 2%-New Sec-393(1)6(i)
1001,DIM00398AJ,MAHINDRA LOGISTICS LIMITED,27AAFCM2530H1ZO,2026-01-13,2610534589,3400831158,2026,3190184649,001,,0000,000,2026-01-12,2025-11-08,INR,262701504038,RE,H,-133037.52,-133037.52,CLMS-OCT-25,0016080001,,,2026-01-12,C005,113514,909,CI,C1,0.0,100,2,194C,Cont. Cos - 2%-New Sec-393(1)6(i)
1001,DIM00398AJ,MAHINDRA LOGISTICS LIMITED,27AAFCM2530H1ZO,2026-04-08,2610109229,3400825626,2026,3192938365,001,,0000,000,2026-03-31,2025-07-29,INR,262701268508,RE,H,-252423.97,-252423.97,Warehouse  Rent,0016080001,,,2026-03-31,C005,215379.63,1724,,,,,,,
1001,DIM00398AJ,MAHINDRA LOGISTICS LIMITED,27AAFCM2530H1ZO,2026-03-30,2610650006,3400848807,2026,3192752107,001,,0000,000,2026-03-26,2026-03-13,INR,262701864991,RE,H,-2799733.4,-2799733.4,Inbound fixed Management fees,0016080001,,,2026-03-26,C005,2388851.18,19111,,,,,,,
1001,DIM00398AJ,MAHINDRA LOGISTICS LIMITED,27AAFCM2530H1ZO,2025-09-17,2610357679,3400812933,2026,3185982854,001,,0000,000,2025-09-16,2025-08-24,INR,262701329843,RE,H,-41882.48,-41882.48,Fixed staff & GMI-July-25,0016080001,,,2025-09-16,C005,35736,286,CI,C1,0.0,100,2,194C,Cont. Cos - 2%-New Sec-393(1)6(i)
1001,DIM00398AJ,MAHINDRA LOGISTICS LIMITED,27AAFCM2530H1ZO,2025-12-01,2250735954,MLL,2026,2250735954,003,,0000,000,2025-12-01,2025-11-30,INR,MLL6,JR,S,8504.26,8504.26,ASB GRIR NOV 25,0016080001,,,2025-11-30,D017,0,0,,,,,,,
1001,DIM00398AJ,MAHINDRA LOGISTICS LIMITED,27AAFCM2530H1ZO,2025-09-04,2610338253,,2026,2610338253,001,,0000,000,2025-09-04,2025-09-04,INR,,KZ,S,771210.84,771210.84,,0016080001,,,2025-09-04,,664838,0,,,,,,,
1001,DIM00398AJ,MAHINDRA LOGISTICS LIMITED,27AAFCM2530H1ZO,2026-02-01,2250970418,MLL,2026,2250970418,003,,0000,000,2026-02-01,2026-01-31,INR,MLL1,JR,S,42355734.07,42355734.07,ASB GRIR JAN 26,0016080001,,,2026-01-31,D017,0,0,,,,,,,
1001,DIM00398AJ,MAHINDRA LOGISTICS LIMITED,27AAFCM2530H1ZO,2025-08-05,2610294877,3400804084,2026,3184486211,001,,0000,000,2025-07-31,2025-06-26,INR,262701194558,RE,H,-49471.64,-49471.64,SLF Fixed Staff & GMI,0016080001,,,2025-07-31,C005,42648,853,CI,C1,0.0,100,2,194C,Cont. Cos - 2%-New Sec-393(1)6(i)
1001,DIM00398AJ,MAHINDRA LOGISTICS LIMITED,27AAFCM2530H1ZO,2025-08-05,2610294877,3400804084,2026,3184486214,001,,0000,000,2025-07-31,2025-06-26,INR,262701194564,RE,H,-311548.86,-311548.86,SLF Fixed Staff & GMI,0016080001,,,2025-07-31,C005,268577,5372,CI,C1,0.0,100,2,194C,Cont. Cos - 2%-New Sec-393(1)6(i)
1001,DIM00398AJ,MAHINDRA LOGISTICS LIMITED,27AAFCM2530H1ZO,2026-03-04,2610607203,3400843990,2026,3191845265,001,,0000,000,2026-02-28,2026-02-16,INR,262701791945,RE,H,-282698.98,-282698.98,Flxed Staff & GMI-JAN-26,0016080001,,,2026-02-28,C005,241211,1930,,,,,,,
1001,DIM00398AJ,MAHINDRA LOGISTICS LIMITED,27AAFCM2530H1ZO,2026-01-01,2250830140,MLL,2026,2250830140,003,,0000,000,2026-01-01,2025-12-31,INR,MLL5,JR,S,884040.46,884040.46,ASB GRIR DEC 25,0016080001,,,2025-12-31,D017,0,0,,,,,,,
1001,DIM00398AJ,MAHINDRA LOGISTICS LIMITED,27AAFCM2530H1ZO,2025-10-01,4998906927,MLL,2026,4998906927,003,,0000,000,2025-10-01,2025-09-30,INR,MLL-4,TP,S,26896.92,26896.92,ASB GRIR SEP 25,0016080001,,,2025-09-30,D017,0,0,,,,,,,
1001,DIM00398AJ,MAHINDRA LOGISTICS LIMITED,27AAFCM2530H1ZO,2025-08-01,2250380978,MLL,2026,2250380978,003,,0000,000,2025-08-01,2025-07-31,INR,MLL2,JR,S,1557122.1,1557122.1,ASB GRIR JULY 25,0016080001,,,2025-07-31,D017,0,0,,,,,,,
1001,DIM00398AJ,MAHINDRA LOGISTICS LIMITED,27AAFCM2530H1ZO,2026-03-25,2610639832,3400843999,2026,3192636679,001,,0000,000,2026-03-23,2025-11-08,INR,262701504109,RE,H,-130336.62,-130336.62,Fixed Staff & GMI-OCT-25,0016080001,,,2026-03-23,C005,111209,890,,,,,,,
1001,DIM00398AJ,MAHINDRA LOGISTICS LIMITED,27AAFCM2530H1ZO,2025-09-30,2610379567,3400816098,2026,3186383791,001,,0000,000,2025-09-27,2025-04-19,INR,262701042876,RE,H,-769664.93,-769664.93,Warehouse  M&M 265K Additional Manpower charges fo,0016080001,,,2025-09-27,C005,656710.95,5254,CI,C1,0.0,100,2,194C,Cont. Cos - 2%-New Sec-393(1)6(i)
1001,DIM00398AJ,MAHINDRA LOGISTICS LIMITED,27AAFCM2530H1ZO,2026-01-30,2610560777,,2026,2610560777,001,,0000,000,2026-01-30,2026-01-30,INR,,KZ,H,-293674,-293674,,0016080001,,,2026-01-30,,0,0,,,,,,,
1001,DIM00398AJ,MAHINDRA LOGISTICS LIMITED,27AAFCM2530H1ZO,2026-01-20,2610544798,3400826330,2026,3190447130,001,,0000,000,2026-01-20,2025-07-15,INR,262701236502,RE,H,-587270.12,-587270.12,Drivers shifting charges -Jun-25,0016080001,,,2026-01-20,C005,501084,4009,CI,C1,0.0,100,2,194C,Cont. Cos - 2%-New Sec-393(1)6(i)
1001,DIM00398AJ,MAHINDRA LOGISTICS LIMITED,27AAFCM2530H1ZO,2025-09-04,2610338253,3400808991,2026,3185393919,001,,0000,000,2025-08-29,2025-07-15,INR,262701236503,RE,H,-384272.6,-384272.6,PREOUTBOUND ACTIVITY JUN25,0016080001,,,2025-08-29,C005,331270,6626,CI,C1,0.0,100,2,194C,Cont. Cos - 2%-New Sec-393(1)6(i)
1001,DIM00398AJ,MAHINDRA LOGISTICS LIMITED,27AAFCM2530H1ZO,2026-02-21,2610576604,,2026,2610576522,001,,0000,000,2026-02-21,2026-02-21,INR,,KZ,S,1802610.78,1802610.78,,0016080001,,,2026-02-21,,1538071,0,,,,,,,
1001,DIM00398AJ,MAHINDRA LOGISTICS LIMITED,27AAFCM2530H1ZO,2025-12-01,4999647240,Recon ASB Nov25,2026,4999647240,002,,0000,000,2025-12-01,2025-11-30,INR,RECON NOV25_47,TP,H,-379939,-379939,Recon ASB Nov25,0016060001,,,2025-11-30,,0,0,,,,,,,
1001,DIM00398AJ,MAHINDRA LOGISTICS LIMITED,27AAFCM2530H1ZO,2025-10-08,2610387907,3400817243,2026,3187058436,001,,0000,000,2025-10-07,2025-09-17,INR,262701381969,RE,H,-5897566.08,-5897566.08,135 K Sqft WH -Shift Operations-July-25,0016080001,,,2025-10-07,C005,5032053.46,40257,CI,C1,0.0,100,2,194C,Cont. Cos - 2%-New Sec-393(1)6(i)
1001,DIM00398AJ,MAHINDRA LOGISTICS LIMITED,27AAFCM2530H1ZO,2025-11-19,2610449708,3400815227,2026,3188447721,001,,0000,000,2025-11-18,2025-09-11,INR,262701369932,RE,H,-495367,-495367,CLMS-AUG-25,0016060001,,,2025-11-18,C005,422668.58,3382,,,,,,,
1001,DIM00398AJ,MAHINDRA LOGISTICS LIMITED,27AAFCM2530H1ZO,2025-11-19,2610449708,3400820079,2026,3188217409,001,,0000,000,2025-11-12,2025-10-15,INR,262701450258,RE,H,-321870.12,-321870.12,Export Container charges -Sept-25,0016080001,,,2025-11-12,C005,274634,2198,CI,C1,0.0,100,2,194C,Cont. Cos - 2%-New Sec-393(1)6(i)
1001,DIM00398AJ,MAHINDRA LOGISTICS LIMITED,27AAFCM2530H1ZO,2026-02-11,2610576617,3400840153,2026,3191139261,001,,0000,000,2026-02-09,2025-12-11,INR,262701601020,RE,H,-149143.08,-149143.08,CLMS-NOV-25,0016080001,,,2026-02-09,C005,127256,0,CI,C1,0.0,100,2,194C,Cont. Cos - 2%-New Sec-393(1)6(i)
1001,DIM00398AJ,MAHINDRA LOGISTICS LIMITED,27AAFCM2530H1ZO,2025-10-01,4998906926,MLL,2026,4998906926,003,,0000,000,2025-10-01,2025-09-30,INR,MLL-3,TP,S,124663.46,124663.46,ASB GRIR SEP 25,0016080001,,,2025-09-30,D017,0,0,,,,,,,
1001,DIM00398AJ,MAHINDRA LOGISTICS LIMITED,27AAFCM2530H1ZO,2025-10-08,2610387907,3400817243,2026,3187058440,001,,0000,000,2025-10-07,2025-07-23,INR,262701252795,RE,H,-6020152.74,-6020152.74,M&M 135K Warehouse Service charges for Jun-25,0016080001,,,2025-10-07,C005,5136649.78,41094,CI,C1,0.0,100,2,194C,Cont. Cos - 2%-New Sec-393(1)6(i)
1001,DIM00398AJ,MAHINDRA LOGISTICS LIMITED,27AAFCM2530H1ZO,2026-01-20,2610544798,3400824513,2026,3190447157,001,,0000,000,2026-01-20,2025-06-26,INR,262701194592,RE,H,-102883.3,-102883.3,Fixed Staff & GMI-MAY-25,0016080001,,,2026-01-20,C005,87785,703,CI,C1,0.0,100,2,194C,Cont. Cos - 2%-New Sec-393(1)6(i)
1001,DIM00398AJ,MAHINDRA LOGISTICS LIMITED,27AAFCM2530H1ZO,2026-02-11,2610576617,3400840249,2026,3191139279,001,,0000,000,2026-02-09,2026-01-15,INR,262701704518,RE,H,-116591.58,-116591.58,CLMS-DEC-25,0016080001,,,2026-02-09,C005,99481,0,CI,C1,0.0,100,2,194C,Cont. Cos - 2%-New Sec-393(1)6(i)
1001,DIM00398AJ,MAHINDRA LOGISTICS LIMITED,27AAFCM2530H1ZO,2026-03-30,2610650006,3400848807,2026,3192752047,001,,0000,000,2026-03-26,2025-10-27,INR,262701472979,RE,H,-34281,-34281,Inbound fixed Management fees,0016080001,,,2026-03-26,C005,29250.84,235,,,,,,,
1001,DIM00398AJ,MAHINDRA LOGISTICS LIMITED,27AAFCM2530H1ZO,2026-01-07,2610524338,3400826393,2026,3189985560,001,,0000,000,2026-01-06,2025-11-14,INR,262701524715,RE,H,-10847733.1,-10847733.1,CLMS-OCT-25,0016080001,,,2026-01-06,C005,9255745,74046,CI,C1,0.0,100,2,194C,Cont. Cos - 2%-New Sec-393(1)6(i)
1001,DIM00398AJ,MAHINDRA LOGISTICS LIMITED,27AAFCM2530H1ZO,2026-02-25,2610596420,3400821555,2026,3191467368,001,,0000,000,2026-02-18,2026-01-15,INR,262701704538,RE,H,-4188.32,-4188.32,CLMS-DEC-25,0016080001,,,2026-02-18,C005,3574,29,CI,C1,0.0,100,2,194C,Cont. Cos - 2%-New Sec-393(1)6(i)
1001,DIM00398AJ,MAHINDRA LOGISTICS LIMITED,27AAFCM2530H1ZO,2025-09-22,2610366856,3400810666,2026,3185949401,001,,0000,000,2025-09-15,2025-04-19,INR,262701042701,RE,H,-140419.63,-140419.63,MTBD Project-MAR-25,0016080001,,,2025-09-15,C005,119812.39,959,CI,C1,0.0,100,2,194C,Cont. Cos - 2%-New Sec-393(1)6(i)
1001,DIM00398AJ,MAHINDRA LOGISTICS LIMITED,27AAFCM2530H1ZO,2026-02-04,2610565377,,2026,2610565377,001,,0000,000,2026-02-04,2026-02-04,INR,,KZ,S,83045828.42,83045828.42,,0016080001,,,2026-02-04,,70858266.46,0,,,,,,,
1001,DIM00398AJ,MAHINDRA LOGISTICS LIMITED,27AAFCM2530H1ZO,2026-02-11,2610576617,3400830585,2026,3191045095,001,,0000,000,2026-02-06,2025-07-23,INR,262701251947,RE,H,-104177.02,-104177.02,On Site Mnapower -JBM-JUN-25,0016080001,,,2026-02-06,C005,88889,0,CI,C1,0.0,100,2,194C,Cont. Cos - 2%-New Sec-393(1)6(i)
1001,DIM00398AJ,MAHINDRA LOGISTICS LIMITED,27AAFCM2530H1ZO,2026-03-30,2610650006,3400848807,2026,3192752149,001,,0000,000,2026-03-26,2026-02-28,INR,262701829315,RE,H,-2799733.4,-2799733.4,Inbound fixed Management fees,0016080001,,,2026-03-26,C005,2388851.18,19111,,,,,,,
1001,DIM00398AJ,MAHINDRA LOGISTICS LIMITED,27AAFCM2530H1ZO,2026-02-01,2250970437,MLL,2026,2250970437,003,,0000,000,2026-02-01,2026-01-31,INR,MLL4,JR,S,1601793.36,1601793.36,ASB GRIR JAN 26,0016080001,,,2026-01-31,D017,0,0,,,,,,,
1001,DIM00398AJ,MAHINDRA LOGISTICS LIMITED,27AAFCM2530H1ZO,2025-09-01,2250427199,MLL,2026,2250427199,003,,0000,000,2025-09-01,2025-08-31,INR,MLL1,JR,S,38676110.7,38676110.7,ASB GRIR AUG 25,0016080001,,,2025-08-31,D017,0,0,,,,,,,
1001,DIM00398AJ,MAHINDRA LOGISTICS LIMITED,27AAFCM2530H1ZO,2025-09-24,2610369285,,2026,2610369285,001,,0000,000,2025-09-24,2025-09-24,INR,,KZ,S,59986294.38,59986294.38,,0016080001,,,2025-09-24,,51182874.06,0,,,,,,,
1001,DIM00398AJ,MAHINDRA LOGISTICS LIMITED,27AAFCM2530H1ZO,2026-02-11,2610576617,3400840719,2026,3191139243,001,,0000,000,2026-02-09,2026-01-15,INR,262701704528,RE,H,-60029.6,-60029.6,CLMS-DEC-25,0016080001,,,2026-02-09,C005,51220,0,CI,C1,0.0,100,2,194C,Cont. Cos - 2%-New Sec-393(1)6(i)
1001,DIM00398AJ,MAHINDRA LOGISTICS LIMITED,27AAFCM2530H1ZO,2026-01-30,2610560777,3400838899,2026,3190795803,001,,0000,000,2026-01-30,2025-12-19,INR,262701621497,RE,H,-5799921.61,-5799921.61,Warehouse  Servide-Nov-25,0016080001,,,2026-01-30,C005,4948738.65,39590,CI,C1,0.0,100,2,194C,Cont. Cos - 2%-New Sec-393(1)6(i)
1001,DIM00398AJ,MAHINDRA LOGISTICS LIMITED,27AAFCM2530H1ZO,2025-08-01,2250380990,MLL,2026,2250380990,003,,0000,000,2025-08-01,2025-07-31,INR,MLL4,JR,S,252263.94,252263.94,ASB GRIR JULY 25,0016080001,,,2025-07-31,D017,0,0,,,,,,,
1001,DIM00398AJ,MAHINDRA LOGISTICS LIMITED,27AAFCM2530H1ZO,2025-12-10,2610482611,,2026,2610482611,001,,0000,000,2025-12-10,2025-12-10,INR,,KZ,S,179495.93,179495.93,,0016080001,,,2025-12-10,,153155.03,0,,,,,,,
1001,DIM00398AJ,MAHINDRA LOGISTICS LIMITED,27AAFCM2530H1ZO,2026-01-06,2610523537,,2026,2610523537,001,,0000,000,2026-01-06,2026-01-06,INR,,KZ,S,616378.96,616378.96,,0016080001,,,2026-01-06,,525922,0,,,,,,,
1001,DIM00398AJ,MAHINDRA LOGISTICS LIMITED,27AAFCM2530H1ZO,2025-11-06,2610429893,3400821555,2026,3187908160,001,,0000,000,2025-11-03,2025-06-17,INR,262701170854,RE,H,-243648.56,-243648.56,Export Container Charges -Mar-25,0016080001,,,2025-11-03,C005,207892,1664,CI,C1,0.0,100,2,194C,Cont. Cos - 2%-New Sec-393(1)6(i)
1001,DIM00398AJ,MAHINDRA LOGISTICS LIMITED,27AAFCM2530H1ZO,2025-12-01,2250735941,MLL,2026,2250735941,003,,0000,000,2025-12-01,2025-11-30,INR,MIL5,JR,S,1629053.54,1629053.54,ASB GRIR NOV 25,0016080001,,,2025-11-30,D017,0,0,,,,,,,
1001,DIM00398AJ,MAHINDRA LOGISTICS LIMITED,27AAFCM2530H1ZO,2026-01-13,2610534589,3400835720,2026,3190184657,001,,0000,000,2026-01-12,2025-10-08,INR,262701427692,RE,H,-18869,-18869,CLMS-SEPT-25,0016080001,,,2026-01-12,C005,16100,129,CI,C1,0.0,100,2,194C,Cont. Cos - 2%-New Sec-393(1)6(i)
1001,DIM00398AJ,MAHINDRA LOGISTICS LIMITED,27AAFCM2530H1ZO,2026-02-11,2610576617,3400840249,2026,3191139329,001,,0000,000,2026-02-09,2026-01-08,INR,262701675853,RE,H,-37498.1,-37498.1,Fixed staff & GMI-DEC-25,0016080001,,,2026-02-09,C005,31995,0,CI,C1,0.0,100,2,194C,Cont. Cos - 2%-New Sec-393(1)6(i)
1001,DIM00398AJ,MAHINDRA LOGISTICS LIMITED,27AAFCM2530H1ZO,2025-09-30,2610379567,3400816107,2026,3186754373,001,,0000,000,2025-09-29,2025-07-21,INR,262701245723,RE,H,-2029.76,-2029.76,MT-VE-MAY-25,0016080001,,,2025-09-29,C005,1732,14,CI,C1,0.0,100,2,194C,Cont. Cos - 2%-New Sec-393(1)6(i)
1001,DIM00398AJ,MAHINDRA LOGISTICS LIMITED,27AAFCM2530H1ZO,2025-12-24,2610506839,,2026,2610506839,001,,0000,000,2025-12-24,2025-12-24,INR,,KZ,S,12180456.44,12180456.44,,0016080001,,,2025-12-24,,10392896.98,0,,,,,,,
1001,DIM00398AJ,MAHINDRA LOGISTICS LIMITED,27AAFCM2530H1ZO,2025-10-20,2610407795,3400815673,2026,3187157030,001,,0000,000,2025-10-09,2025-09-16,INR,262701381561,RE,H,-364954.1,-364954.1,PREOUTBOUND ACTIVITY AUG 25,0016080001,,,2025-10-09,C005,311395,2492,CI,C1,0.0,100,2,194C,Cont. Cos - 2%-New Sec-393(1)6(i)
1001,DIM00398AJ,MAHINDRA LOGISTICS LIMITED,27AAFCM2530H1ZO,2025-11-19,2610449708,3400806722,2026,3188260003,001,,0000,000,2025-11-13,2025-10-08,INR,262701427691,RE,H,-67929.98,-67929.98,CLMS-SEPT-25,0016080001,,,2025-11-13,C005,57961,464,CI,C1,0.0,100,2,194C,Cont. Cos - 2%-New Sec-393(1)6(i)
1001,DIM00398AJ,MAHINDRA LOGISTICS LIMITED,27AAFCM2530H1ZO,2025-09-04,2610338253,3400808992,2026,3185393920,001,,0000,000,2025-08-29,2025-08-18,INR,262701312817,RE,H,-386938.24,-386938.24,PREOUTBONUND ACTIVITY JUL25,0016080001,,,2025-08-29,C005,333568,6672,CI,C1,0.0,100,2,194C,Cont. Cos - 2%-New Sec-393(1)6(i)
1001,DIM00398AJ,MAHINDRA LOGISTICS LIMITED,27AAFCM2530H1ZO,2025-08-01,2250380968,MLL,2026,2250380968,001,,0000,000,2025-08-01,2025-07-31,INR,MLL,JR,S,94718561.14,94718561.14,ASB GRIR JULY 25,0016080001,,,2025-07-31,D017,0,0,,,,,,,
1001,DIM00398AJ,MAHINDRA LOGISTICS LIMITED,27AAFCM2530H1ZO,2025-11-19,2610449708,,2026,2610449708,001,,0000,000,2025-11-19,2025-11-19,INR,,KZ,S,7057787,7057787,,0016060001,,,2025-11-19,,6022004.56,0,,,,,,,
1001,DIM00398AJ,MAHINDRA LOGISTICS LIMITED,27AAFCM2530H1ZO,2025-09-30,2610379567,3400815242,2026,3186383854,001,,0000,000,2025-09-27,2025-04-25,INR,262701058337,RE,H,-362810.88,-362810.88,"Canteen rate revision
suppl.- Apr-24 TO July-24",0016080001,,,2025-09-27,C005,309566,2477,CI,C1,0.0,100,2,194C,Cont. Cos - 2%-New Sec-393(1)6(i)
1001,DIM00398AJ,MAHINDRA LOGISTICS LIMITED,27AAFCM2530H1ZO,2026-02-11,2610576617,3400837485,2026,3191045103,001,,0000,000,2026-02-06,2025-11-08,INR,262701504051,RE,H,-108191.52,-108191.52,On Site Mnapower -JBM-OCT-25,0016080001,,,2026-02-06,C005,92314,0,CI,C1,0.0,100,2,194C,Cont. Cos - 2%-New Sec-393(1)6(i)
1001,DIM00398AJ,MAHINDRA LOGISTICS LIMITED,27AAFCM2530H1ZO,2025-12-01,4999647240,Recon ASB Nov25,2026,4999647240,001,,0000,000,2025-12-01,2025-11-30,INR,RECON NOV25_47,TP,S,379939,379939,Recon ASB Nov25,0016080001,,,2025-11-30,D017,0,0,,,,,,,
1001,DIM00398AJ,MAHINDRA LOGISTICS LIMITED,27AAFCM2530H1ZO,2026-01-13,2610534589,3400835702,2026,3190135290,001,,0000,000,2026-01-10,2025-08-21,INR,262701320963,RE,H,-976169.8,-976169.8,Mathadhi Fess-July-25,0016080001,,,2026-01-10,C005,832910,6664,II,I1,0.0,100,10,194I,Land/Bldg/Fur Cos-10%-N/S393(1)2(ii)
1001,DIM00398AJ,MAHINDRA LOGISTICS LIMITED,27AAFCM2530H1ZO,2026-03-25,2610639832,3400847895,2026,3192568578,001,,0000,000,2026-03-21,2026-02-11,INR,262701779916,RE,H,-40984.6,-40984.6,CLMS-JAN-26,0016080001,,,2026-03-21,C005,34970,280,,,,,,,
1001,DIM00398AJ,MAHINDRA LOGISTICS LIMITED,27AAFCM2530H1ZO,2025-12-10,2610482611,3400814287,2026,3189187081,001,,0000,000,2025-12-09,2025-07-23,INR,262701251944,RE,H,-125595.52,-125595.52,CLMS-JUN-25,0016080001,,,2025-12-09,C005,107164,858,CI,C1,0.0,100,2,194C,Cont. Cos - 2%-New Sec-393(1)6(i)
1001,DIM00398AJ,MAHINDRA LOGISTICS LIMITED,27AAFCM2530H1ZO,2025-12-31,2610516418,,2026,2610516418,001,,0000,000,2025-12-31,2025-12-31,INR,,KZ,S,48047781.8,48047781.8,,0016080001,,,2025-12-31,,40996432.04,0,,,,,,,
1001,DIM00398AJ,MAHINDRA LOGISTICS LIMITED,27AAFCM2530H1ZO,2026-01-13,2610534589,3400833249,2026,3190135284,001,,0000,000,2026-01-10,2025-08-24,INR,262701329948,RE,H,-1218647.36,-1218647.36,CLMS-JULY-25,0016080001,,,2026-01-10,C005,1039802,8319,CI,C1,0.0,100,2,194C,Cont. Cos - 2%-New Sec-393(1)6(i)
1001,DIM00398AJ,MAHINDRA LOGISTICS LIMITED,27AAFCM2530H1ZO,2025-10-29,2610416792,3400820079,2026,3187702429,001,,0000,000,2025-10-28,2025-06-17,INR,262701170856,RE,H,-162671.82,-162671.82,MLL Export Outbound-MAY-25,0016080001,,,2025-10-28,C005,138799,1111,CI,C1,0.0,100,2,194C,Cont. Cos - 2%-New Sec-393(1)6(i)
1001,DIM00398AJ,MAHINDRA LOGISTICS LIMITED,27AAFCM2530H1ZO,2026-02-01,2250970440,MLL,2026,2250970440,003,,0000,000,2026-02-01,2026-01-31,INR,MLL5,JR,S,293130.88,293130.88,ASB GRIR JAN 26,0016080001,,,2026-01-31,D017,0,0,,,,,,,
1001,DIM00398AJ,MAHINDRA LOGISTICS LIMITED,27AAFCM2530H1ZO,2025-08-05,2610294877,3400804084,2026,3184486215,001,,0000,000,2025-07-31,2025-06-26,INR,262701194555,RE,H,-552677.28,-552677.28,SLF Fixed Staff & GMI,0016080001,,,2025-07-31,C005,476446,9529,CI,C1,0.0,100,2,194C,Cont. Cos - 2%-New Sec-393(1)6(i)
1001,DIM00398AJ,MAHINDRA LOGISTICS LIMITED,27AAFCM2530H1ZO,2026-01-13,2610534589,3400835720,2026,3190184484,001,,0000,000,2026-01-12,2025-10-08,INR,262701427694,RE,H,-44029.24,-44029.24,Oth Employment & labour supply services,0016080001,,,2026-01-12,C005,37568,301,CI,C1,0.0,100,2,194C,Cont. Cos - 2%-New Sec-393(1)6(i)
1001,DIM00398AJ,MAHINDRA LOGISTICS LIMITED,27AAFCM2530H1ZO,2025-09-30,2610379567,3400816107,2026,3186754307,001,,0000,000,2025-09-29,2025-08-24,INR,262701329858,RE,H,-104633.04,-104633.04,MT-VE-JULY-25,0016080001,,,2025-09-29,C005,89278,715,CI,C1,0.0,100,2,194C,Cont. Cos - 2%-New Sec-393(1)6(i)
1001,DIM00398AJ,MAHINDRA LOGISTICS LIMITED,27AAFCM2530H1ZO,2025-08-05,2610294877,3400804084,2026,3184486213,001,,0000,000,2025-07-31,2025-06-26,INR,262701194562,RE,H,-335496.96,-335496.96,SLF Fixed Staff & GMI,0016080001,,,2025-07-31,C005,289222,5785,CI,C1,0.0,100,2,194C,Cont. Cos - 2%-New Sec-393(1)6(i)
1001,DIM00398AJ,MAHINDRA LOGISTICS LIMITED,27AAFCM2530H1ZO,2026-02-11,2610576617,3400830585,2026,3191171099,001,,0000,000,2026-02-10,2025-06-26,INR,262701194673,RE,H,-100098.62,-100098.62,On Site Mnapower -JBM-MAY-25,0016080001,,,2026-02-10,C005,85409,0,CI,C1,0.0,100,2,194C,Cont. Cos - 2%-New Sec-393(1)6(i)
1001,DIM00398AJ,MAHINDRA LOGISTICS LIMITED,27AAFCM2530H1ZO,2025-12-16,2610493773,3400821555,2026,3189401757,001,,0000,000,2025-12-15,2025-10-08,INR,262701427696,RE,H,-36548.3,-36548.3,CLMS-SEPT-25,0016080001,,,2025-12-15,C005,31185,250,CI,C1,0.0,100,2,194C,Cont. Cos - 2%-New Sec-393(1)6(i)
1001,DIM00398AJ,MAHINDRA LOGISTICS LIMITED,27AAFCM2530H1ZO,2026-03-11,2610619349,3400843852,2026,3191978190,001,,0000,000,2026-03-04,2025-12-24,INR,262701640685,RE,H,-373752.36,-373752.36,PRE-OUTBOUND ACTIVITY NOV 25,0016080001,,,2026-03-04,C005,318902,2552,,,,,,,
1001,DIM00398AJ,MAHINDRA LOGISTICS LIMITED,27AAFCM2530H1ZO,2025-08-05,2610294877,3400804084,2026,3184486218,001,,0000,000,2025-07-31,2025-06-26,INR,262701194559,RE,H,-1341029.98,-1341029.98,SLF Fixed Staff & GMI,0016080001,,,2025-07-31,C005,1156061,23122,CI,C1,0.0,100,2,194C,Cont. Cos - 2%-New Sec-393(1)6(i)
1001,DIM00398AJ,MAHINDRA LOGISTICS LIMITED,27AAFCM2530H1ZO,2026-01-13,2610534589,3400835702,2026,3190135291,001,,0000,000,2026-01-10,2025-08-07,INR,262701286888,RE,H,-971258.18,-971258.18,Mathadhi Fess-Jun-25,0016080001,,,2026-01-10,C005,828718.8,6630,JI,J1,0.0,100,10,94JB,Prof. Serv. Fees@10%-CONS393(1)6(iii)(b)
1001,DIM00398AJ,MAHINDRA LOGISTICS LIMITED,27AAFCM2530H1ZO,2026-03-11,2610619349,,2026,2610619349,001,,0000,000,2026-03-11,2026-03-11,INR,,KZ,S,18017296.83,18017296.83,,0016080001,,,2026-03-11,,15373121.89,0,,,,,,,
1001,DIM00398AJ,MAHINDRA LOGISTICS LIMITED,27AAFCM2530H1ZO,2026-04-08,2610109229,3400825626,2026,3192938387,001,,0000,000,2026-03-31,2025-07-29,INR,262701268500,RE,H,-253166.17,-253166.17,Warehouse  Rent,0016080001,,,2026-03-31,C005,216012.85,1729,,,,,,,
1001,DIM00398AJ,MAHINDRA LOGISTICS LIMITED,27AAFCM2530H1ZO,2025-09-17,2610357679,3400813118,2026,3185982856,001,,0000,000,2025-09-16,2025-05-09,INR,262701086917,RE,H,-130177.14,-130177.14,Line feeding manpower's -Nov-24-OT Pressshop,0016080001,,,2025-09-16,C005,111073,889,CI,C1,0.0,100,2,194C,Cont. Cos - 2%-New Sec-393(1)6(i)
1001,DIM00398AJ,MAHINDRA LOGISTICS LIMITED,27AAFCM2530H1ZO,2026-02-25,2610596420,3400821555,2026,3191467375,001,,0000,000,2026-02-18,2026-01-15,INR,262701704537,RE,H,-32812.46,-32812.46,CLMS-DEC-25,0016080001,,,2026-02-18,C005,27997,224,CI,C1,0.0,100,2,194C,Cont. Cos - 2%-New Sec-393(1)6(i)
1001,DIM00398AJ,MAHINDRA LOGISTICS LIMITED,27AAFCM2530H1ZO,2026-01-01,2250830135,MLL,2026,2250830135,003,,0000,000,2026-01-01,2025-12-31,INR,MLL2,JR,S,25839847.54,25839847.54,ASB GRIR DEC 25,0016080001,,,2025-12-31,D017,0,0,,,,,,,
1001,DIM00398AJ,MAHINDRA LOGISTICS LIMITED,27AAFCM2530H1ZO,2026-02-01,2250970434,MLL,2026,2250970434,003,,0000,000,2026-02-01,2026-01-31,INR,MLL3,JR,S,4170479.9,4170479.9,ASB GRIR JAN 26,0016080001,,,2026-01-31,D017,0,0,,,,,,,
1001,DIM00398AJ,MAHINDRA LOGISTICS LIMITED,27AAFCM2530H1ZO,2025-09-30,2610379567,3400816107,2026,3186754333,001,,0000,000,2025-09-29,2025-07-23,INR,262701251844,RE,H,-104633.04,-104633.04,MT-VE-JUN-25,0016080001,,,2025-09-29,C005,89278,715,CI,C1,0.0,100,2,194C,Cont. Cos - 2%-New Sec-393(1)6(i)
1001,DIM00398AJ,MAHINDRA LOGISTICS LIMITED,27AAFCM2530H1ZO,2025-11-06,2610429893,3400821555,2026,3187908162,001,,0000,000,2025-11-03,2025-06-17,INR,262701170848,RE,H,-248327.12,-248327.12,Export Container Charges -SEPT-24,0016080001,,,2025-11-03,C005,211884,1696,CI,C1,0.0,100,2,194C,Cont. Cos - 2%-New Sec-393(1)6(i)
1001,DIM00398AJ,MAHINDRA LOGISTICS LIMITED,27AAFCM2530H1ZO,2026-01-07,2610524338,3400833241,2026,3189985562,001,,0000,000,2026-01-06,2025-12-22,INR,262701628572,RE,H,-11012888.34,-11012888.34,CLMS-NOV-25,0016080001,,,2026-01-06,C005,9396663,75174,CI,C1,0.0,100,2,194C,Cont. Cos - 2%-New Sec-393(1)6(i)
1001,DIM00398AJ,MAHINDRA LOGISTICS LIMITED,27AAFCM2530H1ZO,2025-09-17,2610357679,3400813118,2026,3185982851,001,,0000,000,2025-09-16,2025-04-19,INR,262701042708,RE,H,-98817.88,-98817.88,Line feeding manpower's -Mar-25,0016080001,,,2025-09-16,C005,84316,675,CI,C1,0.0,100,2,194C,Cont. Cos - 2%-New Sec-393(1)6(i)
1001,DIM00398AJ,MAHINDRA LOGISTICS LIMITED,27AAFCM2530H1ZO,2025-10-20,2610407795,,2026,2610407795,001,,0000,000,2025-10-20,2025-10-20,INR,,KZ,S,364954.1,364954.1,,0016080001,,,2025-10-20,,311395,0,,,,,,,
1001,DIM00398AJ,MAHINDRA LOGISTICS LIMITED,27AAFCM2530H1ZO,2025-10-31,2610424824,3400820079,2026,3187783697,001,,0000,000,2025-10-30,2025-10-15,INR,262701450256,RE,H,-320246.64,-320246.64,Export Container Drivers -July-25,0016080001,,,2025-10-30,C005,273248,2186,CI,C1,0.0,100,2,194C,Cont. Cos - 2%-New Sec-393(1)6(i)
1001,DIM00398AJ,MAHINDRA LOGISTICS LIMITED,27AAFCM2530H1ZO,2026-01-16,2610537786,3400833589,2026,3190251937,001,,0000,000,2026-01-14,2025-10-08,INR,262701427679,RE,H,-122309.8,-122309.8,CLMS-SEPT-25,0016080001,,,2026-01-14,C005,104360,835,CI,C1,0.0,100,2,194C,Cont. Cos - 2%-New Sec-393(1)6(i)
1001,DIM00398AJ,MAHINDRA LOGISTICS LIMITED,27AAFCM2530H1ZO,2025-12-01,4999647254,Recon ASB Nov25,2026,4999647254,002,,0000,000,2025-12-01,2025-11-30,INR,RECON NOV25_61,TP,H,-12962,-12962,Recon ASB Nov25,0016060001,,,2025-11-30,,0,0,,,,,,,
1001,DIM00398AJ,MAHINDRA LOGISTICS LIMITED,27AAFCM2530H1ZO,2026-01-30,2610560777,CHLLN-900550222,2026,1063420026,001,,0000,000,2025-11-22,2025-11-22,INR,MLL-DEBIT,AB,S,293674,293674,Veh. detained Meerat-E-WAY-Part B not up,0016080001,,,2025-11-22,,0,0,,,,,,,
1001,DIM00398AJ,MAHINDRA LOGISTICS LIMITED,27AAFCM2530H1ZO,2026-01-07,2610524338,,2026,2610524338,001,,0000,000,2026-01-07,2026-01-07,INR,,KZ,S,21860621.44,21860621.44,,0016080001,,,2026-01-07,,18652408,0,,,,,,,
1001,DIM00398AJ,MAHINDRA LOGISTICS LIMITED,27AAFCM2530H1ZO,2025-11-19,2610449708,3400821555,2026,3188217424,001,,0000,000,2025-11-12,2025-05-06,INR,262701079442,RE,H,-210063.3,-210063.3,Export Container charges -Jul-24,0016080001,,,2025-11-12,C005,179235,1434,CI,C1,0.0,100,2,194C,Cont. Cos - 2%-New Sec-393(1)6(i)
1001,DIM00398AJ,MAHINDRA LOGISTICS LIMITED,27AAFCM2530H1ZO,2026-03-01,2251084478,MLL,2026,2251084478,003,,0000,000,2026-03-01,2026-02-28,INR,MLL4,JR,S,2612321.76,2612321.76,ASB GRIR FEB 2026,0016080001,,,2026-02-28,D017,0,0,,,,,,,
1001,DIM00398AJ,MAHINDRA LOGISTICS LIMITED,27AAFCM2530H1ZO,2025-08-01,2250380985,MLL,2026,2250380985,003,,0000,000,2025-08-01,2025-07-31,INR,MLL3,JR,S,3384346.2,3384346.2,ASB GRIR JULY 25,0016080001,,,2025-07-31,D017,0,0,,,,,,,
1001,DIM00398AJ,MAHINDRA LOGISTICS LIMITED,27AAFCM2530H1ZO,2025-08-05,2610294877,3400804203,2026,3184326301,001,,0000,000,2025-07-26,2025-04-25,INR,262701058318,RE,H,-61591.28,-61591.28,Canteen Rate Rev-Apr-24 to July-24,0016080001,,,2025-07-26,C005,53096,1062,CI,C1,0.0,100,2,194C,Cont. Cos - 2%-New Sec-393(1)6(i)
1001,DIM00398AJ,MAHINDRA LOGISTICS LIMITED,27AAFCM2530H1ZO,2025-08-05,2610294877,3400804203,2026,3184326294,001,,0000,000,2025-07-26,2025-04-25,INR,262701058319,RE,H,-2166.24,-2166.24,Canteen Rate Rev-Apr-24 to July-24,0016080001,,,2025-07-26,C005,1868,38,CI,C1,0.0,100,2,194C,Cont. Cos - 2%-New Sec-393(1)6(i)
1001,DIM00398AJ,MAHINDRA LOGISTICS LIMITED,27AAFCM2530H1ZO,2025-08-05,2610294877,3400804203,2026,3184326659,001,,0000,000,2025-07-26,2025-04-25,INR,262701058327,RE,H,-7921.22,-7921.22,Canteen Rate rev.supp.Apr-24 to July-24,0016080001,,,2025-07-26,C005,6829,137,CI,C1,0.0,100,2,194C,Cont. Cos - 2%-New Sec-393(1)6(i)
1001,DIM00398AJ,MAHINDRA LOGISTICS LIMITED,27AAFCM2530H1ZO,2025-08-05,2610294877,3400804203,2026,3184326643,001,,0000,000,2025-07-26,2025-04-25,INR,262701058325,RE,H,-62571.38,-62571.38,Canteen Rate rev.supp.Apr-24 to July-24,0016080001,,,2025-07-26,C005,53941,1079,CI,C1,0.0,100,2,194C,Cont. Cos - 2%-New Sec-393(1)6(i)
1001,DIM00398AJ,MAHINDRA LOGISTICS LIMITED,27AAFCM2530H1ZO,2025-08-05,2610294877,3400804203,2026,3184326648,001,,0000,000,2025-07-26,2025-04-25,INR,262701058324,RE,H,-23596.56,-23596.56,Canteen Rate rev.supp.Apr-24 to July-24,0016080001,,,2025-07-26,C005,20342,407,CI,C1,0.0,100,2,194C,Cont. Cos - 2%-New Sec-393(1)6(i)
1001,DIM00398AJ,MAHINDRA LOGISTICS LIMITED,27AAFCM2530H1ZO,2025-08-05,2610294877,3400804203,2026,3184326318,001,,0000,000,2025-07-26,2025-04-25,INR,262701058312,RE,H,-3046.86,-3046.86,Canteen Rate Rev-Apr-24 to July-24,0016080001,,,2025-07-26,C005,2627,53,CI,C1,0.0,100,2,194C,Cont. Cos - 2%-New Sec-393(1)6(i)
1001,DIM00398AJ,MAHINDRA LOGISTICS LIMITED,27AAFCM2530H1ZO,2025-08-05,2610294877,3400804203,2026,3184326313,001,,0000,000,2025-07-26,2025-04-25,INR,262701058321,RE,H,-960.04,-960.04,Canteen Rate Rev-Apr-24 to July-24,0016080001,,,2025-07-26,C005,828,17,CI,C1,0.0,100,2,194C,Cont. Cos - 2%-New Sec-393(1)6(i)
1001,DIM00398AJ,MAHINDRA LOGISTICS LIMITED,27AAFCM2530H1ZO,2025-08-05,2610294877,3400804203,2026,3184326657,001,,0000,000,2025-07-26,2025-04-25,INR,262701058332,RE,H,-84597.22,-84597.22,Canteen Rate rev.supp.Apr-24 to July-24,0016080001,,,2025-07-26,C005,72929,1459,CI,C1,0.0,100,2,194C,Cont. Cos - 2%-New Sec-393(1)6(i)
1001,DIM00398AJ,MAHINDRA LOGISTICS LIMITED,27AAFCM2530H1ZO,2025-08-05,2610294877,3400804203,2026,3184326327,001,,0000,000,2025-07-26,2025-04-25,INR,262701058320,RE,H,-39449.62,-39449.62,Canteen Rate Rev-Apr-24 to July-24,0016080001,,,2025-07-26,C005,34009,681,CI,C1,0.0,100,2,194C,Cont. Cos - 2%-New Sec-393(1)6(i)
1001,DIM00398AJ,MAHINDRA LOGISTICS LIMITED,27AAFCM2530H1ZO,2025-08-05,2610294877,3400804203,2026,3184326652,001,,0000,000,2025-07-26,2025-04-25,INR,262701058326,RE,H,-59052.44,-59052.44,Canteen Rate rev.supp.Apr-24 to July-24,0016080001,,,2025-07-26,C005,50908,1019,CI,C1,0.0,100,2,194C,Cont. Cos - 2%-New Sec-393(1)6(i)
1001,DIM00398AJ,MAHINDRA LOGISTICS LIMITED,27AAFCM2530H1ZO,2025-08-05,2610294877,3400804203,2026,3184326307,001,,0000,000,2025-07-26,2025-04-25,INR,262701058316,RE,H,-16588,-16588,Canteen Rate Rev-Apr-24 to July-24,0016080001,,,2025-07-26,C005,14300,286,CI,C1,0.0,100,2,194C,Cont. Cos - 2%-New Sec-393(1)6(i)
1001,DIM00398AJ,MAHINDRA LOGISTICS LIMITED,27AAFCM2530H1ZO,2025-08-05,2610294877,3400804203,2026,3184326325,001,,0000,000,2025-07-26,2025-04-25,INR,262701058315,RE,H,-14025.38,-14025.38,Canteen Rate Rev-Apr-24 to July-24,0016080001,,,2025-07-26,C005,12091,242,CI,C1,0.0,100,2,194C,Cont. Cos - 2%-New Sec-393(1)6(i)
1001,DIM00398AJ,MAHINDRA LOGISTICS LIMITED,27AAFCM2530H1ZO,2025-08-05,2610294877,3400804203,2026,3184326646,001,,0000,000,2025-07-26,2025-04-25,INR,262701058323,RE,H,-1504.46,-1504.46,Canteen Rate rev.supp.Apr-24 to July-24,0016080001,,,2025-07-26,C005,1297,26,CI,C1,0.0,100,2,194C,Cont. Cos - 2%-New Sec-393(1)6(i)
1001,DIM00398AJ,MAHINDRA LOGISTICS LIMITED,27AAFCM2530H1ZO,2025-08-05,2610294877,3400804203,2026,3184326654,001,,0000,000,2025-07-26,2025-04-25,INR,262701058335,RE,H,-130180.5,-130180.5,Canteen Rate rev.supp.Apr-24 to July-24,0016080001,,,2025-07-26,C005,112225,2245,CI,C1,0.0,100,2,194C,Cont. Cos - 2%-New Sec-393(1)6(i)
1001,DIM00398AJ,MAHINDRA LOGISTICS LIMITED,27AAFCM2530H1ZO,2025-08-05,2610294877,3400804203,2026,3184326660,001,,0000,000,2025-07-26,2025-04-25,INR,262701058329,RE,H,-3248,-3248,Canteen Rate rev.supp.Apr-24 to July-24,0016080001,,,2025-07-26,C005,2800,56,CI,C1,0.0,100,2,194C,Cont. Cos - 2%-New Sec-393(1)6(i)
1001,DIM00398AJ,MAHINDRA LOGISTICS LIMITED,27AAFCM2530H1ZO,2025-08-05,2610294877,3400804203,2026,3184326649,001,,0000,000,2025-07-26,2025-04-25,INR,262701058330,RE,H,-89273.98,-89273.98,Canteen Rate rev.supp.Apr-24 to July-24,0016080001,,,2025-07-26,C005,76961,1540,CI,C1,0.0,100,2,194C,Cont. Cos - 2%-New Sec-393(1)6(i)
1001,DIM00398AJ,MAHINDRA LOGISTICS LIMITED,27AAFCM2530H1ZO,2025-08-05,2610294877,3400804203,2026,3184326310,001,,0000,000,2025-07-26,2025-04-25,INR,262701058313,RE,H,-10481.48,-10481.48,Canteen Rate Rev-Apr-24 to July-24,0016080001,,,2025-07-26,C005,9036,181,CI,C1,0.0,100,2,194C,Cont. Cos - 2%-New Sec-393(1)6(i)
1001,DIM00398AJ,MAHINDRA LOGISTICS LIMITED,27AAFCM2530H1ZO,2025-08-05,2610294877,3400804203,2026,3184326653,001,,0000,000,2025-07-26,2025-04-25,INR,262701058328,RE,H,-44668.44,-44668.44,Canteen Rate rev.supp.Apr-24 to July-24,0016080001,,,2025-07-26,C005,38508,771,CI,C1,0.0,100,2,194C,Cont. Cos - 2%-New Sec-393(1)6(i)
1001,DIM00398AJ,MAHINDRA LOGISTICS LIMITED,27AAFCM2530H1ZO,2025-08-05,2610294877,3400804203,2026,3184326299,001,,0000,000,2025-07-26,2025-04-25,INR,262701058322,RE,H,-18745.98,-18745.98,Canteen Rate Rev-Apr-24 to July-24,0016080001,,,2025-07-26,C005,16161,324,CI,C1,0.0,100,2,194C,Cont. Cos - 2%-New Sec-393(1)6(i)
1001,DIM00398AJ,MAHINDRA LOGISTICS LIMITED,27AAFCM2530H1ZO,2025-08-05,2610294877,3400804203,2026,3184326662,001,,0000,000,2025-07-26,2025-04-25,INR,262701058331,RE,H,-30351.88,-30351.88,Canteen Rate rev.supp.Apr-24 to July-24,0016080001,,,2025-07-26,C005,26166,524,CI,C1,0.0,100,2,194C,Cont. Cos - 2%-New Sec-393(1)6(i)
1001,DIM00398AJ,MAHINDRA LOGISTICS LIMITED,27AAFCM2530H1ZO,2025-08-05,2610294877,3400804203,2026,3184326645,001,,0000,000,2025-07-26,2025-04-25,INR,262701058336,RE,H,-27812.86,-27812.86,Canteen Rate rev.supp.Apr-24 to July-24,0016080001,,,2025-07-26,C005,23977,480,CI,C1,0.0,100,2,194C,Cont. Cos - 2%-New Sec-393(1)6(i)
1001,DIM00398AJ,MAHINDRA LOGISTICS LIMITED,27AAFCM2530H1ZO,2025-08-05,2610294877,3400804203,2026,3184326305,001,,0000,000,2025-07-26,2025-04-25,INR,262701058317,RE,H,-46156.2,-46156.2,Canteen Rate Rev-Apr-24 to July-24,0016080001,,,2025-07-26,C005,39790,796,CI,C1,0.0,100,2,194C,Cont. Cos - 2%-New Sec-393(1)6(i)
1001,DIM00398AJ,MAHINDRA LOGISTICS LIMITED,27AAFCM2530H1ZO,2025-08-05,2610294877,3400804203,2026,3184326650,001,,0000,000,2025-07-26,2025-04-25,INR,262701058333,RE,H,-114668.54,-114668.54,Canteen Rate rev.supp.Apr-24 to July-24,0016080001,,,2025-07-26,C005,98853,1978,CI,C1,0.0,100,2,194C,Cont. Cos - 2%-New Sec-393(1)6(i)
1001,DIM00398AJ,MAHINDRA LOGISTICS LIMITED,27AAFCM2530H1ZO,2025-08-05,2610294877,3400804203,2026,3184326324,001,,0000,000,2025-07-26,2025-04-25,INR,262701058314,RE,H,-11093.52,-11093.52,Canteen Rate Rev-Apr-24 to July-24,0016080001,,,2025-07-26,C005,9564,192,CI,C1,0.0,100,2,194C,Cont. Cos - 2%-New Sec-393(1)6(i)
1001,DIM00398AJ,MAHINDRA LOGISTICS LIMITED,27AAFCM2530H1ZO,2025-08-05,2610294877,3400804203,2026,3184326651,001,,0000,000,2025-07-26,2025-04-25,INR,262701058334,RE,H,-139683.06,-139683.06,Canteen Rate rev.supp.Apr-24 to July-24,0016080001,,,2025-07-26,C005,120417,2409,CI,C1,0.0,100,2,194C,Cont. Cos - 2%-New Sec-393(1)6(i)
1001,DIM00398AJ,MAHINDRA LOGISTICS LIMITED,27AAFCM2530H1ZO,2025-08-05,2610294877,3400804321,2026,3184410289,001,,0000,000,2025-07-29,2025-03-17,INR,252701695516,RE,H,-187772.14,-187772.14,CK01-line feeding-OCT-24,0016080001,,,2025-07-29,C005,161873,3238,CI,C1,0.0,100,2,194C,Cont. Cos - 2%-New Sec-393(1)6(i)
1001,DIM00398AJ,MAHINDRA LOGISTICS LIMITED,27AAFCM2530H1ZO,2025-08-05,2610294877,3400804084,2026,3184410577,001,,0000,000,2025-07-29,2025-06-26,INR,262701194552,RE,H,-54090.4,-54090.4,SLF Fixed Staff & GMI,0016080001,,,2025-07-29,C005,46630,933,CI,C1,0.0,100,2,194C,Cont. Cos - 2%-New Sec-393(1)6(i)
1001,DIM00398AJ,MAHINDRA LOGISTICS LIMITED,27AAFCM2530H1ZO,2025-08-05,2610294877,3400804321,2026,3184410478,001,,0000,000,2025-07-29,2025-03-17,INR,252701695517,RE,H,-1759.06,-1759.06,SLF Fixed Staff & GMI,0016080001,,,2025-07-29,C005,1517,31,CI,C1,0.0,100,2,194C,Cont. Cos - 2%-New Sec-393(1)6(i)
1001,DIM00398AJ,MAHINDRA LOGISTICS LIMITED,27AAFCM2530H1ZO,2025-08-05,2610294877,3400804084,2026,3184410355,001,,0000,000,2025-07-29,2025-06-26,INR,262701194536,RE,H,-359897.26,-359897.26,SLF Fixed Staff & GMI,0016080001,,,2025-07-29,C005,310257,6206,CI,C1,0.0,100,2,194C,Cont. Cos - 2%-New Sec-393(1)6(i)
1001,DIM00398AJ,MAHINDRA LOGISTICS LIMITED,27AAFCM2530H1ZO,2025-08-05,2610294877,3400804084,2026,3184410753,001,,0000,000,2025-07-29,2025-06-26,INR,262701194571,RE,H,-60857.52,-60857.52,SLF Fixed Staff & GMI,0016080001,,,2025-07-29,C005,52464,1050,CI,C1,0.0,100,2,194C,Cont. Cos - 2%-New Sec-393(1)6(i)
1001,DIM00398AJ,MAHINDRA LOGISTICS LIMITED,27AAFCM2530H1ZO,2025-08-05,2610294877,3400804084,2026,3184410692,001,,0000,000,2025-07-29,2025-06-26,INR,262701194566,RE,H,-97457.88,-97457.88,SLF Fixed Staff & GMI,0016080001,,,2025-07-29,C005,84016,1681,CI,C1,0.0,100,2,194C,Cont. Cos - 2%-New Sec-393(1)6(i)
1001,DIM00398AJ,MAHINDRA LOGISTICS LIMITED,27AAFCM2530H1ZO,2025-08-05,2610294877,3400804084,2026,3184410759,001,,0000,000,2025-07-29,2025-06-26,INR,262701194573,RE,H,-279802.8,-279802.8,SLF Fixed Staff & GMI,0016080001,,,2025-07-29,C005,241210,4825,CI,C1,0.0,100,2,194C,Cont. Cos - 2%-New Sec-393(1)6(i)
1001,DIM00398AJ,MAHINDRA LOGISTICS LIMITED,27AAFCM2530H1ZO,2025-08-05,2610294877,3400804326,2026,3184410582,001,,0000,000,2025-07-29,2025-03-17,INR,252701695551,RE,H,-20928.56,-20928.56,SLF Fixed Staff & GMI,0016080001,,,2025-07-29,C005,18042,361,CI,C1,0.0,100,2,194C,Cont. Cos - 2%-New Sec-393(1)6(i)
1001,DIM00398AJ,MAHINDRA LOGISTICS LIMITED,27AAFCM2530H1ZO,2025-08-05,2610294877,3400804084,2026,3184410581,001,,0000,000,2025-07-29,2025-06-26,INR,262701194585,RE,H,-54090.4,-54090.4,SLF Fixed Staff & GMI,0016080001,,,2025-07-29,C005,46630,933,CI,C1,0.0,100,2,194C,Cont. Cos - 2%-New Sec-393(1)6(i)
1001,DIM00398AJ,MAHINDRA LOGISTICS LIMITED,27AAFCM2530H1ZO,2025-08-05,2610294877,3400804084,2026,3184410742,001,,0000,000,2025-07-29,2025-06-26,INR,262701194570,RE,H,-1087916.8,-1087916.8,SLF Fixed Staff & GMI,0016080001,,,2025-07-29,C005,937860,18758,CI,C1,0.0,100,2,194C,Cont. Cos - 2%-New Sec-393(1)6(i)
1001,DIM00398AJ,MAHINDRA LOGISTICS LIMITED,27AAFCM2530H1ZO,2025-08-05,2610294877,3400804084,2026,3184410344,001,,0000,000,2025-07-29,2025-06-26,INR,262701194535,RE,H,-2246316.4,-2246316.4,SLF Fixed Staff & GMI,0016080001,,,2025-07-29,C005,1936480,38730,CI,C1,0.0,100,2,194C,Cont. Cos - 2%-New Sec-393(1)6(i)
1001,DIM00398AJ,MAHINDRA LOGISTICS LIMITED,27AAFCM2530H1ZO,2025-08-05,2610294877,3400804084,2026,3184410648,001,,0000,000,2025-07-29,2025-06-26,INR,262701194582,RE,H,-137660.14,-137660.14,SLF Fixed Staff & GMI,0016080001,,,2025-07-29,C005,118673,2374,CI,C1,0.0,100,2,194C,Cont. Cos - 2%-New Sec-393(1)6(i)
1001,DIM00398AJ,MAHINDRA LOGISTICS LIMITED,27AAFCM2530H1ZO,2025-08-05,2610294877,3400804084,2026,3184410482,001,,0000,000,2025-07-29,2025-06-26,INR,262701194545,RE,H,-216366.14,-216366.14,SLF Fixed Staff & GMI,0016080001,,,2025-07-29,C005,186523,3731,CI,C1,0.0,100,2,194C,Cont. Cos - 2%-New Sec-393(1)6(i)
1001,DIM00398AJ,MAHINDRA LOGISTICS LIMITED,27AAFCM2530H1ZO,2025-08-05,2610294877,3400804084,2026,3184410377,001,,0000,000,2025-07-29,2025-06-26,INR,262701194538,RE,H,-132118.1,-132118.1,SLF Fixed Staff & GMI,0016080001,,,2025-07-29,C005,113895,2278,CI,C1,0.0,100,2,194C,Cont. Cos - 2%-New Sec-393(1)6(i)
1001,DIM00398AJ,MAHINDRA LOGISTICS LIMITED,27AAFCM2530H1ZO,2025-08-05,2610294877,3400804321,2026,3184410684,001,,0000,000,2025-07-29,2025-03-17,INR,252701695519,RE,H,-19026.54,-19026.54,SLF Fixed Staff & GMI,0016080001,,,2025-07-29,C005,16403,329,CI,C1,0.0,100,2,194C,Cont. Cos - 2%-New Sec-393(1)6(i)
1001,DIM00398AJ,MAHINDRA LOGISTICS LIMITED,27AAFCM2530H1ZO,2025-08-05,2610294877,3400804084,2026,3184410327,001,,0000,000,2025-07-29,2025-06-26,INR,262701194534,RE,H,-407163.72,-407163.72,SLF Fixed Staff & GMI,0016080001,,,2025-07-29,C005,351004,7021,CI,C1,0.0,100,2,194C,Cont. Cos - 2%-New Sec-393(1)6(i)
1001,DIM00398AJ,MAHINDRA LOGISTICS LIMITED,27AAFCM2530H1ZO,2025-08-05,2610294877,3400804084,2026,3184410886,001,,0000,000,2025-07-29,2025-06-26,INR,262701194567,RE,H,-609156.3,-609156.3,SLF Fixed Staff & GMI,0016080001,,,2025-07-29,C005,525135,10503,CI,C1,0.0,100,2,194C,Cont. Cos - 2%-New Sec-393(1)6(i)
1001,DIM00398AJ,MAHINDRA LOGISTICS LIMITED,27AAFCM2530H1ZO,2025-08-05,2610294877,3400804326,2026,3184410912,001,,0000,000,2025-07-29,2025-03-17,INR,252701695547,RE,H,-3944.18,-3944.18,"Eilling for lnplant
Warehousing and
Lanefeeding of",0016080001,,,2025-07-29,C005,3401,69,CI,C1,0.0,100,2,194C,Cont. Cos - 2%-New Sec-393(1)6(i)
1001,DIM00398AJ,MAHINDRA LOGISTICS LIMITED,27AAFCM2530H1ZO,2025-08-05,2610294877,3400804084,2026,3184410402,001,,0000,000,2025-07-29,2025-06-26,INR,262701194539,RE,H,-421219.78,-421219.78,SLF Fixed Staff & GMI,0016080001,,,2025-07-29,C005,363121,7263,CI,C1,0.0,100,2,194C,Cont. Cos - 2%-New Sec-393(1)6(i)
1001,DIM00398AJ,MAHINDRA LOGISTICS LIMITED,27AAFCM2530H1ZO,2025-08-05,2610294877,3400804084,2026,3184410468,001,,0000,000,2025-07-29,2025-06-26,INR,262701194543,RE,H,-86369.26,-86369.26,SLF Fixed Staff & GMI,0016080001,,,2025-07-29,C005,74457,1490,CI,C1,0.0,100,2,194C,Cont. Cos - 2%-New Sec-393(1)6(i)
1001,DIM00398AJ,MAHINDRA LOGISTICS LIMITED,27AAFCM2530H1ZO,2025-08-05,2610294877,3400804321,2026,3184410522,001,,0000,000,2025-07-29,2025-03-17,INR,252701695518,RE,H,-7785.16,-7785.16,SLF Fixed Staff & GMI,0016080001,,,2025-07-29,C005,6712,135,CI,C1,0.0,100,2,194C,Cont. Cos - 2%-New Sec-393(1)6(i)
1001,DIM00398AJ,MAHINDRA LOGISTICS LIMITED,27AAFCM2530H1ZO,2025-08-05,2610294877,3400804321,2026,3184410293,001,,0000,000,2025-07-29,2025-03-17,INR,252701695530,RE,H,-193522.4,-193522.4,CK01-line feeding-OCT-24,0016080001,,,2025-07-29,C005,166830,3337,CI,C1,0.0,100,2,194C,Cont. Cos - 2%-New Sec-393(1)6(i)
1001,DIM00398AJ,MAHINDRA LOGISTICS LIMITED,27AAFCM2530H1ZO,2025-08-05,2610294877,3400804084,2026,3184410514,001,,0000,000,2025-07-29,2025-06-26,INR,262701194589,RE,H,-149274.3,-149274.3,SLF Fixed Staff & GMI,0016080001,,,2025-07-29,C005,128685,2574,CI,C1,0.0,100,2,194C,Cont. Cos - 2%-New Sec-393(1)6(i)
1001,DIM00398AJ,MAHINDRA LOGISTICS LIMITED,27AAFCM2530H1ZO,2025-08-05,2610294877,3400804084,2026,3184410765,001,,0000,000,2025-07-29,2025-06-26,INR,262701194575,RE,H,-210033.52,-210033.52,SLF Fixed Staff & GMI,0016080001,,,2025-07-29,C005,181064,3622,CI,C1,0.0,100,2,194C,Cont. Cos - 2%-New Sec-393(1)6(i)
1001,DIM00398AJ,MAHINDRA LOGISTICS LIMITED,27AAFCM2530H1ZO,2025-08-05,2610294877,3400804084,2026,3184410543,001,,0000,000,2025-07-29,2025-06-26,INR,262701194550,RE,H,-110288.86,-110288.86,SLF Fixed Staff & GMI,0016080001,,,2025-07-29,C005,95077,1902,CI,C1,0.0,100,2,194C,Cont. Cos - 2%-New Sec-393(1)6(i)
1001,DIM00398AJ,MAHINDRA LOGISTICS LIMITED,27AAFCM2530H1ZO,2025-08-05,2610294877,3400804321,2026,3184410350,001,,0000,000,2025-07-29,2025-03-17,INR,252701695529,RE,H,-6477.12,-6477.12,CK01-line feeding-OCT-24-OT,0016080001,,,2025-07-29,C005,5584,112,CI,C1,0.0,100,2,194C,Cont. Cos - 2%-New Sec-393(1)6(i)
1001,DIM00398AJ,MAHINDRA LOGISTICS LIMITED,27AAFCM2530H1ZO,2025-08-05,2610294877,3400804084,2026,3184410748,001,,0000,000,2025-07-29,2025-06-26,INR,262701194576,RE,H,-701125.42,-701125.42,SLF Fixed Staff & GMI,0016080001,,,2025-07-29,C005,604419,12089,CI,C1,0.0,100,2,194C,Cont. Cos - 2%-New Sec-393(1)6(i)
1001,DIM00398AJ,MAHINDRA LOGISTICS LIMITED,27AAFCM2530H1ZO,2025-08-05,2610294877,3400804084,2026,3184410445,001,,0000,000,2025-07-29,2025-06-26,INR,262701194541,RE,H,-39856.8,-39856.8,SLF Fixed Staff & GMI,0016080001,,,2025-07-29,C005,34360,688,CI,C1,0.0,100,2,194C,Cont. Cos - 2%-New Sec-393(1)6(i)
1001,DIM00398AJ,MAHINDRA LOGISTICS LIMITED,27AAFCM2530H1ZO,2025-08-05,2610294877,3400804321,2026,3184410664,001,,0000,000,2025-07-29,2025-03-17,INR,252701695520,RE,H,-33324.04,-33324.04,SLF Fixed Staff & GMI,0016080001,,,2025-07-29,C005,28728,575,CI,C1,0.0,100,2,194C,Cont. Cos - 2%-New Sec-393(1)6(i)
1001,DIM00398AJ,MAHINDRA LOGISTICS LIMITED,27AAFCM2530H1ZO,2025-08-05,2610294877,3400804326,2026,3184410497,001,,0000,000,2025-07-29,2025-03-17,INR,252701695545,RE,H,-11834.54,-11834.54,SLF Fixed Staff & GMI,0016080001,,,2025-07-29,C005,10203,205,CI,C1,0.0,100,2,194C,Cont. Cos - 2%-New Sec-393(1)6(i)
1001,DIM00398AJ,MAHINDRA LOGISTICS LIMITED,27AAFCM2530H1ZO,2025-08-05,2610294877,3400804084,2026,3184410769,001,,0000,000,2025-07-29,2025-06-26,INR,262701194574,RE,H,-4429671.94,-4429671.94,SLF Fixed Staff & GMI,0016080001,,,2025-07-29,C005,3818683,76374,CI,C1,0.0,100,2,194C,Cont. Cos - 2%-New Sec-393(1)6(i)
1001,DIM00398AJ,MAHINDRA LOGISTICS LIMITED,27AAFCM2530H1ZO,2025-08-05,2610294877,3400804321,2026,3184410548,001,,0000,000,2025-07-29,2025-03-17,INR,252701695521,RE,H,-2958.18,-2958.18,SLF Fixed Staff & GMI,0016080001,,,2025-07-29,C005,2551,52,CI,C1,0.0,100,2,194C,Cont. Cos - 2%-New Sec-393(1)6(i)
1001,DIM00398AJ,MAHINDRA LOGISTICS LIMITED,27AAFCM2530H1ZO,2025-08-05,2610294877,3400804304,2026,3184410839,001,,0000,000,2025-07-29,2025-03-17,INR,252701695602,RE,H,-1972.18,-1972.18,"B:lling for lnplant
Warehousing and
Linefeeding of",0016080001,,,2025-07-29,C005,1701,35,CI,C1,0.0,100,2,194C,Cont. Cos - 2%-New Sec-393(1)6(i)
1001,DIM00398AJ,MAHINDRA LOGISTICS LIMITED,27AAFCM2530H1ZO,2025-08-05,2610294877,3400804084,2026,3184410882,001,,0000,000,2025-07-29,2025-06-26,INR,262701194554,RE,H,-531895.58,-531895.58,SLF Fixed Staff & GMI,0016080001,,,2025-07-29,C005,458531,9171,CI,C1,0.0,100,2,194C,Cont. Cos - 2%-New Sec-393(1)6(i)
1001,DIM00398AJ,MAHINDRA LOGISTICS LIMITED,27AAFCM2530H1ZO,2025-08-05,2610294877,3400804084,2026,3184410720,001,,0000,000,2025-07-29,2025-06-26,INR,262701194569,RE,H,-112386.3,-112386.3,SLF Fixed Staff & GMI,0016080001,,,2025-07-29,C005,96885,1938,CI,C1,0.0,100,2,194C,Cont. Cos - 2%-New Sec-393(1)6(i)
1001,DIM00398AJ,MAHINDRA LOGISTICS LIMITED,27AAFCM2530H1ZO,2025-08-05,2610294877,3400804084,2026,3184410288,001,,0000,000,2025-07-29,2025-06-26,INR,262701194532,RE,H,-4229824.18,-4229824.18,SLF Fixed Staff & GMI,0016080001,,,2025-07-29,C005,3646401,72929,CI,C1,0.0,100,2,194C,Cont. Cos - 2%-New Sec-393(1)6(i)
1001,DIM00398AJ,MAHINDRA LOGISTICS LIMITED,27AAFCM2530H1ZO,2025-08-05,2610294877,3400804321,2026,3184410693,001,,0000,000,2025-07-29,2025-03-17,INR,252701695528,RE,H,-34359.78,-34359.78,SLF Fixed Staff & GMI,0016080001,,,2025-07-29,C005,29621,593,CI,C1,0.0,100,2,194C,Cont. Cos - 2%-New Sec-393(1)6(i)
1001,DIM00398AJ,MAHINDRA LOGISTICS LIMITED,27AAFCM2530H1ZO,2025-08-05,2610294877,3400804084,2026,3184410898,001,,0000,000,2025-07-29,2025-06-26,INR,262701194563,RE,H,-41090.14,-41090.14,SLF Fixed Staff & GMI,0016080001,,,2025-07-29,C005,35423,709,CI,C1,0.0,100,2,194C,Cont. Cos - 2%-New Sec-393(1)6(i)
1001,DIM00398AJ,MAHINDRA LOGISTICS LIMITED,27AAFCM2530H1ZO,2025-08-05,2610294877,3400804084,2026,3184410632,001,,0000,000,2025-07-29,2025-06-26,INR,262701194583,RE,H,-49471.64,-49471.64,SLF Fixed Staff & GMI,0016080001,,,2025-07-29,C005,42648,853,CI,C1,0.0,100,2,194C,Cont. Cos - 2%-New Sec-393(1)6(i)
1001,DIM00398AJ,MAHINDRA LOGISTICS LIMITED,27AAFCM2530H1ZO,2025-08-05,2610294877,3400804084,2026,3184410708,001,,0000,000,2025-07-29,2025-06-26,INR,262701194568,RE,H,-172744.24,-172744.24,SLF Fixed Staff & GMI,0016080001,,,2025-07-29,C005,148918,2979,CI,C1,0.0,100,2,194C,Cont. Cos - 2%-New Sec-393(1)6(i)
1001,DIM00398AJ,MAHINDRA LOGISTICS LIMITED,27AAFCM2530H1ZO,2025-08-05,2610294877,3400804084,2026,3184410873,001,,0000,000,2025-07-29,2025-06-26,INR,262701194565,RE,H,-354676.08,-354676.08,SLF Fixed Staff & GMI,0016080001,,,2025-07-29,C005,305756,6116,CI,C1,0.0,100,2,194C,Cont. Cos - 2%-New Sec-393(1)6(i)
1001,DIM00398AJ,MAHINDRA LOGISTICS LIMITED,27AAFCM2530H1ZO,2025-08-05,2610294877,3400804084,2026,3184410625,001,,0000,000,2025-07-29,2025-06-26,INR,262701194581,RE,H,-49471.64,-49471.64,SLF Fixed Staff & GMI,0016080001,,,2025-07-29,C005,42648,853,CI,C1,0.0,100,2,194C,Cont. Cos - 2%-New Sec-393(1)6(i)
1001,DIM00398AJ,MAHINDRA LOGISTICS LIMITED,27AAFCM2530H1ZO,2025-08-05,2610294877,3400804326,2026,3184410858,001,,0000,000,2025-07-29,2025-03-17,INR,252701695544,RE,H,-11834.54,-11834.54,SLF Fixed Staff & GMI,0016080001,,,2025-07-29,C005,10203,205,CI,C1,0.0,100,2,194C,Cont. Cos - 2%-New Sec-393(1)6(i)
1001,DIM00398AJ,MAHINDRA LOGISTICS LIMITED,27AAFCM2530H1ZO,2025-08-05,2610294877,3400804321,2026,3184410333,001,,0000,000,2025-07-29,2025-03-17,INR,252701695527,RE,H,-10944.3,-10944.3,CK01-line feeding-OCT-24-OT,0016080001,,,2025-07-29,C005,9435,189,CI,C1,0.0,100,2,194C,Cont. Cos - 2%-New Sec-393(1)6(i)
1001,DIM00398AJ,MAHINDRA LOGISTICS LIMITED,27AAFCM2530H1ZO,2025-08-05,2610294877,3400804321,2026,3184410358,001,,0000,000,2025-07-29,2025-03-17,INR,252701695531,RE,H,-21136.96,-21136.96,CK01-line feeding-OCT-24,0016080001,,,2025-07-29,C005,18222,365,CI,C1,0.0,100,2,194C,Cont. Cos - 2%-New Sec-393(1)6(i)
1001,DIM00398AJ,MAHINDRA LOGISTICS LIMITED,27AAFCM2530H1ZO,2025-08-05,2610294877,3400804084,2026,3184410309,001,,0000,000,2025-07-29,2025-06-26,INR,262701194533,RE,H,-3996517.32,-3996517.32,SLF Fixed Staff & GMI,0016080001,,,2025-07-29,C005,3445274,68906,CI,C1,0.0,100,2,194C,Cont. Cos - 2%-New Sec-393(1)6(i)
1001,DIM00398AJ,MAHINDRA LOGISTICS LIMITED,27AAFCM2530H1ZO,2025-08-05,2610294877,3400804084,2026,3184410535,001,,0000,000,2025-07-29,2025-06-26,INR,262701194588,RE,H,-503721.74,-503721.74,SLF Fixed Staff & GMI,0016080001,,,2025-07-29,C005,434243,8685,CI,C1,0.0,100,2,194C,Cont. Cos - 2%-New Sec-393(1)6(i)
1001,DIM00398AJ,MAHINDRA LOGISTICS LIMITED,27AAFCM2530H1ZO,2025-08-05,2610294877,3400804326,2026,3184410890,001,,0000,000,2025-07-29,2025-03-17,INR,252701695552,RE,H,-11834.54,-11834.54,"Bjiling for lnplant
Linefeeding of
t4aterials at C",0016080001,,,2025-07-29,C005,10203,205,CI,C1,0.0,100,2,194C,Cont. Cos - 2%-New Sec-393(1)6(i)
1001,DIM00398AJ,MAHINDRA LOGISTICS LIMITED,27AAFCM2530H1ZO,2025-08-05,2610294877,3400804084,2026,3184410504,001,,0000,000,2025-07-29,2025-06-26,INR,262701194547,RE,H,-81359.84,-81359.84,SLF Fixed Staff & GMI,0016080001,,,2025-07-29,C005,70138,1403,CI,C1,0.0,100,2,194C,Cont. Cos - 2%-New Sec-393(1)6(i)
1001,DIM00398AJ,MAHINDRA LOGISTICS LIMITED,27AAFCM2530H1ZO,2025-08-05,2610294877,3400804084,2026,3184410429,001,,0000,000,2025-07-29,2025-06-26,INR,262701194540,RE,H,-549539.38,-549539.38,SLF Fixed Staff & GMI,0016080001,,,2025-07-29,C005,473741,9475,CI,C1,0.0,100,2,194C,Cont. Cos - 2%-New Sec-393(1)6(i)
1001,DIM00398AJ,MAHINDRA LOGISTICS LIMITED,27AAFCM2530H1ZO,2025-08-05,2610294877,3400804304,2026,3184410385,001,,0000,000,2025-07-29,2025-03-17,INR,252701695593,RE,H,-11342.04,-11342.04,SLF Fixed Staff & GMI,0016080001,,,2025-07-29,C005,9778,196,CI,C1,0.0,100,2,194C,Cont. Cos - 2%-New Sec-393(1)6(i)
1001,DIM00398AJ,MAHINDRA LOGISTICS LIMITED,27AAFCM2530H1ZO,2025-08-05,2610294877,3400804084,2026,3184410592,001,,0000,000,2025-07-29,2025-06-26,INR,262701194584,RE,H,-52358.66,-52358.66,SLF Fixed Staff & GMI,0016080001,,,2025-07-29,C005,45137,903,CI,C1,0.0,100,2,194C,Cont. Cos - 2%-New Sec-393(1)6(i)
1001,DIM00398AJ,MAHINDRA LOGISTICS LIMITED,27AAFCM2530H1ZO,2025-08-05,2610294877,3400804084,2026,3184410871,001,,0000,000,2025-07-29,2025-06-26,INR,262701194553,RE,H,-2236102.5,-2236102.5,SLF Fixed Staff & GMI,0016080001,,,2025-07-29,C005,1927675,38554,CI,C1,0.0,100,2,194C,Cont. Cos - 2%-New Sec-393(1)6(i)
1001,DIM00398AJ,MAHINDRA LOGISTICS LIMITED,27AAFCM2530H1ZO,2025-08-05,2610294877,3400804321,2026,3184410364,001,,0000,000,2025-07-29,2025-03-17,INR,252701695525,RE,H,-1972.18,-1972.18,CK01-line feeding-OCT-24,0016080001,,,2025-07-29,C005,1701,35,CI,C1,0.0,100,2,194C,Cont. Cos - 2%-New Sec-393(1)6(i)
1001,DIM00398AJ,MAHINDRA LOGISTICS LIMITED,27AAFCM2530H1ZO,2025-08-05,2610294877,3400804084,2026,3184410492,001,,0000,000,2025-07-29,2025-06-26,INR,262701194546,RE,H,-714405.06,-714405.06,SLF Fixed Staff & GMI,0016080001,,,2025-07-29,C005,615867,12318,CI,C1,0.0,100,2,194C,Cont. Cos - 2%-New Sec-393(1)6(i)
1001,DIM00398AJ,MAHINDRA LOGISTICS LIMITED,27AAFCM2530H1ZO,2025-08-05,2610294877,3400804321,2026,3184410379,001,,0000,000,2025-07-29,2025-03-17,INR,252701695522,RE,H,-48343.68,-48343.68,CK01-line feeding-OCT-24,0016080001,,,2025-07-29,C005,41676,834,CI,C1,0.0,100,2,194C,Cont. Cos - 2%-New Sec-393(1)6(i)
1001,DIM00398AJ,MAHINDRA LOGISTICS LIMITED,27AAFCM2530H1ZO,2025-08-05,2610294877,3400804084,2026,3184410667,001,,0000,000,2025-07-29,2025-06-26,INR,262701194579,RE,H,-1659306.66,-1659306.66,SLF Fixed Staff & GMI,0016080001,,,2025-07-29,C005,1430437,28609,CI,C1,0.0,100,2,194C,Cont. Cos - 2%-New Sec-393(1)6(i)
1001,DIM00398AJ,MAHINDRA LOGISTICS LIMITED,27AAFCM2530H1ZO,2025-08-05,2610294877,3400804084,2026,3184410553,001,,0000,000,2025-07-29,2025-06-26,INR,262701194586,RE,H,-53523.38,-53523.38,SLF Fixed Staff & GMI,0016080001,,,2025-07-29,C005,46141,923,CI,C1,0.0,100,2,194C,Cont. Cos - 2%-New Sec-393(1)6(i)
1001,DIM00398AJ,MAHINDRA LOGISTICS LIMITED,27AAFCM2530H1ZO,2025-08-05,2610294877,3400804304,2026,3184410567,001,,0000,000,2025-07-29,2025-03-17,INR,252701695591,RE,H,-1972.18,-1972.18,SLF Fixed Staff & GMI,0016080001,,,2025-07-29,C005,1701,35,CI,C1,0.0,100,2,194C,Cont. Cos - 2%-New Sec-393(1)6(i)
1001,DIM00398AJ,MAHINDRA LOGISTICS LIMITED,27AAFCM2530H1ZO,2025-08-05,2610294877,3400804321,2026,3184410414,001,,0000,000,2025-07-29,2025-03-17,INR,252701695524,RE,H,-1621.64,-1621.64,SLF Fixed Staff & GMI,0016080001,,,2025-07-29,C005,1398,28,CI,C1,0.0,100,2,194C,Cont. Cos - 2%-New Sec-393(1)6(i)
1001,DIM00398AJ,MAHINDRA LOGISTICS LIMITED,27AAFCM2530H1ZO,2025-08-05,2610294877,3400804084,2026,3184410457,001,,0000,000,2025-07-29,2025-06-26,INR,262701194542,RE,H,-1107474.6,-1107474.6,SLF Fixed Staff & GMI,0016080001,,,2025-07-29,C005,954720,19095,CI,C1,0.0,100,2,194C,Cont. Cos - 2%-New Sec-393(1)6(i)
1001,DIM00398AJ,MAHINDRA LOGISTICS LIMITED,27AAFCM2530H1ZO,2025-08-05,2610294877,3400804084,2026,3184410756,001,,0000,000,2025-07-29,2025-06-26,INR,262701194578,RE,H,-136469.28,-136469.28,SLF Fixed Staff & GMI,0016080001,,,2025-07-29,C005,117646,2353,CI,C1,0.0,100,2,194C,Cont. Cos - 2%-New Sec-393(1)6(i)
1001,DIM00398AJ,MAHINDRA LOGISTICS LIMITED,27AAFCM2530H1ZO,2025-08-05,2610294877,3400804084,2026,3184410518,001,,0000,000,2025-07-29,2025-06-26,INR,262701194548,RE,H,-132649.72,-132649.72,SLF Fixed Staff & GMI,0016080001,,,2025-07-29,C005,114354,2288,CI,C1,0.0,100,2,194C,Cont. Cos - 2%-New Sec-393(1)6(i)
1001,DIM00398AJ,MAHINDRA LOGISTICS LIMITED,27AAFCM2530H1ZO,2025-08-05,2610294877,3400804326,2026,3184446692,001,,0000,000,2025-07-30,2025-03-17,INR,252701695558,RE,H,-24616.96,-24616.96,CK01-line feeding-NOV-24-OT,0016080001,,,2025-07-30,C005,21222,425,CI,C1,0.0,100,2,194C,Cont. Cos - 2%-New Sec-393(1)6(i)
1001,DIM00398AJ,MAHINDRA LOGISTICS LIMITED,27AAFCM2530H1ZO,2025-08-05,2610294877,3400804304,2026,3184446702,001,,0000,000,2025-07-30,2025-03-17,INR,252701695601,RE,H,-1972.18,-1972.18,CK01-line feeding-DEC-24-OT,0016080001,,,2025-07-30,C005,1701,35,CI,C1,0.0,100,2,194C,Cont. Cos - 2%-New Sec-393(1)6(i)
1001,DIM00398AJ,MAHINDRA LOGISTICS LIMITED,27AAFCM2530H1ZO,2025-08-05,2610294877,3400804304,2026,3184446709,001,,0000,000,2025-07-30,2025-03-17,INR,252701695575,RE,H,-3944.18,-3944.18,CK01-line feeding-DEC-24-OT,0016080001,,,2025-07-30,C005,3401,69,CI,C1,0.0,100,2,194C,Cont. Cos - 2%-New Sec-393(1)6(i)
1001,DIM00398AJ,MAHINDRA LOGISTICS LIMITED,27AAFCM2530H1ZO,2025-08-05,2610294877,3400804304,2026,3184446647,001,,0000,000,2025-07-30,2025-03-17,INR,252701695599,RE,H,-17260.4,-17260.4,CK01-line feeding-DEC-24-OT,0016080001,,,2025-07-30,C005,14880,298,CI,C1,0.0,100,2,194C,Cont. Cos - 2%-New Sec-393(1)6(i)
1001,DIM00398AJ,MAHINDRA LOGISTICS LIMITED,27AAFCM2530H1ZO,2025-08-05,2610294877,3400804304,2026,3184446677,001,,0000,000,2025-07-30,2025-03-17,INR,252701695583,RE,H,-44944.1,-44944.1,CK01-line feeding-DEC-24-OT,0016080001,,,2025-07-30,C005,38745,775,CI,C1,0.0,100,2,194C,Cont. Cos - 2%-New Sec-393(1)6(i)
1001,DIM00398AJ,MAHINDRA LOGISTICS LIMITED,27AAFCM2530H1ZO,2025-08-05,2610294877,3400804326,2026,3184446720,001,,0000,000,2025-07-30,2025-03-17,INR,252701695556,RE,H,-21861.28,-21861.28,CK01-line feeding-NOV-24-OT,0016080001,,,2025-07-30,C005,18846,377,CI,C1,0.0,100,2,194C,Cont. Cos - 2%-New Sec-393(1)6(i)
1001,DIM00398AJ,MAHINDRA LOGISTICS LIMITED,27AAFCM2530H1ZO,2025-08-05,2610294877,3400804326,2026,3184446656,001,,0000,000,2025-07-30,2025-03-17,INR,252701695543,RE,H,-3944.18,-3944.18,CK01-line feeding-NOV-24-OT,0016080001,,,2025-07-30,C005,3401,69,CI,C1,0.0,100,2,194C,Cont. Cos - 2%-New Sec-393(1)6(i)
1001,DIM00398AJ,MAHINDRA LOGISTICS LIMITED,27AAFCM2530H1ZO,2025-08-05,2610294877,3400804304,2026,3184446708,001,,0000,000,2025-07-30,2025-03-17,INR,252701695578,RE,H,-3944.18,-3944.18,CK01-line feeding-DEC-24-OT,0016080001,,,2025-07-30,C005,3401,69,CI,C1,0.0,100,2,194C,Cont. Cos - 2%-New Sec-393(1)6(i)
1001,DIM00398AJ,MAHINDRA LOGISTICS LIMITED,27AAFCM2530H1ZO,2025-08-05,2610294877,3400804304,2026,3184446728,001,,0000,000,2025-07-30,2025-03-17,INR,252701695595,RE,H,-9370.04,-9370.04,CK01-line feeding-DEC-24-OT,0016080001,,,2025-07-30,C005,8078,162,CI,C1,0.0,100,2,194C,Cont. Cos - 2%-New Sec-393(1)6(i)
1001,DIM00398AJ,MAHINDRA LOGISTICS LIMITED,27AAFCM2530H1ZO,2025-08-05,2610294877,3400804326,2026,3184446688,001,,0000,000,2025-07-30,2025-03-17,INR,252701695538,RE,H,-14793.72,-14793.72,CK01-line feeding-NOV-24-OT,0016080001,,,2025-07-30,C005,12754,256,CI,C1,0.0,100,2,194C,Cont. Cos - 2%-New Sec-393(1)6(i)
1001,DIM00398AJ,MAHINDRA LOGISTICS LIMITED,27AAFCM2530H1ZO,2025-08-05,2610294877,3400804304,2026,3184446729,001,,0000,000,2025-07-30,2025-03-17,INR,252701695589,RE,H,-7889.36,-7889.36,CK01-line feeding-DEC-24-OT,0016080001,,,2025-07-30,C005,6802,137,CI,C1,0.0,100,2,194C,Cont. Cos - 2%-New Sec-393(1)6(i)
1001,DIM00398AJ,MAHINDRA LOGISTICS LIMITED,27AAFCM2530H1ZO,2025-08-05,2610294877,3400804326,2026,3184446651,001,,0000,000,2025-07-30,2025-03-17,INR,252701695541,RE,H,-15779.72,-15779.72,CK01-line feeding-NOV-24-OT,0016080001,,,2025-07-30,C005,13604,273,CI,C1,0.0,100,2,194C,Cont. Cos - 2%-New Sec-393(1)6(i)
1001,DIM00398AJ,MAHINDRA LOGISTICS LIMITED,27AAFCM2530H1ZO,2025-08-05,2610294877,3400804326,2026,3184446630,001,,0000,000,2025-07-30,2025-03-17,INR,252701695536,RE,H,-33261.32,-33261.32,CK01-line feeding-OCT-24-OT,0016080001,,,2025-07-30,C005,28674,574,CI,C1,0.0,100,2,194C,Cont. Cos - 2%-New Sec-393(1)6(i)
1001,DIM00398AJ,MAHINDRA LOGISTICS LIMITED,27AAFCM2530H1ZO,2025-08-05,2610294877,3400804326,2026,3184446697,001,,0000,000,2025-07-30,2025-03-17,INR,252701695534,RE,H,-276041.06,-276041.06,CK01-line feeding-NOV-24-OT,0016080001,,,2025-07-30,C005,237967,4760,CI,C1,0.0,100,2,194C,Cont. Cos - 2%-New Sec-393(1)6(i)
1001,DIM00398AJ,MAHINDRA LOGISTICS LIMITED,27AAFCM2530H1ZO,2025-08-05,2610294877,3400804326,2026,3184446653,001,,0000,000,2025-07-30,2025-03-17,INR,252701695535,RE,H,-175564.82,-175564.82,CK01-line feeding-NOV-24-OT,0016080001,,,2025-07-30,C005,151349,3027,CI,C1,0.0,100,2,194C,Cont. Cos - 2%-New Sec-393(1)6(i)
1001,DIM00398AJ,MAHINDRA LOGISTICS LIMITED,27AAFCM2530H1ZO,2025-08-05,2610294877,3400804326,2026,3184446674,001,,0000,000,2025-07-30,2025-03-17,INR,252701695542,RE,H,-43825.58,-43825.58,CK01-line feeding-NOV-24-OT,0016080001,,,2025-07-30,C005,37781,756,CI,C1,0.0,100,2,194C,Cont. Cos - 2%-New Sec-393(1)6(i)
1001,DIM00398AJ,MAHINDRA LOGISTICS LIMITED,27AAFCM2530H1ZO,2025-08-05,2610294877,3400804326,2026,3184446632,001,,0000,000,2025-07-30,2025-03-17,INR,252701695548,RE,H,-91726.5,-91726.5,CK01-line feeding-NOV-24-OT,0016080001,,,2025-07-30,C005,79075,1582,CI,C1,0.0,100,2,194C,Cont. Cos - 2%-New Sec-393(1)6(i)
1001,DIM00398AJ,MAHINDRA LOGISTICS LIMITED,27AAFCM2530H1ZO,2025-08-05,2610294877,3400804304,2026,3184446685,001,,0000,000,2025-07-30,2025-03-17,INR,252701695598,RE,H,-58685.38,-58685.38,CK01-line feeding-DEC-24-OT,0016080001,,,2025-07-30,C005,50591,1012,CI,C1,0.0,100,2,194C,Cont. Cos - 2%-New Sec-393(1)6(i)
1001,DIM00398AJ,MAHINDRA LOGISTICS LIMITED,27AAFCM2530H1ZO,2025-08-05,2610294877,3400804321,2026,3184446629,001,,0000,000,2025-07-30,2025-03-17,INR,252701695526,RE,H,-39918.34,-39918.34,CK01-line feeding-OCT-24-OT,0016080001,,,2025-07-30,C005,34413,689,CI,C1,0.0,100,2,194C,Cont. Cos - 2%-New Sec-393(1)6(i)
1001,DIM00398AJ,MAHINDRA LOGISTICS LIMITED,27AAFCM2530H1ZO,2025-08-05,2610294877,3400804304,2026,3184446722,001,,0000,000,2025-07-30,2025-03-17,INR,252701695590,RE,H,-35014.3,-35014.3,CK01-line feeding-DEC-24-OT,0016080001,,,2025-07-30,C005,30185,604,CI,C1,0.0,100,2,194C,Cont. Cos - 2%-New Sec-393(1)6(i)
1001,DIM00398AJ,MAHINDRA LOGISTICS LIMITED,27AAFCM2530H1ZO,2025-08-05,2610294877,3400804304,2026,3184446675,001,,0000,000,2025-07-30,2025-03-17,INR,252701695597,RE,H,-1972.18,-1972.18,CK01-line feeding-DEC-24-OT,0016080001,,,2025-07-30,C005,1701,35,CI,C1,0.0,100,2,194C,Cont. Cos - 2%-New Sec-393(1)6(i)
1001,DIM00398AJ,MAHINDRA LOGISTICS LIMITED,27AAFCM2530H1ZO,2025-08-05,2610294877,3400804304,2026,3184446680,001,,0000,000,2025-07-30,2025-03-17,INR,252701695584,RE,H,-1972.18,-1972.18,CK01-line feeding-DEC-24-OT,0016080001,,,2025-07-30,C005,1701,35,CI,C1,0.0,100,2,194C,Cont. Cos - 2%-New Sec-393(1)6(i)
1001,DIM00398AJ,MAHINDRA LOGISTICS LIMITED,27AAFCM2530H1ZO,2025-08-05,2610294877,3400804326,2026,3184446699,001,,0000,000,2025-07-30,2025-03-17,INR,252701695554,RE,H,-9862.54,-9862.54,CK01-line feeding-NOV-24-OT,0016080001,,,2025-07-30,C005,8503,171,CI,C1,0.0,100,2,194C,Cont. Cos - 2%-New Sec-393(1)6(i)
1001,DIM00398AJ,MAHINDRA LOGISTICS LIMITED,27AAFCM2530H1ZO,2025-08-05,2610294877,3400804304,2026,3184446666,001,,0000,000,2025-07-30,2025-03-17,INR,252701695582,RE,H,-7889.36,-7889.36,CK01-line feeding-DEC-24-OT,0016080001,,,2025-07-30,C005,6802,137,CI,C1,0.0,100,2,194C,Cont. Cos - 2%-New Sec-393(1)6(i)
1001,DIM00398AJ,MAHINDRA LOGISTICS LIMITED,27AAFCM2530H1ZO,2025-08-05,2610294877,3400804304,2026,3184446663,001,,0000,000,2025-07-30,2025-03-17,INR,252701695571,RE,H,-84329.64,-84329.64,CK01-line feeding-DEC-24-OT,0016080001,,,2025-07-30,C005,72698,1454,CI,C1,0.0,100,2,194C,Cont. Cos - 2%-New Sec-393(1)6(i)
1001,DIM00398AJ,MAHINDRA LOGISTICS LIMITED,27AAFCM2530H1ZO,2025-08-05,2610294877,3400804304,2026,3184446726,001,,0000,000,2025-07-30,2025-03-17,INR,252701695592,RE,H,-29095.94,-29095.94,CK01-line feeding-DEC-24-OT,0016080001,,,2025-07-30,C005,25083,502,CI,C1,0.0,100,2,194C,Cont. Cos - 2%-New Sec-393(1)6(i)
1001,DIM00398AJ,MAHINDRA LOGISTICS LIMITED,27AAFCM2530H1ZO,2025-08-05,2610294877,3400804304,2026,3184446668,001,,0000,000,2025-07-30,2025-03-17,INR,252701695581,RE,H,-5917.36,-5917.36,CK01-line feeding-DEC-24-OT,0016080001,,,2025-07-30,C005,5102,103,CI,C1,0.0,100,2,194C,Cont. Cos - 2%-New Sec-393(1)6(i)
1001,DIM00398AJ,MAHINDRA LOGISTICS LIMITED,27AAFCM2530H1ZO,2025-08-05,2610294877,3400804304,2026,3184446711,001,,0000,000,2025-07-30,2025-03-17,INR,252701695588,RE,H,-7396.86,-7396.86,CK01-line feeding-DEC-24-OT,0016080001,,,2025-07-30,C005,6377,128,CI,C1,0.0,100,2,194C,Cont. Cos - 2%-New Sec-393(1)6(i)
1001,DIM00398AJ,MAHINDRA LOGISTICS LIMITED,27AAFCM2530H1ZO,2025-08-05,2610294877,3400804304,2026,3184446731,001,,0000,000,2025-07-30,2025-03-17,INR,252701695579,RE,H,-12821.72,-12821.72,CK01-line feeding-DEC-24-OT,0016080001,,,2025-07-30,C005,11054,222,CI,C1,0.0,100,2,194C,Cont. Cos - 2%-New Sec-393(1)6(i)
1001,DIM00398AJ,MAHINDRA LOGISTICS LIMITED,27AAFCM2530H1ZO,2025-08-05,2610294877,3400804326,2026,3184446700,001,,0000,000,2025-07-30,2025-03-17,INR,252701695557,RE,H,-19724.9,-19724.9,CK01-line feeding-NOV-24-OT,0016080001,,,2025-07-30,C005,17005,341,CI,C1,0.0,100,2,194C,Cont. Cos - 2%-New Sec-393(1)6(i)
1001,DIM00398AJ,MAHINDRA LOGISTICS LIMITED,27AAFCM2530H1ZO,2025-08-05,2610294877,3400804326,2026,3184446658,001,,0000,000,2025-07-30,2025-03-17,INR,252701695539,RE,H,-29380.04,-29380.04,CK01-line feeding-NOV-24-OT,0016080001,,,2025-07-30,C005,25328,507,CI,C1,0.0,100,2,194C,Cont. Cos - 2%-New Sec-393(1)6(i)
1001,DIM00398AJ,MAHINDRA LOGISTICS LIMITED,27AAFCM2530H1ZO,2025-08-05,2610294877,3400804304,2026,3184446660,001,,0000,000,2025-07-30,2025-03-17,INR,252701695587,RE,H,-15779.72,-15779.72,CK01-line feeding-DEC-24-OT,0016080001,,,2025-07-30,C005,13604,273,CI,C1,0.0,100,2,194C,Cont. Cos - 2%-New Sec-393(1)6(i)
1001,DIM00398AJ,MAHINDRA LOGISTICS LIMITED,27AAFCM2530H1ZO,2025-08-05,2610294877,3400804321,2026,3184446627,001,,0000,000,2025-07-30,2025-03-17,INR,252701695523,RE,H,-90983.12,-90983.12,CK01-line feeding-OCT-24-OT,0016080001,,,2025-07-30,C005,78434,1569,CI,C1,0.0,100,2,194C,Cont. Cos - 2%-New Sec-393(1)6(i)
1001,DIM00398AJ,MAHINDRA LOGISTICS LIMITED,27AAFCM2530H1ZO,2025-08-05,2610294877,3400804304,2026,3184446671,001,,0000,000,2025-07-30,2025-03-17,INR,252701695600,RE,H,-1972.18,-1972.18,CK01-line feeding-DEC-24-OT,0016080001,,,2025-07-30,C005,1701,35,CI,C1,0.0,100,2,194C,Cont. Cos - 2%-New Sec-393(1)6(i)
1001,DIM00398AJ,MAHINDRA LOGISTICS LIMITED,27AAFCM2530H1ZO,2025-08-05,2610294877,3400804304,2026,3184446704,001,,0000,000,2025-07-30,2025-03-17,INR,252701695604,RE,H,-3944.18,-3944.18,CK01-line feeding-NOV-24-OT,0016080001,,,2025-07-30,C005,3401,69,CI,C1,0.0,100,2,194C,Cont. Cos - 2%-New Sec-393(1)6(i)
1001,DIM00398AJ,MAHINDRA LOGISTICS LIMITED,27AAFCM2530H1ZO,2025-08-05,2610294877,3400804326,2026,3184446737,001,,0000,000,2025-07-30,2025-03-17,INR,252701695560,RE,H,-3944.18,-3944.18,CK01-line feeding-NOV-24-OT,0016080001,,,2025-07-30,C005,3401,69,CI,C1,0.0,100,2,194C,Cont. Cos - 2%-New Sec-393(1)6(i)
1001,DIM00398AJ,MAHINDRA LOGISTICS LIMITED,27AAFCM2530H1ZO,2025-08-05,2610294877,3400804326,2026,3184446649,001,,0000,000,2025-07-30,2025-03-17,INR,252701695537,RE,H,-130193.48,-130193.48,CK01-line feeding-NOV-24-OT,0016080001,,,2025-07-30,C005,112236,2245,CI,C1,0.0,100,2,194C,Cont. Cos - 2%-New Sec-393(1)6(i)
1001,DIM00398AJ,MAHINDRA LOGISTICS LIMITED,27AAFCM2530H1ZO,2025-08-05,2610294877,3400804326,2026,3184446661,001,,0000,000,2025-07-30,2025-03-17,INR,252701695561,RE,H,-214821.38,-214821.38,CK01-line feeding-NOV-24-OT,0016080001,,,2025-07-30,C005,185191,3704,CI,C1,0.0,100,2,194C,Cont. Cos - 2%-New Sec-393(1)6(i)
1001,DIM00398AJ,MAHINDRA LOGISTICS LIMITED,27AAFCM2530H1ZO,2025-08-05,2610294877,3400804304,2026,3184446667,001,,0000,000,2025-07-30,2025-03-17,INR,252701695573,RE,H,-18215.72,-18215.72,CK01-line feeding-DEC-24-OT,0016080001,,,2025-07-30,C005,15704,315,CI,C1,0.0,100,2,194C,Cont. Cos - 2%-New Sec-393(1)6(i)
1001,DIM00398AJ,MAHINDRA LOGISTICS LIMITED,27AAFCM2530H1ZO,2025-08-05,2610294877,3400804326,2026,3184446665,001,,0000,000,2025-07-30,2025-03-17,INR,252701695550,RE,H,-27616.44,-27616.44,CK01-line feeding-NOV-24-OT,0016080001,,,2025-07-30,C005,23808,477,CI,C1,0.0,100,2,194C,Cont. Cos - 2%-New Sec-393(1)6(i)
1001,DIM00398AJ,MAHINDRA LOGISTICS LIMITED,27AAFCM2530H1ZO,2025-08-05,2610294877,3400804304,2026,3184446681,001,,0000,000,2025-07-30,2025-03-17,INR,252701695585,RE,H,-41425.16,-41425.16,CK01-line feeding-DEC-24-OT,0016080001,,,2025-07-30,C005,35712,715,CI,C1,0.0,100,2,194C,Cont. Cos - 2%-New Sec-393(1)6(i)
1001,DIM00398AJ,MAHINDRA LOGISTICS LIMITED,27AAFCM2530H1ZO,2025-08-05,2610294877,3400804304,2026,3184446664,001,,0000,000,2025-07-30,2025-03-17,INR,252701695574,RE,H,-59177.88,-59177.88,CK01-line feeding-DEC-24-OT,0016080001,,,2025-07-30,C005,51016,1021,CI,C1,0.0,100,2,194C,Cont. Cos - 2%-New Sec-393(1)6(i)
1001,DIM00398AJ,MAHINDRA LOGISTICS LIMITED,27AAFCM2530H1ZO,2025-08-05,2610294877,3400804304,2026,3184446698,001,,0000,000,2025-07-30,2025-03-17,INR,252701695572,RE,H,-78904.96,-78904.96,CK01-line feeding-DEC-24-OT,0016080001,,,2025-07-30,C005,68022,1361,CI,C1,0.0,100,2,194C,Cont. Cos - 2%-New Sec-393(1)6(i)
1001,DIM00398AJ,MAHINDRA LOGISTICS LIMITED,27AAFCM2530H1ZO,2025-08-05,2610294877,3400804304,2026,3184446716,001,,0000,000,2025-07-30,2025-03-17,INR,252701695603,RE,H,-9370.04,-9370.04,CK01-line feeding-DEC-24-OT,0016080001,,,2025-07-30,C005,8078,162,CI,C1,0.0,100,2,194C,Cont. Cos - 2%-New Sec-393(1)6(i)
1001,DIM00398AJ,MAHINDRA LOGISTICS LIMITED,27AAFCM2530H1ZO,2025-08-05,2610294877,3400804304,2026,3184446734,001,,0000,000,2025-07-30,2025-03-17,INR,252701695577,RE,H,-1478.5,-1478.5,CK01-line feeding-DEC-24-OT,0016080001,,,2025-07-30,C005,1275,26,CI,C1,0.0,100,2,194C,Cont. Cos - 2%-New Sec-393(1)6(i)
1001,DIM00398AJ,MAHINDRA LOGISTICS LIMITED,27AAFCM2530H1ZO,2025-08-05,2610294877,3400804326,2026,3184446738,001,,0000,000,2025-07-30,2025-03-17,INR,252701695562,RE,H,-37587.72,-37587.72,CK01-line feeding-NOV-24-OT,0016080001,,,2025-07-30,C005,32404,649,CI,C1,0.0,100,2,194C,Cont. Cos - 2%-New Sec-393(1)6(i)
1001,DIM00398AJ,MAHINDRA LOGISTICS LIMITED,27AAFCM2530H1ZO,2025-08-05,2610294877,3400804304,2026,3184446670,001,,0000,000,2025-07-30,2025-03-17,INR,252701695576,RE,H,-6903.36,-6903.36,CK01-line feeding-DEC-24-OT,0016080001,,,2025-07-30,C005,5952,120,CI,C1,0.0,100,2,194C,Cont. Cos - 2%-New Sec-393(1)6(i)
1001,DIM00398AJ,MAHINDRA LOGISTICS LIMITED,27AAFCM2530H1ZO,2025-08-05,2610294877,3400804304,2026,3184446683,001,,0000,000,2025-07-30,2025-03-17,INR,252701695594,RE,H,-9862.54,-9862.54,CK01-line feeding-DEC-24-OT,0016080001,,,2025-07-30,C005,8503,171,CI,C1,0.0,100,2,194C,Cont. Cos - 2%-New Sec-393(1)6(i)
1001,DIM00398AJ,MAHINDRA LOGISTICS LIMITED,27AAFCM2530H1ZO,2025-08-05,2610294877,3400804326,2026,3184446672,001,,0000,000,2025-07-30,2025-03-17,INR,252701695540,RE,H,-18246.4,-18246.4,CK01-line feeding-DEC-24-OT,0016080001,,,2025-07-30,C005,15730,315,CI,C1,0.0,100,2,194C,Cont. Cos - 2%-New Sec-393(1)6(i)
1001,DIM00398AJ,MAHINDRA LOGISTICS LIMITED,27AAFCM2530H1ZO,2025-08-05,2610294877,3400804304,2026,3184446719,001,,0000,000,2025-07-30,2025-03-17,INR,252701695580,RE,H,-1972.18,-1972.18,CK01-line feeding-DEC-24-OT,0016080001,,,2025-07-30,C005,1701,35,CI,C1,0.0,100,2,194C,Cont. Cos - 2%-New Sec-393(1)6(i)
1001,DIM00398AJ,MAHINDRA LOGISTICS LIMITED,27AAFCM2530H1ZO,2025-08-05,2610294877,3400804304,2026,3184446652,001,,0000,000,2025-07-30,2025-03-17,INR,252701695586,RE,H,-9862.54,-9862.54,CK01-line feeding-DEC-24-OT,0016080001,,,2025-07-30,C005,8503,171,CI,C1,0.0,100,2,194C,Cont. Cos - 2%-New Sec-393(1)6(i)
1001,DIM00398AJ,MAHINDRA LOGISTICS LIMITED,27AAFCM2530H1ZO,2025-08-05,2610294877,3400804326,2026,3184446655,001,,0000,000,2025-07-30,2025-03-17,INR,252701695563,RE,H,-3944.18,-3944.18,CK01-line feeding-NOV-24-OT,0016080001,,,2025-07-30,C005,3401,69,CI,C1,0.0,100,2,194C,Cont. Cos - 2%-New Sec-393(1)6(i)
1001,DIM00398AJ,MAHINDRA LOGISTICS LIMITED,27AAFCM2530H1ZO,2025-08-05,2610294877,3400804326,2026,3184446690,001,,0000,000,2025-07-30,2025-03-17,INR,252701695555,RE,H,-68444.9,-68444.9,CK01-line feeding-DEC-24-OT,0016080001,,,2025-07-30,C005,59005,1181,CI,C1,0.0,100,2,194C,Cont. Cos - 2%-New Sec-393(1)6(i)
1001,DIM00398AJ,MAHINDRA LOGISTICS LIMITED,27AAFCM2530H1ZO,2025-08-05,2610294877,3400804326,2026,3184446633,001,,0000,000,2025-07-30,2025-03-17,INR,252701695549,RE,H,-19724.9,-19724.9,CK01-line feeding-NOV-24-OT,0016080001,,,2025-07-30,C005,17005,341,CI,C1,0.0,100,2,194C,Cont. Cos - 2%-New Sec-393(1)6(i)
1001,DIM00398AJ,MAHINDRA LOGISTICS LIMITED,27AAFCM2530H1ZO,2025-08-05,2610294877,3400804326,2026,3184446695,001,,0000,000,2025-07-30,2025-03-17,INR,252701695559,RE,H,-9862.54,-9862.54,CK01-line feeding-NOV-24-OT,0016080001,,,2025-07-30,C005,8503,171,CI,C1,0.0,100,2,194C,Cont. Cos - 2%-New Sec-393(1)6(i)
1001,DIM00398AJ,MAHINDRA LOGISTICS LIMITED,27AAFCM2530H1ZO,2025-08-05,2610294877,3400804304,2026,3184446714,001,,0000,000,2025-07-30,2025-03-17,INR,252701695596,RE,H,-5917.36,-5917.36,CK01-line feeding-DEC-24-OT,0016080001,,,2025-07-30,C005,5102,103,CI,C1,0.0,100,2,194C,Cont. Cos - 2%-New Sec-393(1)6(i)
1001,DIM00398AJ,MAHINDRA LOGISTICS LIMITED,27AAFCM2530H1ZO,2025-08-05,2610294877,3400804326,2026,3184446662,001,,0000,000,2025-07-30,2025-03-17,INR,252701695553,RE,H,-83845.58,-83845.58,CK01-line feeding-NOV-24-OT,0016080001,,,2025-07-30,C005,72281,1446,CI,C1,0.0,100,2,194C,Cont. Cos - 2%-New Sec-393(1)6(i)
1001,DIM00398AJ,MAHINDRA LOGISTICS LIMITED,27AAFCM2530H1ZO,2025-08-05,2610294877,3400804042,2026,3184616570,001,,0000,000,2025-08-04,2025-05-13,INR,262701096137,RE,H,-109566.9,-109566.9,CLMS-APR-25,0016080001,,,2025-08-04,C005,94455,1890,CI,C1,0.0,100,2,194C,Cont. Cos - 2%-New Sec-393(1)6(i)
1001,DIM00398AJ,MAHINDRA LOGISTICS LIMITED,27AAFCM2530H1ZO,2025-08-05,2610294877,3400804042,2026,3184616628,001,,0000,000,2025-08-04,2025-05-13,INR,262701096133,RE,H,-982744.92,-982744.92,CLMS-APR-25,0016080001,,,2025-08-04,C005,847194,16944,CI,C1,0.0,100,2,194C,Cont. Cos - 2%-New Sec-393(1)6(i)
1001,DIM00398AJ,MAHINDRA LOGISTICS LIMITED,27AAFCM2530H1ZO,2025-08-05,2610294877,3400804071,2026,3184616833,001,,0000,000,2025-08-04,2025-05-14,INR,262701096887,RE,H,-160664.64,-160664.64,Warehouse  Service-Apr-24,0016080001,,,2025-08-04,C005,138504.78,2771,CI,C1,0.0,100,2,194C,Cont. Cos - 2%-New Sec-393(1)6(i)
1001,DIM00398AJ,MAHINDRA LOGISTICS LIMITED,27AAFCM2530H1ZO,2025-08-05,2610294877,3400804042,2026,3184616710,001,,0000,000,2025-08-04,2025-05-13,INR,262701096170,RE,H,-328648.24,-328648.24,CLMS-APR-25,0016080001,,,2025-08-04,C005,283318,5667,CI,C1,0.0,100,2,194C,Cont. Cos - 2%-New Sec-393(1)6(i)
1001,DIM00398AJ,MAHINDRA LOGISTICS LIMITED,27AAFCM2530H1ZO,2025-08-05,2610294877,3400804042,2026,3184616608,001,,0000,000,2025-08-04,2025-05-13,INR,262701096143,RE,H,-383472.4,-383472.4,CLMS-APR-25,0016080001,,,2025-08-04,C005,330580,6612,CI,C1,0.0,100,2,194C,Cont. Cos - 2%-New Sec-393(1)6(i)
1001,DIM00398AJ,MAHINDRA LOGISTICS LIMITED,27AAFCM2530H1ZO,2025-08-05,2610294877,3400804042,2026,3184616580,001,,0000,000,2025-08-04,2025-05-13,INR,262701096104,RE,H,-5673047.62,-5673047.62,CLMS-APR-25,0016080001,,,2025-08-04,C005,4890559,97812,CI,C1,0.0,100,2,194C,Cont. Cos - 2%-New Sec-393(1)6(i)
1001,DIM00398AJ,MAHINDRA LOGISTICS LIMITED,27AAFCM2530H1ZO,2025-08-05,2610294877,3400804042,2026,3184616599,001,,0000,000,2025-08-04,2025-05-13,INR,262701096126,RE,H,-225737.36,-225737.36,CLMS-APR-25,0016080001,,,2025-08-04,C005,194602,3893,CI,C1,0.0,100,2,194C,Cont. Cos - 2%-New Sec-393(1)6(i)
1001,DIM00398AJ,MAHINDRA LOGISTICS LIMITED,27AAFCM2530H1ZO,2025-08-05,2610294877,3400804042,2026,3184616585,001,,0000,000,2025-08-04,2025-05-13,INR,262701096117,RE,H,-832936.82,-832936.82,CLMS-APR-25,0016080001,,,2025-08-04,C005,718049,14361,CI,C1,0.0,100,2,194C,Cont. Cos - 2%-New Sec-393(1)6(i)
1001,DIM00398AJ,MAHINDRA LOGISTICS LIMITED,27AAFCM2530H1ZO,2025-08-05,2610294877,3400804042,2026,3184616655,001,,0000,000,2025-08-04,2025-05-13,INR,262701096134,RE,H,-355982.76,-355982.76,CLMS-APR-25,0016080001,,,2025-08-04,C005,306882,6138,CI,C1,0.0,100,2,194C,Cont. Cos - 2%-New Sec-393(1)6(i)
1001,DIM00398AJ,MAHINDRA LOGISTICS LIMITED,27AAFCM2530H1ZO,2025-08-05,2610294877,3400804042,2026,3184616603,001,,0000,000,2025-08-04,2025-05-13,INR,262701096110,RE,H,-1319951.02,-1319951.02,CLMS-APR-25,0016080001,,,2025-08-04,C005,1137889,22758,CI,C1,0.0,100,2,194C,Cont. Cos - 2%-New Sec-393(1)6(i)
1001,DIM00398AJ,MAHINDRA LOGISTICS LIMITED,27AAFCM2530H1ZO,2025-08-05,2610294877,3400804071,2026,3184616851,001,,0000,000,2025-08-04,2025-05-14,INR,262701096889,RE,H,-752939.6,-752939.6,Warehouse  Service-Apr-24,0016080001,,,2025-08-04,C005,649086.1,12982,CI,C1,0.0,100,2,194C,Cont. Cos - 2%-New Sec-393(1)6(i)
1001,DIM00398AJ,MAHINDRA LOGISTICS LIMITED,27AAFCM2530H1ZO,2025-08-05,2610294877,3400804042,2026,3184616611,001,,0000,000,2025-08-04,2025-05-13,INR,262701096162,RE,H,-129531.88,-129531.88,CLMS-APR-25,0016080001,,,2025-08-04,C005,111666,2234,CI,C1,0.0,100,2,194C,Cont. Cos - 2%-New Sec-393(1)6(i)
1001,DIM00398AJ,MAHINDRA LOGISTICS LIMITED,27AAFCM2530H1ZO,2025-08-05,2610294877,3400804071,2026,3184616848,001,,0000,000,2025-08-04,2025-05-14,INR,262701096892,RE,H,-82661.69,-82661.69,Warehouse  Service-Apr-24,0016080001,,,2025-08-04,C005,71260.75,1426,CI,C1,0.0,100,2,194C,Cont. Cos - 2%-New Sec-393(1)6(i)
1001,DIM00398AJ,MAHINDRA LOGISTICS LIMITED,27AAFCM2530H1ZO,2025-08-05,2610294877,3400804042,2026,3184616713,001,,0000,000,2025-08-04,2025-05-13,INR,262701096164,RE,H,-63499.38,-63499.38,CLMS-APR-25,0016080001,,,2025-08-04,C005,54741,1095,CI,C1,0.0,100,2,194C,Cont. Cos - 2%-New Sec-393(1)6(i)
1001,DIM00398AJ,MAHINDRA LOGISTICS LIMITED,27AAFCM2530H1ZO,2025-08-05,2610294877,3400804042,2026,3184616672,001,,0000,000,2025-08-04,2025-05-13,INR,262701096120,RE,H,-1756512.3,-1756512.3,CLMS-APR-25,0016080001,,,2025-08-04,C005,1514235,30285,CI,C1,0.0,100,2,194C,Cont. Cos - 2%-New Sec-393(1)6(i)
1001,DIM00398AJ,MAHINDRA LOGISTICS LIMITED,27AAFCM2530H1ZO,2025-08-05,2610294877,3400804042,2026,3184616619,001,,0000,000,2025-08-04,2025-05-13,INR,262701096132,RE,H,-146918.9,-146918.9,CLMS-APR-25,0016080001,,,2025-08-04,C005,126655,2534,CI,C1,0.0,100,2,194C,Cont. Cos - 2%-New Sec-393(1)6(i)
1001,DIM00398AJ,MAHINDRA LOGISTICS LIMITED,27AAFCM2530H1ZO,2025-08-05,2610294877,3400804042,2026,3184616626,001,,0000,000,2025-08-04,2025-05-13,INR,262701096116,RE,H,-449502.54,-449502.54,CLMS-APR-25,0016080001,,,2025-08-04,C005,387503,7751,CI,C1,0.0,100,2,194C,Cont. Cos - 2%-New Sec-393(1)6(i)
1001,DIM00398AJ,MAHINDRA LOGISTICS LIMITED,27AAFCM2530H1ZO,2025-08-05,2610294877,3400804042,2026,3184616631,001,,0000,000,2025-08-04,2025-05-13,INR,262701096136,RE,H,-1632427.88,-1632427.88,CLMS-APR-25,0016080001,,,2025-08-04,C005,1407266,28146,CI,C1,0.0,100,2,194C,Cont. Cos - 2%-New Sec-393(1)6(i)
1001,DIM00398AJ,MAHINDRA LOGISTICS LIMITED,27AAFCM2530H1ZO,2025-08-05,2610294877,3400804042,2026,3184616717,001,,0000,000,2025-08-04,2025-05-13,INR,262701096168,RE,H,-139088.9,-139088.9,CLMS-APR-25,0016080001,,,2025-08-04,C005,119905,2399,CI,C1,0.0,100,2,194C,Cont. Cos - 2%-New Sec-393(1)6(i)
1001,DIM00398AJ,MAHINDRA LOGISTICS LIMITED,27AAFCM2530H1ZO,2025-08-05,2610294877,3400804042,2026,3184616636,001,,0000,000,2025-08-04,2025-05-13,INR,262701096123,RE,H,-160899.26,-160899.26,CLMS-APR-25,0016080001,,,2025-08-04,C005,138707,2775,CI,C1,0.0,100,2,194C,Cont. Cos - 2%-New Sec-393(1)6(i)
1001,DIM00398AJ,MAHINDRA LOGISTICS LIMITED,27AAFCM2530H1ZO,2025-08-05,2610294877,3400804042,2026,3184616639,001,,0000,000,2025-08-04,2025-05-13,INR,262701096139,RE,H,-322477.64,-322477.64,CLMS-APR-25,0016080001,,,2025-08-04,C005,277998,5560,CI,C1,0.0,100,2,194C,Cont. Cos - 2%-New Sec-393(1)6(i)
1001,DIM00398AJ,MAHINDRA LOGISTICS LIMITED,27AAFCM2530H1ZO,2025-08-05,2610294877,3400804042,2026,3184616617,001,,0000,000,2025-08-04,2025-05-13,INR,262701096112,RE,H,-1902376.4,-1902376.4,CLMS-APR-25,0016080001,,,2025-08-04,C005,1639980,32800,CI,C1,0.0,100,2,194C,Cont. Cos - 2%-New Sec-393(1)6(i)
1001,DIM00398AJ,MAHINDRA LOGISTICS LIMITED,27AAFCM2530H1ZO,2025-08-05,2610294877,3400804042,2026,3184616600,001,,0000,000,2025-08-04,2025-05-13,INR,262701096106,RE,H,-4373178.76,-4373178.76,CLMS-APR-25,0016080001,,,2025-08-04,C005,3769982,75400,CI,C1,0.0,100,2,194C,Cont. Cos - 2%-New Sec-393(1)6(i)
1001,DIM00398AJ,MAHINDRA LOGISTICS LIMITED,27AAFCM2530H1ZO,2025-08-05,2610294877,3400804042,2026,3184616575,001,,0000,000,2025-08-04,2025-05-13,INR,262701096114,RE,H,-94626.5,-94626.5,CLMS-APR-25,0016080001,,,2025-08-04,C005,81575,1632,CI,C1,0.0,100,2,194C,Cont. Cos - 2%-New Sec-393(1)6(i)
1001,DIM00398AJ,MAHINDRA LOGISTICS LIMITED,27AAFCM2530H1ZO,2025-08-05,2610294877,3400804042,2026,3184616646,001,,0000,000,2025-08-04,2025-05-13,INR,262701096156,RE,H,-2562402.24,-2562402.24,CLMS-APR-25,0016080001,,,2025-08-04,C005,2208968,44180,CI,C1,0.0,100,2,194C,Cont. Cos - 2%-New Sec-393(1)6(i)
1001,DIM00398AJ,MAHINDRA LOGISTICS LIMITED,27AAFCM2530H1ZO,2025-08-05,2610294877,3400804042,2026,3184616677,001,,0000,000,2025-08-04,2025-05-13,INR,262701096151,RE,H,-490295.42,-490295.42,CLMS-APR-25,0016080001,,,2025-08-04,C005,422669,8454,CI,C1,0.0,100,2,194C,Cont. Cos - 2%-New Sec-393(1)6(i)
1001,DIM00398AJ,MAHINDRA LOGISTICS LIMITED,27AAFCM2530H1ZO,2025-08-05,2610294877,3400804042,2026,3184616685,001,,0000,000,2025-08-04,2025-05-13,INR,262701096118,RE,H,-929171.98,-929171.98,CLMS-APR-25,0016080001,,,2025-08-04,C005,801011,16021,CI,C1,0.0,100,2,194C,Cont. Cos - 2%-New Sec-393(1)6(i)
1001,DIM00398AJ,MAHINDRA LOGISTICS LIMITED,27AAFCM2530H1ZO,2025-08-05,2610294877,3400804042,2026,3184616573,001,,0000,000,2025-08-04,2025-05-13,INR,262701096169,RE,H,-224223.28,-224223.28,CLMS-APR-25,0016080001,,,2025-08-04,C005,193296,3866,CI,C1,0.0,100,2,194C,Cont. Cos - 2%-New Sec-393(1)6(i)
1001,DIM00398AJ,MAHINDRA LOGISTICS LIMITED,27AAFCM2530H1ZO,2025-08-05,2610294877,3400804042,2026,3184616638,001,,0000,000,2025-08-04,2025-05-13,INR,262701096138,RE,H,-756444.44,-756444.44,CLMS-APR-25,0016080001,,,2025-08-04,C005,652108,13043,CI,C1,0.0,100,2,194C,Cont. Cos - 2%-New Sec-393(1)6(i)
1001,DIM00398AJ,MAHINDRA LOGISTICS LIMITED,27AAFCM2530H1ZO,2025-08-05,2610294877,3400804071,2026,3184616830,001,,0000,000,2025-08-04,2025-05-14,INR,262701096890,RE,H,-5696225.43,-5696225.43,Warehouse  Service-Apr-24,0016080001,,,2025-08-04,C005,4910539.35,98211,CI,C1,0.0,100,2,194C,Cont. Cos - 2%-New Sec-393(1)6(i)
1001,DIM00398AJ,MAHINDRA LOGISTICS LIMITED,27AAFCM2530H1ZO,2025-08-05,2610294877,3400804042,2026,3184616962,001,,0000,000,2025-08-04,2025-05-13,INR,262701096148,RE,H,-10916871.28,-10916871.28,CLMS-APR-25,0016080001,,,2025-08-04,C005,9411096,188222,CI,C1,0.0,100,2,194C,Cont. Cos - 2%-New Sec-393(1)6(i)
1001,DIM00398AJ,MAHINDRA LOGISTICS LIMITED,27AAFCM2530H1ZO,2025-08-05,2610294877,3400804042,2026,3184616593,001,,0000,000,2025-08-04,2025-05-13,INR,262701096124,RE,H,-463573.94,-463573.94,CLMS-APR-25,0016080001,,,2025-08-04,C005,399633,7993,CI,C1,0.0,100,2,194C,Cont. Cos - 2%-New Sec-393(1)6(i)
1001,DIM00398AJ,MAHINDRA LOGISTICS LIMITED,27AAFCM2530H1ZO,2025-08-05,2610294877,3400804042,2026,3184616648,001,,0000,000,2025-08-04,2025-05-13,INR,262701096131,RE,H,-247987.94,-247987.94,CLMS-APR-25,0016080001,,,2025-08-04,C005,213783,4276,CI,C1,0.0,100,2,194C,Cont. Cos - 2%-New Sec-393(1)6(i)
1001,DIM00398AJ,MAHINDRA LOGISTICS LIMITED,27AAFCM2530H1ZO,2025-08-05,2610294877,3400804042,2026,3184616691,001,,0000,000,2025-08-04,2025-05-13,INR,262701096152,RE,H,-2353006.9,-2353006.9,CLMS-APR-25,0016080001,,,2025-08-04,C005,2028455,40570,CI,C1,0.0,100,2,194C,Cont. Cos - 2%-New Sec-393(1)6(i)
1001,DIM00398AJ,MAHINDRA LOGISTICS LIMITED,27AAFCM2530H1ZO,2025-08-05,2610294877,3400804042,2026,3184616698,001,,0000,000,2025-08-04,2025-05-13,INR,262701096129,RE,H,-1631778.08,-1631778.08,CLMS-APR-25,0016080001,,,2025-08-04,C005,1406706,28135,CI,C1,0.0,100,2,194C,Cont. Cos - 2%-New Sec-393(1)6(i)
1001,DIM00398AJ,MAHINDRA LOGISTICS LIMITED,27AAFCM2530H1ZO,2025-08-05,2610294877,3400804042,2026,3184616704,001,,0000,000,2025-08-04,2025-05-13,INR,262701096140,RE,H,-503234.14,-503234.14,CLMS-APR-25,0016080001,,,2025-08-04,C005,433823,8677,CI,C1,0.0,100,2,194C,Cont. Cos - 2%-New Sec-393(1)6(i)
1001,DIM00398AJ,MAHINDRA LOGISTICS LIMITED,27AAFCM2530H1ZO,2025-08-05,2610294877,3400804071,2026,3184616966,001,,0000,000,2025-08-04,2025-05-14,INR,262701096888,RE,H,-11007813.03,-11007813.03,Warehouse  Service-Apr-24,0016080001,,,2025-08-04,C005,9489494.09,189790,CI,C1,0.0,100,2,194C,Cont. Cos - 2%-New Sec-393(1)6(i)
1001,DIM00398AJ,MAHINDRA LOGISTICS LIMITED,27AAFCM2530H1ZO,2025-08-05,2610294877,3400804071,2026,3184616856,001,,0000,000,2025-08-04,2025-05-14,INR,262701096891,RE,H,-155010.4,-155010.4,Warehouse  Service-Apr-24,0016080001,,,2025-08-04,C005,133630,2673,CI,C1,0.0,100,2,194C,Cont. Cos - 2%-New Sec-393(1)6(i)
1001,DIM00398AJ,MAHINDRA LOGISTICS LIMITED,27AAFCM2530H1ZO,2025-08-05,2610294877,3400804042,2026,3184616666,001,,0000,000,2025-08-04,2025-05-13,INR,262701096135,RE,H,-192988.6,-192988.6,CLMS-APR-25,0016080001,,,2025-08-04,C005,166370,3328,CI,C1,0.0,100,2,194C,Cont. Cos - 2%-New Sec-393(1)6(i)
1001,DIM00398AJ,MAHINDRA LOGISTICS LIMITED,27AAFCM2530H1ZO,2025-08-07,2610298286,3400806321,2026,3184686147,001,,0000,000,2025-08-06,2025-06-26,INR,262701194608,RE,H,-3586.56,-3586.56,CLMS-MAY-25,0016080001,,,2025-08-06,C005,3092,62,CI,C1,0.0,100,2,194C,Cont. Cos - 2%-New Sec-393(1)6(i)
1001,DIM00398AJ,MAHINDRA LOGISTICS LIMITED,27AAFCM2530H1ZO,2025-08-07,2610298286,3400804053,2026,3184686114,001,,0000,000,2025-08-06,2025-06-26,INR,262701194637,RE,H,-10234435.02,-10234435.02,CLMS-MAY-25,0016080001,,,2025-08-06,C005,8822789,176456,CI,C1,0.0,100,2,194C,Cont. Cos - 2%-New Sec-393(1)6(i)
1001,DIM00398AJ,MAHINDRA LOGISTICS LIMITED,27AAFCM2530H1ZO,2025-08-07,2610298286,3400804053,2026,3184686127,001,,0000,000,2025-08-06,2025-06-26,INR,262701194594,RE,H,-5752062.5,-5752062.5,CLMS-MAY-25,0016080001,,,2025-08-06,C005,4958675,99174,CI,C1,0.0,100,2,194C,Cont. Cos - 2%-New Sec-393(1)6(i)
1001,DIM00398AJ,MAHINDRA LOGISTICS LIMITED,27AAFCM2530H1ZO,2025-08-07,2610298286,3400806321,2026,3184686230,001,,0000,000,2025-08-06,2025-06-26,INR,262701194624,RE,H,-197252.1,-197252.1,CLMS-MAY-25,0016080001,,,2025-08-06,C005,170045,3401,CI,C1,0.0,100,2,194C,Cont. Cos - 2%-New Sec-393(1)6(i)
1001,DIM00398AJ,MAHINDRA LOGISTICS LIMITED,27AAFCM2530H1ZO,2025-08-07,2610298286,3400806321,2026,3184686223,001,,0000,000,2025-08-06,2025-06-26,INR,262701194654,RE,H,-37059.64,-37059.64,CLMS-MAY-25,0016080001,,,2025-08-06,C005,31948,639,CI,C1,0.0,100,2,194C,Cont. Cos - 2%-New Sec-393(1)6(i)
1001,DIM00398AJ,MAHINDRA LOGISTICS LIMITED,27AAFCM2530H1ZO,2025-08-07,2610298286,3400806321,2026,3184686219,001,,0000,000,2025-08-06,2025-06-26,INR,262701194649,RE,H,-32276.5,-32276.5,CLMS-MAY-25,0016080001,,,2025-08-06,C005,27825,557,CI,C1,0.0,100,2,194C,Cont. Cos - 2%-New Sec-393(1)6(i)
1001,DIM00398AJ,MAHINDRA LOGISTICS LIMITED,27AAFCM2530H1ZO,2025-08-07,2610298286,3400806321,2026,3184686165,001,,0000,000,2025-08-06,2025-06-26,INR,262701194605,RE,H,-479547.72,-479547.72,CLMS-MAY-25,0016080001,,,2025-08-06,C005,413404,8269,CI,C1,0.0,100,2,194C,Cont. Cos - 2%-New Sec-393(1)6(i)
1001,DIM00398AJ,MAHINDRA LOGISTICS LIMITED,27AAFCM2530H1ZO,2025-08-07,2610298286,3400806321,2026,3184686217,001,,0000,000,2025-08-06,2025-06-26,INR,262701194653,RE,H,-33473.26,-33473.26,CLMS-MAY-25,0016080001,,,2025-08-06,C005,28857,578,CI,C1,0.0,100,2,194C,Cont. Cos - 2%-New Sec-393(1)6(i)
1001,DIM00398AJ,MAHINDRA LOGISTICS LIMITED,27AAFCM2530H1ZO,2025-08-07,2610298286,3400804053,2026,3184686077,001,,0000,000,2025-08-06,2025-06-26,INR,262701194627,RE,H,-781494.54,-781494.54,CLMS-MAY-25,0016080001,,,2025-08-06,C005,673703,13475,CI,C1,0.0,100,2,194C,Cont. Cos - 2%-New Sec-393(1)6(i)
1001,DIM00398AJ,MAHINDRA LOGISTICS LIMITED,27AAFCM2530H1ZO,2025-08-07,2610298286,3400806321,2026,3184686185,001,,0000,000,2025-08-06,2025-06-26,INR,262701194621,RE,H,-164973.42,-164973.42,CLMS-MAY-25,0016080001,,,2025-08-06,C005,142219,2845,CI,C1,0.0,100,2,194C,Cont. Cos - 2%-New Sec-393(1)6(i)
1001,DIM00398AJ,MAHINDRA LOGISTICS LIMITED,27AAFCM2530H1ZO,2025-08-07,2610298286,3400806321,2026,3184686187,001,,0000,000,2025-08-06,2025-06-26,INR,262701194650,RE,H,-138262.56,-138262.56,CLMS-MAY-25,0016080001,,,2025-08-06,C005,119192,2384,CI,C1,0.0,100,2,194C,Cont. Cos - 2%-New Sec-393(1)6(i)
1001,DIM00398AJ,MAHINDRA LOGISTICS LIMITED,27AAFCM2530H1ZO,2025-08-07,2610298286,3400804053,2026,3184686140,001,,0000,000,2025-08-06,2025-06-26,INR,262701194640,RE,H,-2391486.86,-2391486.86,CLMS-MAY-25,0016080001,,,2025-08-06,C005,2061627,41233,CI,C1,0.0,100,2,194C,Cont. Cos - 2%-New Sec-393(1)6(i)
1001,DIM00398AJ,MAHINDRA LOGISTICS LIMITED,27AAFCM2530H1ZO,2025-08-07,2610298286,3400806321,2026,3184686161,001,,0000,000,2025-08-06,2025-06-26,INR,262701194659,RE,H,-339838.7,-339838.7,CLMS-MAY-25,0016080001,,,2025-08-06,C005,292965,5860,CI,C1,0.0,100,2,194C,Cont. Cos - 2%-New Sec-393(1)6(i)
1001,DIM00398AJ,MAHINDRA LOGISTICS LIMITED,27AAFCM2530H1ZO,2025-08-07,2610298286,3400804053,2026,3184686121,001,,0000,000,2025-08-06,2025-06-26,INR,262701194646,RE,H,-1530730.1,-1530730.1,CLMS-MAY-25,0016080001,,,2025-08-06,C005,1319595,26392,CI,C1,0.0,100,2,194C,Cont. Cos - 2%-New Sec-393(1)6(i)
1001,DIM00398AJ,MAHINDRA LOGISTICS LIMITED,27AAFCM2530H1ZO,2025-08-07,2610298286,3400806321,2026,3184686191,001,,0000,000,2025-08-06,2025-06-26,INR,262701194615,RE,H,-184865.06,-184865.06,CLMS-MAY-25,0016080001,,,2025-08-06,C005,159367,3188,CI,C1,0.0,100,2,194C,Cont. Cos - 2%-New Sec-393(1)6(i)
1001,DIM00398AJ,MAHINDRA LOGISTICS LIMITED,27AAFCM2530H1ZO,2025-08-07,2610298286,3400806321,2026,3184686235,001,,0000,000,2025-08-06,2025-06-26,INR,262701194620,RE,H,-271676.9,-271676.9,CLMS-MAY-25,0016080001,,,2025-08-06,C005,234205,4685,CI,C1,0.0,100,2,194C,Cont. Cos - 2%-New Sec-393(1)6(i)
1001,DIM00398AJ,MAHINDRA LOGISTICS LIMITED,27AAFCM2530H1ZO,2025-08-07,2610298286,3400804053,2026,3184686102,001,,0000,000,2025-08-06,2025-06-26,INR,262701194597,RE,H,-3702952,-3702952,CLMS-MAY-25,0016080001,,,2025-08-06,C005,3192200,63844,CI,C1,0.0,100,2,194C,Cont. Cos - 2%-New Sec-393(1)6(i)
1001,DIM00398AJ,MAHINDRA LOGISTICS LIMITED,27AAFCM2530H1ZO,2025-08-07,2610298286,3400804053,2026,3184686150,001,,0000,000,2025-08-06,2025-06-26,INR,262701194609,RE,H,-1680587.94,-1680587.94,CLMS-MAY-25,0016080001,,,2025-08-06,C005,1448783,28976,CI,C1,0.0,100,2,194C,Cont. Cos - 2%-New Sec-393(1)6(i)
1001,DIM00398AJ,MAHINDRA LOGISTICS LIMITED,27AAFCM2530H1ZO,2025-08-07,2610298286,3400806321,2026,3184686195,001,,0000,000,2025-08-06,2025-06-26,INR,262701194628,RE,H,-355053.58,-355053.58,CLMS-MAY-25,0016080001,,,2025-08-06,C005,306081,6122,CI,C1,0.0,100,2,194C,Cont. Cos - 2%-New Sec-393(1)6(i)
1001,DIM00398AJ,MAHINDRA LOGISTICS LIMITED,27AAFCM2530H1ZO,2025-08-07,2610298286,3400806321,2026,3184686153,001,,0000,000,2025-08-06,2025-06-26,INR,262701194613,RE,H,-155410.5,-155410.5,CLMS-MAY-25,0016080001,,,2025-08-06,C005,133975,2680,CI,C1,0.0,100,2,194C,Cont. Cos - 2%-New Sec-393(1)6(i)
1001,DIM00398AJ,MAHINDRA LOGISTICS LIMITED,27AAFCM2530H1ZO,2025-08-07,2610298286,3400806321,2026,3184686067,001,,0000,000,2025-08-06,2025-06-26,INR,262701194603,RE,H,-106395.78,-106395.78,CLMS-MAY-25,0016080001,,,2025-08-06,C005,91721,1835,CI,C1,0.0,100,2,194C,Cont. Cos - 2%-New Sec-393(1)6(i)
1001,DIM00398AJ,MAHINDRA LOGISTICS LIMITED,27AAFCM2530H1ZO,2025-08-07,2610298286,3400806321,2026,3184686202,001,,0000,000,2025-08-06,2025-06-26,INR,262701194655,RE,H,-69499.52,-69499.52,CLMS-MAY-25,0016080001,,,2025-08-06,C005,59914,1199,CI,C1,0.0,100,2,194C,Cont. Cos - 2%-New Sec-393(1)6(i)
1001,DIM00398AJ,MAHINDRA LOGISTICS LIMITED,27AAFCM2530H1ZO,2025-08-07,2610298286,3400806321,2026,3184686207,001,,0000,000,2025-08-06,2025-06-26,INR,262701194651,RE,H,-66945.16,-66945.16,CLMS-MAY-25,0016080001,,,2025-08-06,C005,57712,1155,CI,C1,0.0,100,2,194C,Cont. Cos - 2%-New Sec-393(1)6(i)
1001,DIM00398AJ,MAHINDRA LOGISTICS LIMITED,27AAFCM2530H1ZO,2025-08-07,2610298286,3400804053,2026,3184686111,001,,0000,000,2025-08-06,2025-06-26,INR,262701194622,RE,H,-1010587.28,-1010587.28,CLMS-MAY-25,0016080001,,,2025-08-06,C005,871196,17424,CI,C1,0.0,100,2,194C,Cont. Cos - 2%-New Sec-393(1)6(i)
1001,DIM00398AJ,MAHINDRA LOGISTICS LIMITED,27AAFCM2530H1ZO,2025-08-07,2610298286,3400804053,2026,3184686137,001,,0000,000,2025-08-06,2025-06-26,INR,262701194625,RE,H,-1637528.34,-1637528.34,CLMS-MAY-25,0016080001,,,2025-08-06,C005,1411663,28234,CI,C1,0.0,100,2,194C,Cont. Cos - 2%-New Sec-393(1)6(i)
1001,DIM00398AJ,MAHINDRA LOGISTICS LIMITED,27AAFCM2530H1ZO,2025-08-07,2610298286,3400806321,2026,3184686172,001,,0000,000,2025-08-06,2025-06-26,INR,262701194632,RE,H,-391393.62,-391393.62,CLMS-MAY-25,0016080001,,,2025-08-06,C005,337409,6749,CI,C1,0.0,100,2,194C,Cont. Cos - 2%-New Sec-393(1)6(i)
1001,DIM00398AJ,MAHINDRA LOGISTICS LIMITED,27AAFCM2530H1ZO,2025-08-07,2610298286,3400804053,2026,3184686130,001,,0000,000,2025-08-06,2025-06-26,INR,262701194607,RE,H,-752280.24,-752280.24,CLMS-MAY-25,0016080001,,,2025-08-06,C005,648518,12971,CI,C1,0.0,100,2,194C,Cont. Cos - 2%-New Sec-393(1)6(i)
1001,DIM00398AJ,MAHINDRA LOGISTICS LIMITED,27AAFCM2530H1ZO,2025-08-07,2610298286,3400806321,2026,3184686169,001,,0000,000,2025-08-06,2025-06-26,INR,262701194626,RE,H,-108787.94,-108787.94,CLMS-MAY-25,0016080001,,,2025-08-06,C005,93783,1876,CI,C1,0.0,100,2,194C,Cont. Cos - 2%-New Sec-393(1)6(i)
1001,DIM00398AJ,MAHINDRA LOGISTICS LIMITED,27AAFCM2530H1ZO,2025-08-07,2610298286,3400806321,2026,3184686225,001,,0000,000,2025-08-06,2025-06-26,INR,262701194614,RE,H,-453904.46,-453904.46,CLMS-MAY-25,0016080001,,,2025-08-06,C005,391297,7826,CI,C1,0.0,100,2,194C,Cont. Cos - 2%-New Sec-393(1)6(i)
1001,DIM00398AJ,MAHINDRA LOGISTICS LIMITED,27AAFCM2530H1ZO,2025-08-07,2610298286,3400806321,2026,3184686158,001,,0000,000,2025-08-06,2025-06-26,INR,262701194634,RE,H,-156604.9,-156604.9,CLMS-MAY-25,0016080001,,,2025-08-06,C005,135005,2701,CI,C1,0.0,100,2,194C,Cont. Cos - 2%-New Sec-393(1)6(i)
1001,DIM00398AJ,MAHINDRA LOGISTICS LIMITED,27AAFCM2530H1ZO,2025-08-07,2610298286,3400804053,2026,3184686083,001,,0000,000,2025-08-06,2025-06-26,INR,262701194600,RE,H,-1351229.72,-1351229.72,CLMS-MAY-25,0016080001,,,2025-08-06,C005,1164854,23298,CI,C1,0.0,100,2,194C,Cont. Cos - 2%-New Sec-393(1)6(i)
1001,DIM00398AJ,MAHINDRA LOGISTICS LIMITED,27AAFCM2530H1ZO,2025-08-07,2610298286,3400804053,2026,3184686099,001,,0000,000,2025-08-06,2025-06-26,INR,262701194601,RE,H,-2022532.34,-2022532.34,CLMS-MAY-25,0016080001,,,2025-08-06,C005,1743563,34872,CI,C1,0.0,100,2,194C,Cont. Cos - 2%-New Sec-393(1)6(i)
1001,DIM00398AJ,MAHINDRA LOGISTICS LIMITED,27AAFCM2530H1ZO,2025-08-07,2610298286,3400806321,2026,3184686180,001,,0000,000,2025-08-06,2025-06-26,INR,262701194635,RE,H,-199573.28,-199573.28,CLMS-MAY-25,0016080001,,,2025-08-06,C005,172046,3441,CI,C1,0.0,100,2,194C,Cont. Cos - 2%-New Sec-393(1)6(i)
1001,DIM00398AJ,MAHINDRA LOGISTICS LIMITED,27AAFCM2530H1ZO,2025-08-07,2610298286,3400806321,2026,3184686228,001,,0000,000,2025-08-06,2025-06-26,INR,262701194616,RE,H,-138467.42,-138467.42,CLMS-MAY-25,0016080001,,,2025-08-06,C005,119369,2388,CI,C1,0.0,100,2,194C,Cont. Cos - 2%-New Sec-393(1)6(i)
1001,DIM00398AJ,MAHINDRA LOGISTICS LIMITED,27AAFCM2530H1ZO,2025-08-07,2610298286,3400806321,2026,3184686156,001,,0000,000,2025-08-06,2025-06-26,INR,262701194656,RE,H,-97707.58,-97707.58,CLMS-MAY-25,0016080001,,,2025-08-06,C005,84231,1685,CI,C1,0.0,100,2,194C,Cont. Cos - 2%-New Sec-393(1)6(i)
1001,DIM00398AJ,MAHINDRA LOGISTICS LIMITED,27AAFCM2530H1ZO,2025-08-07,2610298286,3400804053,2026,3184686143,001,,0000,000,2025-08-06,2025-06-26,INR,262701194645,RE,H,-2328389.94,-2328389.94,CLMS-MAY-25,0016080001,,,2025-08-06,C005,2007233,40145,CI,C1,0.0,100,2,194C,Cont. Cos - 2%-New Sec-393(1)6(i)
1001,DIM00398AJ,MAHINDRA LOGISTICS LIMITED,27AAFCM2530H1ZO,2025-08-07,2610298286,3400806321,2026,3184686211,001,,0000,000,2025-08-06,2025-06-26,INR,262701194658,RE,H,-368034.96,-368034.96,CLMS-MAY-25,0016080001,,,2025-08-06,C005,317272,6346,CI,C1,0.0,100,2,194C,Cont. Cos - 2%-New Sec-393(1)6(i)
1001,DIM00398AJ,MAHINDRA LOGISTICS LIMITED,27AAFCM2530H1ZO,2025-08-07,2610298286,3400806321,2026,3184686232,001,,0000,000,2025-08-06,2025-06-26,INR,262701194639,RE,H,-506807.72,-506807.72,CLMS-MAY-25,0016080001,,,2025-08-06,C005,436904,8739,CI,C1,0.0,100,2,194C,Cont. Cos - 2%-New Sec-393(1)6(i)
1001,DIM00398AJ,MAHINDRA LOGISTICS LIMITED,27AAFCM2530H1ZO,2025-08-07,2610298286,3400806321,2026,3184686198,001,,0000,000,2025-08-06,2025-06-26,INR,262701194652,RE,H,-78142.7,-78142.7,CLMS-MAY-25,0016080001,,,2025-08-06,C005,67365,1348,CI,C1,0.0,100,2,194C,Cont. Cos - 2%-New Sec-393(1)6(i)
1001,DIM00398AJ,MAHINDRA LOGISTICS LIMITED,27AAFCM2530H1ZO,2025-08-07,2610298286,3400806321,2026,3184686239,001,,0000,000,2025-08-06,2025-06-26,INR,262701194629,RE,H,-547524.9,-547524.9,CLMS-MAY-25,0016080001,,,2025-08-06,C005,472005,9441,CI,C1,0.0,100,2,194C,Cont. Cos - 2%-New Sec-393(1)6(i)
1001,DIM00398AJ,MAHINDRA LOGISTICS LIMITED,27AAFCM2530H1ZO,2025-08-07,2610298286,3400806321,2026,3184686170,001,,0000,000,2025-08-06,2025-06-26,INR,262701194631,RE,H,-37313.06,-37313.06,CLMS-MAY-25,0016080001,,,2025-08-06,C005,32167,644,CI,C1,0.0,100,2,194C,Cont. Cos - 2%-New Sec-393(1)6(i)
1001,DIM00398AJ,MAHINDRA LOGISTICS LIMITED,27AAFCM2530H1ZO,2025-08-07,2610298286,3400806321,2026,3184686194,001,,0000,000,2025-08-06,2025-06-26,INR,262701194630,RE,H,-33470.9,-33470.9,CLMS-MAY-25,0016080001,,,2025-08-06,C005,28855,578,CI,C1,0.0,100,2,194C,Cont. Cos - 2%-New Sec-393(1)6(i)
1001,DIM00398AJ,MAHINDRA LOGISTICS LIMITED,27AAFCM2530H1ZO,2025-08-07,2610298286,3400804053,2026,3184686107,001,,0000,000,2025-08-06,2025-06-26,INR,262701194618,RE,H,-1695205.12,-1695205.12,CLMS-MAY-25,0016080001,,,2025-08-06,C005,1461384,29228,CI,C1,0.0,100,2,194C,Cont. Cos - 2%-New Sec-393(1)6(i)
1001,DIM00398AJ,MAHINDRA LOGISTICS LIMITED,27AAFCM2530H1ZO,2025-08-07,2610298286,3400804053,2026,3184686088,001,,0000,000,2025-08-06,2025-06-26,INR,262701194606,RE,H,-836914.04,-836914.04,CLMS-MAY-25,0016080001,,,2025-08-06,C005,721478,14430,CI,C1,0.0,100,2,194C,Cont. Cos - 2%-New Sec-393(1)6(i)
1001,DIM00398AJ,MAHINDRA LOGISTICS LIMITED,27AAFCM2530H1ZO,2025-08-07,2610298286,3400806321,2026,3184686174,001,,0000,000,2025-08-06,2025-06-26,INR,262701194633,RE,H,-27494.54,-27494.54,CLMS-MAY-25,0016080001,,,2025-08-06,C005,23703,475,CI,C1,0.0,100,2,194C,Cont. Cos - 2%-New Sec-393(1)6(i)
1001,DIM00398AJ,MAHINDRA LOGISTICS LIMITED,27AAFCM2530H1ZO,2025-08-29,2610330274,3400809845,2026,3185365916,001,,0000,000,2025-08-28,2025-07-23,INR,262701251779,RE,H,-206749.94,-206749.94,Fixed staff & GMI-Jun-25,0016080001,,,2025-08-28,C005,178233,3565,CI,C1,0.0,100,2,194C,Cont. Cos - 2%-New Sec-393(1)6(i)
1001,DIM00398AJ,MAHINDRA LOGISTICS LIMITED,27AAFCM2530H1ZO,2025-08-29,2610330274,3400809845,2026,3185366053,001,,0000,000,2025-08-28,2025-07-23,INR,262701251759,RE,H,-356240.9,-356240.9,Fixed staff & GMI-Jun-25,0016080001,,,2025-08-28,C005,307105,6143,CI,C1,0.0,100,2,194C,Cont. Cos - 2%-New Sec-393(1)6(i)
1001,DIM00398AJ,MAHINDRA LOGISTICS LIMITED,27AAFCM2530H1ZO,2025-08-29,2610330274,3400809845,2026,3185366048,001,,0000,000,2025-08-28,2025-07-23,INR,262701251781,RE,H,-754499.58,-754499.58,Fixed staff & GMI-Jun-25,0016080001,,,2025-08-28,C005,650431,13009,CI,C1,0.0,100,2,194C,Cont. Cos - 2%-New Sec-393(1)6(i)
1001,DIM00398AJ,MAHINDRA LOGISTICS LIMITED,27AAFCM2530H1ZO,2025-08-29,2610330274,3400809845,2026,3185365954,001,,0000,000,2025-08-28,2025-07-23,INR,262701251799,RE,H,-210549.62,-210549.62,Fixed staff & GMI-Jun-25,0016080001,,,2025-08-28,C005,181509,3631,CI,C1,0.0,100,2,194C,Cont. Cos - 2%-New Sec-393(1)6(i)
1001,DIM00398AJ,MAHINDRA LOGISTICS LIMITED,27AAFCM2530H1ZO,2025-08-29,2610330274,3400809845,2026,3185365929,001,,0000,000,2025-08-28,2025-07-23,INR,262701251803,RE,H,-22352.6,-22352.6,Fixed staff & GMI-Jun-25,0016080001,,,2025-08-28,C005,19270,386,CI,C1,0.0,100,2,194C,Cont. Cos - 2%-New Sec-393(1)6(i)
1001,DIM00398AJ,MAHINDRA LOGISTICS LIMITED,27AAFCM2530H1ZO,2025-08-29,2610330274,3400809845,2026,3185365909,001,,0000,000,2025-08-28,2025-07-23,INR,262701251768,RE,H,-10938.4,-10938.4,Fixed staff & GMI-Jun-25,0016080001,,,2025-08-28,C005,9430,189,CI,C1,0.0,100,2,194C,Cont. Cos - 2%-New Sec-393(1)6(i)
1001,DIM00398AJ,MAHINDRA LOGISTICS LIMITED,27AAFCM2530H1ZO,2025-08-29,2610330274,3400809845,2026,3185365919,001,,0000,000,2025-08-28,2025-07-23,INR,262701251788,RE,H,-52664.18,-52664.18,Fixed staff & GMI-Jun-25,0016080001,,,2025-08-28,C005,45401,909,CI,C1,0.0,100,2,194C,Cont. Cos - 2%-New Sec-393(1)6(i)
1001,DIM00398AJ,MAHINDRA LOGISTICS LIMITED,27AAFCM2530H1ZO,2025-08-29,2610330274,3400809845,2026,3185365821,001,,0000,000,2025-08-28,2025-07-23,INR,262701251761,RE,H,-2233870.18,-2233870.18,Fixed staff & GMI-Jun-25,0016080001,,,2025-08-28,C005,1925751,38516,CI,C1,0.0,100,2,194C,Cont. Cos - 2%-New Sec-393(1)6(i)
1001,DIM00398AJ,MAHINDRA LOGISTICS LIMITED,27AAFCM2530H1ZO,2025-08-29,2610330274,3400809845,2026,3185365846,001,,0000,000,2025-08-28,2025-07-23,INR,262701251760,RE,H,-6182.4,-6182.4,Fixed staff & GMI-Jun-25,0016080001,,,2025-08-28,C005,5330,107,CI,C1,0.0,100,2,194C,Cont. Cos - 2%-New Sec-393(1)6(i)
1001,DIM00398AJ,MAHINDRA LOGISTICS LIMITED,27AAFCM2530H1ZO,2025-08-29,2610330274,3400809845,2026,3185365801,001,,0000,000,2025-08-28,2025-07-23,INR,262701251792,RE,H,-516086.54,-516086.54,Fixed staff & GMI-Jun-25,0016080001,,,2025-08-28,C005,444903,8899,CI,C1,0.0,100,2,194C,Cont. Cos - 2%-New Sec-393(1)6(i)
1001,DIM00398AJ,MAHINDRA LOGISTICS LIMITED,27AAFCM2530H1ZO,2025-08-29,2610330274,3400809845,2026,3185365948,001,,0000,000,2025-08-28,2025-07-23,INR,262701251774,RE,H,-19022.82,-19022.82,Fixed staff & GMI-Jun-25,0016080001,,,2025-08-28,C005,16399,328,CI,C1,0.0,100,2,194C,Cont. Cos - 2%-New Sec-393(1)6(i)
1001,DIM00398AJ,MAHINDRA LOGISTICS LIMITED,27AAFCM2530H1ZO,2025-08-29,2610330274,3400809845,2026,3185365957,001,,0000,000,2025-08-28,2025-07-23,INR,262701251800,RE,H,-269252.7,-269252.7,Fixed staff & GMI-Jun-25,0016080001,,,2025-08-28,C005,232115,4643,CI,C1,0.0,100,2,194C,Cont. Cos - 2%-New Sec-393(1)6(i)
1001,DIM00398AJ,MAHINDRA LOGISTICS LIMITED,27AAFCM2530H1ZO,2025-08-29,2610330274,3400809845,2026,3185365953,001,,0000,000,2025-08-28,2025-07-23,INR,262701251789,RE,H,-1426.4,-1426.4,Fixed staff & GMI-Jun-25,0016080001,,,2025-08-28,C005,1230,25,CI,C1,0.0,100,2,194C,Cont. Cos - 2%-New Sec-393(1)6(i)
1001,DIM00398AJ,MAHINDRA LOGISTICS LIMITED,27AAFCM2530H1ZO,2025-08-29,2610330274,3400809845,2026,3185365946,001,,0000,000,2025-08-28,2025-07-23,INR,262701251762,RE,H,-82873.74,-82873.74,Fixed staff & GMI-Jun-25,0016080001,,,2025-08-28,C005,71443,1429,CI,C1,0.0,100,2,194C,Cont. Cos - 2%-New Sec-393(1)6(i)
1001,DIM00398AJ,MAHINDRA LOGISTICS LIMITED,27AAFCM2530H1ZO,2025-08-29,2610330274,3400809845,2026,3185366098,001,,0000,000,2025-08-28,2025-07-23,INR,262701251824,RE,H,-674664.44,-674664.44,Fixed staff & GMI-Jun-25,0016080001,,,2025-08-28,C005,581608,11633,CI,C1,0.0,100,2,194C,Cont. Cos - 2%-New Sec-393(1)6(i)
1001,DIM00398AJ,MAHINDRA LOGISTICS LIMITED,27AAFCM2530H1ZO,2025-08-29,2610330274,3400809845,2026,3185365854,001,,0000,000,2025-08-28,2025-07-23,INR,262701251765,RE,H,-140032.24,-140032.24,Fixed staff & GMI-Jun-25,0016080001,,,2025-08-28,C005,120718,2415,CI,C1,0.0,100,2,194C,Cont. Cos - 2%-New Sec-393(1)6(i)
1001,DIM00398AJ,MAHINDRA LOGISTICS LIMITED,27AAFCM2530H1ZO,2025-08-29,2610330274,3400809845,2026,3185366102,001,,0000,000,2025-08-28,2025-07-23,INR,262701251832,RE,H,-127216.6,-127216.6,Fixed staff & GMI-Jun-25,0016080001,,,2025-08-28,C005,109670,2194,CI,C1,0.0,100,2,194C,Cont. Cos - 2%-New Sec-393(1)6(i)
1001,DIM00398AJ,MAHINDRA LOGISTICS LIMITED,27AAFCM2530H1ZO,2025-08-29,2610330274,3400809845,2026,3185366125,001,,0000,000,2025-08-28,2025-07-23,INR,262701251809,RE,H,-41090.14,-41090.14,Fixed staff & GMI-Jun-25,0016080001,,,2025-08-28,C005,35423,709,CI,C1,0.0,100,2,194C,Cont. Cos - 2%-New Sec-393(1)6(i)
1001,DIM00398AJ,MAHINDRA LOGISTICS LIMITED,27AAFCM2530H1ZO,2025-08-29,2610330274,3400809845,2026,3185365809,001,,0000,000,2025-08-28,2025-07-23,INR,262701251834,RE,H,-49471.64,-49471.64,Fixed staff & GMI-Jun-25,0016080001,,,2025-08-28,C005,42648,853,CI,C1,0.0,100,2,194C,Cont. Cos - 2%-New Sec-393(1)6(i)
1001,DIM00398AJ,MAHINDRA LOGISTICS LIMITED,27AAFCM2530H1ZO,2025-08-29,2610330274,3400809845,2026,3185366075,001,,0000,000,2025-08-28,2025-07-23,INR,262701251825,RE,H,-10938.4,-10938.4,Fixed staff & GMI-Jun-25,0016080001,,,2025-08-28,C005,9430,189,CI,C1,0.0,100,2,194C,Cont. Cos - 2%-New Sec-393(1)6(i)
1001,DIM00398AJ,MAHINDRA LOGISTICS LIMITED,27AAFCM2530H1ZO,2025-08-29,2610330274,3400809845,2026,3185365815,001,,0000,000,2025-08-28,2025-07-23,INR,262701251773,RE,H,-1055564.6,-1055564.6,Fixed staff & GMI-Jun-25,0016080001,,,2025-08-28,C005,909970,18200,CI,C1,0.0,100,2,194C,Cont. Cos - 2%-New Sec-393(1)6(i)
1001,DIM00398AJ,MAHINDRA LOGISTICS LIMITED,27AAFCM2530H1ZO,2025-08-29,2610330274,3400809845,2026,3185366129,001,,0000,000,2025-08-28,2025-07-23,INR,262701251822,RE,H,-66826.8,-66826.8,Fixed staff & GMI-Jun-25,0016080001,,,2025-08-28,C005,57610,1153,CI,C1,0.0,100,2,194C,Cont. Cos - 2%-New Sec-393(1)6(i)
1001,DIM00398AJ,MAHINDRA LOGISTICS LIMITED,27AAFCM2530H1ZO,2025-08-29,2610330274,3400809845,2026,3185366030,001,,0000,000,2025-08-28,2025-07-23,INR,262701251763,RE,H,-350463.32,-350463.32,Fixed staff & GMI-Jun-25,0016080001,,,2025-08-28,C005,302124,6043,CI,C1,0.0,100,2,194C,Cont. Cos - 2%-New Sec-393(1)6(i)
1001,DIM00398AJ,MAHINDRA LOGISTICS LIMITED,27AAFCM2530H1ZO,2025-08-29,2610330274,3400809845,2026,3185365818,001,,0000,000,2025-08-28,2025-07-23,INR,262701251791,RE,H,-60861.06,-60861.06,Fixed staff & GMI-Jun-25,0016080001,,,2025-08-28,C005,52467,1050,CI,C1,0.0,100,2,194C,Cont. Cos - 2%-New Sec-393(1)6(i)
1001,DIM00398AJ,MAHINDRA LOGISTICS LIMITED,27AAFCM2530H1ZO,2025-08-29,2610330274,3400809845,2026,3185366064,001,,0000,000,2025-08-28,2025-07-23,INR,262701251780,RE,H,-3327.42,-3327.42,Fixed staff & GMI-Jun-25,0016080001,,,2025-08-28,C005,2869,58,CI,C1,0.0,100,2,194C,Cont. Cos - 2%-New Sec-393(1)6(i)
1001,DIM00398AJ,MAHINDRA LOGISTICS LIMITED,27AAFCM2530H1ZO,2025-08-29,2610330274,3400809845,2026,3185366059,001,,0000,000,2025-08-28,2025-07-23,INR,262701251772,RE,H,-9063.52,-9063.52,Fixed staff & GMI-Jun-25,0016080001,,,2025-08-28,C005,7814,157,CI,C1,0.0,100,2,194C,Cont. Cos - 2%-New Sec-393(1)6(i)
1001,DIM00398AJ,MAHINDRA LOGISTICS LIMITED,27AAFCM2530H1ZO,2025-08-29,2610330274,3400809845,2026,3185365834,001,,0000,000,2025-08-28,2025-07-23,INR,262701251769,RE,H,-529764.92,-529764.92,Fixed staff & GMI-Jun-25,0016080001,,,2025-08-28,C005,456694,9134,CI,C1,0.0,100,2,194C,Cont. Cos - 2%-New Sec-393(1)6(i)
1001,DIM00398AJ,MAHINDRA LOGISTICS LIMITED,27AAFCM2530H1ZO,2025-08-29,2610330274,3400809845,2026,3185365798,001,,0000,000,2025-08-28,2025-07-23,INR,262701251766,RE,H,-9512,-9512,Fixed staff & GMI-Jun-25,0016080001,,,2025-08-28,C005,8200,164,CI,C1,0.0,100,2,194C,Cont. Cos - 2%-New Sec-393(1)6(i)
1001,DIM00398AJ,MAHINDRA LOGISTICS LIMITED,27AAFCM2530H1ZO,2025-08-29,2610330274,3400809845,2026,3185365830,001,,0000,000,2025-08-28,2025-07-23,INR,262701251767,RE,H,-405666.34,-405666.34,Fixed staff & GMI-Jun-25,0016080001,,,2025-08-28,C005,349713,6995,CI,C1,0.0,100,2,194C,Cont. Cos - 2%-New Sec-393(1)6(i)
1001,DIM00398AJ,MAHINDRA LOGISTICS LIMITED,27AAFCM2530H1ZO,2025-08-29,2610330274,3400809845,2026,3185365824,001,,0000,000,2025-08-28,2025-07-23,INR,262701251833,RE,H,-2819.58,-2819.58,Fixed staff & GMI-Jun-25,0016080001,,,2025-08-28,C005,2431,49,CI,C1,0.0,100,2,194C,Cont. Cos - 2%-New Sec-393(1)6(i)
1001,DIM00398AJ,MAHINDRA LOGISTICS LIMITED,27AAFCM2530H1ZO,2025-08-29,2610330274,3400809845,2026,3185366067,001,,0000,000,2025-08-28,2025-07-23,INR,262701251806,RE,H,-4756,-4756,Fixed staff & GMI-Jun-25,0016080001,,,2025-08-28,C005,4100,82,CI,C1,0.0,100,2,194C,Cont. Cos - 2%-New Sec-393(1)6(i)
1001,DIM00398AJ,MAHINDRA LOGISTICS LIMITED,27AAFCM2530H1ZO,2025-08-29,2610330274,3400809845,2026,3185366090,001,,0000,000,2025-08-28,2025-07-23,INR,262701251758,RE,H,-116149.22,-116149.22,Fixed staff & GMI-Jun-25,0016080001,,,2025-08-28,C005,100129,2003,CI,C1,0.0,100,2,194C,Cont. Cos - 2%-New Sec-393(1)6(i)
1001,DIM00398AJ,MAHINDRA LOGISTICS LIMITED,27AAFCM2530H1ZO,2025-08-29,2610330274,3400809845,2026,3185365807,001,,0000,000,2025-08-28,2025-07-23,INR,262701251782,RE,H,-26565.36,-26565.36,Fixed staff & GMI-Jun-25,0016080001,,,2025-08-28,C005,22902,459,CI,C1,0.0,100,2,194C,Cont. Cos - 2%-New Sec-393(1)6(i)
1001,DIM00398AJ,MAHINDRA LOGISTICS LIMITED,27AAFCM2530H1ZO,2025-08-29,2610330274,3400809845,2026,3185366181,001,,0000,000,2025-08-28,2025-07-23,INR,262701251839,RE,H,-546908.14,-546908.14,Fixed staff & GMI-Jun-25,0016080001,,,2025-08-28,C005,471473,9430,CI,C1,0.0,100,2,194C,Cont. Cos - 2%-New Sec-393(1)6(i)
1001,DIM00398AJ,MAHINDRA LOGISTICS LIMITED,27AAFCM2530H1ZO,2025-08-29,2610330274,3400809845,2026,3185366041,001,,0000,000,2025-08-28,2025-07-23,INR,262701251778,RE,H,-8083.42,-8083.42,Fixed staff & GMI-Jun-25,0016080001,,,2025-08-28,C005,6969,140,CI,C1,0.0,100,2,194C,Cont. Cos - 2%-New Sec-393(1)6(i)
1001,DIM00398AJ,MAHINDRA LOGISTICS LIMITED,27AAFCM2530H1ZO,2025-08-29,2610330274,3400809845,2026,3185366176,001,,0000,000,2025-08-28,2025-07-23,INR,262701251812,RE,H,-358415.22,-358415.22,Fixed staff & GMI-Jun-25,0016080001,,,2025-08-28,C005,308979,6180,CI,C1,0.0,100,2,194C,Cont. Cos - 2%-New Sec-393(1)6(i)
1001,DIM00398AJ,MAHINDRA LOGISTICS LIMITED,27AAFCM2530H1ZO,2025-08-29,2610330274,3400809845,2026,3185365838,001,,0000,000,2025-08-28,2025-07-23,INR,262701251815,RE,H,-170027.68,-170027.68,Fixed staff & GMI-Jun-25,0016080001,,,2025-08-28,C005,146576,2932,CI,C1,0.0,100,2,194C,Cont. Cos - 2%-New Sec-393(1)6(i)
1001,DIM00398AJ,MAHINDRA LOGISTICS LIMITED,27AAFCM2530H1ZO,2025-08-29,2610330274,3400809845,2026,3185366151,001,,0000,000,2025-08-28,2025-07-23,INR,262701251829,RE,H,-1673800.76,-1673800.76,Fixed staff & GMI-Jun-25,0016080001,,,2025-08-28,C005,1442932,28859,CI,C1,0.0,100,2,194C,Cont. Cos - 2%-New Sec-393(1)6(i)
1001,DIM00398AJ,MAHINDRA LOGISTICS LIMITED,27AAFCM2530H1ZO,2025-08-29,2610330274,3400809845,2026,3185366082,001,,0000,000,2025-08-28,2025-07-23,INR,262701251831,RE,H,-49471.64,-49471.64,Fixed staff & GMI-Jun-25,0016080001,,,2025-08-28,C005,42648,853,CI,C1,0.0,100,2,194C,Cont. Cos - 2%-New Sec-393(1)6(i)
1001,DIM00398AJ,MAHINDRA LOGISTICS LIMITED,27AAFCM2530H1ZO,2025-08-29,2610330274,3400809845,2026,3185365805,001,,0000,000,2025-08-28,2025-07-23,INR,262701251814,RE,H,-623065.68,-623065.68,Fixed staff & GMI-Jun-25,0016080001,,,2025-08-28,C005,537126,10743,CI,C1,0.0,100,2,194C,Cont. Cos - 2%-New Sec-393(1)6(i)
1001,DIM00398AJ,MAHINDRA LOGISTICS LIMITED,27AAFCM2530H1ZO,2025-08-29,2610330274,3400809845,2026,3185365998,001,,0000,000,2025-08-28,2025-07-23,INR,262701251801,RE,H,-46996.7,-46996.7,Fixed staff & GMI-Jun-25,0016080001,,,2025-08-28,C005,40515,811,CI,C1,0.0,100,2,194C,Cont. Cos - 2%-New Sec-393(1)6(i)
1001,DIM00398AJ,MAHINDRA LOGISTICS LIMITED,27AAFCM2530H1ZO,2025-08-29,2610330274,3400809845,2026,3185366146,001,,0000,000,2025-08-28,2025-07-23,INR,262701251813,RE,H,-98942.1,-98942.1,Fixed staff & GMI-Jun-25,0016080001,,,2025-08-28,C005,85295,1706,CI,C1,0.0,100,2,194C,Cont. Cos - 2%-New Sec-393(1)6(i)
1001,DIM00398AJ,MAHINDRA LOGISTICS LIMITED,27AAFCM2530H1ZO,2025-08-29,2610330274,3400809845,2026,3185366155,001,,0000,000,2025-08-28,2025-07-23,INR,262701251835,RE,H,-54090.4,-54090.4,Fixed staff & GMI-Jun-25,0016080001,,,2025-08-28,C005,46630,933,CI,C1,0.0,100,2,194C,Cont. Cos - 2%-New Sec-393(1)6(i)
1001,DIM00398AJ,MAHINDRA LOGISTICS LIMITED,27AAFCM2530H1ZO,2025-08-29,2610330274,3400809845,2026,3185365933,001,,0000,000,2025-08-28,2025-07-23,INR,262701251804,RE,H,-182084.6,-182084.6,Fixed staff & GMI-Jun-25,0016080001,,,2025-08-28,C005,156970,3140,CI,C1,0.0,100,2,194C,Cont. Cos - 2%-New Sec-393(1)6(i)
1001,DIM00398AJ,MAHINDRA LOGISTICS LIMITED,27AAFCM2530H1ZO,2025-08-29,2610330274,3400809845,2026,3185366142,001,,0000,000,2025-08-28,2025-07-23,INR,262701251798,RE,H,-12331.58,-12331.58,Fixed staff & GMI-Jun-25,0016080001,,,2025-08-28,C005,10631,213,CI,C1,0.0,100,2,194C,Cont. Cos - 2%-New Sec-393(1)6(i)
1001,DIM00398AJ,MAHINDRA LOGISTICS LIMITED,27AAFCM2530H1ZO,2025-08-29,2610330274,3400809845,2026,3185366036,001,,0000,000,2025-08-28,2025-07-23,INR,262701251770,RE,H,-10772.66,-10772.66,Fixed staff & GMI-Jun-25,0016080001,,,2025-08-28,C005,9287,186,CI,C1,0.0,100,2,194C,Cont. Cos - 2%-New Sec-393(1)6(i)
1001,DIM00398AJ,MAHINDRA LOGISTICS LIMITED,27AAFCM2530H1ZO,2025-08-29,2610330274,3400809845,2026,3185366136,001,,0000,000,2025-08-28,2025-07-23,INR,262701251828,RE,H,-81480.56,-81480.56,Fixed staff & GMI-Jun-25,0016080001,,,2025-08-28,C005,70242,1405,CI,C1,0.0,100,2,194C,Cont. Cos - 2%-New Sec-393(1)6(i)
1001,DIM00398AJ,MAHINDRA LOGISTICS LIMITED,27AAFCM2530H1ZO,2025-08-29,2610330274,3400809845,2026,3185365810,001,,0000,000,2025-08-28,2025-07-23,INR,262701251777,RE,H,-255279.42,-255279.42,Fixed staff & GMI-Jun-25,0016080001,,,2025-08-28,C005,220069,4402,CI,C1,0.0,100,2,194C,Cont. Cos - 2%-New Sec-393(1)6(i)
1001,DIM00398AJ,MAHINDRA LOGISTICS LIMITED,27AAFCM2530H1ZO,2025-08-29,2610330274,3400809845,2026,3185366133,001,,0000,000,2025-08-28,2025-07-23,INR,262701251841,RE,H,-142657.58,-142657.58,Fixed staff & GMI-Jun-25,0016080001,,,2025-08-28,C005,122981,2460,CI,C1,0.0,100,2,194C,Cont. Cos - 2%-New Sec-393(1)6(i)
1001,DIM00398AJ,MAHINDRA LOGISTICS LIMITED,27AAFCM2530H1ZO,2025-08-29,2610330274,3400809845,2026,3185366088,001,,0000,000,2025-08-28,2025-07-23,INR,262701251840,RE,H,-10938.4,-10938.4,Fixed staff & GMI-Jun-25,0016080001,,,2025-08-28,C005,9430,189,CI,C1,0.0,100,2,194C,Cont. Cos - 2%-New Sec-393(1)6(i)
1001,DIM00398AJ,MAHINDRA LOGISTICS LIMITED,27AAFCM2530H1ZO,2025-08-29,2610330274,3400809845,2026,3185366114,001,,0000,000,2025-08-28,2025-07-23,INR,262701251807,RE,H,-330055.58,-330055.58,Fixed staff & GMI-Jun-25,0016080001,,,2025-08-28,C005,284531,5691,CI,C1,0.0,100,2,194C,Cont. Cos - 2%-New Sec-393(1)6(i)
1001,DIM00398AJ,MAHINDRA LOGISTICS LIMITED,27AAFCM2530H1ZO,2025-08-29,2610330274,3400809845,2026,3185365941,001,,0000,000,2025-08-28,2025-07-23,INR,262701251757,RE,H,-3855097.98,-3855097.98,Fixed staff & GMI-Jun-25,0016080001,,,2025-08-28,C005,3323361,66468,CI,C1,0.0,100,2,194C,Cont. Cos - 2%-New Sec-393(1)6(i)
1001,DIM00398AJ,MAHINDRA LOGISTICS LIMITED,27AAFCM2530H1ZO,2025-08-29,2610330274,3400809845,2026,3185366190,001,,0000,000,2025-08-28,2025-07-23,INR,262701251808,RE,H,-9380.66,-9380.66,Fixed staff & GMI-Jun-25,0016080001,,,2025-08-28,C005,8087,162,CI,C1,0.0,100,2,194C,Cont. Cos - 2%-New Sec-393(1)6(i)
1001,DIM00398AJ,MAHINDRA LOGISTICS LIMITED,27AAFCM2530H1ZO,2025-08-29,2610330274,3400809845,2026,3185365926,001,,0000,000,2025-08-28,2025-07-23,INR,262701251790,RE,H,-2192491.22,-2192491.22,Fixed staff & GMI-Jun-25,0016080001,,,2025-08-28,C005,1890079,37802,CI,C1,0.0,100,2,194C,Cont. Cos - 2%-New Sec-393(1)6(i)
1001,DIM00398AJ,MAHINDRA LOGISTICS LIMITED,27AAFCM2530H1ZO,2025-08-29,2610330274,3400809845,2026,3185366020,001,,0000,000,2025-08-28,2025-07-23,INR,262701251756,RE,H,-140848.96,-140848.96,Fixed staff & GMI-Jun-25,0016080001,,,2025-08-28,C005,121422,2429,CI,C1,0.0,100,2,194C,Cont. Cos - 2%-New Sec-393(1)6(i)
1001,DIM00398AJ,MAHINDRA LOGISTICS LIMITED,27AAFCM2530H1ZO,2025-08-29,2610330274,3400809845,2026,3185366121,001,,0000,000,2025-08-28,2025-07-23,INR,262701251796,RE,H,-571328.5,-571328.5,Fixed staff & GMI-Jun-25,0016080001,,,2025-08-28,C005,492525,9851,CI,C1,0.0,100,2,194C,Cont. Cos - 2%-New Sec-393(1)6(i)
1001,DIM00398AJ,MAHINDRA LOGISTICS LIMITED,27AAFCM2530H1ZO,2025-08-29,2610330274,3400809845,2026,3185366109,001,,0000,000,2025-08-28,2025-07-23,INR,262701251793,RE,H,-10938.4,-10938.4,Fixed staff & GMI-Jun-25,0016080001,,,2025-08-28,C005,9430,189,CI,C1,0.0,100,2,194C,Cont. Cos - 2%-New Sec-393(1)6(i)
1001,DIM00398AJ,MAHINDRA LOGISTICS LIMITED,27AAFCM2530H1ZO,2025-08-29,2610330274,3400809845,2026,3185366074,001,,0000,000,2025-08-28,2025-07-23,INR,262701251821,RE,H,-4434457.62,-4434457.62,Fixed staff & GMI-Jun-25,0016080001,,,2025-08-28,C005,3822809,76457,CI,C1,0.0,100,2,194C,Cont. Cos - 2%-New Sec-393(1)6(i)
1001,DIM00398AJ,MAHINDRA LOGISTICS LIMITED,27AAFCM2530H1ZO,2025-08-29,2610330274,3400809845,2026,3185365803,001,,0000,000,2025-08-28,2025-07-23,INR,262701251802,RE,H,-1318485.68,-1318485.68,Fixed staff & GMI-Jun-25,0016080001,,,2025-08-28,C005,1136626,22733,CI,C1,0.0,100,2,194C,Cont. Cos - 2%-New Sec-393(1)6(i)
1001,DIM00398AJ,MAHINDRA LOGISTICS LIMITED,27AAFCM2530H1ZO,2025-08-29,2610330274,3400809845,2026,3185366095,001,,0000,000,2025-08-28,2025-07-23,INR,262701251817,RE,H,-1179974.6,-1179974.6,Fixed staff & GMI-Jun-25,0016080001,,,2025-08-28,C005,1017220,20345,CI,C1,0.0,100,2,194C,Cont. Cos - 2%-New Sec-393(1)6(i)
1001,DIM00398AJ,MAHINDRA LOGISTICS LIMITED,27AAFCM2530H1ZO,2025-08-29,2610330274,3400809845,2026,3185365912,001,,0000,000,2025-08-28,2025-07-23,INR,262701251771,RE,H,-41090.14,-41090.14,Fixed staff & GMI-Jun-25,0016080001,,,2025-08-28,C005,35423,709,CI,C1,0.0,100,2,194C,Cont. Cos - 2%-New Sec-393(1)6(i)
1001,DIM00398AJ,MAHINDRA LOGISTICS LIMITED,27AAFCM2530H1ZO,2025-08-29,2610330274,3400809845,2026,3185365806,001,,0000,000,2025-08-28,2025-07-23,INR,262701251818,RE,H,-52834.46,-52834.46,Fixed staff & GMI-Jun-25,0016080001,,,2025-08-28,C005,45547,911,CI,C1,0.0,100,2,194C,Cont. Cos - 2%-New Sec-393(1)6(i)
1001,DIM00398AJ,MAHINDRA LOGISTICS LIMITED,27AAFCM2530H1ZO,2025-08-29,2610330274,3400809845,2026,3185366165,001,,0000,000,2025-08-28,2025-07-23,INR,262701251805,RE,H,-948233.74,-948233.74,Fixed staff & GMI-Jun-25,0016080001,,,2025-08-28,C005,817443,16349,CI,C1,0.0,100,2,194C,Cont. Cos - 2%-New Sec-393(1)6(i)
1001,DIM00398AJ,MAHINDRA LOGISTICS LIMITED,27AAFCM2530H1ZO,2025-08-29,2610330274,3400809845,2026,3185365938,001,,0000,000,2025-08-28,2025-07-23,INR,262701251820,RE,H,-279802.8,-279802.8,Fixed staff & GMI-Jun-25,0016080001,,,2025-08-28,C005,241210,4825,CI,C1,0.0,100,2,194C,Cont. Cos - 2%-New Sec-393(1)6(i)
1001,DIM00398AJ,MAHINDRA LOGISTICS LIMITED,27AAFCM2530H1ZO,2025-08-29,2610330274,3400809845,2026,3185365812,001,,0000,000,2025-08-28,2025-07-23,INR,262701251776,RE,H,-2722.46,-2722.46,Fixed staff & GMI-Jun-25,0016080001,,,2025-08-28,C005,2347,47,CI,C1,0.0,100,2,194C,Cont. Cos - 2%-New Sec-393(1)6(i)
1001,DIM00398AJ,MAHINDRA LOGISTICS LIMITED,27AAFCM2530H1ZO,2025-08-29,2610330274,3400809845,2026,3185366005,001,,0000,000,2025-08-28,2025-07-23,INR,262701251755,RE,H,-4109996,-4109996,Fixed staff & GMI-Jun-25,0016080001,,,2025-08-28,C005,3543100,70862,CI,C1,0.0,100,2,194C,Cont. Cos - 2%-New Sec-393(1)6(i)
1001,DIM00398AJ,MAHINDRA LOGISTICS LIMITED,27AAFCM2530H1ZO,2025-08-29,2610330274,3400809845,2026,3185365828,001,,0000,000,2025-08-28,2025-07-23,INR,262701251816,RE,H,-127228.4,-127228.4,Fixed staff & GMI-Jun-25,0016080001,,,2025-08-28,C005,109680,2194,CI,C1,0.0,100,2,194C,Cont. Cos - 2%-New Sec-393(1)6(i)
1001,DIM00398AJ,MAHINDRA LOGISTICS LIMITED,27AAFCM2530H1ZO,2025-08-29,2610330274,3400809845,2026,3185366159,001,,0000,000,2025-08-28,2025-07-23,INR,262701251836,RE,H,-52664.18,-52664.18,Fixed staff & GMI-Jun-25,0016080001,,,2025-08-28,C005,45401,909,CI,C1,0.0,100,2,194C,Cont. Cos - 2%-New Sec-393(1)6(i)
1001,DIM00398AJ,MAHINDRA LOGISTICS LIMITED,27AAFCM2530H1ZO,2025-09-02,2610334591,,2026,2610334591,001,,0000,000,2025-09-02,2025-09-02,INR,,KZ,S,39155978.34,39155978.34,,0016080001,,,2025-09-02,,33409563,0,,,,,,,
1001,DIM00398AJ,MAHINDRA LOGISTICS LIMITED,27AAFCM2530H1ZO,2025-09-02,2610334591,3400809846,2026,3185519924,001,,0000,000,2025-09-02,2025-07-23,INR,262701251864,RE,H,-5531.6,-5531.6,CLMS-JUN-25,0016080001,,,2025-09-02,C005,4720,38,CI,C1,0.0,100,2,194C,Cont. Cos - 2%-New Sec-393(1)6(i)
1001,DIM00398AJ,MAHINDRA LOGISTICS LIMITED,27AAFCM2530H1ZO,2025-09-02,2610334591,,2026,3185519924,001,,0000,000,2025-09-02,2025-07-23,INR,262701251864,RE,H,-5531.6,-5531.6,CLMS-JUN-25,0016080001,,,2025-09-02,C005,4720,38,CI,C1,0.0,100,2,194C,Cont. Cos - 2%-New Sec-393(1)6(i)
1001,DIM00398AJ,MAHINDRA LOGISTICS LIMITED,27AAFCM2530H1ZO,2025-09-02,2610334591,,2026,3185519934,001,,0000,000,2025-09-02,2025-07-23,INR,262701251920,RE,H,-31398.38,-31398.38,CLMS-JUN-25,0016080001,,,2025-09-02,C005,26791,215,CI,C1,0.0,100,2,194C,Cont. Cos - 2%-New Sec-393(1)6(i)
1001,DIM00398AJ,MAHINDRA LOGISTICS LIMITED,27AAFCM2530H1ZO,2025-09-02,2610334591,3400809846,2026,3185519934,001,,0000,000,2025-09-02,2025-07-23,INR,262701251920,RE,H,-31398.38,-31398.38,CLMS-JUN-25,0016080001,,,2025-09-02,C005,26791,215,CI,C1,0.0,100,2,194C,Cont. Cos - 2%-New Sec-393(1)6(i)
1001,DIM00398AJ,MAHINDRA LOGISTICS LIMITED,27AAFCM2530H1ZO,2025-09-02,2610334591,3400809846,2026,3185519968,001,,0000,000,2025-09-02,2025-07-23,INR,262701251927,RE,H,-99617.64,-99617.64,CLMS-JUN-25,0016080001,,,2025-09-02,C005,84998,680,CI,C1,0.0,100,2,194C,Cont. Cos - 2%-New Sec-393(1)6(i)
1001,DIM00398AJ,MAHINDRA LOGISTICS LIMITED,27AAFCM2530H1ZO,2025-09-02,2610334591,,2026,3185519968,001,,0000,000,2025-09-02,2025-07-23,INR,262701251927,RE,H,-99617.64,-99617.64,CLMS-JUN-25,0016080001,,,2025-09-02,C005,84998,680,CI,C1,0.0,100,2,194C,Cont. Cos - 2%-New Sec-393(1)6(i)
1001,DIM00398AJ,MAHINDRA LOGISTICS LIMITED,27AAFCM2530H1ZO,2025-09-02,2610334591,,2026,3185519933,001,,0000,000,2025-09-02,2025-07-23,INR,262701251876,RE,H,-4024.12,-4024.12,CLMS-JUN-25,0016080001,,,2025-09-02,C005,3434,28,CI,C1,0.0,100,2,194C,Cont. Cos - 2%-New Sec-393(1)6(i)
1001,DIM00398AJ,MAHINDRA LOGISTICS LIMITED,27AAFCM2530H1ZO,2025-09-02,2610334591,3400809846,2026,3185519933,001,,0000,000,2025-09-02,2025-07-23,INR,262701251876,RE,H,-4024.12,-4024.12,CLMS-JUN-25,0016080001,,,2025-09-02,C005,3434,28,CI,C1,0.0,100,2,194C,Cont. Cos - 2%-New Sec-393(1)6(i)
1001,DIM00398AJ,MAHINDRA LOGISTICS LIMITED,27AAFCM2530H1ZO,2025-09-02,2610334591,3400809846,2026,3185519842,001,,0000,000,2025-09-02,2025-07-23,INR,262701251862,RE,H,-808163.8,-808163.8,CLMS-JUN-25,0016080001,,,2025-09-02,C005,689560,5517,CI,C1,0.0,100,2,194C,Cont. Cos - 2%-New Sec-393(1)6(i)
1001,DIM00398AJ,MAHINDRA LOGISTICS LIMITED,27AAFCM2530H1ZO,2025-09-02,2610334591,,2026,3185519842,001,,0000,000,2025-09-02,2025-07-23,INR,262701251862,RE,H,-808163.8,-808163.8,CLMS-JUN-25,0016080001,,,2025-09-02,C005,689560,5517,CI,C1,0.0,100,2,194C,Cont. Cos - 2%-New Sec-393(1)6(i)
1001,DIM00398AJ,MAHINDRA LOGISTICS LIMITED,27AAFCM2530H1ZO,2025-09-02,2610334591,,2026,3185519965,001,,0000,000,2025-09-02,2025-07-23,INR,262701251926,RE,H,-70419.3,-70419.3,CLMS-JUN-25,0016080001,,,2025-09-02,C005,60085,481,CI,C1,0.0,100,2,194C,Cont. Cos - 2%-New Sec-393(1)6(i)
1001,DIM00398AJ,MAHINDRA LOGISTICS LIMITED,27AAFCM2530H1ZO,2025-09-02,2610334591,,2026,3185519963,001,,0000,000,2025-09-02,2025-07-23,INR,262701251925,RE,H,-31398.38,-31398.38,CLMS-JUN-25,0016080001,,,2025-09-02,C005,26791,215,CI,C1,0.0,100,2,194C,Cont. Cos - 2%-New Sec-393(1)6(i)
1001,DIM00398AJ,MAHINDRA LOGISTICS LIMITED,27AAFCM2530H1ZO,2025-09-02,2610334591,3400809846,2026,3185519963,001,,0000,000,2025-09-02,2025-07-23,INR,262701251925,RE,H,-31398.38,-31398.38,CLMS-JUN-25,0016080001,,,2025-09-02,C005,26791,215,CI,C1,0.0,100,2,194C,Cont. Cos - 2%-New Sec-393(1)6(i)
1001,DIM00398AJ,MAHINDRA LOGISTICS LIMITED,27AAFCM2530H1ZO,2025-09-02,2610334591,,2026,3185519973,001,,0000,000,2025-09-02,2025-07-23,INR,262701251930,RE,H,-10765.48,-10765.48,CLMS-JUN-25,0016080001,,,2025-09-02,C005,9186,74,CI,C1,0.0,100,2,194C,Cont. Cos - 2%-New Sec-393(1)6(i)
1001,DIM00398AJ,MAHINDRA LOGISTICS LIMITED,27AAFCM2530H1ZO,2025-09-02,2610334591,3400809846,2026,3185519973,001,,0000,000,2025-09-02,2025-07-23,INR,262701251930,RE,H,-10765.48,-10765.48,CLMS-JUN-25,0016080001,,,2025-09-02,C005,9186,74,CI,C1,0.0,100,2,194C,Cont. Cos - 2%-New Sec-393(1)6(i)
1001,DIM00398AJ,MAHINDRA LOGISTICS LIMITED,27AAFCM2530H1ZO,2025-09-02,2610334591,3400809846,2026,3185519965,001,,0000,000,2025-09-02,2025-07-23,INR,262701251926,RE,H,-70419.3,-70419.3,CLMS-JUN-25,0016080001,,,2025-09-02,C005,60085,481,CI,C1,0.0,100,2,194C,Cont. Cos - 2%-New Sec-393(1)6(i)
1001,DIM00398AJ,MAHINDRA LOGISTICS LIMITED,27AAFCM2530H1ZO,2025-09-02,2610334591,,2026,3185519866,001,,0000,000,2025-09-02,2025-07-23,INR,262701251901,RE,H,-219309.32,-219309.32,CLMS-JUN-25,0016080001,,,2025-09-02,C005,187124,1497,CI,C1,0.0,100,2,194C,Cont. Cos - 2%-New Sec-393(1)6(i)
1001,DIM00398AJ,MAHINDRA LOGISTICS LIMITED,27AAFCM2530H1ZO,2025-09-02,2610334591,,2026,3185519955,001,,0000,000,2025-09-02,2025-07-23,INR,262701251923,RE,H,-95232.26,-95232.26,CLMS-JUN-25,0016080001,,,2025-09-02,C005,81257,651,CI,C1,0.0,100,2,194C,Cont. Cos - 2%-New Sec-393(1)6(i)
1001,DIM00398AJ,MAHINDRA LOGISTICS LIMITED,27AAFCM2530H1ZO,2025-09-02,2610334591,3400809846,2026,3185519866,001,,0000,000,2025-09-02,2025-07-23,INR,262701251901,RE,H,-219309.32,-219309.32,CLMS-JUN-25,0016080001,,,2025-09-02,C005,187124,1497,CI,C1,0.0,100,2,194C,Cont. Cos - 2%-New Sec-393(1)6(i)
1001,DIM00398AJ,MAHINDRA LOGISTICS LIMITED,27AAFCM2530H1ZO,2025-09-02,2610334591,3400809846,2026,3185519955,001,,0000,000,2025-09-02,2025-07-23,INR,262701251923,RE,H,-95232.26,-95232.26,CLMS-JUN-25,0016080001,,,2025-09-02,C005,81257,651,CI,C1,0.0,100,2,194C,Cont. Cos - 2%-New Sec-393(1)6(i)
1001,DIM00398AJ,MAHINDRA LOGISTICS LIMITED,27AAFCM2530H1ZO,2025-09-02,2610334591,3400809846,2026,3185519790,001,,0000,000,2025-09-02,2025-07-23,INR,262701251849,RE,H,-3491741.36,-3491741.36,CLMS-JUN-25,0016080001,,,2025-09-02,C005,2979302,23835,CI,C1,0.0,100,2,194C,Cont. Cos - 2%-New Sec-393(1)6(i)
1001,DIM00398AJ,MAHINDRA LOGISTICS LIMITED,27AAFCM2530H1ZO,2025-09-02,2610334591,,2026,3185519790,001,,0000,000,2025-09-02,2025-07-23,INR,262701251849,RE,H,-3491741.36,-3491741.36,CLMS-JUN-25,0016080001,,,2025-09-02,C005,2979302,23835,CI,C1,0.0,100,2,194C,Cont. Cos - 2%-New Sec-393(1)6(i)
1001,DIM00398AJ,MAHINDRA LOGISTICS LIMITED,27AAFCM2530H1ZO,2025-09-02,2610334591,,2026,3185519812,001,,0000,000,2025-09-02,2025-07-23,INR,262701251853,RE,H,-1292414.74,-1292414.74,CLMS-JUN-25,0016080001,,,2025-09-02,C005,1102743,8822,CI,C1,0.0,100,2,194C,Cont. Cos - 2%-New Sec-393(1)6(i)
1001,DIM00398AJ,MAHINDRA LOGISTICS LIMITED,27AAFCM2530H1ZO,2025-09-02,2610334591,3400809846,2026,3185519812,001,,0000,000,2025-09-02,2025-07-23,INR,262701251853,RE,H,-1292414.74,-1292414.74,CLMS-JUN-25,0016080001,,,2025-09-02,C005,1102743,8822,CI,C1,0.0,100,2,194C,Cont. Cos - 2%-New Sec-393(1)6(i)
1001,DIM00398AJ,MAHINDRA LOGISTICS LIMITED,27AAFCM2530H1ZO,2025-09-02,2610334591,,2026,3185519902,001,,0000,000,2025-09-02,2025-07-23,INR,262701251857,RE,H,-30189.8,-30189.8,CLMS-JUN-25,0016080001,,,2025-09-02,C005,25760,207,CI,C1,0.0,100,2,194C,Cont. Cos - 2%-New Sec-393(1)6(i)
1001,DIM00398AJ,MAHINDRA LOGISTICS LIMITED,27AAFCM2530H1ZO,2025-09-02,2610334591,3400809846,2026,3185519902,001,,0000,000,2025-09-02,2025-07-23,INR,262701251857,RE,H,-30189.8,-30189.8,CLMS-JUN-25,0016080001,,,2025-09-02,C005,25760,207,CI,C1,0.0,100,2,194C,Cont. Cos - 2%-New Sec-393(1)6(i)
1001,DIM00398AJ,MAHINDRA LOGISTICS LIMITED,27AAFCM2530H1ZO,2025-09-02,2610334591,,2026,3185519793,001,,0000,000,2025-09-02,2025-07-23,INR,262701251906,RE,H,-2257201.2,-2257201.2,CLMS-JUN-25,0016080001,,,2025-09-02,C005,1925940,15408,CI,C1,0.0,100,2,194C,Cont. Cos - 2%-New Sec-393(1)6(i)
1001,DIM00398AJ,MAHINDRA LOGISTICS LIMITED,27AAFCM2530H1ZO,2025-09-02,2610334591,,2026,3185519869,001,,0000,000,2025-09-02,2025-07-23,INR,262701251889,RE,H,-187085.4,-187085.4,CLMS-JUN-25,0016080001,,,2025-09-02,C005,159630,1278,CI,C1,0.0,100,2,194C,Cont. Cos - 2%-New Sec-393(1)6(i)
1001,DIM00398AJ,MAHINDRA LOGISTICS LIMITED,27AAFCM2530H1ZO,2025-09-02,2610334591,3400809846,2026,3185519869,001,,0000,000,2025-09-02,2025-07-23,INR,262701251889,RE,H,-187085.4,-187085.4,CLMS-JUN-25,0016080001,,,2025-09-02,C005,159630,1278,CI,C1,0.0,100,2,194C,Cont. Cos - 2%-New Sec-393(1)6(i)
1001,DIM00398AJ,MAHINDRA LOGISTICS LIMITED,27AAFCM2530H1ZO,2025-09-02,2610334591,3400809846,2026,3185519793,001,,0000,000,2025-09-02,2025-07-23,INR,262701251906,RE,H,-2257201.2,-2257201.2,CLMS-JUN-25,0016080001,,,2025-09-02,C005,1925940,15408,CI,C1,0.0,100,2,194C,Cont. Cos - 2%-New Sec-393(1)6(i)
1001,DIM00398AJ,MAHINDRA LOGISTICS LIMITED,27AAFCM2530H1ZO,2025-09-02,2610334591,,2026,3185519972,001,,0000,000,2025-09-02,2025-07-23,INR,262701251929,RE,H,-233485.6,-233485.6,CLMS-JUN-25,0016080001,,,2025-09-02,C005,199220,1594,CI,C1,0.0,100,2,194C,Cont. Cos - 2%-New Sec-393(1)6(i)
1001,DIM00398AJ,MAHINDRA LOGISTICS LIMITED,27AAFCM2530H1ZO,2025-09-02,2610334591,3400809846,2026,3185519972,001,,0000,000,2025-09-02,2025-07-23,INR,262701251929,RE,H,-233485.6,-233485.6,CLMS-JUN-25,0016080001,,,2025-09-02,C005,199220,1594,CI,C1,0.0,100,2,194C,Cont. Cos - 2%-New Sec-393(1)6(i)
1001,DIM00398AJ,MAHINDRA LOGISTICS LIMITED,27AAFCM2530H1ZO,2025-09-02,2610334591,,2026,3185519846,001,,0000,000,2025-09-02,2025-07-23,INR,262701251880,RE,H,-713253.04,-713253.04,CLMS-JUN-25,0016080001,,,2025-09-02,C005,608578,4869,CI,C1,0.0,100,2,194C,Cont. Cos - 2%-New Sec-393(1)6(i)
1001,DIM00398AJ,MAHINDRA LOGISTICS LIMITED,27AAFCM2530H1ZO,2025-09-02,2610334591,3400809846,2026,3185519846,001,,0000,000,2025-09-02,2025-07-23,INR,262701251880,RE,H,-713253.04,-713253.04,CLMS-JUN-25,0016080001,,,2025-09-02,C005,608578,4869,CI,C1,0.0,100,2,194C,Cont. Cos - 2%-New Sec-393(1)6(i)
1001,DIM00398AJ,MAHINDRA LOGISTICS LIMITED,27AAFCM2530H1ZO,2025-09-02,2610334591,,2026,3185519896,001,,0000,000,2025-09-02,2025-07-23,INR,262701251897,RE,H,-38010.94,-38010.94,CLMS-JUN-25,0016080001,,,2025-09-02,C005,32433,260,CI,C1,0.0,100,2,194C,Cont. Cos - 2%-New Sec-393(1)6(i)
1001,DIM00398AJ,MAHINDRA LOGISTICS LIMITED,27AAFCM2530H1ZO,2025-09-02,2610334591,,2026,3185519909,001,,0000,000,2025-09-02,2025-07-23,INR,262701251861,RE,H,-19822.52,-19822.52,CLMS-JUN-25,0016080001,,,2025-09-02,C005,16914,136,CI,C1,0.0,100,2,194C,Cont. Cos - 2%-New Sec-393(1)6(i)
1001,DIM00398AJ,MAHINDRA LOGISTICS LIMITED,27AAFCM2530H1ZO,2025-09-02,2610334591,3400809846,2026,3185519896,001,,0000,000,2025-09-02,2025-07-23,INR,262701251897,RE,H,-38010.94,-38010.94,CLMS-JUN-25,0016080001,,,2025-09-02,C005,32433,260,CI,C1,0.0,100,2,194C,Cont. Cos - 2%-New Sec-393(1)6(i)
1001,DIM00398AJ,MAHINDRA LOGISTICS LIMITED,27AAFCM2530H1ZO,2025-09-02,2610334591,3400809846,2026,3185519909,001,,0000,000,2025-09-02,2025-07-23,INR,262701251861,RE,H,-19822.52,-19822.52,CLMS-JUN-25,0016080001,,,2025-09-02,C005,16914,136,CI,C1,0.0,100,2,194C,Cont. Cos - 2%-New Sec-393(1)6(i)
1001,DIM00398AJ,MAHINDRA LOGISTICS LIMITED,27AAFCM2530H1ZO,2025-09-02,2610334806,,2026,3185520171,001,,0000,000,2025-09-02,2025-07-23,INR,262701251810,RE,H,-276971.32,-276971.32,Fixed Statf & GMI,0016080001,,,2025-09-02,C005,236324,1891,CI,C1,0.0,100,2,194C,Cont. Cos - 2%-New Sec-393(1)6(i)
1001,DIM00398AJ,MAHINDRA LOGISTICS LIMITED,27AAFCM2530H1ZO,2025-09-02,2610334591,,2026,3185519976,001,,0000,000,2025-09-02,2025-07-23,INR,262701251893,RE,H,-1407.18,-1407.18,CLMS-JUN-25,0016080001,,,2025-09-02,C005,1201,10,CI,C1,0.0,100,2,194C,Cont. Cos - 2%-New Sec-393(1)6(i)
1001,DIM00398AJ,MAHINDRA LOGISTICS LIMITED,27AAFCM2530H1ZO,2025-09-02,2610334591,,2026,3185519868,001,,0000,000,2025-09-02,2025-07-23,INR,262701251871,RE,H,-188464.08,-188464.08,CLMS-JUN-25,0016080001,,,2025-09-02,C005,160806,1287,CI,C1,0.0,100,2,194C,Cont. Cos - 2%-New Sec-393(1)6(i)
1001,DIM00398AJ,MAHINDRA LOGISTICS LIMITED,27AAFCM2530H1ZO,2025-09-02,2610334591,3400809846,2026,3185519976,001,,0000,000,2025-09-02,2025-07-23,INR,262701251893,RE,H,-1407.18,-1407.18,CLMS-JUN-25,0016080001,,,2025-09-02,C005,1201,10,CI,C1,0.0,100,2,194C,Cont. Cos - 2%-New Sec-393(1)6(i)
1001,DIM00398AJ,MAHINDRA LOGISTICS LIMITED,27AAFCM2530H1ZO,2025-09-02,2610334806,3400809845,2026,3185520171,001,,0000,000,2025-09-02,2025-07-23,INR,262701251810,RE,H,-276971.32,-276971.32,Fixed Statf & GMI,0016080001,,,2025-09-02,C005,236324,1891,CI,C1,0.0,100,2,194C,Cont. Cos - 2%-New Sec-393(1)6(i)
1001,DIM00398AJ,MAHINDRA LOGISTICS LIMITED,27AAFCM2530H1ZO,2025-09-02,2610334591,3400809846,2026,3185519868,001,,0000,000,2025-09-02,2025-07-23,INR,262701251871,RE,H,-188464.08,-188464.08,CLMS-JUN-25,0016080001,,,2025-09-02,C005,160806,1287,CI,C1,0.0,100,2,194C,Cont. Cos - 2%-New Sec-393(1)6(i)
1001,DIM00398AJ,MAHINDRA LOGISTICS LIMITED,27AAFCM2530H1ZO,2025-09-02,2610334591,3400809846,2026,3185519863,001,,0000,000,2025-09-02,2025-07-23,INR,262701251894,RE,H,-327071.96,-327071.96,CLMS-JUN-25,0016080001,,,2025-09-02,C005,279072,2233,CI,C1,0.0,100,2,194C,Cont. Cos - 2%-New Sec-393(1)6(i)
1001,DIM00398AJ,MAHINDRA LOGISTICS LIMITED,27AAFCM2530H1ZO,2025-09-02,2610334591,,2026,3185519863,001,,0000,000,2025-09-02,2025-07-23,INR,262701251894,RE,H,-327071.96,-327071.96,CLMS-JUN-25,0016080001,,,2025-09-02,C005,279072,2233,CI,C1,0.0,100,2,194C,Cont. Cos - 2%-New Sec-393(1)6(i)
1001,DIM00398AJ,MAHINDRA LOGISTICS LIMITED,27AAFCM2530H1ZO,2025-09-02,2610334591,3400809846,2026,3185519852,001,,0000,000,2025-09-02,2025-07-23,INR,262701251895,RE,H,-566488.36,-566488.36,CLMS-JUN-25,0016080001,,,2025-09-02,C005,483352,3867,CI,C1,0.0,100,2,194C,Cont. Cos - 2%-New Sec-393(1)6(i)
1001,DIM00398AJ,MAHINDRA LOGISTICS LIMITED,27AAFCM2530H1ZO,2025-09-02,2610334591,3400809846,2026,3185519878,001,,0000,000,2025-09-02,2025-07-23,INR,262701251891,RE,H,-102045.6,-102045.6,CLMS-JUN-25,0016080001,,,2025-09-02,C005,87070,697,CI,C1,0.0,100,2,194C,Cont. Cos - 2%-New Sec-393(1)6(i)
1001,DIM00398AJ,MAHINDRA LOGISTICS LIMITED,27AAFCM2530H1ZO,2025-09-02,2610334591,,2026,3185519878,001,,0000,000,2025-09-02,2025-07-23,INR,262701251891,RE,H,-102045.6,-102045.6,CLMS-JUN-25,0016080001,,,2025-09-02,C005,87070,697,CI,C1,0.0,100,2,194C,Cont. Cos - 2%-New Sec-393(1)6(i)
1001,DIM00398AJ,MAHINDRA LOGISTICS LIMITED,27AAFCM2530H1ZO,2025-09-02,2610334591,,2026,3185519852,001,,0000,000,2025-09-02,2025-07-23,INR,262701251895,RE,H,-566488.36,-566488.36,CLMS-JUN-25,0016080001,,,2025-09-02,C005,483352,3867,CI,C1,0.0,100,2,194C,Cont. Cos - 2%-New Sec-393(1)6(i)
1001,DIM00398AJ,MAHINDRA LOGISTICS LIMITED,27AAFCM2530H1ZO,2025-09-02,2610334591,3400809846,2026,3185519893,001,,0000,000,2025-09-02,2025-07-23,INR,262701251865,RE,H,-41865.96,-41865.96,CLMS-JUN-25,0016080001,,,2025-09-02,C005,35722,286,CI,C1,0.0,100,2,194C,Cont. Cos - 2%-New Sec-393(1)6(i)
1001,DIM00398AJ,MAHINDRA LOGISTICS LIMITED,27AAFCM2530H1ZO,2025-09-02,2610334591,,2026,3185519893,001,,0000,000,2025-09-02,2025-07-23,INR,262701251865,RE,H,-41865.96,-41865.96,CLMS-JUN-25,0016080001,,,2025-09-02,C005,35722,286,CI,C1,0.0,100,2,194C,Cont. Cos - 2%-New Sec-393(1)6(i)
1001,DIM00398AJ,MAHINDRA LOGISTICS LIMITED,27AAFCM2530H1ZO,2025-09-02,2610334806,,2026,2610334806,001,,0000,000,2025-09-02,2025-09-02,INR,,KZ,S,1883424.42,1883424.42,,0016080001,,,2025-09-02,,1607019,0,,,,,,,
1001,DIM00398AJ,MAHINDRA LOGISTICS LIMITED,27AAFCM2530H1ZO,2025-09-02,2610334591,3400809846,2026,3185519885,001,,0000,000,2025-09-02,2025-07-23,INR,262701251917,RE,H,-62782.42,-62782.42,CLMS-JUN-25,0016080001,,,2025-09-02,C005,53569,429,CI,C1,0.0,100,2,194C,Cont. Cos - 2%-New Sec-393(1)6(i)
1001,DIM00398AJ,MAHINDRA LOGISTICS LIMITED,27AAFCM2530H1ZO,2025-09-02,2610334806,3400809846,2026,3185520194,001,,0000,000,2025-09-02,2025-07-23,INR,262701251863,RE,H,-718553,-718553,CLMS-JUN-25,0016080001,,,2025-09-02,C005,613100,4905,CI,C1,0.0,100,2,194C,Cont. Cos - 2%-New Sec-393(1)6(i)
1001,DIM00398AJ,MAHINDRA LOGISTICS LIMITED,27AAFCM2530H1ZO,2025-09-02,2610334591,3400809846,2026,3185519882,001,,0000,000,2025-09-02,2025-07-23,INR,262701251877,RE,H,-76462.38,-76462.38,CLMS-JUN-25,0016080001,,,2025-09-02,C005,65241,522,CI,C1,0.0,100,2,194C,Cont. Cos - 2%-New Sec-393(1)6(i)
1001,DIM00398AJ,MAHINDRA LOGISTICS LIMITED,27AAFCM2530H1ZO,2025-09-02,2610334806,,2026,3185520194,001,,0000,000,2025-09-02,2025-07-23,INR,262701251863,RE,H,-718553,-718553,CLMS-JUN-25,0016080001,,,2025-09-02,C005,613100,4905,CI,C1,0.0,100,2,194C,Cont. Cos - 2%-New Sec-393(1)6(i)
1001,DIM00398AJ,MAHINDRA LOGISTICS LIMITED,27AAFCM2530H1ZO,2025-09-02,2610334591,,2026,3185519882,001,,0000,000,2025-09-02,2025-07-23,INR,262701251877,RE,H,-76462.38,-76462.38,CLMS-JUN-25,0016080001,,,2025-09-02,C005,65241,522,CI,C1,0.0,100,2,194C,Cont. Cos - 2%-New Sec-393(1)6(i)
1001,DIM00398AJ,MAHINDRA LOGISTICS LIMITED,27AAFCM2530H1ZO,2025-09-02,2610334591,,2026,3185519885,001,,0000,000,2025-09-02,2025-07-23,INR,262701251917,RE,H,-62782.42,-62782.42,CLMS-JUN-25,0016080001,,,2025-09-02,C005,53569,429,CI,C1,0.0,100,2,194C,Cont. Cos - 2%-New Sec-393(1)6(i)
1001,DIM00398AJ,MAHINDRA LOGISTICS LIMITED,27AAFCM2530H1ZO,2025-09-02,2610334591,3400809846,2026,3185519950,001,,0000,000,2025-09-02,2025-07-23,INR,262701251922,RE,H,-62797.76,-62797.76,CLMS-JUN-25,0016080001,,,2025-09-02,C005,53582,429,CI,C1,0.0,100,2,194C,Cont. Cos - 2%-New Sec-393(1)6(i)
1001,DIM00398AJ,MAHINDRA LOGISTICS LIMITED,27AAFCM2530H1ZO,2025-09-02,2610334591,,2026,3185519950,001,,0000,000,2025-09-02,2025-07-23,INR,262701251922,RE,H,-62797.76,-62797.76,CLMS-JUN-25,0016080001,,,2025-09-02,C005,53582,429,CI,C1,0.0,100,2,194C,Cont. Cos - 2%-New Sec-393(1)6(i)
1001,DIM00398AJ,MAHINDRA LOGISTICS LIMITED,27AAFCM2530H1ZO,2025-09-02,2610334591,3400809846,2026,3185519929,001,,0000,000,2025-09-02,2025-07-23,INR,262701251874,RE,H,-5232.7,-5232.7,CLMS-JUN-25,0016080001,,,2025-09-02,C005,4465,36,CI,C1,0.0,100,2,194C,Cont. Cos - 2%-New Sec-393(1)6(i)
1001,DIM00398AJ,MAHINDRA LOGISTICS LIMITED,27AAFCM2530H1ZO,2025-09-02,2610334591,,2026,3185519915,001,,0000,000,2025-09-02,2025-07-23,INR,262701251872,RE,H,-10564.7,-10564.7,CLMS-JUN-25,0016080001,,,2025-09-02,C005,9015,73,CI,C1,0.0,100,2,194C,Cont. Cos - 2%-New Sec-393(1)6(i)
1001,DIM00398AJ,MAHINDRA LOGISTICS LIMITED,27AAFCM2530H1ZO,2025-09-02,2610334591,3400809846,2026,3185519915,001,,0000,000,2025-09-02,2025-07-23,INR,262701251872,RE,H,-10564.7,-10564.7,CLMS-JUN-25,0016080001,,,2025-09-02,C005,9015,73,CI,C1,0.0,100,2,194C,Cont. Cos - 2%-New Sec-393(1)6(i)
1001,DIM00398AJ,MAHINDRA LOGISTICS LIMITED,27AAFCM2530H1ZO,2025-09-02,2610334591,,2026,3185519929,001,,0000,000,2025-09-02,2025-07-23,INR,262701251874,RE,H,-5232.7,-5232.7,CLMS-JUN-25,0016080001,,,2025-09-02,C005,4465,36,CI,C1,0.0,100,2,194C,Cont. Cos - 2%-New Sec-393(1)6(i)
1001,DIM00398AJ,MAHINDRA LOGISTICS LIMITED,27AAFCM2530H1ZO,2025-09-02,2610334591,,2026,3185519947,001,,0000,000,2025-09-02,2025-07-23,INR,262701251921,RE,H,-126996.62,-126996.62,CLMS-JUN-25,0016080001,,,2025-09-02,C005,108359,867,CI,C1,0.0,100,2,194C,Cont. Cos - 2%-New Sec-393(1)6(i)
1001,DIM00398AJ,MAHINDRA LOGISTICS LIMITED,27AAFCM2530H1ZO,2025-09-02,2610334591,3400809846,2026,3185519947,001,,0000,000,2025-09-02,2025-07-23,INR,262701251921,RE,H,-126996.62,-126996.62,CLMS-JUN-25,0016080001,,,2025-09-02,C005,108359,867,CI,C1,0.0,100,2,194C,Cont. Cos - 2%-New Sec-393(1)6(i)
1001,DIM00398AJ,MAHINDRA LOGISTICS LIMITED,27AAFCM2530H1ZO,2025-09-02,2610334591,3400809846,2026,3185519783,001,,0000,000,2025-09-02,2025-07-23,INR,262701251903,RE,H,-9769784.92,-9769784.92,CLMS-JUN-25,0016080001,,,2025-09-02,C005,8335994,66688,CI,C1,0.0,100,2,194C,Cont. Cos - 2%-New Sec-393(1)6(i)
1001,DIM00398AJ,MAHINDRA LOGISTICS LIMITED,27AAFCM2530H1ZO,2025-09-02,2610334591,,2026,3185519783,001,,0000,000,2025-09-02,2025-07-23,INR,262701251903,RE,H,-9769784.92,-9769784.92,CLMS-JUN-25,0016080001,,,2025-09-02,C005,8335994,66688,CI,C1,0.0,100,2,194C,Cont. Cos - 2%-New Sec-393(1)6(i)
1001,DIM00398AJ,MAHINDRA LOGISTICS LIMITED,27AAFCM2530H1ZO,2025-09-02,2610334806,,2026,3185520169,001,,0000,000,2025-09-02,2025-07-23,INR,262701251838,RE,H,-129543.94,-129543.94,Fixed Statf & GMI,0016080001,,,2025-09-02,C005,110533,885,CI,C1,0.0,100,2,194C,Cont. Cos - 2%-New Sec-393(1)6(i)
1001,DIM00398AJ,MAHINDRA LOGISTICS LIMITED,27AAFCM2530H1ZO,2025-09-02,2610334806,3400809845,2026,3185520169,001,,0000,000,2025-09-02,2025-07-23,INR,262701251838,RE,H,-129543.94,-129543.94,Fixed Statf & GMI,0016080001,,,2025-09-02,C005,110533,885,CI,C1,0.0,100,2,194C,Cont. Cos - 2%-New Sec-393(1)6(i)
1001,DIM00398AJ,MAHINDRA LOGISTICS LIMITED,27AAFCM2530H1ZO,2025-09-02,2610334591,,2026,3185519805,001,,0000,000,2025-09-02,2025-07-23,INR,262701251881,RE,H,-1501653.5,-1501653.5,CLMS-JUN-25,0016080001,,,2025-09-02,C005,1281275,10251,CI,C1,0.0,100,2,194C,Cont. Cos - 2%-New Sec-393(1)6(i)
1001,DIM00398AJ,MAHINDRA LOGISTICS LIMITED,27AAFCM2530H1ZO,2025-09-02,2610334591,3400809846,2026,3185519855,001,,0000,000,2025-09-02,2025-07-23,INR,262701251860,RE,H,-461369.98,-461369.98,CLMS-JUN-25,0016080001,,,2025-09-02,C005,393661,3150,CI,C1,0.0,100,2,194C,Cont. Cos - 2%-New Sec-393(1)6(i)
1001,DIM00398AJ,MAHINDRA LOGISTICS LIMITED,27AAFCM2530H1ZO,2025-09-02,2610334591,,2026,3185519855,001,,0000,000,2025-09-02,2025-07-23,INR,262701251860,RE,H,-461369.98,-461369.98,CLMS-JUN-25,0016080001,,,2025-09-02,C005,393661,3150,CI,C1,0.0,100,2,194C,Cont. Cos - 2%-New Sec-393(1)6(i)
1001,DIM00398AJ,MAHINDRA LOGISTICS LIMITED,27AAFCM2530H1ZO,2025-09-02,2610334591,3400809846,2026,3185519805,001,,0000,000,2025-09-02,2025-07-23,INR,262701251881,RE,H,-1501653.5,-1501653.5,CLMS-JUN-25,0016080001,,,2025-09-02,C005,1281275,10251,CI,C1,0.0,100,2,194C,Cont. Cos - 2%-New Sec-393(1)6(i)
1001,DIM00398AJ,MAHINDRA LOGISTICS LIMITED,27AAFCM2530H1ZO,2025-09-02,2610334591,,2026,3185519898,001,,0000,000,2025-09-02,2025-07-23,INR,262701251912,RE,H,-31995,-31995,CLMS-JUN-25,0016080001,,,2025-09-02,C005,27300,219,CI,C1,0.0,100,2,194C,Cont. Cos - 2%-New Sec-393(1)6(i)
1001,DIM00398AJ,MAHINDRA LOGISTICS LIMITED,27AAFCM2530H1ZO,2025-09-02,2610334591,3400809846,2026,3185519898,001,,0000,000,2025-09-02,2025-07-23,INR,262701251912,RE,H,-31995,-31995,CLMS-JUN-25,0016080001,,,2025-09-02,C005,27300,219,CI,C1,0.0,100,2,194C,Cont. Cos - 2%-New Sec-393(1)6(i)
1001,DIM00398AJ,MAHINDRA LOGISTICS LIMITED,27AAFCM2530H1ZO,2025-09-02,2610334591,3400809846,2026,3185519788,001,,0000,000,2025-09-02,2025-07-23,INR,262701251846,RE,H,-5338174.26,-5338174.26,CLMS-JUN-25,0016080001,,,2025-09-02,C005,4554757,36439,CI,C1,0.0,100,2,194C,Cont. Cos - 2%-New Sec-393(1)6(i)
1001,DIM00398AJ,MAHINDRA LOGISTICS LIMITED,27AAFCM2530H1ZO,2025-09-02,2610334591,,2026,3185519788,001,,0000,000,2025-09-02,2025-07-23,INR,262701251846,RE,H,-5338174.26,-5338174.26,CLMS-JUN-25,0016080001,,,2025-09-02,C005,4554757,36439,CI,C1,0.0,100,2,194C,Cont. Cos - 2%-New Sec-393(1)6(i)
1001,DIM00398AJ,MAHINDRA LOGISTICS LIMITED,27AAFCM2530H1ZO,2025-09-02,2610334591,3400809846,2026,3185519975,001,,0000,000,2025-09-02,2025-07-23,INR,262701251918,RE,H,-99998.14,-99998.14,CLMS-JUN-25,0016080001,,,2025-09-02,C005,85323,683,CI,C1,0.0,100,2,194C,Cont. Cos - 2%-New Sec-393(1)6(i)
1001,DIM00398AJ,MAHINDRA LOGISTICS LIMITED,27AAFCM2530H1ZO,2025-09-02,2610334591,,2026,3185519975,001,,0000,000,2025-09-02,2025-07-23,INR,262701251918,RE,H,-99998.14,-99998.14,CLMS-JUN-25,0016080001,,,2025-09-02,C005,85323,683,CI,C1,0.0,100,2,194C,Cont. Cos - 2%-New Sec-393(1)6(i)
1001,DIM00398AJ,MAHINDRA LOGISTICS LIMITED,27AAFCM2530H1ZO,2025-09-02,2610334591,,2026,3185519890,001,,0000,000,2025-09-02,2025-07-23,INR,262701251883,RE,H,-49799.38,-49799.38,CLMS-JUN-25,0016080001,,,2025-09-02,C005,42491,340,CI,C1,0.0,100,2,194C,Cont. Cos - 2%-New Sec-393(1)6(i)
1001,DIM00398AJ,MAHINDRA LOGISTICS LIMITED,27AAFCM2530H1ZO,2025-09-02,2610334591,3400809846,2026,3185519890,001,,0000,000,2025-09-02,2025-07-23,INR,262701251883,RE,H,-49799.38,-49799.38,CLMS-JUN-25,0016080001,,,2025-09-02,C005,42491,340,CI,C1,0.0,100,2,194C,Cont. Cos - 2%-New Sec-393(1)6(i)
1001,DIM00398AJ,MAHINDRA LOGISTICS LIMITED,27AAFCM2530H1ZO,2025-09-02,2610334591,,2026,3185519910,001,,0000,000,2025-09-02,2025-07-23,INR,262701251866,RE,H,-18713.06,-18713.06,CLMS-JUN-25,0016080001,,,2025-09-02,C005,15967,128,CI,C1,0.0,100,2,194C,Cont. Cos - 2%-New Sec-393(1)6(i)
1001,DIM00398AJ,MAHINDRA LOGISTICS LIMITED,27AAFCM2530H1ZO,2025-09-02,2610334591,3400809846,2026,3185519910,001,,0000,000,2025-09-02,2025-07-23,INR,262701251866,RE,H,-18713.06,-18713.06,CLMS-JUN-25,0016080001,,,2025-09-02,C005,15967,128,CI,C1,0.0,100,2,194C,Cont. Cos - 2%-New Sec-393(1)6(i)
1001,DIM00398AJ,MAHINDRA LOGISTICS LIMITED,27AAFCM2530H1ZO,2025-09-02,2610334591,,2026,3185519888,001,,0000,000,2025-09-02,2025-07-23,INR,262701251848,RE,H,-62769.44,-62769.44,CLMS-JUN-25,0016080001,,,2025-09-02,C005,53558,429,CI,C1,0.0,100,2,194C,Cont. Cos - 2%-New Sec-393(1)6(i)
1001,DIM00398AJ,MAHINDRA LOGISTICS LIMITED,27AAFCM2530H1ZO,2025-09-02,2610334591,3400809846,2026,3185519888,001,,0000,000,2025-09-02,2025-07-23,INR,262701251848,RE,H,-62769.44,-62769.44,CLMS-JUN-25,0016080001,,,2025-09-02,C005,53558,429,CI,C1,0.0,100,2,194C,Cont. Cos - 2%-New Sec-393(1)6(i)
1001,DIM00398AJ,MAHINDRA LOGISTICS LIMITED,27AAFCM2530H1ZO,2025-09-02,2610334591,3400809846,2026,3185519877,001,,0000,000,2025-09-02,2025-07-23,INR,262701251858,RE,H,-104662.54,-104662.54,CLMS-JUN-25,0016080001,,,2025-09-02,C005,89303,715,CI,C1,0.0,100,2,194C,Cont. Cos - 2%-New Sec-393(1)6(i)
1001,DIM00398AJ,MAHINDRA LOGISTICS LIMITED,27AAFCM2530H1ZO,2025-09-02,2610334591,,2026,3185519877,001,,0000,000,2025-09-02,2025-07-23,INR,262701251858,RE,H,-104662.54,-104662.54,CLMS-JUN-25,0016080001,,,2025-09-02,C005,89303,715,CI,C1,0.0,100,2,194C,Cont. Cos - 2%-New Sec-393(1)6(i)
1001,DIM00398AJ,MAHINDRA LOGISTICS LIMITED,27AAFCM2530H1ZO,2025-09-02,2610334591,3400809846,2026,3185519918,001,,0000,000,2025-09-02,2025-07-23,INR,262701251885,RE,H,-9357.12,-9357.12,CLMS-JUN-25,0016080001,,,2025-09-02,C005,7984,64,CI,C1,0.0,100,2,194C,Cont. Cos - 2%-New Sec-393(1)6(i)
1001,DIM00398AJ,MAHINDRA LOGISTICS LIMITED,27AAFCM2530H1ZO,2025-09-02,2610334591,,2026,3185519918,001,,0000,000,2025-09-02,2025-07-23,INR,262701251885,RE,H,-9357.12,-9357.12,CLMS-JUN-25,0016080001,,,2025-09-02,C005,7984,64,CI,C1,0.0,100,2,194C,Cont. Cos - 2%-New Sec-393(1)6(i)
1001,DIM00398AJ,MAHINDRA LOGISTICS LIMITED,27AAFCM2530H1ZO,2025-09-02,2610334591,,2026,3185519872,001,,0000,000,2025-09-02,2025-07-23,INR,262701251886,RE,H,-142603.68,-142603.68,CLMS-JUN-25,0016080001,,,2025-09-02,C005,121676,974,CI,C1,0.0,100,2,194C,Cont. Cos - 2%-New Sec-393(1)6(i)
1001,DIM00398AJ,MAHINDRA LOGISTICS LIMITED,27AAFCM2530H1ZO,2025-09-02,2610334591,3400809846,2026,3185519872,001,,0000,000,2025-09-02,2025-07-23,INR,262701251886,RE,H,-142603.68,-142603.68,CLMS-JUN-25,0016080001,,,2025-09-02,C005,121676,974,CI,C1,0.0,100,2,194C,Cont. Cos - 2%-New Sec-393(1)6(i)
1001,DIM00398AJ,MAHINDRA LOGISTICS LIMITED,27AAFCM2530H1ZO,2025-09-02,2610334591,,2026,3185519926,001,,0000,000,2025-09-02,2025-07-23,INR,262701251870,RE,H,-5232.7,-5232.7,CLMS-JUN-25,0016080001,,,2025-09-02,C005,4465,36,CI,C1,0.0,100,2,194C,Cont. Cos - 2%-New Sec-393(1)6(i)
1001,DIM00398AJ,MAHINDRA LOGISTICS LIMITED,27AAFCM2530H1ZO,2025-09-02,2610334591,3400809846,2026,3185519926,001,,0000,000,2025-09-02,2025-07-23,INR,262701251870,RE,H,-5232.7,-5232.7,CLMS-JUN-25,0016080001,,,2025-09-02,C005,4465,36,CI,C1,0.0,100,2,194C,Cont. Cos - 2%-New Sec-393(1)6(i)
1001,DIM00398AJ,MAHINDRA LOGISTICS LIMITED,27AAFCM2530H1ZO,2025-09-02,2610334591,3400809846,2026,3185519875,001,,0000,000,2025-09-02,2025-07-23,INR,262701251873,RE,H,-137469.1,-137469.1,CLMS-JUN-25,0016080001,,,2025-09-02,C005,117295,939,CI,C1,0.0,100,2,194C,Cont. Cos - 2%-New Sec-393(1)6(i)
1001,DIM00398AJ,MAHINDRA LOGISTICS LIMITED,27AAFCM2530H1ZO,2025-09-02,2610334591,,2026,3185519875,001,,0000,000,2025-09-02,2025-07-23,INR,262701251873,RE,H,-137469.1,-137469.1,CLMS-JUN-25,0016080001,,,2025-09-02,C005,117295,939,CI,C1,0.0,100,2,194C,Cont. Cos - 2%-New Sec-393(1)6(i)
1001,DIM00398AJ,MAHINDRA LOGISTICS LIMITED,27AAFCM2530H1ZO,2025-09-02,2610334591,3400809846,2026,3185519865,001,,0000,000,2025-09-02,2025-07-23,INR,262701251884,RE,H,-281707.7,-281707.7,CLMS-JUN-25,0016080001,,,2025-09-02,C005,240365,1923,CI,C1,0.0,100,2,194C,Cont. Cos - 2%-New Sec-393(1)6(i)
1001,DIM00398AJ,MAHINDRA LOGISTICS LIMITED,27AAFCM2530H1ZO,2025-09-02,2610334591,,2026,3185519865,001,,0000,000,2025-09-02,2025-07-23,INR,262701251884,RE,H,-281707.7,-281707.7,CLMS-JUN-25,0016080001,,,2025-09-02,C005,240365,1923,CI,C1,0.0,100,2,194C,Cont. Cos - 2%-New Sec-393(1)6(i)
1001,DIM00398AJ,MAHINDRA LOGISTICS LIMITED,27AAFCM2530H1ZO,2025-09-02,2610334591,3400809846,2026,3185519974,001,,0000,000,2025-09-02,2025-07-23,INR,262701251931,RE,H,-320174.66,-320174.66,CLMS-JUN-25,0016080001,,,2025-09-02,C005,273187,2186,CI,C1,0.0,100,2,194C,Cont. Cos - 2%-New Sec-393(1)6(i)
1001,DIM00398AJ,MAHINDRA LOGISTICS LIMITED,27AAFCM2530H1ZO,2025-09-02,2610334591,,2026,3185519974,001,,0000,000,2025-09-02,2025-07-23,INR,262701251931,RE,H,-320174.66,-320174.66,CLMS-JUN-25,0016080001,,,2025-09-02,C005,273187,2186,CI,C1,0.0,100,2,194C,Cont. Cos - 2%-New Sec-393(1)6(i)
1001,DIM00398AJ,MAHINDRA LOGISTICS LIMITED,27AAFCM2530H1ZO,2025-09-02,2610334591,3400809846,2026,3185519913,001,,0000,000,2025-09-02,2025-07-23,INR,262701251908,RE,H,-11972.88,-11972.88,CLMS-JUN-25,0016080001,,,2025-09-02,C005,10216,82,CI,C1,0.0,100,2,194C,Cont. Cos - 2%-New Sec-393(1)6(i)
1001,DIM00398AJ,MAHINDRA LOGISTICS LIMITED,27AAFCM2530H1ZO,2025-09-02,2610334591,,2026,3185519913,001,,0000,000,2025-09-02,2025-07-23,INR,262701251908,RE,H,-11972.88,-11972.88,CLMS-JUN-25,0016080001,,,2025-09-02,C005,10216,82,CI,C1,0.0,100,2,194C,Cont. Cos - 2%-New Sec-393(1)6(i)
1001,DIM00398AJ,MAHINDRA LOGISTICS LIMITED,27AAFCM2530H1ZO,2025-09-02,2610334591,3400809846,2026,3185519795,001,,0000,000,2025-09-02,2025-07-23,INR,262701251867,RE,H,-1571519.84,-1571519.84,CLMS-JUN-25,0016080001,,,2025-09-02,C005,1340888,10728,CI,C1,0.0,100,2,194C,Cont. Cos - 2%-New Sec-393(1)6(i)
1001,DIM00398AJ,MAHINDRA LOGISTICS LIMITED,27AAFCM2530H1ZO,2025-09-02,2610334591,3400809846,2026,3185519871,001,,0000,000,2025-09-02,2025-07-23,INR,262701251900,RE,H,-155685.84,-155685.84,CLMS-JUN-25,0016080001,,,2025-09-02,C005,132838,1063,CI,C1,0.0,100,2,194C,Cont. Cos - 2%-New Sec-393(1)6(i)
1001,DIM00398AJ,MAHINDRA LOGISTICS LIMITED,27AAFCM2530H1ZO,2025-09-02,2610334591,,2026,3185519871,001,,0000,000,2025-09-02,2025-07-23,INR,262701251900,RE,H,-155685.84,-155685.84,CLMS-JUN-25,0016080001,,,2025-09-02,C005,132838,1063,CI,C1,0.0,100,2,194C,Cont. Cos - 2%-New Sec-393(1)6(i)
1001,DIM00398AJ,MAHINDRA LOGISTICS LIMITED,27AAFCM2530H1ZO,2025-09-02,2610334591,,2026,3185519901,001,,0000,000,2025-09-02,2025-07-23,INR,262701251896,RE,H,-31398.38,-31398.38,CLMS-JUN-25,0016080001,,,2025-09-02,C005,26791,215,CI,C1,0.0,100,2,194C,Cont. Cos - 2%-New Sec-393(1)6(i)
1001,DIM00398AJ,MAHINDRA LOGISTICS LIMITED,27AAFCM2530H1ZO,2025-09-02,2610334591,,2026,3185519795,001,,0000,000,2025-09-02,2025-07-23,INR,262701251867,RE,H,-1571519.84,-1571519.84,CLMS-JUN-25,0016080001,,,2025-09-02,C005,1340888,10728,CI,C1,0.0,100,2,194C,Cont. Cos - 2%-New Sec-393(1)6(i)
1001,DIM00398AJ,MAHINDRA LOGISTICS LIMITED,27AAFCM2530H1ZO,2025-09-02,2610334591,3400809846,2026,3185519901,001,,0000,000,2025-09-02,2025-07-23,INR,262701251896,RE,H,-31398.38,-31398.38,CLMS-JUN-25,0016080001,,,2025-09-02,C005,26791,215,CI,C1,0.0,100,2,194C,Cont. Cos - 2%-New Sec-393(1)6(i)
1001,DIM00398AJ,MAHINDRA LOGISTICS LIMITED,27AAFCM2530H1ZO,2025-09-02,2610334591,,2026,3185519864,001,,0000,000,2025-09-02,2025-07-23,INR,262701251888,RE,H,-298365.04,-298365.04,CLMS-JUN-25,0016080001,,,2025-09-02,C005,254578,2037,CI,C1,0.0,100,2,194C,Cont. Cos - 2%-New Sec-393(1)6(i)
1001,DIM00398AJ,MAHINDRA LOGISTICS LIMITED,27AAFCM2530H1ZO,2025-09-02,2610334591,3400809846,2026,3185519864,001,,0000,000,2025-09-02,2025-07-23,INR,262701251888,RE,H,-298365.04,-298365.04,CLMS-JUN-25,0016080001,,,2025-09-02,C005,254578,2037,CI,C1,0.0,100,2,194C,Cont. Cos - 2%-New Sec-393(1)6(i)
1001,DIM00398AJ,MAHINDRA LOGISTICS LIMITED,27AAFCM2530H1ZO,2025-09-02,2610334591,,2026,3185519907,001,,0000,000,2025-09-02,2025-07-23,INR,262701251899,RE,H,-28782.62,-28782.62,CLMS-JUN-25,0016080001,,,2025-09-02,C005,24559,197,CI,C1,0.0,100,2,194C,Cont. Cos - 2%-New Sec-393(1)6(i)
1001,DIM00398AJ,MAHINDRA LOGISTICS LIMITED,27AAFCM2530H1ZO,2025-09-02,2610334591,3400809846,2026,3185519907,001,,0000,000,2025-09-02,2025-07-23,INR,262701251899,RE,H,-28782.62,-28782.62,CLMS-JUN-25,0016080001,,,2025-09-02,C005,24559,197,CI,C1,0.0,100,2,194C,Cont. Cos - 2%-New Sec-393(1)6(i)
1001,DIM00398AJ,MAHINDRA LOGISTICS LIMITED,27AAFCM2530H1ZO,2025-09-02,2610334591,3400809846,2026,3185519848,001,,0000,000,2025-09-02,2025-07-23,INR,262701251913,RE,H,-624365.3,-624365.3,CLMS-JUN-25,0016080001,,,2025-09-02,C005,532735,4262,CI,C1,0.0,100,2,194C,Cont. Cos - 2%-New Sec-393(1)6(i)
1001,DIM00398AJ,MAHINDRA LOGISTICS LIMITED,27AAFCM2530H1ZO,2025-09-02,2610334591,,2026,3185519848,001,,0000,000,2025-09-02,2025-07-23,INR,262701251913,RE,H,-624365.3,-624365.3,CLMS-JUN-25,0016080001,,,2025-09-02,C005,532735,4262,CI,C1,0.0,100,2,194C,Cont. Cos - 2%-New Sec-393(1)6(i)
1001,DIM00398AJ,MAHINDRA LOGISTICS LIMITED,27AAFCM2530H1ZO,2025-09-02,2610334591,,2026,3185519979,001,,0000,000,2025-09-02,2025-07-23,INR,262701251919,RE,H,-1307.88,-1307.88,CLMS-JUN-25,0016080001,,,2025-09-02,C005,1116,9,CI,C1,0.0,100,2,194C,Cont. Cos - 2%-New Sec-393(1)6(i)
1001,DIM00398AJ,MAHINDRA LOGISTICS LIMITED,27AAFCM2530H1ZO,2025-09-02,2610334591,,2026,3185519862,001,,0000,000,2025-09-02,2025-07-23,INR,262701251898,RE,H,-371301.98,-371301.98,CLMS-JUN-25,0016080001,,,2025-09-02,C005,316811,2535,CI,C1,0.0,100,2,194C,Cont. Cos - 2%-New Sec-393(1)6(i)
1001,DIM00398AJ,MAHINDRA LOGISTICS LIMITED,27AAFCM2530H1ZO,2025-09-02,2610334591,,2026,3185519809,001,,0000,000,2025-09-02,2025-07-23,INR,262701251890,RE,H,-1483820.62,-1483820.62,CLMS-JUN-25,0016080001,,,2025-09-02,C005,1266059,10129,CI,C1,0.0,100,2,194C,Cont. Cos - 2%-New Sec-393(1)6(i)
1001,DIM00398AJ,MAHINDRA LOGISTICS LIMITED,27AAFCM2530H1ZO,2025-09-02,2610334591,3400809846,2026,3185519809,001,,0000,000,2025-09-02,2025-07-23,INR,262701251890,RE,H,-1483820.62,-1483820.62,CLMS-JUN-25,0016080001,,,2025-09-02,C005,1266059,10129,CI,C1,0.0,100,2,194C,Cont. Cos - 2%-New Sec-393(1)6(i)
1001,DIM00398AJ,MAHINDRA LOGISTICS LIMITED,27AAFCM2530H1ZO,2025-09-02,2610334591,3400809846,2026,3185519979,001,,0000,000,2025-09-02,2025-07-23,INR,262701251919,RE,H,-1307.88,-1307.88,CLMS-JUN-25,0016080001,,,2025-09-02,C005,1116,9,CI,C1,0.0,100,2,194C,Cont. Cos - 2%-New Sec-393(1)6(i)
1001,DIM00398AJ,MAHINDRA LOGISTICS LIMITED,27AAFCM2530H1ZO,2025-09-02,2610334591,3400809846,2026,3185519862,001,,0000,000,2025-09-02,2025-07-23,INR,262701251898,RE,H,-371301.98,-371301.98,CLMS-JUN-25,0016080001,,,2025-09-02,C005,316811,2535,CI,C1,0.0,100,2,194C,Cont. Cos - 2%-New Sec-393(1)6(i)
1001,DIM00398AJ,MAHINDRA LOGISTICS LIMITED,27AAFCM2530H1ZO,2025-09-02,2610334591,3400809846,2026,3185519859,001,,0000,000,2025-09-02,2025-07-23,INR,262701251875,RE,H,-404653.24,-404653.24,CLMS-JUN-25,0016080001,,,2025-09-02,C005,345268,2763,CI,C1,0.0,100,2,194C,Cont. Cos - 2%-New Sec-393(1)6(i)
1001,DIM00398AJ,MAHINDRA LOGISTICS LIMITED,27AAFCM2530H1ZO,2025-09-02,2610334591,,2026,3185519859,001,,0000,000,2025-09-02,2025-07-23,INR,262701251875,RE,H,-404653.24,-404653.24,CLMS-JUN-25,0016080001,,,2025-09-02,C005,345268,2763,CI,C1,0.0,100,2,194C,Cont. Cos - 2%-New Sec-393(1)6(i)
1001,DIM00398AJ,MAHINDRA LOGISTICS LIMITED,27AAFCM2530H1ZO,2025-09-02,2610334806,,2026,3185520166,001,,0000,000,2025-09-02,2025-07-23,INR,262701251811,RE,H,-1441.4,-1441.4,Fixed Statf & GMI,0016080001,,,2025-09-02,C005,1230,10,CI,C1,0.0,100,2,194C,Cont. Cos - 2%-New Sec-393(1)6(i)
1001,DIM00398AJ,MAHINDRA LOGISTICS LIMITED,27AAFCM2530H1ZO,2025-09-02,2610334806,3400809845,2026,3185520166,001,,0000,000,2025-09-02,2025-07-23,INR,262701251811,RE,H,-1441.4,-1441.4,Fixed Statf & GMI,0016080001,,,2025-09-02,C005,1230,10,CI,C1,0.0,100,2,194C,Cont. Cos - 2%-New Sec-393(1)6(i)
1001,DIM00398AJ,MAHINDRA LOGISTICS LIMITED,27AAFCM2530H1ZO,2025-09-02,2610334591,,2026,3185519959,001,,0000,000,2025-09-02,2025-07-23,INR,262701251924,RE,H,-31398.38,-31398.38,CLMS-JUN-25,0016080001,,,2025-09-02,C005,26791,215,CI,C1,0.0,100,2,194C,Cont. Cos - 2%-New Sec-393(1)6(i)
1001,DIM00398AJ,MAHINDRA LOGISTICS LIMITED,27AAFCM2530H1ZO,2025-09-02,2610334806,3400809846,2026,3185520196,001,,0000,000,2025-09-02,2025-07-23,INR,262701251892,RE,H,-756914.76,-756914.76,CLMS-JUN-25,0016080001,,,2025-09-02,C005,645832,5167,CI,C1,0.0,100,2,194C,Cont. Cos - 2%-New Sec-393(1)6(i)
1001,DIM00398AJ,MAHINDRA LOGISTICS LIMITED,27AAFCM2530H1ZO,2025-09-02,2610334591,,2026,3185519816,001,,0000,000,2025-09-02,2025-07-23,INR,262701251887,RE,H,-1042928.78,-1042928.78,CLMS-JUN-25,0016080001,,,2025-09-02,C005,889871,7119,CI,C1,0.0,100,2,194C,Cont. Cos - 2%-New Sec-393(1)6(i)
1001,DIM00398AJ,MAHINDRA LOGISTICS LIMITED,27AAFCM2530H1ZO,2025-09-02,2610334591,3400809846,2026,3185519959,001,,0000,000,2025-09-02,2025-07-23,INR,262701251924,RE,H,-31398.38,-31398.38,CLMS-JUN-25,0016080001,,,2025-09-02,C005,26791,215,CI,C1,0.0,100,2,194C,Cont. Cos - 2%-New Sec-393(1)6(i)
1001,DIM00398AJ,MAHINDRA LOGISTICS LIMITED,27AAFCM2530H1ZO,2025-09-02,2610334591,3400809846,2026,3185519816,001,,0000,000,2025-09-02,2025-07-23,INR,262701251887,RE,H,-1042928.78,-1042928.78,CLMS-JUN-25,0016080001,,,2025-09-02,C005,889871,7119,CI,C1,0.0,100,2,194C,Cont. Cos - 2%-New Sec-393(1)6(i)
1001,DIM00398AJ,MAHINDRA LOGISTICS LIMITED,27AAFCM2530H1ZO,2025-09-02,2610334806,,2026,3185520196,001,,0000,000,2025-09-02,2025-07-23,INR,262701251892,RE,H,-756914.76,-756914.76,CLMS-JUN-25,0016080001,,,2025-09-02,C005,645832,5167,CI,C1,0.0,100,2,194C,Cont. Cos - 2%-New Sec-393(1)6(i)
1001,DIM00398AJ,MAHINDRA LOGISTICS LIMITED,27AAFCM2530H1ZO,2025-09-02,2610334591,,2026,3185519800,001,,0000,000,2025-09-02,2025-07-23,INR,262701251855,RE,H,-1757913.86,-1757913.86,CLMS-JUN-25,0016080001,,,2025-09-02,C005,1499927,12000,CI,C1,0.0,100,2,194C,Cont. Cos - 2%-New Sec-393(1)6(i)
1001,DIM00398AJ,MAHINDRA LOGISTICS LIMITED,27AAFCM2530H1ZO,2025-09-02,2610334591,3400809846,2026,3185519800,001,,0000,000,2025-09-02,2025-07-23,INR,262701251855,RE,H,-1757913.86,-1757913.86,CLMS-JUN-25,0016080001,,,2025-09-02,C005,1499927,12000,CI,C1,0.0,100,2,194C,Cont. Cos - 2%-New Sec-393(1)6(i)
1001,DIM00398AJ,MAHINDRA LOGISTICS LIMITED,27AAFCM2530H1ZO,2025-09-02,2610334591,,2026,3185519880,001,,0000,000,2025-09-02,2025-07-23,INR,262701251852,RE,H,-80870.54,-80870.54,CLMS-JUN-25,0016080001,,,2025-09-02,C005,69003,553,CI,C1,0.0,100,2,194C,Cont. Cos - 2%-New Sec-393(1)6(i)
1001,DIM00398AJ,MAHINDRA LOGISTICS LIMITED,27AAFCM2530H1ZO,2025-09-02,2610334591,3400809846,2026,3185519880,001,,0000,000,2025-09-02,2025-07-23,INR,262701251852,RE,H,-80870.54,-80870.54,CLMS-JUN-25,0016080001,,,2025-09-02,C005,69003,553,CI,C1,0.0,100,2,194C,Cont. Cos - 2%-New Sec-393(1)6(i)
1001,DIM00398AJ,MAHINDRA LOGISTICS LIMITED,27AAFCM2530H1ZO,2025-09-02,2610334591,3400809846,2026,3185519802,001,,0000,000,2025-09-02,2025-07-23,INR,262701251914,RE,H,-1705133.74,-1705133.74,CLMS-JUN-25,0016080001,,,2025-09-02,C005,1454893,11640,CI,C1,0.0,100,2,194C,Cont. Cos - 2%-New Sec-393(1)6(i)
1001,DIM00398AJ,MAHINDRA LOGISTICS LIMITED,27AAFCM2530H1ZO,2025-09-02,2610334591,,2026,3185519802,001,,0000,000,2025-09-02,2025-07-23,INR,262701251914,RE,H,-1705133.74,-1705133.74,CLMS-JUN-25,0016080001,,,2025-09-02,C005,1454893,11640,CI,C1,0.0,100,2,194C,Cont. Cos - 2%-New Sec-393(1)6(i)
1001,DIM00398AJ,MAHINDRA LOGISTICS LIMITED,27AAFCM2530H1ZO,2025-09-02,2610334591,,2026,3185519920,001,,0000,000,2025-09-02,2025-07-23,INR,262701251854,RE,H,-7849.64,-7849.64,CLMS-JUN-25,0016080001,,,2025-09-02,C005,6698,54,CI,C1,0.0,100,2,194C,Cont. Cos - 2%-New Sec-393(1)6(i)
1001,DIM00398AJ,MAHINDRA LOGISTICS LIMITED,27AAFCM2530H1ZO,2025-09-02,2610334591,3400809846,2026,3185519920,001,,0000,000,2025-09-02,2025-07-23,INR,262701251854,RE,H,-7849.64,-7849.64,CLMS-JUN-25,0016080001,,,2025-09-02,C005,6698,54,CI,C1,0.0,100,2,194C,Cont. Cos - 2%-New Sec-393(1)6(i)
1001,DIM00398AJ,MAHINDRA LOGISTICS LIMITED,27AAFCM2530H1ZO,2025-09-13,1058748470,,2026,3185885339,001,3185885159,2026,001,2025-09-13,2025-08-24,INR,262701329897,RE,S,4937.34,4937.34,Oth Employment & labour supply services,0016080001,,,2025-09-13,C005,4213,34,CI,C1,0.0,100,2,194C,Cont. Cos - 2%-New Sec-393(1)6(i)
1001,DIM00398AJ,MAHINDRA LOGISTICS LIMITED,27AAFCM2530H1ZO,2025-09-13,1058748470,3400812971,2026,3185885339,001,3185885159,2026,001,2025-09-13,2025-08-24,INR,262701329897,RE,S,4937.34,4937.34,Oth Employment & labour supply services,0016080001,,,2025-09-13,C005,4213,34,CI,C1,0.0,100,2,194C,Cont. Cos - 2%-New Sec-393(1)6(i)
1001,DIM00398AJ,MAHINDRA LOGISTICS LIMITED,27AAFCM2530H1ZO,2025-09-13,1058750301,,2026,3185885181,001,,0000,000,2025-09-13,2025-08-24,INR,262701329940,RE,H,-8755.78,-8755.78,Oth Employment & labour supply services,0016080001,,,2025-09-13,C005,7471,60,CI,C1,0.0,100,2,194C,Cont. Cos - 2%-New Sec-393(1)6(i)
1001,DIM00398AJ,MAHINDRA LOGISTICS LIMITED,27AAFCM2530H1ZO,2025-09-13,1058750301,3400812971,2026,3185885181,001,,0000,000,2025-09-13,2025-08-24,INR,262701329940,RE,H,-8755.78,-8755.78,Oth Employment & labour supply services,0016080001,,,2025-09-13,C005,7471,60,CI,C1,0.0,100,2,194C,Cont. Cos - 2%-New Sec-393(1)6(i)
1001,DIM00398AJ,MAHINDRA LOGISTICS LIMITED,27AAFCM2530H1ZO,2025-09-17,2610357679,3400812933,2026,3185885167,001,,0000,000,2025-09-13,2025-08-24,INR,262701329834,RE,H,-79560.3,-79560.3,Fixed staff & GMI-July-25,0016080001,,,2025-09-13,C005,67885,544,CI,C1,0.0,100,2,194C,Cont. Cos - 2%-New Sec-393(1)6(i)
1001,DIM00398AJ,MAHINDRA LOGISTICS LIMITED,27AAFCM2530H1ZO,2025-09-17,2610357679,3400812933,2026,3185885101,001,,0000,000,2025-09-13,2025-08-24,INR,262701329787,RE,H,-544671.66,-544671.66,Fixed staff & GMI-July-25,0016080001,,,2025-09-13,C005,464737,3718,CI,C1,0.0,100,2,194C,Cont. Cos - 2%-New Sec-393(1)6(i)
1001,DIM00398AJ,MAHINDRA LOGISTICS LIMITED,27AAFCM2530H1ZO,2025-09-17,2610357679,3400812933,2026,3185885115,001,,0000,000,2025-09-13,2025-08-24,INR,262701329835,RE,H,-282697.8,-282697.8,Fixed staff & GMI-July-25,0016080001,,,2025-09-13,C005,241210,1930,CI,C1,0.0,100,2,194C,Cont. Cos - 2%-New Sec-393(1)6(i)
1001,DIM00398AJ,MAHINDRA LOGISTICS LIMITED,27AAFCM2530H1ZO,2025-09-17,2610357679,3400812933,2026,3185885113,001,,0000,000,2025-09-13,2025-08-24,INR,262701329821,RE,H,-309126.98,-309126.98,Fixed staff & GMI-July-25,0016080001,,,2025-09-13,C005,263761,2111,CI,C1,0.0,100,2,194C,Cont. Cos - 2%-New Sec-393(1)6(i)
1001,DIM00398AJ,MAHINDRA LOGISTICS LIMITED,27AAFCM2530H1ZO,2025-09-13,1058749269,,2026,1058749269,002,,0000,000,2025-09-13,2025-09-13,INR,,AB,H,-9690.42,-9690.42,,0016080001,,,2025-09-13,D017,8269,0,,,,,,,
1001,DIM00398AJ,MAHINDRA LOGISTICS LIMITED,27AAFCM2530H1ZO,2025-09-13,1058750421,3400812971,2026,3185885220,001,,0000,000,2025-09-13,2025-08-24,INR,262701330167,RE,H,-41922.78,-41922.78,Oth Employment & labour supply services,0016080001,,,2025-09-13,C005,35771,287,CI,C1,0.0,100,2,194C,Cont. Cos - 2%-New Sec-393(1)6(i)
1001,DIM00398AJ,MAHINDRA LOGISTICS LIMITED,27AAFCM2530H1ZO,2025-09-17,2610357679,3400812933,2026,3185885177,001,,0000,000,2025-09-13,2025-08-29,INR,262701338069,RE,H,-73450.96,-73450.96,Fixed staff & GMI-July-25,0016080001,,,2025-09-13,C005,62672,502,CI,C1,0.0,100,2,194C,Cont. Cos - 2%-New Sec-393(1)6(i)
1001,DIM00398AJ,MAHINDRA LOGISTICS LIMITED,27AAFCM2530H1ZO,2025-09-17,2610357679,3400812933,2026,3185885241,001,,0000,000,2025-09-13,2025-08-29,INR,262701338080,RE,H,-1008802.72,-1008802.72,Fixed staff & GMI-July-25,0016080001,,,2025-09-13,C005,860754,6887,CI,C1,0.0,100,2,194C,Cont. Cos - 2%-New Sec-393(1)6(i)
1001,DIM00398AJ,MAHINDRA LOGISTICS LIMITED,27AAFCM2530H1ZO,2025-09-13,1058750421,,2026,3185885220,001,,0000,000,2025-09-13,2025-08-24,INR,262701330167,RE,H,-41922.78,-41922.78,Oth Employment & labour supply services,0016080001,,,2025-09-13,C005,35771,287,CI,C1,0.0,100,2,194C,Cont. Cos - 2%-New Sec-393(1)6(i)
1001,DIM00398AJ,MAHINDRA LOGISTICS LIMITED,27AAFCM2530H1ZO,2025-09-13,1058749755,3400812971,2026,3185885395,001,3185885173,2026,001,2025-09-13,2025-08-24,INR,262701329919,RE,S,6056.24,6056.24,Oth Employment & labour supply services,0016080001,,,2025-09-13,C005,5168,42,CI,C1,0.0,100,2,194C,Cont. Cos - 2%-New Sec-393(1)6(i)
1001,DIM00398AJ,MAHINDRA LOGISTICS LIMITED,27AAFCM2530H1ZO,2025-09-13,1058749755,,2026,3185885395,001,3185885173,2026,001,2025-09-13,2025-08-24,INR,262701329919,RE,S,6056.24,6056.24,Oth Employment & labour supply services,0016080001,,,2025-09-13,C005,5168,42,CI,C1,0.0,100,2,194C,Cont. Cos - 2%-New Sec-393(1)6(i)
1001,DIM00398AJ,MAHINDRA LOGISTICS LIMITED,27AAFCM2530H1ZO,2025-09-13,1058748470,,2026,1058748470,001,,0000,000,2025-09-13,2025-09-13,INR,,AB,S,4937.34,4937.34,,0016080001,,,2025-09-13,,4213,0,,,,,,,
1001,DIM00398AJ,MAHINDRA LOGISTICS LIMITED,27AAFCM2530H1ZO,2025-09-17,2610357679,3400812933,2026,3185885121,001,,0000,000,2025-09-13,2025-08-24,INR,262701329796,RE,H,-252796.46,-252796.46,Fixed staff & GMI-July-25,0016080001,,,2025-09-13,C005,215697,1726,CI,C1,0.0,100,2,194C,Cont. Cos - 2%-New Sec-393(1)6(i)
1001,DIM00398AJ,MAHINDRA LOGISTICS LIMITED,27AAFCM2530H1ZO,2025-09-17,2610357679,3400812933,2026,3185885123,001,,0000,000,2025-09-13,2025-08-24,INR,262701329824,RE,H,-252326.28,-252326.28,Fixed staff & GMI-July-25,0016080001,,,2025-09-13,C005,215296,1723,CI,C1,0.0,100,2,194C,Cont. Cos - 2%-New Sec-393(1)6(i)
1001,DIM00398AJ,MAHINDRA LOGISTICS LIMITED,27AAFCM2530H1ZO,2025-09-17,2610357679,3400812933,2026,3185885236,001,,0000,000,2025-09-13,2025-08-29,INR,262701338078,RE,H,-1288922.52,-1288922.52,Fixed staff & GMI-July-25,0016080001,,,2025-09-13,C005,1099764,8799,CI,C1,0.0,100,2,194C,Cont. Cos - 2%-New Sec-393(1)6(i)
1001,DIM00398AJ,MAHINDRA LOGISTICS LIMITED,27AAFCM2530H1ZO,2025-09-13,1058749925,,2026,3185885192,001,,0000,000,2025-09-13,2025-08-24,INR,262701329922,RE,H,-11177.84,-11177.84,Oth Employment & labour supply services,0016080001,,,2025-09-13,C005,9538,77,CI,C1,0.0,100,2,194C,Cont. Cos - 2%-New Sec-393(1)6(i)
1001,DIM00398AJ,MAHINDRA LOGISTICS LIMITED,27AAFCM2530H1ZO,2025-09-17,2610357679,3400812933,2026,3185885150,001,,0000,000,2025-09-13,2025-08-24,INR,262701329831,RE,H,-129543.94,-129543.94,Fixed staff & GMI-July-25,0016080001,,,2025-09-13,C005,110533,885,CI,C1,0.0,100,2,194C,Cont. Cos - 2%-New Sec-393(1)6(i)
1001,DIM00398AJ,MAHINDRA LOGISTICS LIMITED,27AAFCM2530H1ZO,2025-09-13,1058749925,3400812971,2026,3185885192,001,,0000,000,2025-09-13,2025-08-24,INR,262701329922,RE,H,-11177.84,-11177.84,Oth Employment & labour supply services,0016080001,,,2025-09-13,C005,9538,77,CI,C1,0.0,100,2,194C,Cont. Cos - 2%-New Sec-393(1)6(i)
1001,DIM00398AJ,MAHINDRA LOGISTICS LIMITED,27AAFCM2530H1ZO,2025-09-17,2610357679,3400812933,2026,3185885118,001,,0000,000,2025-09-13,2025-08-29,INR,262701338061,RE,H,-41515.14,-41515.14,Fixed staff & GMI-July-25,0016080001,,,2025-09-13,C005,35423,284,CI,C1,0.0,100,2,194C,Cont. Cos - 2%-New Sec-393(1)6(i)
1001,DIM00398AJ,MAHINDRA LOGISTICS LIMITED,27AAFCM2530H1ZO,2025-09-17,2610357679,3400812933,2026,3185885172,001,,0000,000,2025-09-13,2025-08-24,INR,262701329844,RE,H,-49982.64,-49982.64,Fixed staff & GMI-July-25,0016080001,,,2025-09-13,C005,42648,342,CI,C1,0.0,100,2,194C,Cont. Cos - 2%-New Sec-393(1)6(i)
1001,DIM00398AJ,MAHINDRA LOGISTICS LIMITED,27AAFCM2530H1ZO,2025-09-17,2610357679,3400812933,2026,3185885094,001,,0000,000,2025-09-13,2025-08-24,INR,262701329852,RE,H,-544329.1,-544329.1,Fixed staff & GMI-July-25,0016080001,,,2025-09-13,C005,464445,3716,CI,C1,0.0,100,2,194C,Cont. Cos - 2%-New Sec-393(1)6(i)
1001,DIM00398AJ,MAHINDRA LOGISTICS LIMITED,27AAFCM2530H1ZO,2025-09-17,2610357679,3400812933,2026,3185885160,001,,0000,000,2025-09-13,2025-08-29,INR,262701338076,RE,H,-106841.16,-106841.16,Fixed staff & GMI-July-25,0016080001,,,2025-09-13,C005,91162,730,CI,C1,0.0,100,2,194C,Cont. Cos - 2%-New Sec-393(1)6(i)
1001,DIM00398AJ,MAHINDRA LOGISTICS LIMITED,27AAFCM2530H1ZO,2025-09-17,2610357679,3400812933,2026,3185885152,001,,0000,000,2025-09-13,2025-08-24,INR,262701329851,RE,H,-129543.94,-129543.94,Fixed staff & GMI-July-25,0016080001,,,2025-09-13,C005,110533,885,CI,C1,0.0,100,2,194C,Cont. Cos - 2%-New Sec-393(1)6(i)
1001,DIM00398AJ,MAHINDRA LOGISTICS LIMITED,27AAFCM2530H1ZO,2025-09-17,2610357679,3400812933,2026,3185885222,001,,0000,000,2025-09-13,2025-08-29,INR,262701338090,RE,H,-6494.56,-6494.56,Fixed staff & GMI-July-25,0016080001,,,2025-09-13,C005,5542,45,CI,C1,0.0,100,2,194C,Cont. Cos - 2%-New Sec-393(1)6(i)
1001,DIM00398AJ,MAHINDRA LOGISTICS LIMITED,27AAFCM2530H1ZO,2025-09-17,2610357679,3400812933,2026,3185885153,001,,0000,000,2025-09-13,2025-08-29,INR,262701338089,RE,H,-123114.46,-123114.46,Fixed staff & GMI-July-25,0016080001,,,2025-09-13,C005,105047,841,CI,C1,0.0,100,2,194C,Cont. Cos - 2%-New Sec-393(1)6(i)
1001,DIM00398AJ,MAHINDRA LOGISTICS LIMITED,27AAFCM2530H1ZO,2025-09-13,1058749755,,2026,1058749755,001,,0000,000,2025-09-13,2025-09-13,INR,,AB,S,6056.24,6056.24,,0016080001,,,2025-09-13,,5168,0,,,,,,,
1001,DIM00398AJ,MAHINDRA LOGISTICS LIMITED,27AAFCM2530H1ZO,2025-09-17,2610357679,3400812933,2026,3185885097,001,,0000,000,2025-09-13,2025-08-24,INR,262701329854,RE,H,-146689.16,-146689.16,Fixed staff & GMI-July-25,0016080001,,,2025-09-13,C005,125162,1002,CI,C1,0.0,100,2,194C,Cont. Cos - 2%-New Sec-393(1)6(i)
1001,DIM00398AJ,MAHINDRA LOGISTICS LIMITED,27AAFCM2530H1ZO,2025-09-17,2610357679,3400812933,2026,3185885144,001,,0000,000,2025-09-13,2025-08-29,INR,262701338054,RE,H,-167587.74,-167587.74,Fixed staff & GMI-July-25,0016080001,,,2025-09-13,C005,142993,1144,CI,C1,0.0,100,2,194C,Cont. Cos - 2%-New Sec-393(1)6(i)
1001,DIM00398AJ,MAHINDRA LOGISTICS LIMITED,27AAFCM2530H1ZO,2025-09-13,1058750169,,2026,3185885415,001,3185885165,2026,001,2025-09-13,2025-08-24,INR,262701329935,RE,S,30284.2,30284.2,Oth Employment & labour supply services,0016080001,,,2025-09-13,C005,25840,207,CI,C1,0.0,100,2,194C,Cont. Cos - 2%-New Sec-393(1)6(i)
1001,DIM00398AJ,MAHINDRA LOGISTICS LIMITED,27AAFCM2530H1ZO,2025-09-17,2610357679,3400812933,2026,3185885205,001,,0000,000,2025-09-13,2025-08-29,INR,262701338066,RE,H,-11299.56,-11299.56,Fixed staff & GMI-July-25,0016080001,,,2025-09-13,C005,9642,78,CI,C1,0.0,100,2,194C,Cont. Cos - 2%-New Sec-393(1)6(i)
1001,DIM00398AJ,MAHINDRA LOGISTICS LIMITED,27AAFCM2530H1ZO,2025-09-13,1058750169,3400812971,2026,3185885415,001,3185885165,2026,001,2025-09-13,2025-08-24,INR,262701329935,RE,S,30284.2,30284.2,Oth Employment & labour supply services,0016080001,,,2025-09-13,C005,25840,207,CI,C1,0.0,100,2,194C,Cont. Cos - 2%-New Sec-393(1)6(i)
1001,DIM00398AJ,MAHINDRA LOGISTICS LIMITED,27AAFCM2530H1ZO,2025-09-17,2610357679,3400812933,2026,3185885213,001,,0000,000,2025-09-13,2025-08-24,INR,262701329795,RE,H,-1441.4,-1441.4,Fixed staff & GMI-July-25,0016080001,,,2025-09-13,C005,1230,10,CI,C1,0.0,100,2,194C,Cont. Cos - 2%-New Sec-393(1)6(i)
1001,DIM00398AJ,MAHINDRA LOGISTICS LIMITED,27AAFCM2530H1ZO,2025-09-13,1058750301,,2026,1058750301,001,,0000,000,2025-09-13,2025-09-13,INR,,AB,S,8755.78,8755.78,,0016080001,,,2025-09-13,,7471,0,,,,,,,
1001,DIM00398AJ,MAHINDRA LOGISTICS LIMITED,27AAFCM2530H1ZO,2025-09-13,1058750169,,2026,1058750169,002,,0000,000,2025-09-13,2025-09-13,INR,,AB,H,-30284.2,-30284.2,,0016080001,,,2025-09-13,D017,25840,0,,,,,,,
1001,DIM00398AJ,MAHINDRA LOGISTICS LIMITED,27AAFCM2530H1ZO,2025-09-17,2610357679,3400812933,2026,3185885158,001,,0000,000,2025-09-13,2025-08-24,INR,262701329828,RE,H,-99965.1,-99965.1,Fixed staff & GMI-July-25,0016080001,,,2025-09-13,C005,85295,683,CI,C1,0.0,100,2,194C,Cont. Cos - 2%-New Sec-393(1)6(i)
1001,DIM00398AJ,MAHINDRA LOGISTICS LIMITED,27AAFCM2530H1ZO,2025-09-13,1058749454,,2026,1058749454,002,,0000,000,2025-09-13,2025-09-13,INR,,AB,H,-29072.08,-29072.08,,0016080001,,,2025-09-13,D017,24806,0,,,,,,,
1001,DIM00398AJ,MAHINDRA LOGISTICS LIMITED,27AAFCM2530H1ZO,2025-09-17,2610357679,3400812933,2026,3185885245,001,,0000,000,2025-09-13,2025-08-24,INR,262701329813,RE,H,-590461.26,-590461.26,Fixed staff & GMI-July-25,0016080001,,,2025-09-13,C005,503807,4031,CI,C1,0.0,100,2,194C,Cont. Cos - 2%-New Sec-393(1)6(i)
1001,DIM00398AJ,MAHINDRA LOGISTICS LIMITED,27AAFCM2530H1ZO,2025-09-17,2610357679,3400812933,2026,3185885210,001,,0000,000,2025-09-13,2025-08-24,INR,262701329818,RE,H,-2882.8,-2882.8,Fixed staff & GMI-July-25,0016080001,,,2025-09-13,C005,2460,20,CI,C1,0.0,100,2,194C,Cont. Cos - 2%-New Sec-393(1)6(i)
1001,DIM00398AJ,MAHINDRA LOGISTICS LIMITED,27AAFCM2530H1ZO,2025-09-13,1058749046,,2026,3185885356,001,3185885168,2026,001,2025-09-13,2025-08-24,INR,262701329879,RE,S,12481,12481,Oth Employment & labour supply services,0016080001,,,2025-09-13,C005,10650,86,CI,C1,0.0,100,2,194C,Cont. Cos - 2%-New Sec-393(1)6(i)
1001,DIM00398AJ,MAHINDRA LOGISTICS LIMITED,27AAFCM2530H1ZO,2025-09-13,1058749046,3400812971,2026,3185885356,001,3185885168,2026,001,2025-09-13,2025-08-24,INR,262701329879,RE,S,12481,12481,Oth Employment & labour supply services,0016080001,,,2025-09-13,C005,10650,86,CI,C1,0.0,100,2,194C,Cont. Cos - 2%-New Sec-393(1)6(i)
1001,DIM00398AJ,MAHINDRA LOGISTICS LIMITED,27AAFCM2530H1ZO,2025-09-13,1058749454,,2026,1058749454,001,,0000,000,2025-09-13,2025-09-13,INR,,AB,S,29072.08,29072.08,,0016080001,,,2025-09-13,,24806,0,,,,,,,
1001,DIM00398AJ,MAHINDRA LOGISTICS LIMITED,27AAFCM2530H1ZO,2025-09-17,2610357679,3400812933,2026,3185885244,001,,0000,000,2025-09-13,2025-08-24,INR,262701329829,RE,H,-629498.7,-629498.7,Fixed staff & GMI-July-25,0016080001,,,2025-09-13,C005,537115,4297,CI,C1,0.0,100,2,194C,Cont. Cos - 2%-New Sec-393(1)6(i)
1001,DIM00398AJ,MAHINDRA LOGISTICS LIMITED,27AAFCM2530H1ZO,2025-09-17,2610357679,3400812933,2026,3185885195,001,,0000,000,2025-09-13,2025-08-24,INR,262701329784,RE,H,-9129.2,-9129.2,Fixed staff & GMI-July-25,0016080001,,,2025-09-13,C005,7790,63,CI,C1,0.0,100,2,194C,Cont. Cos - 2%-New Sec-393(1)6(i)
1001,DIM00398AJ,MAHINDRA LOGISTICS LIMITED,27AAFCM2530H1ZO,2025-09-17,2610357679,3400812933,2026,3185885141,001,,0000,000,2025-09-13,2025-08-29,INR,262701338056,RE,H,-171405.18,-171405.18,Fixed staff & GMI-July-25,0016080001,,,2025-09-13,C005,146251,1171,CI,C1,0.0,100,2,194C,Cont. Cos - 2%-New Sec-393(1)6(i)
1001,DIM00398AJ,MAHINDRA LOGISTICS LIMITED,27AAFCM2530H1ZO,2025-09-17,2610357679,3400812933,2026,3185885170,001,,0000,000,2025-09-13,2025-08-24,INR,262701329816,RE,H,-49982.64,-49982.64,Fixed staff & GMI-July-25,0016080001,,,2025-09-13,C005,42648,342,CI,C1,0.0,100,2,194C,Cont. Cos - 2%-New Sec-393(1)6(i)
1001,DIM00398AJ,MAHINDRA LOGISTICS LIMITED,27AAFCM2530H1ZO,2025-09-13,1058748470,,2026,3185885159,001,,0000,000,2025-09-13,2025-08-24,INR,262701329897,RE,H,-4937.34,-4937.34,Oth Employment & labour supply services,0016080001,,,2025-09-13,C005,4213,34,CI,C1,0.0,100,2,194C,Cont. Cos - 2%-New Sec-393(1)6(i)
1001,DIM00398AJ,MAHINDRA LOGISTICS LIMITED,27AAFCM2530H1ZO,2025-09-17,2610357679,3400812933,2026,3185885138,001,,0000,000,2025-09-13,2025-08-24,INR,262701329798,RE,H,-215411.82,-215411.82,Fixed staff & GMI-July-25,0016080001,,,2025-09-13,C005,183799,1471,CI,C1,0.0,100,2,194C,Cont. Cos - 2%-New Sec-393(1)6(i)
1001,DIM00398AJ,MAHINDRA LOGISTICS LIMITED,27AAFCM2530H1ZO,2025-09-13,1058748470,3400812971,2026,3185885159,001,,0000,000,2025-09-13,2025-08-24,INR,262701329897,RE,H,-4937.34,-4937.34,Oth Employment & labour supply services,0016080001,,,2025-09-13,C005,4213,34,CI,C1,0.0,100,2,194C,Cont. Cos - 2%-New Sec-393(1)6(i)
1001,DIM00398AJ,MAHINDRA LOGISTICS LIMITED,27AAFCM2530H1ZO,2025-09-13,1058748864,3400812971,2026,3185885206,001,,0000,000,2025-09-13,2025-08-24,INR,262701329871,RE,H,-14627.58,-14627.58,Oth Employment & labour supply services,0016080001,,,2025-09-13,C005,12481,100,CI,C1,0.0,100,2,194C,Cont. Cos - 2%-New Sec-393(1)6(i)
1001,DIM00398AJ,MAHINDRA LOGISTICS LIMITED,27AAFCM2530H1ZO,2025-09-13,1058748864,,2026,3185885206,001,,0000,000,2025-09-13,2025-08-24,INR,262701329871,RE,H,-14627.58,-14627.58,Oth Employment & labour supply services,0016080001,,,2025-09-13,C005,12481,100,CI,C1,0.0,100,2,194C,Cont. Cos - 2%-New Sec-393(1)6(i)
1001,DIM00398AJ,MAHINDRA LOGISTICS LIMITED,27AAFCM2530H1ZO,2025-09-13,1058749046,,2026,1058749046,001,,0000,000,2025-09-13,2025-09-13,INR,,AB,S,12481,12481,,0016080001,,,2025-09-13,,10650,0,,,,,,,
1001,DIM00398AJ,MAHINDRA LOGISTICS LIMITED,27AAFCM2530H1ZO,2025-09-17,2610357679,3400812933,2026,3185885203,001,,0000,000,2025-09-13,2025-08-29,INR,262701338062,RE,H,-19236.52,-19236.52,Fixed staff & GMI-July-25,0016080001,,,2025-09-13,C005,16414,132,CI,C1,0.0,100,2,194C,Cont. Cos - 2%-New Sec-393(1)6(i)
1001,DIM00398AJ,MAHINDRA LOGISTICS LIMITED,27AAFCM2530H1ZO,2025-09-13,1058750079,,2026,1058750079,001,,0000,000,2025-09-13,2025-09-13,INR,,AB,S,6425.94,6425.94,,0016080001,,,2025-09-13,,5483,0,,,,,,,
1001,DIM00398AJ,MAHINDRA LOGISTICS LIMITED,27AAFCM2530H1ZO,2025-09-17,2610357679,3400812933,2026,3185885188,001,,0000,000,2025-09-13,2025-08-29,INR,262701338082,RE,H,-22598.94,-22598.94,Fixed staff & GMI-July-25,0016080001,,,2025-09-13,C005,19283,155,CI,C1,0.0,100,2,194C,Cont. Cos - 2%-New Sec-393(1)6(i)
1001,DIM00398AJ,MAHINDRA LOGISTICS LIMITED,27AAFCM2530H1ZO,2025-09-17,2610357679,3400812933,2026,3185885231,001,,0000,000,2025-09-13,2025-08-29,INR,262701338058,RE,H,-2294962.8,-2294962.8,Fixed staff & GMI-July-25,0016080001,,,2025-09-13,C005,1958160,15666,CI,C1,0.0,100,2,194C,Cont. Cos - 2%-New Sec-393(1)6(i)
1001,DIM00398AJ,MAHINDRA LOGISTICS LIMITED,27AAFCM2530H1ZO,2025-09-13,1058748864,,2026,1058748864,002,,0000,000,2025-09-13,2025-09-13,INR,,AB,H,-14627.58,-14627.58,,0016080001,,,2025-09-13,D017,12481,0,,,,,,,
1001,DIM00398AJ,MAHINDRA LOGISTICS LIMITED,27AAFCM2530H1ZO,2025-09-13,1058750079,,2026,1058750079,002,,0000,000,2025-09-13,2025-09-13,INR,,AB,H,-6425.94,-6425.94,,0016080001,,,2025-09-13,D017,5483,0,,,,,,,
1001,DIM00398AJ,MAHINDRA LOGISTICS LIMITED,27AAFCM2530H1ZO,2025-09-17,2610357679,3400812933,2026,3185885103,001,,0000,000,2025-09-13,2025-08-24,INR,262701329811,RE,H,-516410.14,-516410.14,Fixed staff & GMI-July-25,0016080001,,,2025-09-13,C005,440623,3525,CI,C1,0.0,100,2,194C,Cont. Cos - 2%-New Sec-393(1)6(i)
1001,DIM00398AJ,MAHINDRA LOGISTICS LIMITED,27AAFCM2530H1ZO,2025-09-17,2610357679,3400812933,2026,3185885154,001,,0000,000,2025-09-13,2025-08-29,INR,262701338085,RE,H,-116117.86,-116117.86,Fixed staff & GMI-July-25,0016080001,,,2025-09-13,C005,99077,793,CI,C1,0.0,100,2,194C,Cont. Cos - 2%-New Sec-393(1)6(i)
1001,DIM00398AJ,MAHINDRA LOGISTICS LIMITED,27AAFCM2530H1ZO,2025-09-17,2610357679,3400812933,2026,3185885137,001,,0000,000,2025-09-13,2025-08-24,INR,262701329814,RE,H,-219409.8,-219409.8,Fixed staff & GMI-July-25,0016080001,,,2025-09-13,C005,187210,1498,CI,C1,0.0,100,2,194C,Cont. Cos - 2%-New Sec-393(1)6(i)
1001,DIM00398AJ,MAHINDRA LOGISTICS LIMITED,27AAFCM2530H1ZO,2025-09-13,1058749269,,2026,1058749269,001,,0000,000,2025-09-13,2025-09-13,INR,,AB,S,9690.42,9690.42,,0016080001,,,2025-09-13,,8269,0,,,,,,,
1001,DIM00398AJ,MAHINDRA LOGISTICS LIMITED,27AAFCM2530H1ZO,2025-09-17,2610357679,3400812933,2026,3185885187,001,,0000,000,2025-09-13,2025-08-29,INR,262701338060,RE,H,-25234.76,-25234.76,Fixed staff & GMI-July-25,0016080001,,,2025-09-13,C005,21532,173,CI,C1,0.0,100,2,194C,Cont. Cos - 2%-New Sec-393(1)6(i)
1001,DIM00398AJ,MAHINDRA LOGISTICS LIMITED,27AAFCM2530H1ZO,2025-09-13,1058749454,3400812971,2026,3185885376,001,3185885196,2026,001,2025-09-13,2025-08-24,INR,262701329907,RE,S,29072.08,29072.08,Oth Employment & labour supply services,0016080001,,,2025-09-13,C005,24806,199,CI,C1,0.0,100,2,194C,Cont. Cos - 2%-New Sec-393(1)6(i)
1001,DIM00398AJ,MAHINDRA LOGISTICS LIMITED,27AAFCM2530H1ZO,2025-09-13,1058749454,,2026,3185885376,001,3185885196,2026,001,2025-09-13,2025-08-24,INR,262701329907,RE,S,29072.08,29072.08,Oth Employment & labour supply services,0016080001,,,2025-09-13,C005,24806,199,CI,C1,0.0,100,2,194C,Cont. Cos - 2%-New Sec-393(1)6(i)
1001,DIM00398AJ,MAHINDRA LOGISTICS LIMITED,27AAFCM2530H1ZO,2025-09-17,2610357679,3400812933,2026,3185885189,001,,0000,000,2025-09-13,2025-08-29,INR,262701338088,RE,H,-9650.12,-9650.12,Fixed staff & GMI-July-25,0016080001,,,2025-09-13,C005,8234,66,CI,C1,0.0,100,2,194C,Cont. Cos - 2%-New Sec-393(1)6(i)
1001,DIM00398AJ,MAHINDRA LOGISTICS LIMITED,27AAFCM2530H1ZO,2025-09-13,1058750301,3400812971,2026,3185885421,001,3185885181,2026,001,2025-09-13,2025-08-24,INR,262701329940,RE,S,8755.78,8755.78,Oth Employment & labour supply services,0016080001,,,2025-09-13,C005,7471,60,CI,C1,0.0,100,2,194C,Cont. Cos - 2%-New Sec-393(1)6(i)
1001,DIM00398AJ,MAHINDRA LOGISTICS LIMITED,27AAFCM2530H1ZO,2025-09-17,2610357679,3400812933,2026,3185885090,001,,0000,000,2025-09-13,2025-08-24,INR,262701329849,RE,H,-53209.18,-53209.18,Fixed staff & GMI-July-25,0016080001,,,2025-09-13,C005,45401,364,CI,C1,0.0,100,2,194C,Cont. Cos - 2%-New Sec-393(1)6(i)
1001,DIM00398AJ,MAHINDRA LOGISTICS LIMITED,27AAFCM2530H1ZO,2025-09-13,1058750301,,2026,3185885421,001,3185885181,2026,001,2025-09-13,2025-08-24,INR,262701329940,RE,S,8755.78,8755.78,Oth Employment & labour supply services,0016080001,,,2025-09-13,C005,7471,60,CI,C1,0.0,100,2,194C,Cont. Cos - 2%-New Sec-393(1)6(i)
1001,DIM00398AJ,MAHINDRA LOGISTICS LIMITED,27AAFCM2530H1ZO,2025-09-13,1058749755,,2026,1058749755,002,,0000,000,2025-09-13,2025-09-13,INR,,AB,H,-6056.24,-6056.24,,0016080001,,,2025-09-13,D017,5168,0,,,,,,,
1001,DIM00398AJ,MAHINDRA LOGISTICS LIMITED,27AAFCM2530H1ZO,2025-09-13,1058749269,,2026,3185885247,001,,0000,000,2025-09-13,2025-08-24,INR,262701329885,RE,H,-9690.42,-9690.42,Oth Employment & labour supply services,0016080001,,,2025-09-13,C005,8269,67,CI,C1,0.0,100,2,194C,Cont. Cos - 2%-New Sec-393(1)6(i)
1001,DIM00398AJ,MAHINDRA LOGISTICS LIMITED,27AAFCM2530H1ZO,2025-09-17,2610357679,3400812933,2026,3185885234,001,,0000,000,2025-09-13,2025-08-29,INR,262701338075,RE,H,-2191972.12,-2191972.12,Fixed staff & GMI-July-25,0016080001,,,2025-09-13,C005,1870284,14963,CI,C1,0.0,100,2,194C,Cont. Cos - 2%-New Sec-393(1)6(i)
1001,DIM00398AJ,MAHINDRA LOGISTICS LIMITED,27AAFCM2530H1ZO,2025-09-13,1058749269,3400812971,2026,3185885247,001,,0000,000,2025-09-13,2025-08-24,INR,262701329885,RE,H,-9690.42,-9690.42,Oth Employment & labour supply services,0016080001,,,2025-09-13,C005,8269,67,CI,C1,0.0,100,2,194C,Cont. Cos - 2%-New Sec-393(1)6(i)
1001,DIM00398AJ,MAHINDRA LOGISTICS LIMITED,27AAFCM2530H1ZO,2025-09-17,2610357679,3400812933,2026,3185885164,001,,0000,000,2025-09-13,2025-08-24,INR,262701329780,RE,H,-86133.74,-86133.74,Fixed staff & GMI-July-25,0016080001,,,2025-09-13,C005,73493,588,CI,C1,0.0,100,2,194C,Cont. Cos - 2%-New Sec-393(1)6(i)
1001,DIM00398AJ,MAHINDRA LOGISTICS LIMITED,27AAFCM2530H1ZO,2025-09-17,2610357679,3400812933,2026,3185885182,001,,0000,000,2025-09-13,2025-08-24,INR,262701329823,RE,H,-41515.14,-41515.14,Fixed staff & GMI-July-25,0016080001,,,2025-09-13,C005,35423,284,CI,C1,0.0,100,2,194C,Cont. Cos - 2%-New Sec-393(1)6(i)
1001,DIM00398AJ,MAHINDRA LOGISTICS LIMITED,27AAFCM2530H1ZO,2025-09-17,2610357679,3400812933,2026,3185885147,001,,0000,000,2025-09-13,2025-08-24,INR,262701329783,RE,H,-137652.18,-137652.18,Fixed staff & GMI-July-25,0016080001,,,2025-09-13,C005,117451,940,CI,C1,0.0,100,2,194C,Cont. Cos - 2%-New Sec-393(1)6(i)
1001,DIM00398AJ,MAHINDRA LOGISTICS LIMITED,27AAFCM2530H1ZO,2025-09-13,1058748864,,2026,3185885352,001,3185885206,2026,001,2025-09-13,2025-08-24,INR,262701329871,RE,S,14627.58,14627.58,Oth Employment & labour supply services,0016080001,,,2025-09-13,C005,12481,100,CI,C1,0.0,100,2,194C,Cont. Cos - 2%-New Sec-393(1)6(i)
1001,DIM00398AJ,MAHINDRA LOGISTICS LIMITED,27AAFCM2530H1ZO,2025-09-13,1058748864,3400812971,2026,3185885352,001,3185885206,2026,001,2025-09-13,2025-08-24,INR,262701329871,RE,S,14627.58,14627.58,Oth Employment & labour supply services,0016080001,,,2025-09-13,C005,12481,100,CI,C1,0.0,100,2,194C,Cont. Cos - 2%-New Sec-393(1)6(i)
1001,DIM00398AJ,MAHINDRA LOGISTICS LIMITED,27AAFCM2530H1ZO,2025-09-17,2610357679,3400812933,2026,3185885111,001,,0000,000,2025-09-13,2025-08-29,INR,262701338068,RE,H,-341763.26,-341763.26,Fixed staff & GMI-July-25,0016080001,,,2025-09-13,C005,291607,2333,CI,C1,0.0,100,2,194C,Cont. Cos - 2%-New Sec-393(1)6(i)
1001,DIM00398AJ,MAHINDRA LOGISTICS LIMITED,27AAFCM2530H1ZO,2025-09-13,1058750169,,2026,3185885165,001,,0000,000,2025-09-13,2025-08-24,INR,262701329935,RE,H,-30284.2,-30284.2,Oth Employment & labour supply services,0016080001,,,2025-09-13,C005,25840,207,CI,C1,0.0,100,2,194C,Cont. Cos - 2%-New Sec-393(1)6(i)
1001,DIM00398AJ,MAHINDRA LOGISTICS LIMITED,27AAFCM2530H1ZO,2025-09-17,2610357679,3400812933,2026,3185885227,001,,0000,000,2025-09-13,2025-08-29,INR,262701338053,RE,H,-4170921.26,-4170921.26,Fixed staff & GMI-July-25,0016080001,,,2025-09-13,C005,3558807,28471,CI,C1,0.0,100,2,194C,Cont. Cos - 2%-New Sec-393(1)6(i)
1001,DIM00398AJ,MAHINDRA LOGISTICS LIMITED,27AAFCM2530H1ZO,2025-09-13,1058750169,3400812971,2026,3185885165,001,,0000,000,2025-09-13,2025-08-24,INR,262701329935,RE,H,-30284.2,-30284.2,Oth Employment & labour supply services,0016080001,,,2025-09-13,C005,25840,207,CI,C1,0.0,100,2,194C,Cont. Cos - 2%-New Sec-393(1)6(i)
1001,DIM00398AJ,MAHINDRA LOGISTICS LIMITED,27AAFCM2530H1ZO,2025-09-17,2610357679,3400812933,2026,3185885184,001,,0000,000,2025-09-13,2025-08-24,INR,262701329788,RE,H,-24986.6,-24986.6,Fixed staff & GMI-July-25,0016080001,,,2025-09-13,C005,21320,171,CI,C1,0.0,100,2,194C,Cont. Cos - 2%-New Sec-393(1)6(i)
1001,DIM00398AJ,MAHINDRA LOGISTICS LIMITED,27AAFCM2530H1ZO,2025-09-13,1058749269,,2026,3185885369,001,3185885247,2026,001,2025-09-13,2025-08-24,INR,262701329885,RE,S,9690.42,9690.42,Oth Employment & labour supply services,0016080001,,,2025-09-13,C005,8269,67,CI,C1,0.0,100,2,194C,Cont. Cos - 2%-New Sec-393(1)6(i)
1001,DIM00398AJ,MAHINDRA LOGISTICS LIMITED,27AAFCM2530H1ZO,2025-09-17,2610357679,3400812933,2026,3185885117,001,,0000,000,2025-09-13,2025-08-24,INR,262701329815,RE,H,-273424.64,-273424.64,Fixed staff & GMI-July-25,0016080001,,,2025-09-13,C005,233298,1867,CI,C1,0.0,100,2,194C,Cont. Cos - 2%-New Sec-393(1)6(i)
1001,DIM00398AJ,MAHINDRA LOGISTICS LIMITED,27AAFCM2530H1ZO,2025-09-13,1058749269,3400812971,2026,3185885369,001,3185885247,2026,001,2025-09-13,2025-08-24,INR,262701329885,RE,S,9690.42,9690.42,Oth Employment & labour supply services,0016080001,,,2025-09-13,C005,8269,67,CI,C1,0.0,100,2,194C,Cont. Cos - 2%-New Sec-393(1)6(i)
1001,DIM00398AJ,MAHINDRA LOGISTICS LIMITED,27AAFCM2530H1ZO,2025-09-17,2610357679,3400812933,2026,3185885230,001,,0000,000,2025-09-13,2025-08-29,INR,262701338055,RE,H,-3747528,-3747528,Fixed staff & GMI-July-25,0016080001,,,2025-09-13,C005,3197550,25581,CI,C1,0.0,100,2,194C,Cont. Cos - 2%-New Sec-393(1)6(i)
1001,DIM00398AJ,MAHINDRA LOGISTICS LIMITED,27AAFCM2530H1ZO,2025-09-17,2610357679,3400812933,2026,3185885239,001,,0000,000,2025-09-13,2025-08-24,INR,262701329832,RE,H,-1280351,-1280351,Fixed staff & GMI-July-25,0016080001,,,2025-09-13,C005,1092450,8740,CI,C1,0.0,100,2,194C,Cont. Cos - 2%-New Sec-393(1)6(i)
1001,DIM00398AJ,MAHINDRA LOGISTICS LIMITED,27AAFCM2530H1ZO,2025-09-17,2610357679,3400812933,2026,3185885143,001,,0000,000,2025-09-13,2025-08-24,INR,262701329830,RE,H,-171532.62,-171532.62,Fixed staff & GMI-July-25,0016080001,,,2025-09-13,C005,146359,1171,CI,C1,0.0,100,2,194C,Cont. Cos - 2%-New Sec-393(1)6(i)
1001,DIM00398AJ,MAHINDRA LOGISTICS LIMITED,27AAFCM2530H1ZO,2025-09-17,2610357679,3400812933,2026,3185885107,001,,0000,000,2025-09-13,2025-08-24,INR,262701329781,RE,H,-368674.42,-368674.42,Fixed staff & GMI-July-25,0016080001,,,2025-09-13,C005,314569,2517,CI,C1,0.0,100,2,194C,Cont. Cos - 2%-New Sec-393(1)6(i)
1001,DIM00398AJ,MAHINDRA LOGISTICS LIMITED,27AAFCM2530H1ZO,2025-09-13,1058749046,,2026,3185885168,001,,0000,000,2025-09-13,2025-08-24,INR,262701329879,RE,H,-12481,-12481,Oth Employment & labour supply services,0016080001,,,2025-09-13,C005,10650,86,CI,C1,0.0,100,2,194C,Cont. Cos - 2%-New Sec-393(1)6(i)
1001,DIM00398AJ,MAHINDRA LOGISTICS LIMITED,27AAFCM2530H1ZO,2025-09-13,1058749046,3400812971,2026,3185885168,001,,0000,000,2025-09-13,2025-08-24,INR,262701329879,RE,H,-12481,-12481,Oth Employment & labour supply services,0016080001,,,2025-09-13,C005,10650,86,CI,C1,0.0,100,2,194C,Cont. Cos - 2%-New Sec-393(1)6(i)
1001,DIM00398AJ,MAHINDRA LOGISTICS LIMITED,27AAFCM2530H1ZO,2025-09-17,2610357679,3400812933,2026,3185885225,001,,0000,000,2025-09-13,2025-08-29,INR,262701338084,RE,H,-4330892.18,-4330892.18,Fixed staff & GMI-July-25,0016080001,,,2025-09-13,C005,3695301,29563,CI,C1,0.0,100,2,194C,Cont. Cos - 2%-New Sec-393(1)6(i)
1001,DIM00398AJ,MAHINDRA LOGISTICS LIMITED,27AAFCM2530H1ZO,2025-09-17,2610357679,3400812933,2026,3185885109,001,,0000,000,2025-09-13,2025-08-24,INR,262701329826,RE,H,-338542.62,-338542.62,Fixed staff & GMI-July-25,0016080001,,,2025-09-13,C005,288859,2311,CI,C1,0.0,100,2,194C,Cont. Cos - 2%-New Sec-393(1)6(i)
1001,DIM00398AJ,MAHINDRA LOGISTICS LIMITED,27AAFCM2530H1ZO,2025-09-13,1058750421,,2026,1058750421,001,,0000,000,2025-09-13,2025-09-13,INR,,AB,S,41922.78,41922.78,,0016080001,,,2025-09-13,,35771,0,,,,,,,
1001,DIM00398AJ,MAHINDRA LOGISTICS LIMITED,27AAFCM2530H1ZO,2025-09-17,2610357679,3400812933,2026,3185885095,001,,0000,000,2025-09-13,2025-08-24,INR,262701329853,RE,H,-12491.62,-12491.62,Fixed staff & GMI-July-25,0016080001,,,2025-09-13,C005,10659,86,CI,C1,0.0,100,2,194C,Cont. Cos - 2%-New Sec-393(1)6(i)
1001,DIM00398AJ,MAHINDRA LOGISTICS LIMITED,27AAFCM2530H1ZO,2025-09-17,2610357679,3400812933,2026,3185885180,001,,0000,000,2025-09-13,2025-08-29,INR,262701338073,RE,H,-52899.66,-52899.66,Fixed staff & GMI-July-25,0016080001,,,2025-09-13,C005,45137,362,CI,C1,0.0,100,2,194C,Cont. Cos - 2%-New Sec-393(1)6(i)
1001,DIM00398AJ,MAHINDRA LOGISTICS LIMITED,27AAFCM2530H1ZO,2025-09-17,2610357679,3400812933,2026,3185885166,001,,0000,000,2025-09-13,2025-08-29,INR,262701338065,RE,H,-80465.26,-80465.26,Fixed staff & GMI-July-25,0016080001,,,2025-09-13,C005,68657,550,CI,C1,0.0,100,2,194C,Cont. Cos - 2%-New Sec-393(1)6(i)
1001,DIM00398AJ,MAHINDRA LOGISTICS LIMITED,27AAFCM2530H1ZO,2025-09-13,1058749925,,2026,1058749925,001,,0000,000,2025-09-13,2025-09-13,INR,,AB,S,11177.84,11177.84,,0016080001,,,2025-09-13,,9538,0,,,,,,,
1001,DIM00398AJ,MAHINDRA LOGISTICS LIMITED,27AAFCM2530H1ZO,2025-09-17,2610357679,3400812933,2026,3185885087,001,,0000,000,2025-09-13,2025-08-24,INR,262701329847,RE,H,-50113.8,-50113.8,Fixed staff & GMI-July-25,0016080001,,,2025-09-13,C005,42760,343,CI,C1,0.0,100,2,194C,Cont. Cos - 2%-New Sec-393(1)6(i)
1001,DIM00398AJ,MAHINDRA LOGISTICS LIMITED,27AAFCM2530H1ZO,2025-09-13,1058749454,3400812971,2026,3185885196,001,,0000,000,2025-09-13,2025-08-24,INR,262701329907,RE,H,-29072.08,-29072.08,Oth Employment & labour supply services,0016080001,,,2025-09-13,C005,24806,199,CI,C1,0.0,100,2,194C,Cont. Cos - 2%-New Sec-393(1)6(i)
1001,DIM00398AJ,MAHINDRA LOGISTICS LIMITED,27AAFCM2530H1ZO,2025-09-13,1058749755,,2026,3185885173,001,,0000,000,2025-09-13,2025-08-24,INR,262701329919,RE,H,-6056.24,-6056.24,Oth Employment & labour supply services,0016080001,,,2025-09-13,C005,5168,42,CI,C1,0.0,100,2,194C,Cont. Cos - 2%-New Sec-393(1)6(i)
1001,DIM00398AJ,MAHINDRA LOGISTICS LIMITED,27AAFCM2530H1ZO,2025-09-13,1058749454,,2026,3185885196,001,,0000,000,2025-09-13,2025-08-24,INR,262701329907,RE,H,-29072.08,-29072.08,Oth Employment & labour supply services,0016080001,,,2025-09-13,C005,24806,199,CI,C1,0.0,100,2,194C,Cont. Cos - 2%-New Sec-393(1)6(i)
1001,DIM00398AJ,MAHINDRA LOGISTICS LIMITED,27AAFCM2530H1ZO,2025-09-13,1058750169,,2026,1058750169,001,,0000,000,2025-09-13,2025-09-13,INR,,AB,S,30284.2,30284.2,,0016080001,,,2025-09-13,,25840,0,,,,,,,
1001,DIM00398AJ,MAHINDRA LOGISTICS LIMITED,27AAFCM2530H1ZO,2025-09-13,1058749755,3400812971,2026,3185885173,001,,0000,000,2025-09-13,2025-08-24,INR,262701329919,RE,H,-6056.24,-6056.24,Oth Employment & labour supply services,0016080001,,,2025-09-13,C005,5168,42,CI,C1,0.0,100,2,194C,Cont. Cos - 2%-New Sec-393(1)6(i)
1001,DIM00398AJ,MAHINDRA LOGISTICS LIMITED,27AAFCM2530H1ZO,2025-09-13,1058750421,,2026,1058750421,002,,0000,000,2025-09-13,2025-09-13,INR,,AB,H,-41922.78,-41922.78,,0016080001,,,2025-09-13,D017,35771,0,,,,,,,
1001,DIM00398AJ,MAHINDRA LOGISTICS LIMITED,27AAFCM2530H1ZO,2025-09-13,1058749925,3400812971,2026,3185885404,001,3185885192,2026,001,2025-09-13,2025-08-24,INR,262701329922,RE,S,11177.84,11177.84,Oth Employment & labour supply services,0016080001,,,2025-09-13,C005,9538,77,CI,C1,0.0,100,2,194C,Cont. Cos - 2%-New Sec-393(1)6(i)
1001,DIM00398AJ,MAHINDRA LOGISTICS LIMITED,27AAFCM2530H1ZO,2025-09-17,2610357679,3400812933,2026,3185885218,001,,0000,000,2025-09-13,2025-08-24,INR,262701329825,RE,H,-1441.4,-1441.4,Fixed staff & GMI-July-25,0016080001,,,2025-09-13,C005,1230,10,CI,C1,0.0,100,2,194C,Cont. Cos - 2%-New Sec-393(1)6(i)
1001,DIM00398AJ,MAHINDRA LOGISTICS LIMITED,27AAFCM2530H1ZO,2025-09-13,1058749925,,2026,3185885404,001,3185885192,2026,001,2025-09-13,2025-08-24,INR,262701329922,RE,S,11177.84,11177.84,Oth Employment & labour supply services,0016080001,,,2025-09-13,C005,9538,77,CI,C1,0.0,100,2,194C,Cont. Cos - 2%-New Sec-393(1)6(i)
1001,DIM00398AJ,MAHINDRA LOGISTICS LIMITED,27AAFCM2530H1ZO,2025-09-17,2610357679,3400812933,2026,3185885105,001,,0000,000,2025-09-13,2025-08-24,INR,262701329785,RE,H,-409759.32,-409759.32,Fixed staff & GMI-July-25,0016080001,,,2025-09-13,C005,349624,2797,CI,C1,0.0,100,2,194C,Cont. Cos - 2%-New Sec-393(1)6(i)
1001,DIM00398AJ,MAHINDRA LOGISTICS LIMITED,27AAFCM2530H1ZO,2025-09-17,2610357679,3400812933,2026,3185885092,001,,0000,000,2025-09-13,2025-08-24,INR,262701329850,RE,H,-85847.82,-85847.82,Fixed staff & GMI-July-25,0016080001,,,2025-09-13,C005,73249,586,CI,C1,0.0,100,2,194C,Cont. Cos - 2%-New Sec-393(1)6(i)
1001,DIM00398AJ,MAHINDRA LOGISTICS LIMITED,27AAFCM2530H1ZO,2025-09-13,1058748864,,2026,1058748864,001,,0000,000,2025-09-13,2025-09-13,INR,,AB,S,14627.58,14627.58,,0016080001,,,2025-09-13,,12481,0,,,,,,,
1001,DIM00398AJ,MAHINDRA LOGISTICS LIMITED,27AAFCM2530H1ZO,2025-09-13,1058749925,,2026,1058749925,002,,0000,000,2025-09-13,2025-09-13,INR,,AB,H,-11177.84,-11177.84,,0016080001,,,2025-09-13,D017,9538,0,,,,,,,
1001,DIM00398AJ,MAHINDRA LOGISTICS LIMITED,27AAFCM2530H1ZO,2025-09-13,1058749046,,2026,1058749046,002,,0000,000,2025-09-13,2025-09-13,INR,,AB,H,-12481,-12481,,0016080001,,,2025-09-13,D017,10650,0,,,,,,,
1001,DIM00398AJ,MAHINDRA LOGISTICS LIMITED,27AAFCM2530H1ZO,2025-09-17,2610357679,3400812933,2026,3185885194,001,,0000,000,2025-09-13,2025-08-24,INR,262701329778,RE,H,-9858.16,-9858.16,Fixed staff & GMI-July-25,0016080001,,,2025-09-13,C005,8412,68,CI,C1,0.0,100,2,194C,Cont. Cos - 2%-New Sec-393(1)6(i)
1001,DIM00398AJ,MAHINDRA LOGISTICS LIMITED,27AAFCM2530H1ZO,2025-09-17,2610357679,3400812933,2026,3185885169,001,,0000,000,2025-09-13,2025-08-29,INR,262701338083,RE,H,-53380.46,-53380.46,Fixed staff & GMI-July-25,0016080001,,,2025-09-13,C005,45547,365,CI,C1,0.0,100,2,194C,Cont. Cos - 2%-New Sec-393(1)6(i)
1001,DIM00398AJ,MAHINDRA LOGISTICS LIMITED,27AAFCM2530H1ZO,2025-09-17,2610357679,3400812933,2026,3185885199,001,,0000,000,2025-09-13,2025-08-24,INR,262701329792,RE,H,-9129.2,-9129.2,Fixed staff & GMI-July-25,0016080001,,,2025-09-13,C005,7790,63,CI,C1,0.0,100,2,194C,Cont. Cos - 2%-New Sec-393(1)6(i)
1001,DIM00398AJ,MAHINDRA LOGISTICS LIMITED,27AAFCM2530H1ZO,2025-09-13,1058750421,3400812971,2026,3185885424,001,3185885220,2026,001,2025-09-13,2025-08-24,INR,262701330167,RE,S,41922.78,41922.78,Oth Employment & labour supply services,0016080001,,,2025-09-13,C005,35771,287,CI,C1,0.0,100,2,194C,Cont. Cos - 2%-New Sec-393(1)6(i)
1001,DIM00398AJ,MAHINDRA LOGISTICS LIMITED,27AAFCM2530H1ZO,2025-09-13,1058750421,,2026,3185885424,001,3185885220,2026,001,2025-09-13,2025-08-24,INR,262701330167,RE,S,41922.78,41922.78,Oth Employment & labour supply services,0016080001,,,2025-09-13,C005,35771,287,CI,C1,0.0,100,2,194C,Cont. Cos - 2%-New Sec-393(1)6(i)
1001,DIM00398AJ,MAHINDRA LOGISTICS LIMITED,27AAFCM2530H1ZO,2025-09-17,2610357679,3400812933,2026,3185885089,001,,0000,000,2025-09-13,2025-08-29,INR,262701338091,RE,H,-52899.66,-52899.66,Fixed staff & GMI-July-25,0016080001,,,2025-09-13,C005,45137,362,CI,C1,0.0,100,2,194C,Cont. Cos - 2%-New Sec-393(1)6(i)
1001,DIM00398AJ,MAHINDRA LOGISTICS LIMITED,27AAFCM2530H1ZO,2025-09-13,1058750079,3400812971,2026,3185885410,001,3185885162,2026,001,2025-09-13,2025-08-24,INR,262701329926,RE,S,6425.94,6425.94,Oth Employment & labour supply services,0016080001,,,2025-09-13,C005,5483,44,CI,C1,0.0,100,2,194C,Cont. Cos - 2%-New Sec-393(1)6(i)
1001,DIM00398AJ,MAHINDRA LOGISTICS LIMITED,27AAFCM2530H1ZO,2025-09-13,1058750079,,2026,3185885410,001,3185885162,2026,001,2025-09-13,2025-08-24,INR,262701329926,RE,S,6425.94,6425.94,Oth Employment & labour supply services,0016080001,,,2025-09-13,C005,5483,44,CI,C1,0.0,100,2,194C,Cont. Cos - 2%-New Sec-393(1)6(i)
1001,DIM00398AJ,MAHINDRA LOGISTICS LIMITED,27AAFCM2530H1ZO,2025-09-17,2610357679,3400812933,2026,3185885235,001,,0000,000,2025-09-13,2025-08-24,INR,262701329842,RE,H,-1802878.74,-1802878.74,Fixed staff & GMI-July-25,0016080001,,,2025-09-13,C005,1538293,12307,CI,C1,0.0,100,2,194C,Cont. Cos - 2%-New Sec-393(1)6(i)
1001,DIM00398AJ,MAHINDRA LOGISTICS LIMITED,27AAFCM2530H1ZO,2025-09-13,1058748470,,2026,1058748470,002,,0000,000,2025-09-13,2025-09-13,INR,,AB,H,-4937.34,-4937.34,,0016080001,,,2025-09-13,D017,4213,0,,,,,,,
1001,DIM00398AJ,MAHINDRA LOGISTICS LIMITED,27AAFCM2530H1ZO,2025-09-17,2610357679,3400812933,2026,3185885099,001,,0000,000,2025-09-13,2025-08-24,INR,262701329855,RE,H,-4805,-4805,Fixed staff & GMI-July-25,0016080001,,,2025-09-13,C005,4100,33,CI,C1,0.0,100,2,194C,Cont. Cos - 2%-New Sec-393(1)6(i)
1001,DIM00398AJ,MAHINDRA LOGISTICS LIMITED,27AAFCM2530H1ZO,2025-09-17,2610357679,3400812933,2026,3185885201,001,,0000,000,2025-09-13,2025-08-29,INR,262701338077,RE,H,-19236.52,-19236.52,Fixed staff & GMI-July-25,0016080001,,,2025-09-13,C005,16414,132,CI,C1,0.0,100,2,194C,Cont. Cos - 2%-New Sec-393(1)6(i)
1001,DIM00398AJ,MAHINDRA LOGISTICS LIMITED,27AAFCM2530H1ZO,2025-09-17,2610357679,3400812933,2026,3185885207,001,,0000,000,2025-09-13,2025-08-29,INR,262701338067,RE,H,-7935.96,-7935.96,Fixed staff & GMI-July-25,0016080001,,,2025-09-13,C005,6772,55,CI,C1,0.0,100,2,194C,Cont. Cos - 2%-New Sec-393(1)6(i)
1001,DIM00398AJ,MAHINDRA LOGISTICS LIMITED,27AAFCM2530H1ZO,2025-09-13,1058750079,3400812971,2026,3185885162,001,,0000,000,2025-09-13,2025-08-24,INR,262701329926,RE,H,-6425.94,-6425.94,Oth Employment & labour supply services,0016080001,,,2025-09-13,C005,5483,44,CI,C1,0.0,100,2,194C,Cont. Cos - 2%-New Sec-393(1)6(i)
1001,DIM00398AJ,MAHINDRA LOGISTICS LIMITED,27AAFCM2530H1ZO,2025-09-17,2610357679,3400812933,2026,3185885243,001,,0000,000,2025-09-13,2025-08-29,INR,262701338086,RE,H,-708189.44,-708189.44,Fixed staff & GMI-July-25,0016080001,,,2025-09-13,C005,604258,4835,CI,C1,0.0,100,2,194C,Cont. Cos - 2%-New Sec-393(1)6(i)
1001,DIM00398AJ,MAHINDRA LOGISTICS LIMITED,27AAFCM2530H1ZO,2025-09-13,1058750079,,2026,3185885162,001,,0000,000,2025-09-13,2025-08-24,INR,262701329926,RE,H,-6425.94,-6425.94,Oth Employment & labour supply services,0016080001,,,2025-09-13,C005,5483,44,CI,C1,0.0,100,2,194C,Cont. Cos - 2%-New Sec-393(1)6(i)
1001,DIM00398AJ,MAHINDRA LOGISTICS LIMITED,27AAFCM2530H1ZO,2025-09-17,2610357679,3400812933,2026,3185885104,001,,0000,000,2025-09-13,2025-08-29,INR,262701338057,RE,H,-445380.24,-445380.24,Fixed staff & GMI-July-25,0016080001,,,2025-09-13,C005,380018,3041,CI,C1,0.0,100,2,194C,Cont. Cos - 2%-New Sec-393(1)6(i)
1001,DIM00398AJ,MAHINDRA LOGISTICS LIMITED,27AAFCM2530H1ZO,2025-09-17,2610357679,3400812933,2026,3185885140,001,,0000,000,2025-09-13,2025-08-29,INR,262701338079,RE,H,-187583.9,-187583.9,Fixed staff & GMI-July-25,0016080001,,,2025-09-13,C005,160055,1281,CI,C1,0.0,100,2,194C,Cont. Cos - 2%-New Sec-393(1)6(i)
1001,DIM00398AJ,MAHINDRA LOGISTICS LIMITED,27AAFCM2530H1ZO,2025-09-13,1058750301,,2026,1058750301,002,,0000,000,2025-09-13,2025-09-13,INR,,AB,H,-8755.78,-8755.78,,0016080001,,,2025-09-13,D017,7471,0,,,,,,,
1001,DIM00398AJ,MAHINDRA LOGISTICS LIMITED,27AAFCM2530H1ZO,2025-09-17,2610357679,3400812933,2026,3185885215,001,,0000,000,2025-09-13,2025-08-31,INR,262701340208,RE,H,-6494.56,-6494.56,Fixed staff & GMI-July-25,0016080001,,,2025-09-13,C005,5542,45,CI,C1,0.0,100,2,194C,Cont. Cos - 2%-New Sec-393(1)6(i)
1001,DIM00398AJ,MAHINDRA LOGISTICS LIMITED,27AAFCM2530H1ZO,2025-09-22,2610363628,3400812971,2026,3186171778,001,,0000,000,2025-09-19,2025-08-29,INR,262701338094,RE,H,-1033511.48,-1033511.48,CLMS-JULY-25,0016080001,,,2025-09-19,C005,881836,7055,CI,C1,0.0,100,2,194C,Cont. Cos - 2%-New Sec-393(1)6(i)
1001,DIM00398AJ,MAHINDRA LOGISTICS LIMITED,27AAFCM2530H1ZO,2025-09-22,2610363628,3400812971,2026,3186175529,001,,0000,000,2025-09-19,2025-08-24,INR,262701329865,RE,H,-67521.16,-67521.16,CLMS-JULY-25,0016080001,,,2025-09-19,C005,57612,461,CI,C1,0.0,100,2,194C,Cont. Cos - 2%-New Sec-393(1)6(i)
1001,DIM00398AJ,MAHINDRA LOGISTICS LIMITED,27AAFCM2530H1ZO,2025-09-22,2610363628,3400812971,2026,3186177587,001,,0000,000,2025-09-19,2025-08-24,INR,262701329874,RE,H,-424770.94,-424770.94,CLMS-JULY-25,0016080001,,,2025-09-19,C005,362433,2900,CI,C1,0.0,100,2,194C,Cont. Cos - 2%-New Sec-393(1)6(i)
1001,DIM00398AJ,MAHINDRA LOGISTICS LIMITED,27AAFCM2530H1ZO,2025-09-22,2610363628,3400812971,2026,3186175451,001,,0000,000,2025-09-19,2025-08-24,INR,262701329895,RE,H,-74432.8,-74432.8,CLMS-JULY-25,0016080001,,,2025-09-19,C005,63510,509,CI,C1,0.0,100,2,194C,Cont. Cos - 2%-New Sec-393(1)6(i)
1001,DIM00398AJ,MAHINDRA LOGISTICS LIMITED,27AAFCM2530H1ZO,2025-09-22,2610363628,3400812971,2026,3186171278,001,,0000,000,2025-09-19,2025-08-24,INR,262701329886,RE,H,-138188.62,-138188.62,CLMS-JULY-25,0016080001,,,2025-09-19,C005,117909,944,CI,C1,0.0,100,2,194C,Cont. Cos - 2%-New Sec-393(1)6(i)
1001,DIM00398AJ,MAHINDRA LOGISTICS LIMITED,27AAFCM2530H1ZO,2025-09-22,2610363628,3400812971,2026,3186177213,001,,0000,000,2025-09-19,2025-08-24,INR,262701329887,RE,H,-4844.12,-4844.12,CLMS-JULY-25,0016080001,,,2025-09-19,C005,4134,34,CI,C1,0.0,100,2,194C,Cont. Cos - 2%-New Sec-393(1)6(i)
1001,DIM00398AJ,MAHINDRA LOGISTICS LIMITED,27AAFCM2530H1ZO,2025-09-22,2610363628,3400812971,2026,3186181465,001,,0000,000,2025-09-19,2025-08-24,INR,262701329871,RE,H,-14627,-14627,CLMS-JULY-25,0016080001,,,2025-09-19,C005,12480.42,100,,,,,,,
1001,DIM00398AJ,MAHINDRA LOGISTICS LIMITED,27AAFCM2530H1ZO,2025-09-22,2610363628,3400812971,2026,3186178286,001,,0000,000,2025-09-19,2025-08-24,INR,262701329901,RE,H,-185339.2,-185339.2,CLMS-JULY-25,0016080001,,,2025-09-19,C005,158140,1266,CI,C1,0.0,100,2,194C,Cont. Cos - 2%-New Sec-393(1)6(i)
1001,DIM00398AJ,MAHINDRA LOGISTICS LIMITED,27AAFCM2530H1ZO,2025-09-22,2610363628,3400812971,2026,3186171831,001,,0000,000,2025-09-19,2025-08-24,INR,262701329902,RE,H,-1295657.98,-1295657.98,CLMS-JULY-25,0016080001,,,2025-09-19,C005,1105511,8845,CI,C1,0.0,100,2,194C,Cont. Cos - 2%-New Sec-393(1)6(i)
1001,DIM00398AJ,MAHINDRA LOGISTICS LIMITED,27AAFCM2530H1ZO,2025-09-22,2610363628,3400812971,2026,3186171726,001,,0000,000,2025-09-19,2025-08-24,INR,262701329894,RE,H,-1380591.22,-1380591.22,CLMS-JULY-25,0016080001,,,2025-09-19,C005,1177979,9424,CI,C1,0.0,100,2,194C,Cont. Cos - 2%-New Sec-393(1)6(i)
1001,DIM00398AJ,MAHINDRA LOGISTICS LIMITED,27AAFCM2530H1ZO,2025-09-22,2610363628,3400812971,2026,3186182212,001,,0000,000,2025-09-19,2025-08-24,INR,262701329922,RE,H,-11177,-11177,CLMS-JULY-25,0016080001,,,2025-09-19,C005,9537.16,77,,,,,,,
1001,DIM00398AJ,MAHINDRA LOGISTICS LIMITED,27AAFCM2530H1ZO,2025-09-22,2610363628,3400812971,2026,3186171274,001,,0000,000,2025-09-19,2025-08-24,INR,262701329911,RE,H,-139308.52,-139308.52,CLMS-JULY-25,0016080001,,,2025-09-19,C005,118864,951,CI,C1,0.0,100,2,194C,Cont. Cos - 2%-New Sec-393(1)6(i)
1001,DIM00398AJ,MAHINDRA LOGISTICS LIMITED,27AAFCM2530H1ZO,2025-09-22,2610363628,3400812971,2026,3186182858,001,,0000,000,2025-09-19,2025-08-24,INR,262701329919,RE,H,-6056,-6056,CLMS-JULY-25,0016080001,,,2025-09-19,C005,5167.76,42,,,,,,,
1001,DIM00398AJ,MAHINDRA LOGISTICS LIMITED,27AAFCM2530H1ZO,2025-09-22,2610363628,3400812971,2026,3186180876,001,,0000,000,2025-09-19,2025-08-24,INR,262701329889,RE,H,-33430.5,-33430.5,CLMS-JULY-25,0016080001,,,2025-09-19,C005,28525,229,CI,C1,0.0,100,2,194C,Cont. Cos - 2%-New Sec-393(1)6(i)
1001,DIM00398AJ,MAHINDRA LOGISTICS LIMITED,27AAFCM2530H1ZO,2025-09-22,2610363628,3400812971,2026,3186178596,001,,0000,000,2025-09-19,2025-08-24,INR,262701330168,RE,H,-64386.84,-64386.84,CLMS-JULY-25,0016080001,,,2025-09-19,C005,54938,440,CI,C1,0.0,100,2,194C,Cont. Cos - 2%-New Sec-393(1)6(i)
1001,DIM00398AJ,MAHINDRA LOGISTICS LIMITED,27AAFCM2530H1ZO,2025-09-22,2610363628,3400812971,2026,3186175649,001,,0000,000,2025-09-19,2025-08-24,INR,262701329915,RE,H,-64083.22,-64083.22,CLMS-JULY-25,0016080001,,,2025-09-19,C005,54679,438,CI,C1,0.0,100,2,194C,Cont. Cos - 2%-New Sec-393(1)6(i)
1001,DIM00398AJ,MAHINDRA LOGISTICS LIMITED,27AAFCM2530H1ZO,2025-09-22,2610363628,3400812971,2026,3186171521,001,,0000,000,2025-09-19,2025-08-24,INR,262701329869,RE,H,-1765887.4,-1765887.4,CLMS-JULY-25,0016080001,,,2025-09-19,C005,1506730,12054,CI,C1,0.0,100,2,194C,Cont. Cos - 2%-New Sec-393(1)6(i)
1001,DIM00398AJ,MAHINDRA LOGISTICS LIMITED,27AAFCM2530H1ZO,2025-09-22,2610363628,3400812971,2026,3186177010,001,,0000,000,2025-09-19,2025-08-24,INR,262701329883,RE,H,-4844.12,-4844.12,CLMS-JULY-25,0016080001,,,2025-09-19,C005,4134,34,CI,C1,0.0,100,2,194C,Cont. Cos - 2%-New Sec-393(1)6(i)
1001,DIM00398AJ,MAHINDRA LOGISTICS LIMITED,27AAFCM2530H1ZO,2025-09-22,2610363628,3400812971,2026,3186171212,001,,0000,000,2025-09-19,2025-08-24,INR,262701329888,RE,H,-557139.5,-557139.5,CLMS-JULY-25,0016080001,,,2025-09-19,C005,475375,3803,CI,C1,0.0,100,2,194C,Cont. Cos - 2%-New Sec-393(1)6(i)
1001,DIM00398AJ,MAHINDRA LOGISTICS LIMITED,27AAFCM2530H1ZO,2025-09-22,2610363628,3400812971,2026,3186171220,001,,0000,000,2025-09-19,2025-08-24,INR,262701329896,RE,H,-412195.54,-412195.54,CLMS-JULY-25,0016080001,,,2025-09-19,C005,351703,2814,CI,C1,0.0,100,2,194C,Cont. Cos - 2%-New Sec-393(1)6(i)
1001,DIM00398AJ,MAHINDRA LOGISTICS LIMITED,27AAFCM2530H1ZO,2025-09-22,2610363628,3400812971,2026,3186172014,001,,0000,000,2025-09-19,2025-08-24,INR,262701329914,RE,H,-8993928,-8993928,CLMS-JULY-25,0016080001,,,2025-09-19,C005,7674000,61392,CI,C1,0.0,100,2,194C,Cont. Cos - 2%-New Sec-393(1)6(i)
1001,DIM00398AJ,MAHINDRA LOGISTICS LIMITED,27AAFCM2530H1ZO,2025-09-22,2610363628,3400812971,2026,3186176068,001,,0000,000,2025-09-19,2025-08-24,INR,262701329908,RE,H,-32586.9,-32586.9,CLMS-JULY-25,0016080001,,,2025-09-19,C005,27805,223,CI,C1,0.0,100,2,194C,Cont. Cos - 2%-New Sec-393(1)6(i)
1001,DIM00398AJ,MAHINDRA LOGISTICS LIMITED,27AAFCM2530H1ZO,2025-09-22,2610363628,3400812971,2026,3186183439,001,,0000,000,2025-09-19,2025-08-24,INR,262701329897,RE,H,-4937,-4937,CLMS-JULY-25,0016080001,,,2025-09-19,C005,4212.66,34,,,,,,,
1001,DIM00398AJ,MAHINDRA LOGISTICS LIMITED,27AAFCM2530H1ZO,2025-09-22,2610363628,3400812971,2026,3186171282,001,,0000,000,2025-09-19,2025-08-24,INR,262701329937,RE,H,-114294.96,-114294.96,CLMS-JULY-25,0016080001,,,2025-09-19,C005,97522,781,CI,C1,0.0,100,2,194C,Cont. Cos - 2%-New Sec-393(1)6(i)
1001,DIM00398AJ,MAHINDRA LOGISTICS LIMITED,27AAFCM2530H1ZO,2025-09-22,2610363628,3400812971,2026,3186175338,001,,0000,000,2025-09-19,2025-08-24,INR,262701329872,RE,H,-83585.42,-83585.42,CLMS-JULY-25,0016080001,,,2025-09-19,C005,71319,571,CI,C1,0.0,100,2,194C,Cont. Cos - 2%-New Sec-393(1)6(i)
1001,DIM00398AJ,MAHINDRA LOGISTICS LIMITED,27AAFCM2530H1ZO,2025-09-22,2610363628,3400812971,2026,3186181670,001,,0000,000,2025-09-19,2025-08-24,INR,262701329879,RE,H,-12481,-12481,CLMS-JULY-25,0016080001,,,2025-09-19,C005,10650,86,,,,,,,
1001,DIM00398AJ,MAHINDRA LOGISTICS LIMITED,27AAFCM2530H1ZO,2025-09-22,2610363628,3400812971,2026,3186171388,001,,0000,000,2025-09-19,2025-08-24,INR,262701329866,RE,H,-1150237.76,-1150237.76,CLMS-JULY-25,0016080001,,,2025-09-19,C005,981432,7852,CI,C1,0.0,100,2,194C,Cont. Cos - 2%-New Sec-393(1)6(i)
1001,DIM00398AJ,MAHINDRA LOGISTICS LIMITED,27AAFCM2530H1ZO,2025-09-22,2610363628,3400812971,2026,3186171367,001,,0000,000,2025-09-19,2025-08-24,INR,262701329860,RE,H,-4792179.38,-4792179.38,CLMS-JULY-25,0016080001,,,2025-09-19,C005,4088891,32712,CI,C1,0.0,100,2,194C,Cont. Cos - 2%-New Sec-393(1)6(i)
1001,DIM00398AJ,MAHINDRA LOGISTICS LIMITED,27AAFCM2530H1ZO,2025-09-22,2610363628,3400812971,2026,3186178652,001,,0000,000,2025-09-19,2025-08-24,INR,262701329941,RE,H,-294118.9,-294118.9,CLMS-JULY-25,0016080001,,,2025-09-19,C005,250955,2008,CI,C1,0.0,100,2,194C,Cont. Cos - 2%-New Sec-393(1)6(i)
1001,DIM00398AJ,MAHINDRA LOGISTICS LIMITED,27AAFCM2530H1ZO,2025-09-22,2610363628,3400812971,2026,3186182677,001,,0000,000,2025-09-19,2025-08-24,INR,262701329926,RE,H,-6425,-6425,CLMS-JULY-25,0016080001,,,2025-09-19,C005,5482.06,44,,,,,,,
1001,DIM00398AJ,MAHINDRA LOGISTICS LIMITED,27AAFCM2530H1ZO,2025-09-22,2610363628,3400812971,2026,3186171217,001,,0000,000,2025-09-19,2025-08-24,INR,262701329906,RE,H,-470620.72,-470620.72,CLMS-JULY-25,0016080001,,,2025-09-19,C005,401554,3213,CI,C1,0.0,100,2,194C,Cont. Cos - 2%-New Sec-393(1)6(i)
1001,DIM00398AJ,MAHINDRA LOGISTICS LIMITED,27AAFCM2530H1ZO,2025-09-22,2610363628,3400812971,2026,3186171214,001,,0000,000,2025-09-19,2025-08-24,INR,262701329877,RE,H,-545119.42,-545119.42,CLMS-JULY-25,0016080001,,,2025-09-19,C005,465119,3721,CI,C1,0.0,100,2,194C,Cont. Cos - 2%-New Sec-393(1)6(i)
1001,DIM00398AJ,MAHINDRA LOGISTICS LIMITED,27AAFCM2530H1ZO,2025-09-22,2610363628,3400812971,2026,3186171371,001,,0000,000,2025-09-19,2025-08-24,INR,262701329863,RE,H,-4047034.18,-4047034.18,CLMS-JULY-25,0016080001,,,2025-09-19,C005,3453101,27625,CI,C1,0.0,100,2,194C,Cont. Cos - 2%-New Sec-393(1)6(i)
1001,DIM00398AJ,MAHINDRA LOGISTICS LIMITED,27AAFCM2530H1ZO,2025-09-22,2610363628,3400812971,2026,3186172129,001,,0000,000,2025-09-19,2025-08-24,INR,262701329920,RE,H,-5532537.1,-5532537.1,CLMS-JULY-25,0016080001,,,2025-09-19,C005,4720595,37765,CI,C1,0.0,100,2,194C,Cont. Cos - 2%-New Sec-393(1)6(i)
1001,DIM00398AJ,MAHINDRA LOGISTICS LIMITED,27AAFCM2530H1ZO,2025-09-22,2610363628,3400812971,2026,3186172220,001,,0000,000,2025-09-19,2025-08-24,INR,262701329923,RE,H,-1608453.18,-1608453.18,CLMS-JULY-25,0016080001,,,2025-09-19,C005,1372401,10980,CI,C1,0.0,100,2,194C,Cont. Cos - 2%-New Sec-393(1)6(i)
1001,DIM00398AJ,MAHINDRA LOGISTICS LIMITED,27AAFCM2530H1ZO,2025-09-22,2610363628,3400812971,2026,3186176386,001,,0000,000,2025-09-19,2025-08-24,INR,262701329910,RE,H,-15180.54,-15180.54,CLMS-JULY-25,0016080001,,,2025-09-19,C005,12953,104,CI,C1,0.0,100,2,194C,Cont. Cos - 2%-New Sec-393(1)6(i)
1001,DIM00398AJ,MAHINDRA LOGISTICS LIMITED,27AAFCM2530H1ZO,2025-09-22,2610363628,3400812971,2026,3186176318,001,,0000,000,2025-09-19,2025-08-29,INR,262701338093,RE,H,-19276.64,-19276.64,CLMS-JULY-25,0016080001,,,2025-09-19,C005,16448,132,CI,C1,0.0,100,2,194C,Cont. Cos - 2%-New Sec-393(1)6(i)
1001,DIM00398AJ,MAHINDRA LOGISTICS LIMITED,27AAFCM2530H1ZO,2025-09-22,2610363628,3400812971,2026,3186177446,001,,0000,000,2025-09-19,2025-08-24,INR,262701329875,RE,H,-6149.46,-6149.46,CLMS-JULY-25,0016080001,,,2025-09-19,C005,5247,42,CI,C1,0.0,100,2,194C,Cont. Cos - 2%-New Sec-393(1)6(i)
1001,DIM00398AJ,MAHINDRA LOGISTICS LIMITED,27AAFCM2530H1ZO,2025-09-22,2610363628,3400812971,2026,3186178194,001,,0000,000,2025-09-19,2025-08-24,INR,262701329900,RE,H,-291537.54,-291537.54,CLMS-JULY-25,0016080001,,,2025-09-19,C005,248753,1991,CI,C1,0.0,100,2,194C,Cont. Cos - 2%-New Sec-393(1)6(i)
1001,DIM00398AJ,MAHINDRA LOGISTICS LIMITED,27AAFCM2530H1ZO,2025-09-22,2610363628,3400812971,2026,3186172069,001,,0000,000,2025-09-19,2025-08-24,INR,262701329917,RE,H,-2117420.14,-2117420.14,CLMS-JULY-25,0016080001,,,2025-09-19,C005,1806673,14454,CI,C1,0.0,100,2,194C,Cont. Cos - 2%-New Sec-393(1)6(i)
1001,DIM00398AJ,MAHINDRA LOGISTICS LIMITED,27AAFCM2530H1ZO,2025-09-22,2610363628,3400812971,2026,3186176695,001,,0000,000,2025-09-19,2025-08-24,INR,262701329867,RE,H,-7268.36,-7268.36,CLMS-JULY-25,0016080001,,,2025-09-19,C005,6202,50,CI,C1,0.0,100,2,194C,Cont. Cos - 2%-New Sec-393(1)6(i)
1001,DIM00398AJ,MAHINDRA LOGISTICS LIMITED,27AAFCM2530H1ZO,2025-09-22,2610363628,3400812971,2026,3186183125,001,,0000,000,2025-09-19,2025-08-24,INR,262701329940,RE,H,-8755,-8755,CLMS-JULY-25,0016080001,,,2025-09-19,C005,7470.22,60,,,,,,,
1001,DIM00398AJ,MAHINDRA LOGISTICS LIMITED,27AAFCM2530H1ZO,2025-09-22,2610363628,3400812971,2026,3186171210,001,,0000,000,2025-09-19,2025-08-24,INR,262701329904,RE,H,-674841.72,-674841.72,CLMS-JULY-25,0016080001,,,2025-09-19,C005,575804,4607,CI,C1,0.0,100,2,194C,Cont. Cos - 2%-New Sec-393(1)6(i)
1001,DIM00398AJ,MAHINDRA LOGISTICS LIMITED,27AAFCM2530H1ZO,2025-09-22,2610363628,3400812971,2026,3186171271,001,,0000,000,2025-09-19,2025-08-24,INR,262701329884,RE,H,-140216.02,-140216.02,CLMS-JULY-25,0016080001,,,2025-09-19,C005,119639,958,CI,C1,0.0,100,2,194C,Cont. Cos - 2%-New Sec-393(1)6(i)
1001,DIM00398AJ,MAHINDRA LOGISTICS LIMITED,27AAFCM2530H1ZO,2025-09-22,2610363628,3400812971,2026,3186182456,001,,0000,000,2025-09-19,2025-08-24,INR,262701329885,RE,H,-9690,-9690,CLMS-JULY-25,0016080001,,,2025-09-19,C005,8268.58,67,,,,,,,
1001,DIM00398AJ,MAHINDRA LOGISTICS LIMITED,27AAFCM2530H1ZO,2025-09-22,2610363628,3400812971,2026,3186171228,001,,0000,000,2025-09-19,2025-08-24,INR,262701329905,RE,H,-279826.98,-279826.98,CLMS-JULY-25,0016080001,,,2025-09-19,C005,238761,1911,CI,C1,0.0,100,2,194C,Cont. Cos - 2%-New Sec-393(1)6(i)
1001,DIM00398AJ,MAHINDRA LOGISTICS LIMITED,27AAFCM2530H1ZO,2025-09-22,2610363628,3400812971,2026,3186175126,001,,0000,000,2025-09-19,2025-08-24,INR,262701329928,RE,H,-93340.74,-93340.74,CLMS-JULY-25,0016080001,,,2025-09-19,C005,79643,638,CI,C1,0.0,100,2,194C,Cont. Cos - 2%-New Sec-393(1)6(i)
1001,DIM00398AJ,MAHINDRA LOGISTICS LIMITED,27AAFCM2530H1ZO,2025-09-22,2610363628,3400812971,2026,3186181262,001,,0000,000,2025-09-19,2025-08-24,INR,262701329907,RE,H,-29072,-29072,CLMS-JULY-25,0016080001,,,2025-09-19,C005,24805.92,199,,,,,,,
1001,DIM00398AJ,MAHINDRA LOGISTICS LIMITED,27AAFCM2530H1ZO,2025-09-22,2610363628,3400812971,2026,3186176151,001,,0000,000,2025-09-19,2025-08-24,INR,262701329924,RE,H,-31761,-31761,CLMS-JULY-25,0016080001,,,2025-09-19,C005,27100,217,CI,C1,0.0,100,2,194C,Cont. Cos - 2%-New Sec-393(1)6(i)
1001,DIM00398AJ,MAHINDRA LOGISTICS LIMITED,27AAFCM2530H1ZO,2025-09-22,2610363628,3400812971,2026,3186183287,001,,0000,000,2025-09-19,2025-08-24,INR,262701330167,RE,H,-41922,-41922,CLMS-JULY-25,0016080001,,,2025-09-19,C005,35770.22,287,,,,,,,
1001,DIM00398AJ,MAHINDRA LOGISTICS LIMITED,27AAFCM2530H1ZO,2025-09-22,2610363628,3400812971,2026,3186175041,001,,0000,000,2025-09-19,2025-08-24,INR,262701329903,RE,H,-95697.72,-95697.72,CLMS-JULY-25,0016080001,,,2025-09-19,C005,81654,654,CI,C1,0.0,100,2,194C,Cont. Cos - 2%-New Sec-393(1)6(i)
1001,DIM00398AJ,MAHINDRA LOGISTICS LIMITED,27AAFCM2530H1ZO,2025-09-22,2610363628,3400812971,2026,3186171578,001,,0000,000,2025-09-19,2025-08-24,INR,262701329876,RE,H,-737178.56,-737178.56,CLMS-JULY-25,0016080001,,,2025-09-19,C005,628992,5032,CI,C1,0.0,100,2,194C,Cont. Cos - 2%-New Sec-393(1)6(i)
1001,DIM00398AJ,MAHINDRA LOGISTICS LIMITED,27AAFCM2530H1ZO,2025-09-22,2610363628,3400812971,2026,3186171224,001,,0000,000,2025-09-19,2025-08-24,INR,262701329909,RE,H,-329119.42,-329119.42,CLMS-JULY-25,0016080001,,,2025-09-19,C005,280819,2247,CI,C1,0.0,100,2,194C,Cont. Cos - 2%-New Sec-393(1)6(i)
1001,DIM00398AJ,MAHINDRA LOGISTICS LIMITED,27AAFCM2530H1ZO,2025-09-22,2610363628,3400812971,2026,3186171268,001,,0000,000,2025-09-19,2025-08-24,INR,262701329912,RE,H,-189526.16,-189526.16,CLMS-JULY-25,0016080001,,,2025-09-19,C005,161712,1294,CI,C1,0.0,100,2,194C,Cont. Cos - 2%-New Sec-393(1)6(i)
1001,DIM00398AJ,MAHINDRA LOGISTICS LIMITED,27AAFCM2530H1ZO,2025-09-22,2610363628,3400812971,2026,3186174894,001,,0000,000,2025-09-19,2025-08-24,INR,262701329898,RE,H,-125982.92,-125982.92,CLMS-JULY-25,0016080001,,,2025-09-19,C005,107494,860,CI,C1,0.0,100,2,194C,Cont. Cos - 2%-New Sec-393(1)6(i)
1001,DIM00398AJ,MAHINDRA LOGISTICS LIMITED,27AAFCM2530H1ZO,2025-09-22,2610363628,3400812971,2026,3186171655,001,,0000,000,2025-09-19,2025-08-24,INR,262701329880,RE,H,-1457533.4,-1457533.4,CLMS-JULY-25,0016080001,,,2025-09-19,C005,1243630,9950,CI,C1,0.0,100,2,194C,Cont. Cos - 2%-New Sec-393(1)6(i)
1001,DIM00398AJ,MAHINDRA LOGISTICS LIMITED,27AAFCM2530H1ZO,2025-09-22,2610363628,3400812971,2026,3186178528,001,,0000,000,2025-09-19,2025-08-24,INR,262701329931,RE,H,-113699.52,-113699.52,CLMS-JULY-25,0016080001,,,2025-09-19,C005,97014,777,CI,C1,0.0,100,2,194C,Cont. Cos - 2%-New Sec-393(1)6(i)
1001,DIM00398AJ,MAHINDRA LOGISTICS LIMITED,27AAFCM2530H1ZO,2025-09-22,2610363628,3400812971,2026,3186178040,001,,0000,000,2025-09-19,2025-08-24,INR,262701329893,RE,H,-118713.56,-118713.56,CLMS-JULY-25,0016080001,,,2025-09-19,C005,101292,811,CI,C1,0.0,100,2,194C,Cont. Cos - 2%-New Sec-393(1)6(i)
1001,DIM00398AJ,MAHINDRA LOGISTICS LIMITED,27AAFCM2530H1ZO,2025-09-24,2610369285,3400815236,2026,3186249067,001,,0000,000,2025-09-22,2025-07-22,INR,262701247984,RE,H,-261112.38,-261112.38,Management Fess-Apr-25,0016080001,,,2025-09-22,C005,222792.7,1783,JI,J1,0.0,100,10,94JB,Prof. Serv. Fees@10%-CONS393(1)6(iii)(b)
1001,DIM00398AJ,MAHINDRA LOGISTICS LIMITED,27AAFCM2530H1ZO,2025-09-22,2610366856,,2026,2610366856,001,,0000,000,2025-09-22,2025-09-22,INR,,KZ,S,140419.63,140419.63,,0016080001,,,2025-09-22,,119812.39,0,,,,,,,
1001,DIM00398AJ,MAHINDRA LOGISTICS LIMITED,27AAFCM2530H1ZO,2025-09-24,2610369285,3400813117,2026,3186249014,001,,0000,000,2025-09-22,2025-05-14,INR,262701096886,RE,H,-1114376.41,-1114376.41,26SKBTS3-Additional Equipments Cost- Apr25,0016080001,,,2025-09-22,C005,950833.39,7607,CI,C1,0.0,100,2,194C,Cont. Cos - 2%-New Sec-393(1)6(i)
1001,DIM00398AJ,MAHINDRA LOGISTICS LIMITED,27AAFCM2530H1ZO,2025-09-24,2610369285,3400813172,2026,3186249000,001,,0000,000,2025-09-22,2025-04-09,INR,262701022519,RE,H,-950302.78,-950302.78,Mathadi Management Fees-Feb-25,0016080001,,,2025-09-22,C005,810838.8,6487,JI,J1,0.0,100,10,94JB,Prof. Serv. Fees@10%-CONS393(1)6(iii)(b)
1001,DIM00398AJ,MAHINDRA LOGISTICS LIMITED,27AAFCM2530H1ZO,2025-09-24,2610369285,3400813175,2026,3186248853,001,,0000,000,2025-09-22,2025-07-21,INR,262701246410,RE,H,-3817044.03,-3817044.03,Fixed cost management Fees-July-25,0016080001,,,2025-09-22,C005,3256863.59,26055,JI,J1,0.0,100,10,94JB,Prof. Serv. Fees@10%-CONS393(1)6(iii)(b)
1001,DIM00398AJ,MAHINDRA LOGISTICS LIMITED,27AAFCM2530H1ZO,2025-09-24,2610369285,3400813172,2026,3186249008,001,,0000,000,2025-09-22,2025-07-08,INR,262701215912,RE,H,-1050979.08,-1050979.08,Mathadi Management Fees-May-25,0016080001,,,2025-09-22,C005,896739.9,7174,JI,J1,0.0,100,10,94JB,Prof. Serv. Fees@10%-CONS393(1)6(iii)(b)
1001,DIM00398AJ,MAHINDRA LOGISTICS LIMITED,27AAFCM2530H1ZO,2025-09-22,2610363628,,2026,2610363628,001,,0000,000,2025-09-22,2025-09-22,INR,,KZ,S,42300241.48,42300241.48,,0016080001,,,2025-09-22,,36092381,0,,,,,,,
1001,DIM00398AJ,MAHINDRA LOGISTICS LIMITED,27AAFCM2530H1ZO,2025-09-24,2610369285,3400813172,2026,3186249002,001,,0000,000,2025-09-22,2025-05-15,INR,262701099498,RE,H,-1061551.68,-1061551.68,Mathadi Management Fees-Mar-25,0016080001,,,2025-09-22,C005,905761.6,7247,JI,J1,0.0,100,10,94JB,Prof. Serv. Fees@10%-CONS393(1)6(iii)(b)
1001,DIM00398AJ,MAHINDRA LOGISTICS LIMITED,27AAFCM2530H1ZO,2025-09-24,2610369285,3400813172,2026,3186249003,001,,0000,000,2025-09-22,2025-06-07,INR,262701151347,RE,H,-1043836.16,-1043836.16,Mathadi Management Fees-APR-25,0016080001,,,2025-09-22,C005,890645.9,7126,JI,J1,0.0,100,10,94JB,Prof. Serv. Fees@10%-CONS393(1)6(iii)(b)
1001,DIM00398AJ,MAHINDRA LOGISTICS LIMITED,27AAFCM2530H1ZO,2025-09-24,2610369285,3400813117,2026,3186249013,001,,0000,000,2025-09-22,2025-04-30,INR,262701067771,RE,H,-1114376.41,-1114376.41,265K BTS 3 - Additional Equipments Cost- Feb25,0016080001,,,2025-09-22,C005,950833.39,7607,CI,C1,0.0,100,2,194C,Cont. Cos - 2%-New Sec-393(1)6(i)
1001,DIM00398AJ,MAHINDRA LOGISTICS LIMITED,27AAFCM2530H1ZO,2025-09-24,2610369285,3400813117,2026,3186248859,001,,0000,000,2025-09-22,2025-01-07,INR,252701546504,RE,H,-405043,-405043,Warehouse  Services -Sept-24 to dec-24-M&M-135K,0016080001,,,2025-09-22,C005,345600,2765,CI,C1,0.0,100,2,194C,Cont. Cos - 2%-New Sec-393(1)6(i)
1001,DIM00398AJ,MAHINDRA LOGISTICS LIMITED,27AAFCM2530H1ZO,2025-09-24,2610369285,3400813175,2026,3186248851,001,,0000,000,2025-09-22,2025-06-19,INR,262701176877,RE,H,-3817044.03,-3817044.03,Oth Fixed cost management Fees-JUN-25,0016080001,,,2025-09-22,C005,3256863.59,26055,JI,J1,0.0,100,10,94JB,Prof. Serv. Fees@10%-CONS393(1)6(iii)(b)
1001,DIM00398AJ,MAHINDRA LOGISTICS LIMITED,27AAFCM2530H1ZO,2025-09-24,2610369285,3400815236,2026,3186249142,001,,0000,000,2025-09-22,2025-07-22,INR,262701247982,RE,H,-312916.9,-312916.9,Management Fee-JAN-25,0016080001,,,2025-09-22,C005,266993.98,2136,JI,J1,0.0,100,10,94JB,Prof. Serv. Fees@10%-CONS393(1)6(iii)(b)
1001,DIM00398AJ,MAHINDRA LOGISTICS LIMITED,27AAFCM2530H1ZO,2025-09-24,2610369285,3400813175,2026,3186249005,001,,0000,000,2025-09-22,2025-06-19,INR,262701176881,RE,H,-122908.42,-122908.42,Fix Cost Supp.Apr25 to May-25,0016080001,,,2025-09-22,C005,104870.7,839,JI,J1,0.0,100,10,94JB,Prof. Serv. Fees@10%-CONS393(1)6(iii)(b)
1001,DIM00398AJ,MAHINDRA LOGISTICS LIMITED,27AAFCM2530H1ZO,2025-09-24,2610369285,3400813175,2026,3186248845,001,,0000,000,2025-09-22,2025-04-30,INR,262701067765,RE,H,-4596192.09,-4596192.09,Fixed cost management Fees=F24,0016080001,,,2025-09-22,C005,3921666.17,31374,JI,J1,0.0,100,10,94JB,Prof. Serv. Fees@10%-CONS393(1)6(iii)(b)
1001,DIM00398AJ,MAHINDRA LOGISTICS LIMITED,27AAFCM2530H1ZO,2025-09-24,2610369285,3400815236,2026,3186249144,001,,0000,000,2025-09-22,2025-07-22,INR,262701247983,RE,H,-438354.55,-438354.55,Management Fee-MAR-25,0016080001,,,2025-09-22,C005,374023.35,2993,JI,J1,0.0,100,10,94JB,Prof. Serv. Fees@10%-CONS393(1)6(iii)(b)
1001,DIM00398AJ,MAHINDRA LOGISTICS LIMITED,27AAFCM2530H1ZO,2025-09-24,2610369285,3400815236,2026,3186249141,001,,0000,000,2025-09-22,2025-07-21,INR,262701246414,RE,H,-963410.56,-963410.56,Management Fess SLA-F24,0016080001,,,2025-09-22,C005,822023.36,6577,JI,J1,0.0,100,10,94JB,Prof. Serv. Fees@10%-CONS393(1)6(iii)(b)
1001,DIM00398AJ,MAHINDRA LOGISTICS LIMITED,27AAFCM2530H1ZO,2025-09-24,2610369285,3400813117,2026,3186249133,001,,0000,000,2025-09-22,2025-03-17,INR,252701697623,RE,H,-101260,-101260,Warehouse  Service -Feb-25,0016080001,,,2025-09-22,C005,86400,692,CI,C1,0.0,100,2,194C,Cont. Cos - 2%-New Sec-393(1)6(i)
1001,DIM00398AJ,MAHINDRA LOGISTICS LIMITED,27AAFCM2530H1ZO,2025-09-24,2610369285,3400813117,2026,3186249131,001,,0000,000,2025-09-22,2025-04-19,INR,262701042880,RE,H,-101260,-101260,Warehouse  Service -Mar-25,0016080001,,,2025-09-22,C005,86400,692,CI,C1,0.0,100,2,194C,Cont. Cos - 2%-New Sec-393(1)6(i)
1001,DIM00398AJ,MAHINDRA LOGISTICS LIMITED,27AAFCM2530H1ZO,2025-09-24,2610369285,3400813117,2026,3186249010,001,,0000,000,2025-09-22,2025-04-30,INR,262701067769,RE,H,-1038182.69,-1038182.69,M&M 255K Additional Warehouse Equipments Service c,0016080001,,,2025-09-22,C005,885821.77,7087,CI,C1,0.0,100,2,194C,Cont. Cos - 2%-New Sec-393(1)6(i)
1001,DIM00398AJ,MAHINDRA LOGISTICS LIMITED,27AAFCM2530H1ZO,2025-09-24,2610369285,3400813117,2026,3186249145,001,,0000,000,2025-09-22,2025-02-21,INR,252701647245,RE,H,-101260,-101260,Warehouse  Services -Jan-25,0016080001,,,2025-09-22,C005,86400,692,CI,C1,0.0,100,2,194C,Cont. Cos - 2%-New Sec-393(1)6(i)
1001,DIM00398AJ,MAHINDRA LOGISTICS LIMITED,27AAFCM2530H1ZO,2025-09-24,2610369285,3400813117,2026,3186249012,001,,0000,000,2025-09-22,2025-04-30,INR,262701067770,RE,H,-1114376.41,-1114376.41,M &M 255K Add iti ona I Wa reh ouse EquIpments Ser,0016080001,,,2025-09-22,C005,950833.39,7607,CI,C1,0.0,100,2,194C,Cont. Cos - 2%-New Sec-393(1)6(i)
1001,DIM00398AJ,MAHINDRA LOGISTICS LIMITED,27AAFCM2530H1ZO,2025-09-24,2610369285,3400813175,2026,3186248848,001,,0000,000,2025-09-22,2025-05-27,INR,262701129252,RE,H,-3755589.32,-3755589.32,Fixed cost management Fees-MAY-25,0016080001,,,2025-09-22,C005,3204428.24,25636,JI,J1,0.0,100,10,94JB,Prof. Serv. Fees@10%-CONS393(1)6(iii)(b)
1001,DIM00398AJ,MAHINDRA LOGISTICS LIMITED,27AAFCM2530H1ZO,2025-09-24,2610369285,3400815128,2026,3186250045,001,,0000,000,2025-09-23,2025-09-10,INR,262701361236,RE,H,-369430.52,-369430.52,Fixed staff & GMI-Aug-25,0016080001,,,2025-09-23,C005,315214,2522,CI,C1,0.0,100,2,194C,Cont. Cos - 2%-New Sec-393(1)6(i)
1001,DIM00398AJ,MAHINDRA LOGISTICS LIMITED,27AAFCM2530H1ZO,2025-09-24,2610369285,3400815128,2026,3186250279,001,,0000,000,2025-09-23,2025-09-10,INR,262701361223,RE,H,-54649.4,-54649.4,Fixed staff & GMI-Aug-25,0016080001,,,2025-09-23,C005,46630,374,CI,C1,0.0,100,2,194C,Cont. Cos - 2%-New Sec-393(1)6(i)
1001,DIM00398AJ,MAHINDRA LOGISTICS LIMITED,27AAFCM2530H1ZO,2025-09-24,2610369285,3400815128,2026,3186249744,001,,0000,000,2025-09-23,2025-09-10,INR,262701361210,RE,H,-424740.26,-424740.26,Fixed staff & GMI-Aug-25,0016080001,,,2025-09-23,C005,362407,2900,CI,C1,0.0,100,2,194C,Cont. Cos - 2%-New Sec-393(1)6(i)
1001,DIM00398AJ,MAHINDRA LOGISTICS LIMITED,27AAFCM2530H1ZO,2025-09-24,2610369285,3400815128,2026,3186250020,001,,0000,000,2025-09-23,2025-09-10,INR,262701361216,RE,H,-218604.14,-218604.14,Fixed staff & GMI-Aug-25,0016080001,,,2025-09-23,C005,186523,1493,CI,C1,0.0,100,2,194C,Cont. Cos - 2%-New Sec-393(1)6(i)
1001,DIM00398AJ,MAHINDRA LOGISTICS LIMITED,27AAFCM2530H1ZO,2025-09-24,2610369285,3400815128,2026,3186250122,001,,0000,000,2025-09-23,2025-09-10,INR,262701361234,RE,H,-41515.14,-41515.14,Fixed staff & GMI-Aug-25,0016080001,,,2025-09-23,C005,35423,284,CI,C1,0.0,100,2,194C,Cont. Cos - 2%-New Sec-393(1)6(i)
1001,DIM00398AJ,MAHINDRA LOGISTICS LIMITED,27AAFCM2530H1ZO,2025-09-24,2610369285,3400815128,2026,3186250280,001,,0000,000,2025-09-23,2025-09-10,INR,262701361227,RE,H,-264126.52,-264126.52,Fixed staff & GMI-Aug-25,0016080001,,,2025-09-23,C005,225364,1803,CI,C1,0.0,100,2,194C,Cont. Cos - 2%-New Sec-393(1)6(i)
1001,DIM00398AJ,MAHINDRA LOGISTICS LIMITED,27AAFCM2530H1ZO,2025-09-24,2610369285,3400815128,2026,3186249986,001,,0000,000,2025-09-23,2025-09-10,INR,262701361252,RE,H,-49982.64,-49982.64,Fixed staff & GMI-Aug-25,0016080001,,,2025-09-23,C005,42648,342,CI,C1,0.0,100,2,194C,Cont. Cos - 2%-New Sec-393(1)6(i)
1001,DIM00398AJ,MAHINDRA LOGISTICS LIMITED,27AAFCM2530H1ZO,2025-09-24,2610369285,3400815128,2026,3186250031,001,,0000,000,2025-09-23,2025-09-10,INR,262701361213,RE,H,-1033031.86,-1033031.86,Fixed staff & GMI-Aug-25,0016080001,,,2025-09-23,C005,881427,7052,CI,C1,0.0,100,2,194C,Cont. Cos - 2%-New Sec-393(1)6(i)
1001,DIM00398AJ,MAHINDRA LOGISTICS LIMITED,27AAFCM2530H1ZO,2025-09-24,2610369285,3400815128,2026,3186249645,001,,0000,000,2025-09-23,2025-09-10,INR,262701361259,RE,H,-129543.94,-129543.94,Fixed staff & GMI-Aug-25,0016080001,,,2025-09-23,C005,110533,885,CI,C1,0.0,100,2,194C,Cont. Cos - 2%-New Sec-393(1)6(i)
1001,DIM00398AJ,MAHINDRA LOGISTICS LIMITED,27AAFCM2530H1ZO,2025-09-24,2610369285,3400815128,2026,3186250272,001,,0000,000,2025-09-23,2025-09-10,INR,262701361215,RE,H,-304059.66,-304059.66,Fixed staff & GMI-Aug-25,0016080001,,,2025-09-23,C005,259437,2076,CI,C1,0.0,100,2,194C,Cont. Cos - 2%-New Sec-393(1)6(i)
1001,DIM00398AJ,MAHINDRA LOGISTICS LIMITED,27AAFCM2530H1ZO,2025-09-24,2610369285,3400815128,2026,3186250285,001,,0000,000,2025-09-23,2025-09-10,INR,262701361244,RE,H,-282697.8,-282697.8,Fixed staff & GMI-Aug-25,0016080001,,,2025-09-23,C005,241210,1930,CI,C1,0.0,100,2,194C,Cont. Cos - 2%-New Sec-393(1)6(i)
1001,DIM00398AJ,MAHINDRA LOGISTICS LIMITED,27AAFCM2530H1ZO,2025-09-24,2610369285,3400815128,2026,3186250254,001,,0000,000,2025-09-23,2025-09-10,INR,262701361206,RE,H,-2376234.9,-2376234.9,Fixed staff & GMI-Aug-25,0016080001,,,2025-09-23,C005,2027505,16221,CI,C1,0.0,100,2,194C,Cont. Cos - 2%-New Sec-393(1)6(i)
1001,DIM00398AJ,MAHINDRA LOGISTICS LIMITED,27AAFCM2530H1ZO,2025-09-24,2610369285,3400815128,2026,3186250255,001,,0000,000,2025-09-23,2025-09-10,INR,262701361205,RE,H,-463832.16,-463832.16,Fixed staff & GMI-Aug-25,0016080001,,,2025-09-23,C005,395762,3167,CI,C1,0.0,100,2,194C,Cont. Cos - 2%-New Sec-393(1)6(i)
1001,DIM00398AJ,MAHINDRA LOGISTICS LIMITED,27AAFCM2530H1ZO,2025-09-24,2610369285,3400815128,2026,3186250112,001,,0000,000,2025-09-23,2025-09-10,INR,262701361260,RE,H,-566429.36,-566429.36,Fixed staff & GMI-Aug-25,0016080001,,,2025-09-23,C005,483302,3867,CI,C1,0.0,100,2,194C,Cont. Cos - 2%-New Sec-393(1)6(i)
1001,DIM00398AJ,MAHINDRA LOGISTICS LIMITED,27AAFCM2530H1ZO,2025-09-24,2610369285,3400815128,2026,3186250287,001,,0000,000,2025-09-23,2025-09-10,INR,262701361250,RE,H,-1864427.62,-1864427.62,Fixed staff & GMI-Aug-25,0016080001,,,2025-09-23,C005,1590809,12727,CI,C1,0.0,100,2,194C,Cont. Cos - 2%-New Sec-393(1)6(i)
1001,DIM00398AJ,MAHINDRA LOGISTICS LIMITED,27AAFCM2530H1ZO,2025-09-24,2610369285,3400815128,2026,3186250281,001,,0000,000,2025-09-23,2025-09-10,INR,262701361224,RE,H,-2313963.96,-2313963.96,Fixed staff & GMI-Aug-25,0016080001,,,2025-09-23,C005,1974372,15795,CI,C1,0.0,100,2,194C,Cont. Cos - 2%-New Sec-393(1)6(i)
1001,DIM00398AJ,MAHINDRA LOGISTICS LIMITED,27AAFCM2530H1ZO,2025-09-24,2610369285,3400815128,2026,3186250258,001,,0000,000,2025-09-23,2025-09-10,INR,262701361211,RE,H,-443522.94,-443522.94,Fixed staff & GMI-Aug-25,0016080001,,,2025-09-23,C005,378433,3028,CI,C1,0.0,100,2,194C,Cont. Cos - 2%-New Sec-393(1)6(i)
1001,DIM00398AJ,MAHINDRA LOGISTICS LIMITED,27AAFCM2530H1ZO,2025-09-24,2610369285,3400815128,2026,3186250259,001,,0000,000,2025-09-23,2025-09-10,INR,262701361233,RE,H,-321245,-321245,Fixed staff & GMI-Aug-25,0016080001,,,2025-09-23,C005,274100,2193,CI,C1,0.0,100,2,194C,Cont. Cos - 2%-New Sec-393(1)6(i)
1001,DIM00398AJ,MAHINDRA LOGISTICS LIMITED,27AAFCM2530H1ZO,2025-09-24,2610369285,3400815128,2026,3186250026,001,,0000,000,2025-09-23,2025-09-10,INR,262701361247,RE,H,-791538.32,-791538.32,Fixed staff & GMI-Aug-25,0016080001,,,2025-09-23,C005,675374,5403,CI,C1,0.0,100,2,194C,Cont. Cos - 2%-New Sec-393(1)6(i)
1001,DIM00398AJ,MAHINDRA LOGISTICS LIMITED,27AAFCM2530H1ZO,2025-09-24,2610369285,3400815128,2026,3186250081,001,,0000,000,2025-09-23,2025-09-10,INR,262701361212,RE,H,-41515.14,-41515.14,Fixed staff & GMI-Aug-25,0016080001,,,2025-09-23,C005,35423,284,CI,C1,0.0,100,2,194C,Cont. Cos - 2%-New Sec-393(1)6(i)
1001,DIM00398AJ,MAHINDRA LOGISTICS LIMITED,27AAFCM2530H1ZO,2025-09-24,2610369285,3400815128,2026,3186250275,001,,0000,000,2025-09-23,2025-09-10,INR,262701361230,RE,H,-1315593.78,-1315593.78,Fixed staff & GMI-Aug-25,0016080001,,,2025-09-23,C005,1122521,8981,CI,C1,0.0,100,2,194C,Cont. Cos - 2%-New Sec-393(1)6(i)
1001,DIM00398AJ,MAHINDRA LOGISTICS LIMITED,27AAFCM2530H1ZO,2025-09-24,2610369285,3400815128,2026,3186250276,001,,0000,000,2025-09-23,2025-09-10,INR,262701361245,RE,H,-4591302.92,-4591302.92,Fixed staff & GMI-Aug-25,0016080001,,,2025-09-23,C005,3917494,31340,CI,C1,0.0,100,2,194C,Cont. Cos - 2%-New Sec-393(1)6(i)
1001,DIM00398AJ,MAHINDRA LOGISTICS LIMITED,27AAFCM2530H1ZO,2025-09-24,2610369285,3400815128,2026,3186250283,001,,0000,000,2025-09-23,2025-09-10,INR,262701361231,RE,H,-185366.34,-185366.34,Fixed staff & GMI-Aug-25,0016080001,,,2025-09-23,C005,158163,1266,CI,C1,0.0,100,2,194C,Cont. Cos - 2%-New Sec-393(1)6(i)
1001,DIM00398AJ,MAHINDRA LOGISTICS LIMITED,27AAFCM2530H1ZO,2025-09-24,2610369285,3400815128,2026,3186250257,001,,0000,000,2025-09-23,2025-09-10,INR,262701361241,RE,H,-1359142.04,-1359142.04,Fixed staff & GMI-Aug-25,0016080001,,,2025-09-23,C005,1159678,9278,CI,C1,0.0,100,2,194C,Cont. Cos - 2%-New Sec-393(1)6(i)
1001,DIM00398AJ,MAHINDRA LOGISTICS LIMITED,27AAFCM2530H1ZO,2025-09-24,2610369285,3400815128,2026,3186250064,001,,0000,000,2025-09-23,2025-09-10,INR,262701361238,RE,H,-629482.18,-629482.18,Fixed staff & GMI-Aug-25,0016080001,,,2025-09-23,C005,537101,4297,CI,C1,0.0,100,2,194C,Cont. Cos - 2%-New Sec-393(1)6(i)
1001,DIM00398AJ,MAHINDRA LOGISTICS LIMITED,27AAFCM2530H1ZO,2025-09-24,2610369285,3400815128,2026,3186250123,001,,0000,000,2025-09-23,2025-09-10,INR,262701361225,RE,H,-522367.08,-522367.08,Fixed staff & GMI-Aug-25,0016080001,,,2025-09-23,C005,445706,3566,CI,C1,0.0,100,2,194C,Cont. Cos - 2%-New Sec-393(1)6(i)
1001,DIM00398AJ,MAHINDRA LOGISTICS LIMITED,27AAFCM2530H1ZO,2025-09-24,2610369285,3400815128,2026,3186250219,001,,0000,000,2025-09-23,2025-09-10,INR,262701361257,RE,H,-54649.4,-54649.4,Fixed staff & GMI-Aug-25,0016080001,,,2025-09-23,C005,46630,374,CI,C1,0.0,100,2,194C,Cont. Cos - 2%-New Sec-393(1)6(i)
1001,DIM00398AJ,MAHINDRA LOGISTICS LIMITED,27AAFCM2530H1ZO,2025-09-24,2610369285,3400815128,2026,3186250270,001,,0000,000,2025-09-23,2025-09-10,INR,262701361240,RE,H,-129543.94,-129543.94,Fixed staff & GMI-Aug-25,0016080001,,,2025-09-23,C005,110533,885,CI,C1,0.0,100,2,194C,Cont. Cos - 2%-New Sec-393(1)6(i)
1001,DIM00398AJ,MAHINDRA LOGISTICS LIMITED,27AAFCM2530H1ZO,2025-09-24,2610369285,3400815128,2026,3186250072,001,,0000,000,2025-09-23,2025-09-10,INR,262701361256,RE,H,-5150.1,-5150.1,Fixed staff & GMI-Aug-25,0016080001,,,2025-09-23,C005,4395,36,CI,C1,0.0,100,2,194C,Cont. Cos - 2%-New Sec-393(1)6(i)
1001,DIM00398AJ,MAHINDRA LOGISTICS LIMITED,27AAFCM2530H1ZO,2025-09-24,2610369285,3400815128,2026,3186250271,001,,0000,000,2025-09-23,2025-09-10,INR,262701361254,RE,H,-49982.64,-49982.64,Fixed staff & GMI-Aug-25,0016080001,,,2025-09-23,C005,42648,342,CI,C1,0.0,100,2,194C,Cont. Cos - 2%-New Sec-393(1)6(i)
1001,DIM00398AJ,MAHINDRA LOGISTICS LIMITED,27AAFCM2530H1ZO,2025-09-24,2610369285,3400815128,2026,3186249732,001,,0000,000,2025-09-23,2025-09-10,INR,262701361239,RE,H,-202759.72,-202759.72,Fixed staff & GMI-Aug-25,0016080001,,,2025-09-23,C005,173004,1385,CI,C1,0.0,100,2,194C,Cont. Cos - 2%-New Sec-393(1)6(i)
1001,DIM00398AJ,MAHINDRA LOGISTICS LIMITED,27AAFCM2530H1ZO,2025-09-24,2610369285,3400815128,2026,3186250256,001,,0000,000,2025-09-23,2025-09-10,INR,262701361261,RE,H,-150818.3,-150818.3,Fixed staff & GMI-Aug-25,0016080001,,,2025-09-23,C005,128685,1030,CI,C1,0.0,100,2,194C,Cont. Cos - 2%-New Sec-393(1)6(i)
1001,DIM00398AJ,MAHINDRA LOGISTICS LIMITED,27AAFCM2530H1ZO,2025-09-24,2610369285,3400815128,2026,3186250121,001,,0000,000,2025-09-23,2025-09-10,INR,262701361235,RE,H,-258261.8,-258261.8,Fixed staff & GMI-Aug-25,0016080001,,,2025-09-23,C005,220360,1763,CI,C1,0.0,100,2,194C,Cont. Cos - 2%-New Sec-393(1)6(i)
1001,DIM00398AJ,MAHINDRA LOGISTICS LIMITED,27AAFCM2530H1ZO,2025-09-24,2610369285,3400815128,2026,3186249987,001,,0000,000,2025-09-23,2025-09-10,INR,262701361266,RE,H,-4264890.3,-4264890.3,Fixed staff & GMI-Aug-25,0016080001,,,2025-09-23,C005,3638985,29112,CI,C1,0.0,100,2,194C,Cont. Cos - 2%-New Sec-393(1)6(i)
1001,DIM00398AJ,MAHINDRA LOGISTICS LIMITED,27AAFCM2530H1ZO,2025-09-24,2610369285,3400815128,2026,3186250264,001,,0000,000,2025-09-23,2025-09-10,INR,262701361255,RE,H,-54649.4,-54649.4,Fixed staff & GMI-Aug-25,0016080001,,,2025-09-23,C005,46630,374,CI,C1,0.0,100,2,194C,Cont. Cos - 2%-New Sec-393(1)6(i)
1001,DIM00398AJ,MAHINDRA LOGISTICS LIMITED,27AAFCM2530H1ZO,2025-09-24,2610369285,3400815128,2026,3186250024,001,,0000,000,2025-09-23,2025-09-10,INR,262701361232,RE,H,-1001553.24,-1001553.24,Fixed staff & GMI-Aug-25,0016080001,,,2025-09-23,C005,854568,6837,CI,C1,0.0,100,2,194C,Cont. Cos - 2%-New Sec-393(1)6(i)
1001,DIM00398AJ,MAHINDRA LOGISTICS LIMITED,27AAFCM2530H1ZO,2025-09-24,2610369285,3400815128,2026,3186250093,001,,0000,000,2025-09-23,2025-09-10,INR,262701361217,RE,H,-302351.22,-302351.22,Fixed staff & GMI-Aug-25,0016080001,,,2025-09-23,C005,257979,2064,CI,C1,0.0,100,2,194C,Cont. Cos - 2%-New Sec-393(1)6(i)
1001,DIM00398AJ,MAHINDRA LOGISTICS LIMITED,27AAFCM2530H1ZO,2025-09-24,2610369285,3400815128,2026,3186249740,001,,0000,000,2025-09-23,2025-09-10,INR,262701361237,RE,H,-99965.1,-99965.1,Fixed staff & GMI-Aug-25,0016080001,,,2025-09-23,C005,85295,683,CI,C1,0.0,100,2,194C,Cont. Cos - 2%-New Sec-393(1)6(i)
1001,DIM00398AJ,MAHINDRA LOGISTICS LIMITED,27AAFCM2530H1ZO,2025-09-24,2610369285,3400815128,2026,3186250278,001,,0000,000,2025-09-23,2025-09-10,INR,262701361228,RE,H,-269537.58,-269537.58,Fixed staff & GMI-Aug-25,0016080001,,,2025-09-23,C005,229981,1840,CI,C1,0.0,100,2,194C,Cont. Cos - 2%-New Sec-393(1)6(i)
1001,DIM00398AJ,MAHINDRA LOGISTICS LIMITED,27AAFCM2530H1ZO,2025-09-24,2610369285,3400815128,2026,3186250267,001,,0000,000,2025-09-23,2025-09-10,INR,262701361207,RE,H,-369382.14,-369382.14,Fixed staff & GMI-Aug-25,0016080001,,,2025-09-23,C005,315173,2522,CI,C1,0.0,100,2,194C,Cont. Cos - 2%-New Sec-393(1)6(i)
1001,DIM00398AJ,MAHINDRA LOGISTICS LIMITED,27AAFCM2530H1ZO,2025-09-24,2610369285,3400815128,2026,3186250022,001,,0000,000,2025-09-23,2025-09-10,INR,262701361226,RE,H,-590789.66,-590789.66,Fixed staff & GMI-Aug-25,0016080001,,,2025-09-23,C005,504087,4033,CI,C1,0.0,100,2,194C,Cont. Cos - 2%-New Sec-393(1)6(i)
1001,DIM00398AJ,MAHINDRA LOGISTICS LIMITED,27AAFCM2530H1ZO,2025-09-24,2610369285,3400815128,2026,3186250120,001,,0000,000,2025-09-23,2025-09-10,INR,262701361242,RE,H,-54649.4,-54649.4,Fixed staff & GMI-Aug-25,0016080001,,,2025-09-23,C005,46630,374,CI,C1,0.0,100,2,194C,Cont. Cos - 2%-New Sec-393(1)6(i)
1001,DIM00398AJ,MAHINDRA LOGISTICS LIMITED,27AAFCM2530H1ZO,2025-09-24,2610369285,3400815128,2026,3186250027,001,,0000,000,2025-09-23,2025-09-10,INR,262701361253,RE,H,-132048.6,-132048.6,Fixed staff & GMI-Aug-25,0016080001,,,2025-09-23,C005,112670,902,CI,C1,0.0,100,2,194C,Cont. Cos - 2%-New Sec-393(1)6(i)
1001,DIM00398AJ,MAHINDRA LOGISTICS LIMITED,27AAFCM2530H1ZO,2025-09-30,2610379567,3400813457,2026,3186252521,001,,0000,000,2025-09-25,2025-05-12,INR,262701090971,RE,H,-88352.66,-88352.66,Line feeding-Mar-25,0016080001,,,2025-09-25,C005,75387,604,CI,C1,0.0,100,2,194C,Cont. Cos - 2%-New Sec-393(1)6(i)
1001,DIM00398AJ,MAHINDRA LOGISTICS LIMITED,27AAFCM2530H1ZO,2025-09-30,2610379567,3400813457,2026,3186252527,001,,0000,000,2025-09-25,2025-03-17,INR,252701695532,RE,H,-126882.16,-126882.16,Line feeding-OCT-24,0016080001,,,2025-09-25,C005,108262,867,CI,C1,0.0,100,2,194C,Cont. Cos - 2%-New Sec-393(1)6(i)
1001,DIM00398AJ,MAHINDRA LOGISTICS LIMITED,27AAFCM2530H1ZO,2025-09-30,2610379567,3400813457,2026,3186252531,001,,0000,000,2025-09-25,2025-04-19,INR,262701042695,RE,H,-2922844.1,-2922844.1,Line feeding-MAR-25,0016080001,,,2025-09-25,C005,2493895,19952,CI,C1,0.0,100,2,194C,Cont. Cos - 2%-New Sec-393(1)6(i)
1001,DIM00398AJ,MAHINDRA LOGISTICS LIMITED,27AAFCM2530H1ZO,2025-09-30,2610379567,3400804304,2026,3186252528,001,,0000,000,2025-09-25,2025-03-17,INR,252701695606,RE,H,-9415.12,-9415.12,Line feeding-DEC-24,0016080001,,,2025-09-25,C005,8034,65,CI,C1,0.0,100,2,194C,Cont. Cos - 2%-New Sec-393(1)6(i)
1001,DIM00398AJ,MAHINDRA LOGISTICS LIMITED,27AAFCM2530H1ZO,2025-09-30,2610379567,3400813457,2026,3186252523,001,,0000,000,2025-09-25,2025-03-17,INR,252701695006,RE,H,-2735741.18,-2735741.18,Line feeding-Feb-25,0016080001,,,2025-09-25,C005,2334251,18675,CI,C1,0.0,100,2,194C,Cont. Cos - 2%-New Sec-393(1)6(i)
1001,DIM00398AJ,MAHINDRA LOGISTICS LIMITED,27AAFCM2530H1ZO,2025-09-30,2610379567,3400813801,2026,3186252541,001,,0000,000,2025-09-25,2025-06-26,INR,262701194590,RE,H,-54649.4,-54649.4,Fixed staff & GMI-MAY-25,0016080001,,,2025-09-25,C005,46630,374,CI,C1,0.0,100,2,194C,Cont. Cos - 2%-New Sec-393(1)6(i)
1001,DIM00398AJ,MAHINDRA LOGISTICS LIMITED,27AAFCM2530H1ZO,2025-09-30,2610379567,3400813801,2026,3186252542,001,,0000,000,2025-09-25,2025-07-23,INR,262701251842,RE,H,-54649.4,-54649.4,Fixed staff & GMI-JUN-25,0016080001,,,2025-09-25,C005,46630,374,CI,C1,0.0,100,2,194C,Cont. Cos - 2%-New Sec-393(1)6(i)
1001,DIM00398AJ,MAHINDRA LOGISTICS LIMITED,27AAFCM2530H1ZO,2025-09-30,2610379567,3400813117,2026,3186252539,001,,0000,000,2025-09-25,2025-04-19,INR,262701042872,RE,H,-1114376.41,-1114376.41,Warehouse  Services -Mar-25 - 265K,0016080001,,,2025-09-25,C005,950833.39,7607,CI,C1,0.0,100,2,194C,Cont. Cos - 2%-New Sec-393(1)6(i)
1001,DIM00398AJ,MAHINDRA LOGISTICS LIMITED,27AAFCM2530H1ZO,2025-09-30,2610379567,3400813457,2026,3186252535,001,,0000,000,2025-09-25,2025-05-12,INR,262701090935,RE,H,-41801.06,-41801.06,Line feeding-Feb-25,0016080001,,,2025-09-25,C005,35667,286,CI,C1,0.0,100,2,194C,Cont. Cos - 2%-New Sec-393(1)6(i)
1001,DIM00398AJ,MAHINDRA LOGISTICS LIMITED,27AAFCM2530H1ZO,2025-09-30,2610379567,3400813457,2026,3186252524,001,,0000,000,2025-09-25,2025-03-17,INR,252701695569,RE,H,-17798.66,-17798.66,Line feeding-NOV-24,0016080001,,,2025-09-25,C005,15187,122,CI,C1,0.0,100,2,194C,Cont. Cos - 2%-New Sec-393(1)6(i)
1001,DIM00398AJ,MAHINDRA LOGISTICS LIMITED,27AAFCM2530H1ZO,2025-09-30,2610379567,3400813457,2026,3186252532,001,,0000,000,2025-09-25,2025-01-17,INR,252701569545,RE,H,-269502.18,-269502.18,Line feeding-DEC-24,0016080001,,,2025-09-25,C005,229951,1840,CI,C1,0.0,100,2,194C,Cont. Cos - 2%-New Sec-393(1)6(i)
1001,DIM00398AJ,MAHINDRA LOGISTICS LIMITED,27AAFCM2530H1ZO,2025-09-30,2610379567,,2026,3186820483,001,,0000,000,2025-09-30,2025-09-10,INR,262701362760,RE,H,-6577.16,-6577.16,CLMS-AUG-25,0016080001,,,2025-09-30,C005,5612,45,CI,C1,0.0,100,2,194C,Cont. Cos - 2%-New Sec-393(1)6(i)
1001,DIM00398AJ,MAHINDRA LOGISTICS LIMITED,27AAFCM2530H1ZO,2025-09-30,2610379567,3400815227,2026,3186820483,001,,0000,000,2025-09-30,2025-09-10,INR,262701362760,RE,H,-6577.16,-6577.16,CLMS-AUG-25,0016080001,,,2025-09-30,C005,5612,45,CI,C1,0.0,100,2,194C,Cont. Cos - 2%-New Sec-393(1)6(i)
1001,DIM00398AJ,MAHINDRA LOGISTICS LIMITED,27AAFCM2530H1ZO,2025-09-30,2610379567,,2026,3186820431,001,,0000,000,2025-09-30,2025-09-11,INR,262701369929,RE,H,-376545.3,-376545.3,CLMS-AUG-25,0016080001,,,2025-09-30,C005,321285,2571,CI,C1,0.0,100,2,194C,Cont. Cos - 2%-New Sec-393(1)6(i)
1001,DIM00398AJ,MAHINDRA LOGISTICS LIMITED,27AAFCM2530H1ZO,2025-09-30,2610379567,3400815227,2026,3186820431,001,,0000,000,2025-09-30,2025-09-11,INR,262701369929,RE,H,-376545.3,-376545.3,CLMS-AUG-25,0016080001,,,2025-09-30,C005,321285,2571,CI,C1,0.0,100,2,194C,Cont. Cos - 2%-New Sec-393(1)6(i)
1001,DIM00398AJ,MAHINDRA LOGISTICS LIMITED,27AAFCM2530H1ZO,2025-09-30,2610379567,3400815227,2026,3186820250,001,,0000,000,2025-09-30,2025-09-10,INR,262701362705,RE,H,-5262243.42,-5262243.42,CLMS-AUG-25,0016080001,,,2025-09-30,C005,4489969,35920,CI,C1,0.0,100,2,194C,Cont. Cos - 2%-New Sec-393(1)6(i)
1001,DIM00398AJ,MAHINDRA LOGISTICS LIMITED,27AAFCM2530H1ZO,2025-09-30,2610379567,,2026,3186820250,001,,0000,000,2025-09-30,2025-09-10,INR,262701362705,RE,H,-5262243.42,-5262243.42,CLMS-AUG-25,0016080001,,,2025-09-30,C005,4489969,35920,CI,C1,0.0,100,2,194C,Cont. Cos - 2%-New Sec-393(1)6(i)
1001,DIM00398AJ,MAHINDRA LOGISTICS LIMITED,27AAFCM2530H1ZO,2025-09-30,2610379567,,2026,3186820267,001,,0000,000,2025-09-30,2025-09-11,INR,262701369933,RE,H,-2345808.92,-2345808.92,CLMS-AUG-25,0016080001,,,2025-09-30,C005,2001544,16013,CI,C1,0.0,100,2,194C,Cont. Cos - 2%-New Sec-393(1)6(i)
1001,DIM00398AJ,MAHINDRA LOGISTICS LIMITED,27AAFCM2530H1ZO,2025-09-30,2610379567,3400815227,2026,3186820267,001,,0000,000,2025-09-30,2025-09-11,INR,262701369933,RE,H,-2345808.92,-2345808.92,CLMS-AUG-25,0016080001,,,2025-09-30,C005,2001544,16013,CI,C1,0.0,100,2,194C,Cont. Cos - 2%-New Sec-393(1)6(i)
1001,DIM00398AJ,MAHINDRA LOGISTICS LIMITED,27AAFCM2530H1ZO,2025-09-30,2610379567,,2026,3186822105,001,,0000,000,2025-09-30,2025-02-12,INR,252701625134,RE,H,-2365.42,-2365.42,Line feeding -JAN-25,0016080001,,,2025-09-30,C005,2019,17,CI,C1,0.0,100,2,194C,Cont. Cos - 2%-New Sec-393(1)6(i)
1001,DIM00398AJ,MAHINDRA LOGISTICS LIMITED,27AAFCM2530H1ZO,2025-09-30,2610379567,3400816013,2026,3186822105,001,,0000,000,2025-09-30,2025-02-12,INR,252701625134,RE,H,-2365.42,-2365.42,Line feeding -JAN-25,0016080001,,,2025-09-30,C005,2019,17,CI,C1,0.0,100,2,194C,Cont. Cos - 2%-New Sec-393(1)6(i)
1001,DIM00398AJ,MAHINDRA LOGISTICS LIMITED,27AAFCM2530H1ZO,2025-09-30,2610379567,,2026,3186820508,001,,0000,000,2025-09-30,2025-09-10,INR,262701362764,RE,H,-65414.7,-65414.7,CLMS-AUG-25,0016080001,,,2025-09-30,C005,55815,447,CI,C1,0.0,100,2,194C,Cont. Cos - 2%-New Sec-393(1)6(i)
1001,DIM00398AJ,MAHINDRA LOGISTICS LIMITED,27AAFCM2530H1ZO,2025-09-30,2610379567,3400815227,2026,3186820508,001,,0000,000,2025-09-30,2025-09-10,INR,262701362764,RE,H,-65414.7,-65414.7,CLMS-AUG-25,0016080001,,,2025-09-30,C005,55815,447,CI,C1,0.0,100,2,194C,Cont. Cos - 2%-New Sec-393(1)6(i)
1001,DIM00398AJ,MAHINDRA LOGISTICS LIMITED,27AAFCM2530H1ZO,2025-09-30,2610379567,,2026,3186822025,001,,0000,000,2025-09-30,2025-02-12,INR,252701625118,RE,H,-15843.42,-15843.42,Line feeding - Jan-25,0016080001,,,2025-09-30,C005,13519,109,CI,C1,0.0,100,2,194C,Cont. Cos - 2%-New Sec-393(1)6(i)
1001,DIM00398AJ,MAHINDRA LOGISTICS LIMITED,27AAFCM2530H1ZO,2025-09-30,2610379567,3400816013,2026,3186822025,001,,0000,000,2025-09-30,2025-02-12,INR,252701625118,RE,H,-15843.42,-15843.42,Line feeding - Jan-25,0016080001,,,2025-09-30,C005,13519,109,CI,C1,0.0,100,2,194C,Cont. Cos - 2%-New Sec-393(1)6(i)
1001,DIM00398AJ,MAHINDRA LOGISTICS LIMITED,27AAFCM2530H1ZO,2025-09-30,2610379567,3400815227,2026,3186820484,001,,0000,000,2025-09-30,2025-09-10,INR,262701362772,RE,H,-316952.84,-316952.84,CLMS-AUG-25,0016080001,,,2025-09-30,C005,270438,2164,CI,C1,0.0,100,2,194C,Cont. Cos - 2%-New Sec-393(1)6(i)
1001,DIM00398AJ,MAHINDRA LOGISTICS LIMITED,27AAFCM2530H1ZO,2025-09-30,2610379567,,2026,3186820484,001,,0000,000,2025-09-30,2025-09-10,INR,262701362772,RE,H,-316952.84,-316952.84,CLMS-AUG-25,0016080001,,,2025-09-30,C005,270438,2164,CI,C1,0.0,100,2,194C,Cont. Cos - 2%-New Sec-393(1)6(i)
1001,DIM00398AJ,MAHINDRA LOGISTICS LIMITED,27AAFCM2530H1ZO,2025-09-30,2610379567,3400816013,2026,3186822059,001,,0000,000,2025-09-30,2025-02-12,INR,252701625121,RE,H,-9467.04,-9467.04,Line feeding -JAN-25,0016080001,,,2025-09-30,C005,8078,65,CI,C1,0.0,100,2,194C,Cont. Cos - 2%-New Sec-393(1)6(i)
1001,DIM00398AJ,MAHINDRA LOGISTICS LIMITED,27AAFCM2530H1ZO,2025-09-30,2610379567,,2026,3186822059,001,,0000,000,2025-09-30,2025-02-12,INR,252701625121,RE,H,-9467.04,-9467.04,Line feeding -JAN-25,0016080001,,,2025-09-30,C005,8078,65,CI,C1,0.0,100,2,194C,Cont. Cos - 2%-New Sec-393(1)6(i)
1001,DIM00398AJ,MAHINDRA LOGISTICS LIMITED,27AAFCM2530H1ZO,2025-09-30,2610379567,3400815227,2026,3186820453,001,,0000,000,2025-09-30,2025-09-10,INR,262701362735,RE,H,-127053.44,-127053.44,CLMS-AUG-25,0016080001,,,2025-09-30,C005,108408,868,CI,C1,0.0,100,2,194C,Cont. Cos - 2%-New Sec-393(1)6(i)
1001,DIM00398AJ,MAHINDRA LOGISTICS LIMITED,27AAFCM2530H1ZO,2025-09-30,2610379567,,2026,3186820453,001,,0000,000,2025-09-30,2025-09-10,INR,262701362735,RE,H,-127053.44,-127053.44,CLMS-AUG-25,0016080001,,,2025-09-30,C005,108408,868,CI,C1,0.0,100,2,194C,Cont. Cos - 2%-New Sec-393(1)6(i)
1001,DIM00398AJ,MAHINDRA LOGISTICS LIMITED,27AAFCM2530H1ZO,2025-09-30,2610379567,3400815227,2026,3186820651,001,,0000,000,2025-09-30,2025-09-10,INR,262701362706,RE,H,-2706.8,-2706.8,CLMS-AUG-25,0016080001,,,2025-09-30,C005,2310,19,,,,,,,
1001,DIM00398AJ,MAHINDRA LOGISTICS LIMITED,27AAFCM2530H1ZO,2025-09-30,2610379567,,2026,3186820651,001,,0000,000,2025-09-30,2025-09-10,INR,262701362706,RE,H,-2706.8,-2706.8,CLMS-AUG-25,0016080001,,,2025-09-30,C005,2310,19,,,,,,,
1001,DIM00398AJ,MAHINDRA LOGISTICS LIMITED,27AAFCM2530H1ZO,2025-09-30,2610379567,3400815227,2026,3186820455,001,,0000,000,2025-09-30,2025-09-10,INR,262701362725,RE,H,-124538.16,-124538.16,CLMS-AUG-25,0016080001,,,2025-09-30,C005,106262,851,CI,C1,0.0,100,2,194C,Cont. Cos - 2%-New Sec-393(1)6(i)
1001,DIM00398AJ,MAHINDRA LOGISTICS LIMITED,27AAFCM2530H1ZO,2025-09-30,2610379567,,2026,3186820455,001,,0000,000,2025-09-30,2025-09-10,INR,262701362725,RE,H,-124538.16,-124538.16,CLMS-AUG-25,0016080001,,,2025-09-30,C005,106262,851,CI,C1,0.0,100,2,194C,Cont. Cos - 2%-New Sec-393(1)6(i)
1001,DIM00398AJ,MAHINDRA LOGISTICS LIMITED,27AAFCM2530H1ZO,2025-09-30,2610379567,3400815227,2026,3186820451,001,,0000,000,2025-09-30,2025-09-10,INR,262701362747,RE,H,-152213.68,-152213.68,CLMS-AUG-25,0016080001,,,2025-09-30,C005,129876,1040,CI,C1,0.0,100,2,194C,Cont. Cos - 2%-New Sec-393(1)6(i)
1001,DIM00398AJ,MAHINDRA LOGISTICS LIMITED,27AAFCM2530H1ZO,2025-09-30,2610379567,,2026,3186820481,001,,0000,000,2025-09-30,2025-09-10,INR,262701362744,RE,H,-32706.26,-32706.26,CLMS-AUG-25,0016080001,,,2025-09-30,C005,27907,224,CI,C1,0.0,100,2,194C,Cont. Cos - 2%-New Sec-393(1)6(i)
1001,DIM00398AJ,MAHINDRA LOGISTICS LIMITED,27AAFCM2530H1ZO,2025-09-30,2610379567,3400815227,2026,3186820481,001,,0000,000,2025-09-30,2025-09-10,INR,262701362744,RE,H,-32706.26,-32706.26,CLMS-AUG-25,0016080001,,,2025-09-30,C005,27907,224,CI,C1,0.0,100,2,194C,Cont. Cos - 2%-New Sec-393(1)6(i)
1001,DIM00398AJ,MAHINDRA LOGISTICS LIMITED,27AAFCM2530H1ZO,2025-09-30,2610379567,,2026,3186820451,001,,0000,000,2025-09-30,2025-09-10,INR,262701362747,RE,H,-152213.68,-152213.68,CLMS-AUG-25,0016080001,,,2025-09-30,C005,129876,1040,CI,C1,0.0,100,2,194C,Cont. Cos - 2%-New Sec-393(1)6(i)
1001,DIM00398AJ,MAHINDRA LOGISTICS LIMITED,27AAFCM2530H1ZO,2025-09-30,2610379567,3400816013,2026,3186822050,001,,0000,000,2025-09-30,2025-02-12,INR,252701625131,RE,H,-8558.54,-8558.54,Line feeding -JAN-25,0016080001,,,2025-09-30,C005,7303,59,CI,C1,0.0,100,2,194C,Cont. Cos - 2%-New Sec-393(1)6(i)
1001,DIM00398AJ,MAHINDRA LOGISTICS LIMITED,27AAFCM2530H1ZO,2025-09-30,2610379567,3400815227,2026,3186820504,001,,0000,000,2025-09-30,2025-09-10,INR,262701362765,RE,H,-62897.06,-62897.06,CLMS-AUG-25,0016080001,,,2025-09-30,C005,53667,430,CI,C1,0.0,100,2,194C,Cont. Cos - 2%-New Sec-393(1)6(i)
1001,DIM00398AJ,MAHINDRA LOGISTICS LIMITED,27AAFCM2530H1ZO,2025-09-30,2610379567,,2026,3186822050,001,,0000,000,2025-09-30,2025-02-12,INR,252701625131,RE,H,-8558.54,-8558.54,Line feeding -JAN-25,0016080001,,,2025-09-30,C005,7303,59,CI,C1,0.0,100,2,194C,Cont. Cos - 2%-New Sec-393(1)6(i)
1001,DIM00398AJ,MAHINDRA LOGISTICS LIMITED,27AAFCM2530H1ZO,2025-09-30,2610379567,,2026,3186820504,001,,0000,000,2025-09-30,2025-09-10,INR,262701362765,RE,H,-62897.06,-62897.06,CLMS-AUG-25,0016080001,,,2025-09-30,C005,53667,430,CI,C1,0.0,100,2,194C,Cont. Cos - 2%-New Sec-393(1)6(i)
1001,DIM00398AJ,MAHINDRA LOGISTICS LIMITED,27AAFCM2530H1ZO,2025-09-30,2610379567,3400815227,2026,3186820820,001,,0000,000,2025-09-30,2025-09-10,INR,262701362726,RE,H,-6384,-6384,CLMS-AUG-25,0016060001,,,2025-09-30,C005,5447.36,44,,,,,,,
1001,DIM00398AJ,MAHINDRA LOGISTICS LIMITED,27AAFCM2530H1ZO,2025-09-30,2610379567,3400815227,2026,3186820402,001,,0000,000,2025-09-30,2025-09-11,INR,262701369924,RE,H,-662092.68,-662092.68,CLMS-AUG-25,0016080001,,,2025-09-30,C005,564926,4520,CI,C1,0.0,100,2,194C,Cont. Cos - 2%-New Sec-393(1)6(i)
1001,DIM00398AJ,MAHINDRA LOGISTICS LIMITED,27AAFCM2530H1ZO,2025-09-30,2610379567,,2026,3186820820,001,,0000,000,2025-09-30,2025-09-10,INR,262701362726,RE,H,-6384,-6384,CLMS-AUG-25,0016060001,,,2025-09-30,C005,5447.36,44,,,,,,,
1001,DIM00398AJ,MAHINDRA LOGISTICS LIMITED,27AAFCM2530H1ZO,2025-09-30,2610379567,,2026,3186820238,001,,0000,000,2025-09-30,2025-09-10,INR,262701362708,RE,H,-5297435.28,-5297435.28,CLMS-AUG-25,0016080001,,,2025-09-30,C005,4519996,36160,CI,C1,0.0,100,2,194C,Cont. Cos - 2%-New Sec-393(1)6(i)
1001,DIM00398AJ,MAHINDRA LOGISTICS LIMITED,27AAFCM2530H1ZO,2025-09-30,2610379567,3400815227,2026,3186820238,001,,0000,000,2025-09-30,2025-09-10,INR,262701362708,RE,H,-5297435.28,-5297435.28,CLMS-AUG-25,0016080001,,,2025-09-30,C005,4519996,36160,CI,C1,0.0,100,2,194C,Cont. Cos - 2%-New Sec-393(1)6(i)
1001,DIM00398AJ,MAHINDRA LOGISTICS LIMITED,27AAFCM2530H1ZO,2025-09-30,2610379567,,2026,3186820402,001,,0000,000,2025-09-30,2025-09-11,INR,262701369924,RE,H,-662092.68,-662092.68,CLMS-AUG-25,0016080001,,,2025-09-30,C005,564926,4520,CI,C1,0.0,100,2,194C,Cont. Cos - 2%-New Sec-393(1)6(i)
1001,DIM00398AJ,MAHINDRA LOGISTICS LIMITED,27AAFCM2530H1ZO,2025-09-30,2610379567,,2026,3186822096,001,,0000,000,2025-09-30,2025-02-12,INR,252701625160,RE,H,-4917.28,-4917.28,Line feeding -JAN-25,0016080001,,,2025-09-30,C005,4196,34,CI,C1,0.0,100,2,194C,Cont. Cos - 2%-New Sec-393(1)6(i)
1001,DIM00398AJ,MAHINDRA LOGISTICS LIMITED,27AAFCM2530H1ZO,2025-09-30,2610379567,3400816013,2026,3186822096,001,,0000,000,2025-09-30,2025-02-12,INR,252701625160,RE,H,-4917.28,-4917.28,Line feeding -JAN-25,0016080001,,,2025-09-30,C005,4196,34,CI,C1,0.0,100,2,194C,Cont. Cos - 2%-New Sec-393(1)6(i)
1001,DIM00398AJ,MAHINDRA LOGISTICS LIMITED,27AAFCM2530H1ZO,2025-09-30,2610379567,,2026,3186820522,001,,0000,000,2025-09-30,2025-09-10,INR,262701362763,RE,H,-88049.04,-88049.04,CLMS-AUG-25,0016080001,,,2025-09-30,C005,75128,602,CI,C1,0.0,100,2,194C,Cont. Cos - 2%-New Sec-393(1)6(i)
1001,DIM00398AJ,MAHINDRA LOGISTICS LIMITED,27AAFCM2530H1ZO,2025-09-30,2610379567,3400815227,2026,3186820522,001,,0000,000,2025-09-30,2025-09-10,INR,262701362763,RE,H,-88049.04,-88049.04,CLMS-AUG-25,0016080001,,,2025-09-30,C005,75128,602,CI,C1,0.0,100,2,194C,Cont. Cos - 2%-New Sec-393(1)6(i)
1001,DIM00398AJ,MAHINDRA LOGISTICS LIMITED,27AAFCM2530H1ZO,2025-09-30,2610379567,,2026,3186820485,001,,0000,000,2025-09-30,2025-09-10,INR,262701362771,RE,H,-195967.44,-195967.44,CLMS-AUG-25,0016080001,,,2025-09-30,C005,167208,1338,CI,C1,0.0,100,2,194C,Cont. Cos - 2%-New Sec-393(1)6(i)
1001,DIM00398AJ,MAHINDRA LOGISTICS LIMITED,27AAFCM2530H1ZO,2025-09-30,2610379567,,2026,3186820536,001,,0000,000,2025-09-30,2025-09-10,INR,262701362762,RE,H,-32706.26,-32706.26,CLMS-AUG-25,0016080001,,,2025-09-30,C005,27907,224,CI,C1,0.0,100,2,194C,Cont. Cos - 2%-New Sec-393(1)6(i)
1001,DIM00398AJ,MAHINDRA LOGISTICS LIMITED,27AAFCM2530H1ZO,2025-09-30,2610379567,3400815227,2026,3186820485,001,,0000,000,2025-09-30,2025-09-10,INR,262701362771,RE,H,-195967.44,-195967.44,CLMS-AUG-25,0016080001,,,2025-09-30,C005,167208,1338,CI,C1,0.0,100,2,194C,Cont. Cos - 2%-New Sec-393(1)6(i)
1001,DIM00398AJ,MAHINDRA LOGISTICS LIMITED,27AAFCM2530H1ZO,2025-09-30,2610379567,3400815227,2026,3186820536,001,,0000,000,2025-09-30,2025-09-10,INR,262701362762,RE,H,-32706.26,-32706.26,CLMS-AUG-25,0016080001,,,2025-09-30,C005,27907,224,CI,C1,0.0,100,2,194C,Cont. Cos - 2%-New Sec-393(1)6(i)
1001,DIM00398AJ,MAHINDRA LOGISTICS LIMITED,27AAFCM2530H1ZO,2025-09-30,2610379567,,2026,3186820489,001,,0000,000,2025-09-30,2025-09-10,INR,262701362767,RE,H,-33965.58,-33965.58,CLMS-AUG-25,0016080001,,,2025-09-30,C005,28981,232,CI,C1,0.0,100,2,194C,Cont. Cos - 2%-New Sec-393(1)6(i)
1001,DIM00398AJ,MAHINDRA LOGISTICS LIMITED,27AAFCM2530H1ZO,2025-09-30,2610379567,3400815227,2026,3186820489,001,,0000,000,2025-09-30,2025-09-10,INR,262701362767,RE,H,-33965.58,-33965.58,CLMS-AUG-25,0016080001,,,2025-09-30,C005,28981,232,CI,C1,0.0,100,2,194C,Cont. Cos - 2%-New Sec-393(1)6(i)
1001,DIM00398AJ,MAHINDRA LOGISTICS LIMITED,27AAFCM2530H1ZO,2025-09-30,2610379567,3400815227,2026,3186820394,001,,0000,000,2025-09-30,2025-09-11,INR,262701369926,RE,H,-1098921.46,-1098921.46,CLMS-AUG-25,0016080001,,,2025-09-30,C005,937647,7502,CI,C1,0.0,100,2,194C,Cont. Cos - 2%-New Sec-393(1)6(i)
1001,DIM00398AJ,MAHINDRA LOGISTICS LIMITED,27AAFCM2530H1ZO,2025-09-30,2610379567,,2026,3186820394,001,,0000,000,2025-09-30,2025-09-11,INR,262701369926,RE,H,-1098921.46,-1098921.46,CLMS-AUG-25,0016080001,,,2025-09-30,C005,937647,7502,CI,C1,0.0,100,2,194C,Cont. Cos - 2%-New Sec-393(1)6(i)
1001,DIM00398AJ,MAHINDRA LOGISTICS LIMITED,27AAFCM2530H1ZO,2025-09-30,2610379567,,2026,3186820477,001,,0000,000,2025-09-30,2025-09-10,INR,262701362745,RE,H,-35194.4,-35194.4,CLMS-AUG-25,0016080001,,,2025-09-30,C005,30030,241,CI,C1,0.0,100,2,194C,Cont. Cos - 2%-New Sec-393(1)6(i)
1001,DIM00398AJ,MAHINDRA LOGISTICS LIMITED,27AAFCM2530H1ZO,2025-09-30,2610379567,3400815227,2026,3186820477,001,,0000,000,2025-09-30,2025-09-10,INR,262701362745,RE,H,-35194.4,-35194.4,CLMS-AUG-25,0016080001,,,2025-09-30,C005,30030,241,CI,C1,0.0,100,2,194C,Cont. Cos - 2%-New Sec-393(1)6(i)
1001,DIM00398AJ,MAHINDRA LOGISTICS LIMITED,27AAFCM2530H1ZO,2025-09-30,2610379567,,2026,3186820447,001,,0000,000,2025-09-30,2025-09-10,INR,262701362722,RE,H,-152280.94,-152280.94,CLMS-AUG-25,0016080001,,,2025-09-30,C005,129933,1040,CI,C1,0.0,100,2,194C,Cont. Cos - 2%-New Sec-393(1)6(i)
1001,DIM00398AJ,MAHINDRA LOGISTICS LIMITED,27AAFCM2530H1ZO,2025-09-30,2610379567,3400815227,2026,3186820447,001,,0000,000,2025-09-30,2025-09-10,INR,262701362722,RE,H,-152280.94,-152280.94,CLMS-AUG-25,0016080001,,,2025-09-30,C005,129933,1040,CI,C1,0.0,100,2,194C,Cont. Cos - 2%-New Sec-393(1)6(i)
1001,DIM00398AJ,MAHINDRA LOGISTICS LIMITED,27AAFCM2530H1ZO,2025-09-30,2610379567,,2026,3186820295,001,,0000,000,2025-09-30,2025-09-11,INR,262701369934,RE,H,-1893159.32,-1893159.32,CLMS-AUG-25,0016080001,,,2025-09-30,C005,1615324,12923,CI,C1,0.0,100,2,194C,Cont. Cos - 2%-New Sec-393(1)6(i)
1001,DIM00398AJ,MAHINDRA LOGISTICS LIMITED,27AAFCM2530H1ZO,2025-09-30,2610379567,3400815227,2026,3186820295,001,,0000,000,2025-09-30,2025-09-11,INR,262701369934,RE,H,-1893159.32,-1893159.32,CLMS-AUG-25,0016080001,,,2025-09-30,C005,1615324,12923,CI,C1,0.0,100,2,194C,Cont. Cos - 2%-New Sec-393(1)6(i)
1001,DIM00398AJ,MAHINDRA LOGISTICS LIMITED,27AAFCM2530H1ZO,2025-09-30,2610379567,3400815227,2026,3186820390,001,,0000,000,2025-09-30,2025-09-11,INR,262701369920,RE,H,-1275574.32,-1275574.32,CLMS-AUG-25,0016080001,,,2025-09-30,C005,1088374,8707,CI,C1,0.0,100,2,194C,Cont. Cos - 2%-New Sec-393(1)6(i)
1001,DIM00398AJ,MAHINDRA LOGISTICS LIMITED,27AAFCM2530H1ZO,2025-09-30,2610379567,,2026,3186820390,001,,0000,000,2025-09-30,2025-09-11,INR,262701369920,RE,H,-1275574.32,-1275574.32,CLMS-AUG-25,0016080001,,,2025-09-30,C005,1088374,8707,CI,C1,0.0,100,2,194C,Cont. Cos - 2%-New Sec-393(1)6(i)
1001,DIM00398AJ,MAHINDRA LOGISTICS LIMITED,27AAFCM2530H1ZO,2025-09-30,2610379567,3400815227,2026,3186820475,001,,0000,000,2025-09-30,2025-09-10,INR,262701362719,RE,H,-47801.66,-47801.66,CLMS-AUG-25,0016080001,,,2025-09-30,C005,40787,327,CI,C1,0.0,100,2,194C,Cont. Cos - 2%-New Sec-393(1)6(i)
1001,DIM00398AJ,MAHINDRA LOGISTICS LIMITED,27AAFCM2530H1ZO,2025-09-30,2610379567,,2026,3186820475,001,,0000,000,2025-09-30,2025-09-10,INR,262701362719,RE,H,-47801.66,-47801.66,CLMS-AUG-25,0016080001,,,2025-09-30,C005,40787,327,CI,C1,0.0,100,2,194C,Cont. Cos - 2%-New Sec-393(1)6(i)
1001,DIM00398AJ,MAHINDRA LOGISTICS LIMITED,27AAFCM2530H1ZO,2025-09-30,2610379567,3400809845,2026,3186822339,001,,0000,000,2025-09-30,2025-07-23,INR,262701251827,RE,H,-12093.42,-12093.42,Fixed Staff & GMI-JUN-25,0016080001,,,2025-09-30,C005,10319,83,CI,C1,0.0,100,2,194C,Cont. Cos - 2%-New Sec-393(1)6(i)
1001,DIM00398AJ,MAHINDRA LOGISTICS LIMITED,27AAFCM2530H1ZO,2025-09-30,2610379567,,2026,3186822339,001,,0000,000,2025-09-30,2025-07-23,INR,262701251827,RE,H,-12093.42,-12093.42,Fixed Staff & GMI-JUN-25,0016080001,,,2025-09-30,C005,10319,83,CI,C1,0.0,100,2,194C,Cont. Cos - 2%-New Sec-393(1)6(i)
1001,DIM00398AJ,MAHINDRA LOGISTICS LIMITED,27AAFCM2530H1ZO,2025-09-30,2610379567,,2026,3186820419,001,,0000,000,2025-09-30,2025-09-10,INR,262701362716,RE,H,-489295.84,-489295.84,CLMS-AUG-25,0016080001,,,2025-09-30,C005,417488,3340,CI,C1,0.0,100,2,194C,Cont. Cos - 2%-New Sec-393(1)6(i)
1001,DIM00398AJ,MAHINDRA LOGISTICS LIMITED,27AAFCM2530H1ZO,2025-09-30,2610379567,3400815227,2026,3186820419,001,,0000,000,2025-09-30,2025-09-10,INR,262701362716,RE,H,-489295.84,-489295.84,CLMS-AUG-25,0016080001,,,2025-09-30,C005,417488,3340,CI,C1,0.0,100,2,194C,Cont. Cos - 2%-New Sec-393(1)6(i)
1001,DIM00398AJ,MAHINDRA LOGISTICS LIMITED,27AAFCM2530H1ZO,2025-09-30,2610379567,3400815227,2026,3186820450,001,,0000,000,2025-09-30,2025-09-10,INR,262701362723,RE,H,-152213.68,-152213.68,CLMS-AUG-25,0016080001,,,2025-09-30,C005,129876,1040,CI,C1,0.0,100,2,194C,Cont. Cos - 2%-New Sec-393(1)6(i)
1001,DIM00398AJ,MAHINDRA LOGISTICS LIMITED,27AAFCM2530H1ZO,2025-09-30,2610379567,,2026,3186820450,001,,0000,000,2025-09-30,2025-09-10,INR,262701362723,RE,H,-152213.68,-152213.68,CLMS-AUG-25,0016080001,,,2025-09-30,C005,129876,1040,CI,C1,0.0,100,2,194C,Cont. Cos - 2%-New Sec-393(1)6(i)
1001,DIM00398AJ,MAHINDRA LOGISTICS LIMITED,27AAFCM2530H1ZO,2025-09-30,2610379567,3400815227,2026,3186820459,001,,0000,000,2025-09-30,2025-09-10,INR,262701362740,RE,H,-114475.68,-114475.68,CLMS-AUG-25,0016080001,,,2025-09-30,C005,97676,782,CI,C1,0.0,100,2,194C,Cont. Cos - 2%-New Sec-393(1)6(i)
1001,DIM00398AJ,MAHINDRA LOGISTICS LIMITED,27AAFCM2530H1ZO,2025-09-30,2610379567,,2026,3186820459,001,,0000,000,2025-09-30,2025-09-10,INR,262701362740,RE,H,-114475.68,-114475.68,CLMS-AUG-25,0016080001,,,2025-09-30,C005,97676,782,CI,C1,0.0,100,2,194C,Cont. Cos - 2%-New Sec-393(1)6(i)
1001,DIM00398AJ,MAHINDRA LOGISTICS LIMITED,27AAFCM2530H1ZO,2025-09-30,2610379567,,2026,3186820381,001,,0000,000,2025-09-30,2025-09-10,INR,262701362730,RE,H,-1497086.04,-1497086.04,CLMS-AUG-25,0016080001,,,2025-09-30,C005,1277378,10220,CI,C1,0.0,100,2,194C,Cont. Cos - 2%-New Sec-393(1)6(i)
1001,DIM00398AJ,MAHINDRA LOGISTICS LIMITED,27AAFCM2530H1ZO,2025-09-30,2610379567,3400815227,2026,3186820441,001,,0000,000,2025-09-30,2025-09-10,INR,262701362742,RE,H,-274237.38,-274237.38,CLMS-AUG-25,0016080001,,,2025-09-30,C005,233991,1872,CI,C1,0.0,100,2,194C,Cont. Cos - 2%-New Sec-393(1)6(i)
1001,DIM00398AJ,MAHINDRA LOGISTICS LIMITED,27AAFCM2530H1ZO,2025-09-30,2610379567,,2026,3186820441,001,,0000,000,2025-09-30,2025-09-10,INR,262701362742,RE,H,-274237.38,-274237.38,CLMS-AUG-25,0016080001,,,2025-09-30,C005,233991,1872,CI,C1,0.0,100,2,194C,Cont. Cos - 2%-New Sec-393(1)6(i)
1001,DIM00398AJ,MAHINDRA LOGISTICS LIMITED,27AAFCM2530H1ZO,2025-09-30,2610379567,3400815227,2026,3186820381,001,,0000,000,2025-09-30,2025-09-10,INR,262701362730,RE,H,-1497086.04,-1497086.04,CLMS-AUG-25,0016080001,,,2025-09-30,C005,1277378,10220,CI,C1,0.0,100,2,194C,Cont. Cos - 2%-New Sec-393(1)6(i)
1001,DIM00398AJ,MAHINDRA LOGISTICS LIMITED,27AAFCM2530H1ZO,2025-09-30,2610379567,3400815227,2026,3186820397,001,,0000,000,2025-09-30,2025-09-11,INR,262701369921,RE,H,-859353.66,-859353.66,CLMS-AUG-25,0016080001,,,2025-09-30,C005,733237,5866,CI,C1,0.0,100,2,194C,Cont. Cos - 2%-New Sec-393(1)6(i)
1001,DIM00398AJ,MAHINDRA LOGISTICS LIMITED,27AAFCM2530H1ZO,2025-09-30,2610379567,,2026,3186820397,001,,0000,000,2025-09-30,2025-09-11,INR,262701369921,RE,H,-859353.66,-859353.66,CLMS-AUG-25,0016080001,,,2025-09-30,C005,733237,5866,CI,C1,0.0,100,2,194C,Cont. Cos - 2%-New Sec-393(1)6(i)
1001,DIM00398AJ,MAHINDRA LOGISTICS LIMITED,27AAFCM2530H1ZO,2025-09-30,2610379567,,2026,3186820400,001,,0000,000,2025-09-30,2025-09-10,INR,262701362741,RE,H,-745360.14,-745360.14,CLMS-AUG-25,0016080001,,,2025-09-30,C005,635973,5088,CI,C1,0.0,100,2,194C,Cont. Cos - 2%-New Sec-393(1)6(i)
1001,DIM00398AJ,MAHINDRA LOGISTICS LIMITED,27AAFCM2530H1ZO,2025-09-30,2610379567,3400815227,2026,3186820400,001,,0000,000,2025-09-30,2025-09-10,INR,262701362741,RE,H,-745360.14,-745360.14,CLMS-AUG-25,0016080001,,,2025-09-30,C005,635973,5088,CI,C1,0.0,100,2,194C,Cont. Cos - 2%-New Sec-393(1)6(i)
1001,DIM00398AJ,MAHINDRA LOGISTICS LIMITED,27AAFCM2530H1ZO,2025-09-30,2610379567,3400815227,2026,3186820353,001,,0000,000,2025-09-30,2025-09-11,INR,262701369923,RE,H,-1551455.24,-1551455.24,CLMS-AUG-25,0016080001,,,2025-09-30,C005,1323768,10591,CI,C1,0.0,100,2,194C,Cont. Cos - 2%-New Sec-393(1)6(i)
1001,DIM00398AJ,MAHINDRA LOGISTICS LIMITED,27AAFCM2530H1ZO,2025-09-30,2610379567,,2026,3186820353,001,,0000,000,2025-09-30,2025-09-11,INR,262701369923,RE,H,-1551455.24,-1551455.24,CLMS-AUG-25,0016080001,,,2025-09-30,C005,1323768,10591,CI,C1,0.0,100,2,194C,Cont. Cos - 2%-New Sec-393(1)6(i)
1001,DIM00398AJ,MAHINDRA LOGISTICS LIMITED,27AAFCM2530H1ZO,2025-09-30,2610379567,3400815227,2026,3186820427,001,,0000,000,2025-09-30,2025-09-10,INR,262701362732,RE,H,-456012.02,-456012.02,CLMS-AUG-25,0016080001,,,2025-09-30,C005,389089,3113,CI,C1,0.0,100,2,194C,Cont. Cos - 2%-New Sec-393(1)6(i)
1001,DIM00398AJ,MAHINDRA LOGISTICS LIMITED,27AAFCM2530H1ZO,2025-09-30,2610379567,,2026,3186820427,001,,0000,000,2025-09-30,2025-09-10,INR,262701362732,RE,H,-456012.02,-456012.02,CLMS-AUG-25,0016080001,,,2025-09-30,C005,389089,3113,CI,C1,0.0,100,2,194C,Cont. Cos - 2%-New Sec-393(1)6(i)
1001,DIM00398AJ,MAHINDRA LOGISTICS LIMITED,27AAFCM2530H1ZO,2025-09-30,2610379567,3400815227,2026,3186820869,001,,0000,000,2025-09-30,2025-09-10,INR,262701362731,RE,H,-5319,-5319,CLMS-AUG-25,0016060001,,,2025-09-30,C005,4538.98,37,,,,,,,
1001,DIM00398AJ,MAHINDRA LOGISTICS LIMITED,27AAFCM2530H1ZO,2025-09-30,2610379567,,2026,3186820869,001,,0000,000,2025-09-30,2025-09-10,INR,262701362731,RE,H,-5319,-5319,CLMS-AUG-25,0016060001,,,2025-09-30,C005,4538.98,37,,,,,,,
1001,DIM00398AJ,MAHINDRA LOGISTICS LIMITED,27AAFCM2530H1ZO,2025-09-30,2610379567,,2026,3186820495,001,,0000,000,2025-09-30,2025-09-10,INR,262701362766,RE,H,-32706.26,-32706.26,CLMS-AUG-25,0016080001,,,2025-09-30,C005,27907,224,CI,C1,0.0,100,2,194C,Cont. Cos - 2%-New Sec-393(1)6(i)
1001,DIM00398AJ,MAHINDRA LOGISTICS LIMITED,27AAFCM2530H1ZO,2025-09-30,2610379567,3400815227,2026,3186820495,001,,0000,000,2025-09-30,2025-09-10,INR,262701362766,RE,H,-32706.26,-32706.26,CLMS-AUG-25,0016080001,,,2025-09-30,C005,27907,224,CI,C1,0.0,100,2,194C,Cont. Cos - 2%-New Sec-393(1)6(i)
1001,DIM00398AJ,MAHINDRA LOGISTICS LIMITED,27AAFCM2530H1ZO,2025-09-30,2610379567,,2026,2610379567,002,,0000,000,2025-09-30,2025-09-30,INR,,KZ,S,67789359.98,67789359.98,,0016080001,,,2025-09-30,,57840787.26,0,,,,,,,
1001,DIM00398AJ,MAHINDRA LOGISTICS LIMITED,27AAFCM2530H1ZO,2025-09-30,2610379567,,2026,2610379567,001,,0000,000,2025-09-30,2025-09-30,INR,,KZ,S,18183,18183,,0016060001,,,2025-09-30,,15515.94,0,,,,,,,
1001,DIM00398AJ,MAHINDRA LOGISTICS LIMITED,27AAFCM2530H1ZO,2025-09-30,2610379567,3400816013,2026,3186822082,001,,0000,000,2025-09-30,2025-02-12,INR,252701625107,RE,H,-27138.08,-27138.08,Line feeding -JAN-25,0016080001,,,2025-09-30,C005,23156,186,CI,C1,0.0,100,2,194C,Cont. Cos - 2%-New Sec-393(1)6(i)
1001,DIM00398AJ,MAHINDRA LOGISTICS LIMITED,27AAFCM2530H1ZO,2025-09-30,2610379567,,2026,3186822082,001,,0000,000,2025-09-30,2025-02-12,INR,252701625107,RE,H,-27138.08,-27138.08,Line feeding -JAN-25,0016080001,,,2025-09-30,C005,23156,186,CI,C1,0.0,100,2,194C,Cont. Cos - 2%-New Sec-393(1)6(i)
1001,DIM00398AJ,MAHINDRA LOGISTICS LIMITED,27AAFCM2530H1ZO,2025-09-30,2610379567,3400815227,2026,3186820445,001,,0000,000,2025-09-30,2025-09-11,INR,262701369930,RE,H,-201848.68,-201848.68,CLMS-AUG-25,0016080001,,,2025-09-30,C005,172226,1378,CI,C1,0.0,100,2,194C,Cont. Cos - 2%-New Sec-393(1)6(i)
1001,DIM00398AJ,MAHINDRA LOGISTICS LIMITED,27AAFCM2530H1ZO,2025-09-30,2610379567,,2026,3186820445,001,,0000,000,2025-09-30,2025-09-11,INR,262701369930,RE,H,-201848.68,-201848.68,CLMS-AUG-25,0016080001,,,2025-09-30,C005,172226,1378,CI,C1,0.0,100,2,194C,Cont. Cos - 2%-New Sec-393(1)6(i)
1001,DIM00398AJ,MAHINDRA LOGISTICS LIMITED,27AAFCM2530H1ZO,2025-09-30,2610379567,3400815227,2026,3186820443,001,,0000,000,2025-09-30,2025-09-10,INR,262701362738,RE,H,-227064.38,-227064.38,CLMS-AUG-25,0016080001,,,2025-09-30,C005,193741,1550,CI,C1,0.0,100,2,194C,Cont. Cos - 2%-New Sec-393(1)6(i)
1001,DIM00398AJ,MAHINDRA LOGISTICS LIMITED,27AAFCM2530H1ZO,2025-09-30,2610379567,,2026,3186820443,001,,0000,000,2025-09-30,2025-09-10,INR,262701362738,RE,H,-227064.38,-227064.38,CLMS-AUG-25,0016080001,,,2025-09-30,C005,193741,1550,CI,C1,0.0,100,2,194C,Cont. Cos - 2%-New Sec-393(1)6(i)
1001,DIM00398AJ,MAHINDRA LOGISTICS LIMITED,27AAFCM2530H1ZO,2025-09-30,2610379567,3400815227,2026,3186820436,001,,0000,000,2025-09-30,2025-09-11,INR,262701369927,RE,H,-339887.26,-339887.26,CLMS-AUG-25,0016080001,,,2025-09-30,C005,290007,2321,CI,C1,0.0,100,2,194C,Cont. Cos - 2%-New Sec-393(1)6(i)
1001,DIM00398AJ,MAHINDRA LOGISTICS LIMITED,27AAFCM2530H1ZO,2025-09-30,2610379567,,2026,3186820488,001,,0000,000,2025-09-30,2025-09-10,INR,262701362768,RE,H,-72934.58,-72934.58,CLMS-AUG-25,0016080001,,,2025-09-30,C005,62231,498,CI,C1,0.0,100,2,194C,Cont. Cos - 2%-New Sec-393(1)6(i)
1001,DIM00398AJ,MAHINDRA LOGISTICS LIMITED,27AAFCM2530H1ZO,2025-09-30,2610379567,,2026,3186820436,001,,0000,000,2025-09-30,2025-09-11,INR,262701369927,RE,H,-339887.26,-339887.26,CLMS-AUG-25,0016080001,,,2025-09-30,C005,290007,2321,CI,C1,0.0,100,2,194C,Cont. Cos - 2%-New Sec-393(1)6(i)
1001,DIM00398AJ,MAHINDRA LOGISTICS LIMITED,27AAFCM2530H1ZO,2025-09-30,2610379567,3400815227,2026,3186820488,001,,0000,000,2025-09-30,2025-09-10,INR,262701362768,RE,H,-72934.58,-72934.58,CLMS-AUG-25,0016080001,,,2025-09-30,C005,62231,498,CI,C1,0.0,100,2,194C,Cont. Cos - 2%-New Sec-393(1)6(i)
1001,DIM00398AJ,MAHINDRA LOGISTICS LIMITED,27AAFCM2530H1ZO,2025-09-30,2610379567,3400816145,2026,3186820474,001,,0000,000,2025-09-30,2025-09-10,INR,262701362734,RE,H,-62897.06,-62897.06,CLMS-AUG-25,0016080001,,,2025-09-30,C005,53667,430,CI,C1,0.0,100,2,194C,Cont. Cos - 2%-New Sec-393(1)6(i)
1001,DIM00398AJ,MAHINDRA LOGISTICS LIMITED,27AAFCM2530H1ZO,2025-09-30,2610379567,3400815227,2026,3186820473,001,,0000,000,2025-09-30,2025-09-10,INR,262701362714,RE,H,-70446.44,-70446.44,CLMS-AUG-25,0016080001,,,2025-09-30,C005,60108,481,CI,C1,0.0,100,2,194C,Cont. Cos - 2%-New Sec-393(1)6(i)
1001,DIM00398AJ,MAHINDRA LOGISTICS LIMITED,27AAFCM2530H1ZO,2025-09-30,2610379567,,2026,3186820473,001,,0000,000,2025-09-30,2025-09-10,INR,262701362714,RE,H,-70446.44,-70446.44,CLMS-AUG-25,0016080001,,,2025-09-30,C005,60108,481,CI,C1,0.0,100,2,194C,Cont. Cos - 2%-New Sec-393(1)6(i)
1001,DIM00398AJ,MAHINDRA LOGISTICS LIMITED,27AAFCM2530H1ZO,2025-09-30,2610379567,,2026,3186820474,001,,0000,000,2025-09-30,2025-09-10,INR,262701362734,RE,H,-62897.06,-62897.06,CLMS-AUG-25,0016080001,,,2025-09-30,C005,53667,430,CI,C1,0.0,100,2,194C,Cont. Cos - 2%-New Sec-393(1)6(i)
1001,DIM00398AJ,MAHINDRA LOGISTICS LIMITED,27AAFCM2530H1ZO,2025-09-30,2610379567,3400815227,2026,3186820666,001,,0000,000,2025-09-30,2025-09-10,INR,262701362707,RE,H,-6480,-6480,CLMS-AUG-25,0016060001,,,2025-09-30,C005,5529.6,45,,,,,,,
1001,DIM00398AJ,MAHINDRA LOGISTICS LIMITED,27AAFCM2530H1ZO,2025-09-30,2610379567,,2026,3186820666,001,,0000,000,2025-09-30,2025-09-10,INR,262701362707,RE,H,-6480,-6480,CLMS-AUG-25,0016060001,,,2025-09-30,C005,5529.6,45,,,,,,,
1001,DIM00398AJ,MAHINDRA LOGISTICS LIMITED,27AAFCM2530H1ZO,2025-09-30,2610379567,,2026,3186820426,001,,0000,000,2025-09-30,2025-09-10,INR,262701362743,RE,H,-466706.52,-466706.52,CLMS-AUG-25,0016080001,,,2025-09-30,C005,398214,3186,CI,C1,0.0,100,2,194C,Cont. Cos - 2%-New Sec-393(1)6(i)
1001,DIM00398AJ,MAHINDRA LOGISTICS LIMITED,27AAFCM2530H1ZO,2025-09-30,2610379567,3400815227,2026,3186820426,001,,0000,000,2025-09-30,2025-09-10,INR,262701362743,RE,H,-466706.52,-466706.52,CLMS-AUG-25,0016080001,,,2025-09-30,C005,398214,3186,CI,C1,0.0,100,2,194C,Cont. Cos - 2%-New Sec-393(1)6(i)
1001,DIM00398AJ,MAHINDRA LOGISTICS LIMITED,27AAFCM2530H1ZO,2025-09-30,2610379567,3400816013,2026,3186822072,001,,0000,000,2025-09-30,2025-02-12,INR,252701625105,RE,H,-6192.12,-6192.12,Line feeding -JAN-25,0016080001,,,2025-09-30,C005,5284,43,CI,C1,0.0,100,2,194C,Cont. Cos - 2%-New Sec-393(1)6(i)
1001,DIM00398AJ,MAHINDRA LOGISTICS LIMITED,27AAFCM2530H1ZO,2025-09-30,2610379567,,2026,3186822072,001,,0000,000,2025-09-30,2025-02-12,INR,252701625105,RE,H,-6192.12,-6192.12,Line feeding -JAN-25,0016080001,,,2025-09-30,C005,5284,43,CI,C1,0.0,100,2,194C,Cont. Cos - 2%-New Sec-393(1)6(i)
1001,DIM00398AJ,MAHINDRA LOGISTICS LIMITED,27AAFCM2530H1ZO,2025-09-30,2610379567,,2026,3186820407,001,,0000,000,2025-09-30,2025-09-11,INR,262701369922,RE,H,-555923.84,-555923.84,CLMS-AUG-25,0016080001,,,2025-09-30,C005,474338,3795,CI,C1,0.0,100,2,194C,Cont. Cos - 2%-New Sec-393(1)6(i)
1001,DIM00398AJ,MAHINDRA LOGISTICS LIMITED,27AAFCM2530H1ZO,2025-09-30,2610379567,3400815227,2026,3186820407,001,,0000,000,2025-09-30,2025-09-11,INR,262701369922,RE,H,-555923.84,-555923.84,CLMS-AUG-25,0016080001,,,2025-09-30,C005,474338,3795,CI,C1,0.0,100,2,194C,Cont. Cos - 2%-New Sec-393(1)6(i)
1001,DIM00398AJ,MAHINDRA LOGISTICS LIMITED,27AAFCM2530H1ZO,2025-09-30,2610379567,3400815227,2026,3186820589,001,,0000,000,2025-09-30,2025-09-11,INR,262701369931,RE,H,-9515185.8,-9515185.8,CLMS-AUG-25,0016080001,,,2025-09-30,C005,8118760,64951,CI,C1,0.0,100,2,194C,Cont. Cos - 2%-New Sec-393(1)6(i)
1001,DIM00398AJ,MAHINDRA LOGISTICS LIMITED,27AAFCM2530H1ZO,2025-09-30,2610379567,,2026,3186820589,001,,0000,000,2025-09-30,2025-09-11,INR,262701369931,RE,H,-9515185.8,-9515185.8,CLMS-AUG-25,0016080001,,,2025-09-30,C005,8118760,64951,CI,C1,0.0,100,2,194C,Cont. Cos - 2%-New Sec-393(1)6(i)
1001,DIM00398AJ,MAHINDRA LOGISTICS LIMITED,27AAFCM2530H1ZO,2025-09-30,2610379567,3400816145,2026,3186820482,001,,0000,000,2025-09-30,2025-09-10,INR,262701362733,RE,H,-14889.9,-14889.9,CLMS-AUG-25,0016080001,,,2025-09-30,C005,12705,102,CI,C1,0.0,100,2,194C,Cont. Cos - 2%-New Sec-393(1)6(i)
1001,DIM00398AJ,MAHINDRA LOGISTICS LIMITED,27AAFCM2530H1ZO,2025-09-30,2610379567,,2026,3186820482,001,,0000,000,2025-09-30,2025-09-10,INR,262701362733,RE,H,-14889.9,-14889.9,CLMS-AUG-25,0016080001,,,2025-09-30,C005,12705,102,CI,C1,0.0,100,2,194C,Cont. Cos - 2%-New Sec-393(1)6(i)
1001,DIM00398AJ,MAHINDRA LOGISTICS LIMITED,27AAFCM2530H1ZO,2025-09-30,2610379567,3400816013,2026,3186822035,001,,0000,000,2025-09-30,2025-01-17,INR,252701569653,RE,H,-15128.62,-15128.62,Line feeding -Dec-24,0016080001,,,2025-09-30,C005,12909,104,CI,C1,0.0,100,2,194C,Cont. Cos - 2%-New Sec-393(1)6(i)
1001,DIM00398AJ,MAHINDRA LOGISTICS LIMITED,27AAFCM2530H1ZO,2025-09-30,2610379567,,2026,3186822035,001,,0000,000,2025-09-30,2025-01-17,INR,252701569653,RE,H,-15128.62,-15128.62,Line feeding -Dec-24,0016080001,,,2025-09-30,C005,12909,104,CI,C1,0.0,100,2,194C,Cont. Cos - 2%-New Sec-393(1)6(i)
1001,DIM00398AJ,MAHINDRA LOGISTICS LIMITED,27AAFCM2530H1ZO,2025-09-30,2610379567,,2026,3186820318,001,,0000,000,2025-09-30,2025-09-10,INR,262701362712,RE,H,-1774696.28,-1774696.28,CLMS-AUG-25,0016080001,,,2025-09-30,C005,1514246,12114,CI,C1,0.0,100,2,194C,Cont. Cos - 2%-New Sec-393(1)6(i)
1001,DIM00398AJ,MAHINDRA LOGISTICS LIMITED,27AAFCM2530H1ZO,2025-09-30,2610379567,3400815227,2026,3186820318,001,,0000,000,2025-09-30,2025-09-10,INR,262701362712,RE,H,-1774696.28,-1774696.28,CLMS-AUG-25,0016080001,,,2025-09-30,C005,1514246,12114,CI,C1,0.0,100,2,194C,Cont. Cos - 2%-New Sec-393(1)6(i)
1001,DIM00398AJ,MAHINDRA LOGISTICS LIMITED,27AAFCM2530H1ZO,2025-09-30,2610379567,,2026,3186820486,001,,0000,000,2025-09-30,2025-09-10,INR,262701362769,RE,H,-142909.66,-142909.66,CLMS-AUG-25,0016080001,,,2025-09-30,C005,121937,976,CI,C1,0.0,100,2,194C,Cont. Cos - 2%-New Sec-393(1)6(i)
1001,DIM00398AJ,MAHINDRA LOGISTICS LIMITED,27AAFCM2530H1ZO,2025-09-30,2610379567,3400815227,2026,3186820486,001,,0000,000,2025-09-30,2025-09-10,INR,262701362769,RE,H,-142909.66,-142909.66,CLMS-AUG-25,0016080001,,,2025-09-30,C005,121937,976,CI,C1,0.0,100,2,194C,Cont. Cos - 2%-New Sec-393(1)6(i)
1001,DIM00398AJ,MAHINDRA LOGISTICS LIMITED,27AAFCM2530H1ZO,2025-09-30,2610379567,,2026,3186820392,001,,0000,000,2025-09-30,2025-09-11,INR,262701369928,RE,H,-1157148.04,-1157148.04,CLMS-AUG-25,0016080001,,,2025-09-30,C005,987328,7899,CI,C1,0.0,100,2,194C,Cont. Cos - 2%-New Sec-393(1)6(i)
1001,DIM00398AJ,MAHINDRA LOGISTICS LIMITED,27AAFCM2530H1ZO,2025-09-30,2610379567,3400815227,2026,3186820392,001,,0000,000,2025-09-30,2025-09-11,INR,262701369928,RE,H,-1157148.04,-1157148.04,CLMS-AUG-25,0016080001,,,2025-09-30,C005,987328,7899,CI,C1,0.0,100,2,194C,Cont. Cos - 2%-New Sec-393(1)6(i)
1001,DIM00398AJ,MAHINDRA LOGISTICS LIMITED,27AAFCM2530H1ZO,2025-09-30,2610379567,3400815227,2026,3186820471,001,,0000,000,2025-09-30,2025-09-10,INR,262701362761,RE,H,-101964,-101964,CLMS-AUG-25,0016080001,,,2025-09-30,C005,87000,696,CI,C1,0.0,100,2,194C,Cont. Cos - 2%-New Sec-393(1)6(i)
1001,DIM00398AJ,MAHINDRA LOGISTICS LIMITED,27AAFCM2530H1ZO,2025-09-30,2610379567,,2026,3186820471,001,,0000,000,2025-09-30,2025-09-10,INR,262701362761,RE,H,-101964,-101964,CLMS-AUG-25,0016080001,,,2025-09-30,C005,87000,696,CI,C1,0.0,100,2,194C,Cont. Cos - 2%-New Sec-393(1)6(i)
1001,DIM00398AJ,MAHINDRA LOGISTICS LIMITED,27AAFCM2530H1ZO,2025-10-08,2610387907,3400817243,2026,3186924039,001,,0000,000,2025-10-03,2025-07-23,INR,262701252784,RE,H,-1114376.42,-1114376.42,M&M 265K Additional Warehouse Equipments Service f,0016080001,,,2025-10-03,C005,950833.4,7607,CI,C1,0.0,100,2,194C,Cont. Cos - 2%-New Sec-393(1)6(i)
1001,DIM00398AJ,MAHINDRA LOGISTICS LIMITED,27AAFCM2530H1ZO,2025-10-08,2610387907,3400817243,2026,3186924055,001,,0000,000,2025-10-03,2025-09-17,INR,262701382136,RE,H,-5717530.12,-5717530.12,WH-Cost Sheet 1.351 Sqft WH 02 Shift Operations-AU,0016080001,,,2025-10-03,C005,4878439.08,39028,CI,C1,0.0,100,2,194C,Cont. Cos - 2%-New Sec-393(1)6(i)
1001,DIM00398AJ,MAHINDRA LOGISTICS LIMITED,27AAFCM2530H1ZO,2025-10-08,2610387907,3400817243,2026,3186924030,001,,0000,000,2025-10-03,2025-07-23,INR,262701252790,RE,H,-187843.49,-187843.49,M&M 265K Consumables Charges for Jun'25,0016080001,,,2025-10-03,C005,160276.69,1283,CI,C1,0.0,100,2,194C,Cont. Cos - 2%-New Sec-393(1)6(i)
1001,DIM00398AJ,MAHINDRA LOGISTICS LIMITED,27AAFCM2530H1ZO,2025-10-08,2610387907,3400817243,2026,3186924040,001,,0000,000,2025-10-03,2025-07-23,INR,262701252785,RE,H,-156035.62,-156035.62,M&M 265K Consumables Charges for May'25,0016080001,,,2025-10-03,C005,133136.96,1066,CI,C1,0.0,100,2,194C,Cont. Cos - 2%-New Sec-393(1)6(i)
1001,DIM00398AJ,MAHINDRA LOGISTICS LIMITED,27AAFCM2530H1ZO,2025-10-08,2610387907,3400817243,2026,3186924047,001,,0000,000,2025-10-03,2025-09-15,INR,262701379139,RE,H,-286242.67,-286242.67,M&M 135K Warehouse Service charges for Se p'24,0016080001,,,2025-10-03,C005,244234.47,1954,CI,C1,0.0,100,2,194C,Cont. Cos - 2%-New Sec-393(1)6(i)
1001,DIM00398AJ,MAHINDRA LOGISTICS LIMITED,27AAFCM2530H1ZO,2025-10-08,2610387907,3400817243,2026,3186924043,001,,0000,000,2025-10-03,2025-07-23,INR,262701252786,RE,H,-718652.73,-718652.73,M&M 265K WH Electricity CharBes for May'25,0016080001,,,2025-10-03,C005,613185.37,4906,CI,C1,0.0,100,2,194C,Cont. Cos - 2%-New Sec-393(1)6(i)
1001,DIM00398AJ,MAHINDRA LOGISTICS LIMITED,27AAFCM2530H1ZO,2025-10-08,2610387907,3400817243,2026,3186924036,001,,0000,000,2025-10-03,2025-07-23,INR,262701252788,RE,H,-721198.37,-721198.37,M&M 265K Additional Manpower charges for May'25,0016080001,,,2025-10-03,C005,615357.09,4923,CI,C1,0.0,100,2,194C,Cont. Cos - 2%-New Sec-393(1)6(i)
1001,DIM00398AJ,MAHINDRA LOGISTICS LIMITED,27AAFCM2530H1ZO,2025-10-08,2610387907,3400817243,2026,3186924023,001,,0000,000,2025-10-03,2025-07-23,INR,262701252789,RE,H,-1114376.42,-1114376.42,M&M 265K Additional Warehouse Eqipments Service ch,0016080001,,,2025-10-03,C005,950833.4,7607,CI,C1,0.0,100,2,194C,Cont. Cos - 2%-New Sec-393(1)6(i)
1001,DIM00398AJ,MAHINDRA LOGISTICS LIMITED,27AAFCM2530H1ZO,2025-10-08,2610387907,3400817243,2026,3186924051,001,,0000,000,2025-10-03,2025-07-23,INR,262701252793,RE,H,-709080.66,-709080.66,M&M 265K Additional Warehouse Service charges for,0016080001,,,2025-10-03,C005,605018.36,4841,CI,C1,0.0,100,2,194C,Cont. Cos - 2%-New Sec-393(1)6(i)
1001,DIM00398AJ,MAHINDRA LOGISTICS LIMITED,27AAFCM2530H1ZO,2025-10-08,2610387907,3400817243,2026,3186924035,001,,0000,000,2025-10-03,2025-07-23,INR,262701252791,RE,H,-452231.32,-452231.32,M&M 265K WH Electricity Charges for Jun'25,0016080001,,,2025-10-03,C005,385862.98,3087,CI,C1,0.0,100,2,194C,Cont. Cos - 2%-New Sec-393(1)6(i)
1001,DIM00398AJ,MAHINDRA LOGISTICS LIMITED,27AAFCM2530H1ZO,2025-10-08,2610387907,3400817243,2026,3186923984,001,,0000,000,2025-10-03,2025-05-29,INR,262701133541,RE,H,-346699.55,-346699.55,M&M 265K Warehouse Electricity Solar Charges-Apr25,0016080001,,,2025-10-03,C005,295819.11,2367,CI,C1,0.0,100,2,194C,Cont. Cos - 2%-New Sec-393(1)6(i)
1001,DIM00398AJ,MAHINDRA LOGISTICS LIMITED,27AAFCM2530H1ZO,2025-10-08,2610387907,3400817507,2026,3187023550,001,,0000,000,2025-10-06,2025-02-12,INR,252701625137,RE,H,-181894,-181894,Line feeding - JAN-25,0016080001,,,2025-10-06,C005,155200,1242,CI,C1,0.0,100,2,194C,Cont. Cos - 2%-New Sec-393(1)6(i)
1001,DIM00398AJ,MAHINDRA LOGISTICS LIMITED,27AAFCM2530H1ZO,2025-10-08,2610387907,3400817507,2026,3187023492,001,,0000,000,2025-10-06,2024-12-17,INR,252701511264,RE,H,-426336.42,-426336.42,Line feeding - Nov-24,0016080001,,,2025-10-06,C005,363769,2911,CI,C1,0.0,100,2,194C,Cont. Cos - 2%-New Sec-393(1)6(i)
1001,DIM00398AJ,MAHINDRA LOGISTICS LIMITED,27AAFCM2530H1ZO,2025-10-08,2610387907,3400817500,2026,3187023658,001,,0000,000,2025-10-06,2025-03-17,INR,252701695566,RE,H,-15943.72,-15943.72,Line feeding -Nov-24,0016080001,,,2025-10-06,C005,13604,109,CI,C1,0.0,100,2,194C,Cont. Cos - 2%-New Sec-393(1)6(i)
1001,DIM00398AJ,MAHINDRA LOGISTICS LIMITED,27AAFCM2530H1ZO,2025-10-08,2610387907,3400817507,2026,3187023526,001,,0000,000,2025-10-06,2025-03-17,INR,252701694949,RE,H,-19078.22,-19078.22,Line feeding - FEB-25,0016080001,,,2025-10-06,C005,16279,131,CI,C1,0.0,100,2,194C,Cont. Cos - 2%-New Sec-393(1)6(i)
1001,DIM00398AJ,MAHINDRA LOGISTICS LIMITED,27AAFCM2530H1ZO,2025-10-08,2610387907,3400817507,2026,3187023760,001,,0000,000,2025-10-06,2024-10-31,INR,252701408121,RE,H,-105808.58,-105808.58,Line feeding -Sept-22,0016080001,,,2025-10-06,C005,90281,723,CI,C1,0.0,100,2,194C,Cont. Cos - 2%-New Sec-393(1)6(i)
1001,DIM00398AJ,MAHINDRA LOGISTICS LIMITED,27AAFCM2530H1ZO,2025-10-08,2610387907,3400817507,2026,3187023743,001,,0000,000,2025-10-06,2025-01-17,INR,252701569557,RE,H,-45521.38,-45521.38,Line feeding -DEC-24,0016080001,,,2025-10-06,C005,38841,311,CI,C1,0.0,100,2,194C,Cont. Cos - 2%-New Sec-393(1)6(i)
1001,DIM00398AJ,MAHINDRA LOGISTICS LIMITED,27AAFCM2530H1ZO,2025-10-08,2610387907,3400817500,2026,3187023638,001,,0000,000,2025-10-06,2025-03-17,INR,252701695564,RE,H,-1993.18,-1993.18,Line feeding -Nov-24,0016080001,,,2025-10-06,C005,1701,14,CI,C1,0.0,100,2,194C,Cont. Cos - 2%-New Sec-393(1)6(i)
1001,DIM00398AJ,MAHINDRA LOGISTICS LIMITED,27AAFCM2530H1ZO,2025-10-08,2610387907,3400817507,2026,3187023724,001,,0000,000,2025-10-06,2025-01-17,INR,252701569601,RE,H,-259586.2,-259586.2,Line feeding -DEC-24,0016080001,,,2025-10-06,C005,221490,1772,CI,C1,0.0,100,2,194C,Cont. Cos - 2%-New Sec-393(1)6(i)
1001,DIM00398AJ,MAHINDRA LOGISTICS LIMITED,27AAFCM2530H1ZO,2025-10-08,2610387907,3400817507,2026,3187023703,001,,0000,000,2025-10-06,2025-01-17,INR,252701569626,RE,H,-205219.36,-205219.36,Line feeding -Nov-24,0016080001,,,2025-10-06,C005,175102,1401,CI,C1,0.0,100,2,194C,Cont. Cos - 2%-New Sec-393(1)6(i)
1001,DIM00398AJ,MAHINDRA LOGISTICS LIMITED,27AAFCM2530H1ZO,2025-10-08,2610387907,3400817507,2026,3187023572,001,,0000,000,2025-10-06,2025-01-17,INR,252701569657,RE,H,-14848.6,-14848.6,Line feeding - Dec-24,0016080001,,,2025-10-06,C005,12670,102,CI,C1,0.0,100,2,194C,Cont. Cos - 2%-New Sec-393(1)6(i)
1001,DIM00398AJ,MAHINDRA LOGISTICS LIMITED,27AAFCM2530H1ZO,2025-10-08,2610387907,3400817507,2026,3187023672,001,,0000,000,2025-10-06,2025-01-17,INR,252701569656,RE,H,-235320.48,-235320.48,Line feeding -Dec-24,0016080001,,,2025-10-06,C005,200786,1607,CI,C1,0.0,100,2,194C,Cont. Cos - 2%-New Sec-393(1)6(i)
1001,DIM00398AJ,MAHINDRA LOGISTICS LIMITED,27AAFCM2530H1ZO,2025-10-08,2610387907,3400817500,2026,3187023506,001,,0000,000,2025-10-06,2025-03-17,INR,252701695567,RE,H,-7971.36,-7971.36,Line feeding - Nov-24,0016080001,,,2025-10-06,C005,6802,55,CI,C1,0.0,100,2,194C,Cont. Cos - 2%-New Sec-393(1)6(i)
1001,DIM00398AJ,MAHINDRA LOGISTICS LIMITED,27AAFCM2530H1ZO,2025-10-08,2610387907,3400817500,2026,3187023470,001,,0000,000,2025-10-06,2025-03-17,INR,252701695565,RE,H,-3985.18,-3985.18,Line feeding - Nov-24,0016080001,,,2025-10-06,C005,3401,28,CI,C1,0.0,100,2,194C,Cont. Cos - 2%-New Sec-393(1)6(i)
1001,DIM00398AJ,MAHINDRA LOGISTICS LIMITED,27AAFCM2530H1ZO,2025-10-31,2610424824,3400816327,2026,3187742356,001,,0000,000,2025-10-29,2025-05-12,INR,262701090964,RE,H,-24147.72,-24147.72,MLL-OT-MAR-25,0016080001,,,2025-10-29,C005,20604,165,CI,C1,0.0,100,2,194C,Cont. Cos - 2%-New Sec-393(1)6(i)
1001,DIM00398AJ,MAHINDRA LOGISTICS LIMITED,27AAFCM2530H1ZO,2025-10-31,2610424824,3400816327,2026,3187742418,001,,0000,000,2025-10-29,2025-05-12,INR,262701090953,RE,H,-15223.02,-15223.02,MLL-OT-MAR-25,0016080001,,,2025-10-29,C005,12989,104,CI,C1,0.0,100,2,194C,Cont. Cos - 2%-New Sec-393(1)6(i)
1001,DIM00398AJ,MAHINDRA LOGISTICS LIMITED,27AAFCM2530H1ZO,2025-10-31,2610424824,3400820050,2026,3187742893,001,,0000,000,2025-10-29,2025-10-08,INR,262701427552,RE,H,-2470418.88,-2470418.88,Fixed Staff & GMI-Sept-25,0016080001,,,2025-10-29,C005,2107866,16863,CI,C1,0.0,100,2,194C,Cont. Cos - 2%-New Sec-393(1)6(i)
1001,DIM00398AJ,MAHINDRA LOGISTICS LIMITED,27AAFCM2530H1ZO,2025-10-31,2610424824,3400816327,2026,3187742704,001,,0000,000,2025-10-29,2025-05-12,INR,262701090925,RE,H,-31823.72,-31823.72,MLL-OT-MAR-25,0016080001,,,2025-10-29,C005,27154,218,CI,C1,0.0,100,2,194C,Cont. Cos - 2%-New Sec-393(1)6(i)
1001,DIM00398AJ,MAHINDRA LOGISTICS LIMITED,27AAFCM2530H1ZO,2025-10-31,2610424824,3400820050,2026,3187742778,001,,0000,000,2025-10-29,2025-10-08,INR,262701427589,RE,H,-134211.88,-134211.88,Fixed Staff & GMI-Sept-25,0016080001,,,2025-10-29,C005,114516,917,CI,C1,0.0,100,2,194C,Cont. Cos - 2%-New Sec-393(1)6(i)
1001,DIM00398AJ,MAHINDRA LOGISTICS LIMITED,27AAFCM2530H1ZO,2025-10-31,2610424824,3400820050,2026,3187743152,001,,0000,000,2025-10-29,2025-10-08,INR,262701427560,RE,H,-54650.58,-54650.58,Fixed Staff & GMI-Sept-25,0016080001,,,2025-10-29,C005,46631,374,CI,C1,0.0,100,2,194C,Cont. Cos - 2%-New Sec-393(1)6(i)
1001,DIM00398AJ,MAHINDRA LOGISTICS LIMITED,27AAFCM2530H1ZO,2025-10-31,2610424824,3400820050,2026,3187742907,001,,0000,000,2025-10-29,2025-10-08,INR,262701427598,RE,H,-49982.64,-49982.64,Fixed Staff & GMI-Sept-25,0016080001,,,2025-10-29,C005,42648,342,CI,C1,0.0,100,2,194C,Cont. Cos - 2%-New Sec-393(1)6(i)
1001,DIM00398AJ,MAHINDRA LOGISTICS LIMITED,27AAFCM2530H1ZO,2025-10-31,2610424824,3400816327,2026,3187742331,001,,0000,000,2025-10-29,2025-05-12,INR,262701090969,RE,H,-9938.4,-9938.4,MLL-OT-MAR-25,0016080001,,,2025-10-29,C005,8480,68,CI,C1,0.0,100,2,194C,Cont. Cos - 2%-New Sec-393(1)6(i)
1001,DIM00398AJ,MAHINDRA LOGISTICS LIMITED,27AAFCM2530H1ZO,2025-10-31,2610424824,3400816327,2026,3187742463,001,,0000,000,2025-10-29,2025-05-12,INR,262701090946,RE,H,-16237.9,-16237.9,MLL-OT-MAR-25,0016080001,,,2025-10-29,C005,13855,111,CI,C1,0.0,100,2,194C,Cont. Cos - 2%-New Sec-393(1)6(i)
1001,DIM00398AJ,MAHINDRA LOGISTICS LIMITED,27AAFCM2530H1ZO,2025-10-31,2610424824,3400820050,2026,3187742904,001,,0000,000,2025-10-29,2025-10-08,INR,262701427605,RE,H,-552262.52,-552262.52,Fixed Staff & GMI-Sept-25,0016080001,,,2025-10-29,C005,471214,3770,CI,C1,0.0,100,2,194C,Cont. Cos - 2%-New Sec-393(1)6(i)
1001,DIM00398AJ,MAHINDRA LOGISTICS LIMITED,27AAFCM2530H1ZO,2025-10-31,2610424824,3400820050,2026,3187743005,001,,0000,000,2025-10-29,2025-10-08,INR,262701427578,RE,H,-990907.12,-990907.12,Fixed Staff & GMI-Sept-25,0016080001,,,2025-10-29,C005,845484,6764,CI,C1,0.0,100,2,194C,Cont. Cos - 2%-New Sec-393(1)6(i)
1001,DIM00398AJ,MAHINDRA LOGISTICS LIMITED,27AAFCM2530H1ZO,2025-10-31,2610424824,3400816327,2026,3187742562,001,,0000,000,2025-10-29,2025-05-12,INR,262701090938,RE,H,-171518.46,-171518.46,MLL-OT-MAR-25,0016080001,,,2025-10-29,C005,146347,1171,CI,C1,0.0,100,2,194C,Cont. Cos - 2%-New Sec-393(1)6(i)
1001,DIM00398AJ,MAHINDRA LOGISTICS LIMITED,27AAFCM2530H1ZO,2025-10-31,2610424824,3400820050,2026,3187743131,001,,0000,000,2025-10-29,2025-10-08,INR,262701427556,RE,H,-424663.38,-424663.38,Fixed Staff & GMI-Sept-25,0016080001,,,2025-10-29,C005,362341,2899,CI,C1,0.0,100,2,194C,Cont. Cos - 2%-New Sec-393(1)6(i)
1001,DIM00398AJ,MAHINDRA LOGISTICS LIMITED,27AAFCM2530H1ZO,2025-10-31,2610424824,3400816327,2026,3187742399,001,,0000,000,2025-10-29,2025-05-12,INR,262701090958,RE,H,-19789.48,-19789.48,MLL-OT-MAR-25,0016080001,,,2025-10-29,C005,16886,136,CI,C1,0.0,100,2,194C,Cont. Cos - 2%-New Sec-393(1)6(i)
1001,DIM00398AJ,MAHINDRA LOGISTICS LIMITED,27AAFCM2530H1ZO,2025-10-31,2610424824,3400816327,2026,3187742475,001,,0000,000,2025-10-29,2025-05-12,INR,262701090945,RE,H,-4059.52,-4059.52,MLL-OT-MAR-25,0016080001,,,2025-10-29,C005,3464,28,CI,C1,0.0,100,2,194C,Cont. Cos - 2%-New Sec-393(1)6(i)
1001,DIM00398AJ,MAHINDRA LOGISTICS LIMITED,27AAFCM2530H1ZO,2025-10-31,2610424824,3400820050,2026,3187742915,001,,0000,000,2025-10-29,2025-10-08,INR,262701427587,RE,H,-1359143.22,-1359143.22,Fixed Staff & GMI-Sept-25,0016080001,,,2025-10-29,C005,1159679,9278,CI,C1,0.0,100,2,194C,Cont. Cos - 2%-New Sec-393(1)6(i)
1001,DIM00398AJ,MAHINDRA LOGISTICS LIMITED,27AAFCM2530H1ZO,2025-10-31,2610424824,3400816327,2026,3187742335,001,,0000,000,2025-10-29,2025-05-12,INR,262701090968,RE,H,-16237.9,-16237.9,MLL-OT-MAR-25,0016080001,,,2025-10-29,C005,13855,111,CI,C1,0.0,100,2,194C,Cont. Cos - 2%-New Sec-393(1)6(i)
1001,DIM00398AJ,MAHINDRA LOGISTICS LIMITED,27AAFCM2530H1ZO,2025-10-31,2610424824,3400820050,2026,3187742868,001,,0000,000,2025-10-29,2025-10-08,INR,262701427558,RE,H,-41515.14,-41515.14,Fixed Staff & GMI-Sept-25,0016080001,,,2025-10-29,C005,35423,284,CI,C1,0.0,100,2,194C,Cont. Cos - 2%-New Sec-393(1)6(i)
1001,DIM00398AJ,MAHINDRA LOGISTICS LIMITED,27AAFCM2530H1ZO,2025-10-31,2610424824,3400820050,2026,3187743076,001,,0000,000,2025-10-29,2025-10-08,INR,262701427551,RE,H,-450786.58,-450786.58,Fixed Staff & GMI-Sept-25,0016080001,,,2025-10-29,C005,384631,3078,CI,C1,0.0,100,2,194C,Cont. Cos - 2%-New Sec-393(1)6(i)
1001,DIM00398AJ,MAHINDRA LOGISTICS LIMITED,27AAFCM2530H1ZO,2025-10-31,2610424824,3400816327,2026,3187742369,001,,0000,000,2025-10-29,2025-05-12,INR,262701090961,RE,H,-12177.38,-12177.38,MLL-OT-MAR-25,0016080001,,,2025-10-29,C005,10391,84,CI,C1,0.0,100,2,194C,Cont. Cos - 2%-New Sec-393(1)6(i)
1001,DIM00398AJ,MAHINDRA LOGISTICS LIMITED,27AAFCM2530H1ZO,2025-10-31,2610424824,3400820050,2026,3187743012,001,,0000,000,2025-10-29,2025-10-08,INR,262701427597,RE,H,-41932.22,-41932.22,Fixed Staff & GMI-Sept-25,0016080001,,,2025-10-29,C005,35779,287,CI,C1,0.0,100,2,194C,Cont. Cos - 2%-New Sec-393(1)6(i)
1001,DIM00398AJ,MAHINDRA LOGISTICS LIMITED,27AAFCM2530H1ZO,2025-10-31,2610424824,3400820050,2026,3187743041,001,,0000,000,2025-10-29,2025-10-08,INR,262701427555,RE,H,-141482.42,-141482.42,Fixed Staff & GMI-Sept-25,0016080001,,,2025-10-29,C005,120719,966,CI,C1,0.0,100,2,194C,Cont. Cos - 2%-New Sec-393(1)6(i)
1001,DIM00398AJ,MAHINDRA LOGISTICS LIMITED,27AAFCM2530H1ZO,2025-10-31,2610424824,3400816327,2026,3187742532,001,,0000,000,2025-10-29,2025-05-12,INR,262701090941,RE,H,-20297.42,-20297.42,MLL-OT-MAR-25,0016080001,,,2025-10-29,C005,17319,139,CI,C1,0.0,100,2,194C,Cont. Cos - 2%-New Sec-393(1)6(i)
1001,DIM00398AJ,MAHINDRA LOGISTICS LIMITED,27AAFCM2530H1ZO,2025-10-31,2610424824,3400820050,2026,3187742954,001,,0000,000,2025-10-29,2025-10-08,INR,262701427603,RE,H,-81647.88,-81647.88,Fixed Staff & GMI-Sept-25,0016080001,,,2025-10-29,C005,69666,558,CI,C1,0.0,100,2,194C,Cont. Cos - 2%-New Sec-393(1)6(i)
1001,DIM00398AJ,MAHINDRA LOGISTICS LIMITED,27AAFCM2530H1ZO,2025-10-31,2610424824,3400820050,2026,3187742773,001,,0000,000,2025-10-29,2025-10-08,INR,262701427590,RE,H,-282006.6,-282006.6,Fixed Staff & GMI-Sept-25,0016080001,,,2025-10-29,C005,240620,1925,CI,C1,0.0,100,2,194C,Cont. Cos - 2%-New Sec-393(1)6(i)
1001,DIM00398AJ,MAHINDRA LOGISTICS LIMITED,27AAFCM2530H1ZO,2025-10-31,2610424824,3400816327,2026,3187742429,001,,0000,000,2025-10-29,2025-05-12,INR,262701090949,RE,H,-4059.52,-4059.52,MLL-OT-MAR-25,0016080001,,,2025-10-29,C005,3464,28,CI,C1,0.0,100,2,194C,Cont. Cos - 2%-New Sec-393(1)6(i)
1001,DIM00398AJ,MAHINDRA LOGISTICS LIMITED,27AAFCM2530H1ZO,2025-10-31,2610424824,3400816327,2026,3187742403,001,,0000,000,2025-10-29,2025-05-12,INR,262701090957,RE,H,-62415.08,-62415.08,MLL-OT-MAR-25,0016080001,,,2025-10-29,C005,53256,427,CI,C1,0.0,100,2,194C,Cont. Cos - 2%-New Sec-393(1)6(i)
1001,DIM00398AJ,MAHINDRA LOGISTICS LIMITED,27AAFCM2530H1ZO,2025-10-31,2610424824,3400816327,2026,3187742407,001,,0000,000,2025-10-29,2025-05-12,INR,262701090956,RE,H,-8119.04,-8119.04,MLL-OT-MAR-25,0016080001,,,2025-10-29,C005,6928,56,CI,C1,0.0,100,2,194C,Cont. Cos - 2%-New Sec-393(1)6(i)
1001,DIM00398AJ,MAHINDRA LOGISTICS LIMITED,27AAFCM2530H1ZO,2025-10-31,2610424824,3400820050,2026,3187743073,001,,0000,000,2025-10-29,2025-10-08,INR,262701427561,RE,H,-268587.78,-268587.78,Fixed Staff & GMI-Sept-25,0016080001,,,2025-10-29,C005,229171,1834,CI,C1,0.0,100,2,194C,Cont. Cos - 2%-New Sec-393(1)6(i)
1001,DIM00398AJ,MAHINDRA LOGISTICS LIMITED,27AAFCM2530H1ZO,2025-10-31,2610424824,3400820050,2026,3187742861,001,,0000,000,2025-10-29,2025-10-08,INR,262701427575,RE,H,-44983.94,-44983.94,Fixed Staff & GMI-Sept-25,0016080001,,,2025-10-29,C005,38383,308,CI,C1,0.0,100,2,194C,Cont. Cos - 2%-New Sec-393(1)6(i)
1001,DIM00398AJ,MAHINDRA LOGISTICS LIMITED,27AAFCM2530H1ZO,2025-10-31,2610424824,3400820050,2026,3187743090,001,,0000,000,2025-10-29,2025-10-08,INR,262701427574,RE,H,-273405.76,-273405.76,Fixed Staff & GMI-Sept-25,0016080001,,,2025-10-29,C005,233282,1867,CI,C1,0.0,100,2,194C,Cont. Cos - 2%-New Sec-393(1)6(i)
1001,DIM00398AJ,MAHINDRA LOGISTICS LIMITED,27AAFCM2530H1ZO,2025-10-31,2610424824,3400816327,2026,3187742324,001,,0000,000,2025-10-29,2025-05-12,INR,262701090939,RE,H,-20335.18,-20335.18,MLL-OT-MAR-25,0016080001,,,2025-10-29,C005,17351,139,CI,C1,0.0,100,2,194C,Cont. Cos - 2%-New Sec-393(1)6(i)
1001,DIM00398AJ,MAHINDRA LOGISTICS LIMITED,27AAFCM2530H1ZO,2025-10-31,2610424824,3400816327,2026,3187742409,001,,0000,000,2025-10-29,2025-05-12,INR,262701090955,RE,H,-68505.36,-68505.36,MLL-OT-MAR-25,0016080001,,,2025-10-29,C005,58452,468,CI,C1,0.0,100,2,194C,Cont. Cos - 2%-New Sec-393(1)6(i)
1001,DIM00398AJ,MAHINDRA LOGISTICS LIMITED,27AAFCM2530H1ZO,2025-10-31,2610424824,3400820050,2026,3187743122,001,,0000,000,2025-10-29,2025-10-08,INR,262701427565,RE,H,-314510.72,-314510.72,Fixed Staff & GMI-Sept-25,0016080001,,,2025-10-29,C005,268354,2147,CI,C1,0.0,100,2,194C,Cont. Cos - 2%-New Sec-393(1)6(i)
1001,DIM00398AJ,MAHINDRA LOGISTICS LIMITED,27AAFCM2530H1ZO,2025-10-31,2610424824,3400820050,2026,3187743134,001,,0000,000,2025-10-29,2025-10-08,INR,262701427601,RE,H,-49982.64,-49982.64,Fixed Staff & GMI-Sept-25,0016080001,,,2025-10-29,C005,42648,342,CI,C1,0.0,100,2,194C,Cont. Cos - 2%-New Sec-393(1)6(i)
1001,DIM00398AJ,MAHINDRA LOGISTICS LIMITED,27AAFCM2530H1ZO,2025-10-31,2610424824,3400820050,2026,3187743084,001,,0000,000,2025-10-29,2025-10-08,INR,262701427580,RE,H,-41515.14,-41515.14,Fixed Staff & GMI-Sept-25,0016080001,,,2025-10-29,C005,35423,284,CI,C1,0.0,100,2,194C,Cont. Cos - 2%-New Sec-393(1)6(i)
1001,DIM00398AJ,MAHINDRA LOGISTICS LIMITED,27AAFCM2530H1ZO,2025-10-31,2610424824,3400820050,2026,3187742761,001,,0000,000,2025-10-29,2025-10-08,INR,262701427583,RE,H,-99965.1,-99965.1,Fixed Staff & GMI-Sept-25,0016080001,,,2025-10-29,C005,85295,683,CI,C1,0.0,100,2,194C,Cont. Cos - 2%-New Sec-393(1)6(i)
1001,DIM00398AJ,MAHINDRA LOGISTICS LIMITED,27AAFCM2530H1ZO,2025-10-31,2610424824,3400816327,2026,3187742433,001,,0000,000,2025-10-29,2025-05-12,INR,262701090948,RE,H,-97937.7,-97937.7,MLL-OT-MAR-25,0016080001,,,2025-10-29,C005,83565,669,CI,C1,0.0,100,2,194C,Cont. Cos - 2%-New Sec-393(1)6(i)
1001,DIM00398AJ,MAHINDRA LOGISTICS LIMITED,27AAFCM2530H1ZO,2025-10-31,2610424824,3400820050,2026,3187742917,001,,0000,000,2025-10-29,2025-10-08,INR,262701427586,RE,H,-129543.94,-129543.94,Fixed Staff & GMI-Sept-25,0016080001,,,2025-10-29,C005,110533,885,CI,C1,0.0,100,2,194C,Cont. Cos - 2%-New Sec-393(1)6(i)
1001,DIM00398AJ,MAHINDRA LOGISTICS LIMITED,27AAFCM2530H1ZO,2025-10-31,2610424824,3400820050,2026,3187743146,001,,0000,000,2025-10-29,2025-10-08,INR,262701427593,RE,H,-720142.08,-720142.08,Fixed Staff & GMI-Sept-25,0016080001,,,2025-10-29,C005,614456,4916,CI,C1,0.0,100,2,194C,Cont. Cos - 2%-New Sec-393(1)6(i)
1001,DIM00398AJ,MAHINDRA LOGISTICS LIMITED,27AAFCM2530H1ZO,2025-10-31,2610424824,3400816327,2026,3187742543,001,,0000,000,2025-10-29,2025-05-12,INR,262701090940,RE,H,-127877.98,-127877.98,MLL-OT-MAR-25,0016080001,,,2025-10-29,C005,109111,873,CI,C1,0.0,100,2,194C,Cont. Cos - 2%-New Sec-393(1)6(i)
1001,DIM00398AJ,MAHINDRA LOGISTICS LIMITED,27AAFCM2530H1ZO,2025-10-31,2610424824,3400804221,2026,3187744247,001,,0000,000,2025-10-29,2025-05-12,INR,262701092777,RE,H,-587270.12,-587270.12,Driver Shifting Charges-APR-25,0016080001,,,2025-10-29,C005,501084,4009,CI,C1,0.0,100,2,194C,Cont. Cos - 2%-New Sec-393(1)6(i)
1001,DIM00398AJ,MAHINDRA LOGISTICS LIMITED,27AAFCM2530H1ZO,2025-10-31,2610424824,3400820050,2026,3187743027,001,,0000,000,2025-10-29,2025-10-08,INR,262701427581,RE,H,-301637.6,-301637.6,Fixed Staff & GMI-Sept-25,0016080001,,,2025-10-29,C005,257370,2059,CI,C1,0.0,100,2,194C,Cont. Cos - 2%-New Sec-393(1)6(i)
1001,DIM00398AJ,MAHINDRA LOGISTICS LIMITED,27AAFCM2530H1ZO,2025-10-31,2610424824,3400820050,2026,3187743099,001,,0000,000,2025-10-29,2025-10-08,INR,262701427564,RE,H,-289526.66,-289526.66,Fixed Staff & GMI-Sept-25,0016080001,,,2025-10-29,C005,247037,1977,CI,C1,0.0,100,2,194C,Cont. Cos - 2%-New Sec-393(1)6(i)
1001,DIM00398AJ,MAHINDRA LOGISTICS LIMITED,27AAFCM2530H1ZO,2025-10-31,2610424824,3400816327,2026,3187742669,001,,0000,000,2025-10-29,2025-05-12,INR,262701090930,RE,H,-40048.96,-40048.96,MLL-OT-MAR-25,0016080001,,,2025-10-29,C005,34172,274,CI,C1,0.0,100,2,194C,Cont. Cos - 2%-New Sec-393(1)6(i)
1001,DIM00398AJ,MAHINDRA LOGISTICS LIMITED,27AAFCM2530H1ZO,2025-10-31,2610424824,3400820050,2026,3187743024,001,,0000,000,2025-10-29,2025-10-08,INR,262701427579,RE,H,-348837.92,-348837.92,Fixed Staff & GMI-Sept-25,0016080001,,,2025-10-29,C005,297644,2382,CI,C1,0.0,100,2,194C,Cont. Cos - 2%-New Sec-393(1)6(i)
1001,DIM00398AJ,MAHINDRA LOGISTICS LIMITED,27AAFCM2530H1ZO,2025-10-31,2610424824,3400820050,2026,3187742785,001,,0000,000,2025-10-29,2025-10-08,INR,262701427585,RE,H,-221464.34,-221464.34,Fixed Staff & GMI-Sept-25,0016080001,,,2025-10-29,C005,188963,1512,CI,C1,0.0,100,2,194C,Cont. Cos - 2%-New Sec-393(1)6(i)
1001,DIM00398AJ,MAHINDRA LOGISTICS LIMITED,27AAFCM2530H1ZO,2025-10-31,2610424824,3400816327,2026,3187742351,001,,0000,000,2025-10-29,2025-05-12,INR,262701090965,RE,H,-4059.52,-4059.52,MLL-OT-MAR-25,0016080001,,,2025-10-29,C005,3464,28,CI,C1,0.0,100,2,194C,Cont. Cos - 2%-New Sec-393(1)6(i)
1001,DIM00398AJ,MAHINDRA LOGISTICS LIMITED,27AAFCM2530H1ZO,2025-10-31,2610424824,3400816327,2026,3187742507,001,,0000,000,2025-10-29,2025-05-12,INR,262701090943,RE,H,-19282.54,-19282.54,MLL-OT-MAR-25,0016080001,,,2025-10-29,C005,16453,132,CI,C1,0.0,100,2,194C,Cont. Cos - 2%-New Sec-393(1)6(i)
1001,DIM00398AJ,MAHINDRA LOGISTICS LIMITED,27AAFCM2530H1ZO,2025-10-31,2610424824,3400816327,2026,3187742578,001,,0000,000,2025-10-29,2025-05-12,INR,262701090937,RE,H,-185726.6,-185726.6,MLL-OT-MAR-25,0016080001,,,2025-10-29,C005,158470,1268,CI,C1,0.0,100,2,194C,Cont. Cos - 2%-New Sec-393(1)6(i)
1001,DIM00398AJ,MAHINDRA LOGISTICS LIMITED,27AAFCM2530H1ZO,2025-10-31,2610424824,3400820050,2026,3187742768,001,,0000,000,2025-10-29,2025-10-08,INR,262701427573,RE,H,-262243.44,-262243.44,Fixed Staff & GMI-Sept-25,0016080001,,,2025-10-29,C005,223758,1791,CI,C1,0.0,100,2,194C,Cont. Cos - 2%-New Sec-393(1)6(i)
1001,DIM00398AJ,MAHINDRA LOGISTICS LIMITED,27AAFCM2530H1ZO,2025-10-31,2610424824,3400816327,2026,3187742690,001,,0000,000,2025-10-29,2025-05-12,INR,262701090927,RE,H,-67111.34,-67111.34,MLL-OT-MAR-25,0016080001,,,2025-10-29,C005,57263,459,CI,C1,0.0,100,2,194C,Cont. Cos - 2%-New Sec-393(1)6(i)
1001,DIM00398AJ,MAHINDRA LOGISTICS LIMITED,27AAFCM2530H1ZO,2025-10-31,2610424824,3400816327,2026,3187742448,001,,0000,000,2025-10-29,2025-05-12,INR,262701090947,RE,H,-14208.14,-14208.14,MLL-OT-MAR-25,0016080001,,,2025-10-29,C005,12123,97,CI,C1,0.0,100,2,194C,Cont. Cos - 2%-New Sec-393(1)6(i)
1001,DIM00398AJ,MAHINDRA LOGISTICS LIMITED,27AAFCM2530H1ZO,2025-10-31,2610424824,3400820050,2026,3187743105,001,,0000,000,2025-10-29,2025-10-08,INR,262701427562,RE,H,-218604.14,-218604.14,Fixed Staff & GMI-Sept-25,0016080001,,,2025-10-29,C005,186523,1493,CI,C1,0.0,100,2,194C,Cont. Cos - 2%-New Sec-393(1)6(i)
1001,DIM00398AJ,MAHINDRA LOGISTICS LIMITED,27AAFCM2530H1ZO,2025-10-31,2610424824,3400820050,2026,3187743096,001,,0000,000,2025-10-29,2025-10-08,INR,262701427572,RE,H,-579513.88,-579513.88,Fixed Staff & GMI-Sept-25,0016080001,,,2025-10-29,C005,494466,3956,CI,C1,0.0,100,2,194C,Cont. Cos - 2%-New Sec-393(1)6(i)
1001,DIM00398AJ,MAHINDRA LOGISTICS LIMITED,27AAFCM2530H1ZO,2025-10-31,2610424824,3400816327,2026,3187743279,001,,0000,000,2025-10-29,2025-05-12,INR,262701090929,RE,H,-12338.04,-12338.04,MLL-OT-FEB-25,0016080001,,,2025-10-29,C005,10528,85,CI,C1,0.0,100,2,194C,Cont. Cos - 2%-New Sec-393(1)6(i)
1001,DIM00398AJ,MAHINDRA LOGISTICS LIMITED,27AAFCM2530H1ZO,2025-10-31,2610424824,3400820050,2026,3187743108,001,,0000,000,2025-10-29,2025-10-08,INR,262701427569,RE,H,-54650.58,-54650.58,Fixed Staff & GMI-Sept-25,0016080001,,,2025-10-29,C005,46631,374,CI,C1,0.0,100,2,194C,Cont. Cos - 2%-New Sec-393(1)6(i)
1001,DIM00398AJ,MAHINDRA LOGISTICS LIMITED,27AAFCM2530H1ZO,2025-10-31,2610424824,3400820050,2026,3187743137,001,,0000,000,2025-10-29,2025-10-08,INR,262701427602,RE,H,-54650.58,-54650.58,Fixed Staff & GMI-Sept-25,0016080001,,,2025-10-29,C005,46631,374,CI,C1,0.0,100,2,194C,Cont. Cos - 2%-New Sec-393(1)6(i)
1001,DIM00398AJ,MAHINDRA LOGISTICS LIMITED,27AAFCM2530H1ZO,2025-10-31,2610424824,3400816327,2026,3187742360,001,,0000,000,2025-10-29,2025-05-12,INR,262701090963,RE,H,-131429.56,-131429.56,MLL-OT-MAR-25,0016080001,,,2025-10-29,C005,112142,898,CI,C1,0.0,100,2,194C,Cont. Cos - 2%-New Sec-393(1)6(i)
1001,DIM00398AJ,MAHINDRA LOGISTICS LIMITED,27AAFCM2530H1ZO,2025-10-31,2610424824,3400820050,2026,3187742872,001,,0000,000,2025-10-29,2025-10-08,INR,262701427568,RE,H,-368219.58,-368219.58,Fixed Staff & GMI-Sept-25,0016080001,,,2025-10-29,C005,314181,2514,CI,C1,0.0,100,2,194C,Cont. Cos - 2%-New Sec-393(1)6(i)
1001,DIM00398AJ,MAHINDRA LOGISTICS LIMITED,27AAFCM2530H1ZO,2025-10-31,2610424824,3400816327,2026,3187742492,001,,0000,000,2025-10-29,2025-05-12,INR,262701090944,RE,H,-44096.5,-44096.5,MLL-OT-MAR-25,0016080001,,,2025-10-29,C005,37625,301,CI,C1,0.0,100,2,194C,Cont. Cos - 2%-New Sec-393(1)6(i)
1001,DIM00398AJ,MAHINDRA LOGISTICS LIMITED,27AAFCM2530H1ZO,2025-10-31,2610424824,3400820050,2026,3187743127,001,,0000,000,2025-10-29,2025-10-08,INR,262701427604,RE,H,-129543.94,-129543.94,Fixed Staff & GMI-Sept-25,0016080001,,,2025-10-29,C005,110533,885,CI,C1,0.0,100,2,194C,Cont. Cos - 2%-New Sec-393(1)6(i)
1001,DIM00398AJ,MAHINDRA LOGISTICS LIMITED,27AAFCM2530H1ZO,2025-10-31,2610424824,3400820050,2026,3187742788,001,,0000,000,2025-10-29,2025-10-08,INR,262701427576,RE,H,-1336413.3,-1336413.3,Fixed Staff & GMI-Sept-25,0016080001,,,2025-10-29,C005,1140285,9123,CI,C1,0.0,100,2,194C,Cont. Cos - 2%-New Sec-393(1)6(i)
1001,DIM00398AJ,MAHINDRA LOGISTICS LIMITED,27AAFCM2530H1ZO,2025-10-31,2610424824,3400816327,2026,3187742345,001,,0000,000,2025-10-29,2025-05-12,INR,262701090966,RE,H,-4059.52,-4059.52,MLL-OT-MAR-25,0016080001,,,2025-10-29,C005,3464,28,CI,C1,0.0,100,2,194C,Cont. Cos - 2%-New Sec-393(1)6(i)
1001,DIM00398AJ,MAHINDRA LOGISTICS LIMITED,27AAFCM2530H1ZO,2025-10-31,2610424824,3400820050,2026,3187742909,001,,0000,000,2025-10-29,2025-10-08,INR,262701427588,RE,H,-54650.58,-54650.58,Fixed Staff & GMI-Sept-25,0016080001,,,2025-10-29,C005,46631,374,CI,C1,0.0,100,2,194C,Cont. Cos - 2%-New Sec-393(1)6(i)
1001,DIM00398AJ,MAHINDRA LOGISTICS LIMITED,27AAFCM2530H1ZO,2025-10-31,2610424824,3400816327,2026,3187742696,001,,0000,000,2025-10-29,2025-05-12,INR,262701090926,RE,H,-8927.06,-8927.06,MLL-OT-MAR-25,0016080001,,,2025-10-29,C005,7617,61,CI,C1,0.0,100,2,194C,Cont. Cos - 2%-New Sec-393(1)6(i)
1001,DIM00398AJ,MAHINDRA LOGISTICS LIMITED,27AAFCM2530H1ZO,2025-10-31,2610424824,3400816327,2026,3187742382,001,,0000,000,2025-10-29,2025-05-12,INR,262701090960,RE,H,-17252.78,-17252.78,MLL-OT-MAR-25,0016080001,,,2025-10-29,C005,14721,118,CI,C1,0.0,100,2,194C,Cont. Cos - 2%-New Sec-393(1)6(i)
1001,DIM00398AJ,MAHINDRA LOGISTICS LIMITED,27AAFCM2530H1ZO,2025-10-31,2610424824,3400816327,2026,3187742519,001,,0000,000,2025-10-29,2025-05-12,INR,262701090942,RE,H,-22835.12,-22835.12,MLL-OT-MAR-25,0016080001,,,2025-10-29,C005,19484,156,CI,C1,0.0,100,2,194C,Cont. Cos - 2%-New Sec-393(1)6(i)
1001,DIM00398AJ,MAHINDRA LOGISTICS LIMITED,27AAFCM2530H1ZO,2025-10-31,2610424824,3400820050,2026,3187742900,001,,0000,000,2025-10-29,2025-10-08,INR,262701427571,RE,H,-538713.72,-538713.72,Fixed Staff & GMI-Sept-25,0016080001,,,2025-10-29,C005,459654,3678,CI,C1,0.0,100,2,194C,Cont. Cos - 2%-New Sec-393(1)6(i)
1001,DIM00398AJ,MAHINDRA LOGISTICS LIMITED,27AAFCM2530H1ZO,2025-10-31,2610424824,3400816327,2026,3187742424,001,,0000,000,2025-10-29,2025-05-12,INR,262701090950,RE,H,-103520.04,-103520.04,MLL-OT-MAR-25,0016080001,,,2025-10-29,C005,88328,707,CI,C1,0.0,100,2,194C,Cont. Cos - 2%-New Sec-393(1)6(i)
1001,DIM00398AJ,MAHINDRA LOGISTICS LIMITED,27AAFCM2530H1ZO,2025-10-31,2610424824,3400820050,2026,3187743119,001,,0000,000,2025-10-29,2025-10-08,INR,262701427559,RE,H,-1034255.78,-1034255.78,Fixed Staff & GMI-Sept-25,0016080001,,,2025-10-29,C005,882471,7060,CI,C1,0.0,100,2,194C,Cont. Cos - 2%-New Sec-393(1)6(i)
1001,DIM00398AJ,MAHINDRA LOGISTICS LIMITED,27AAFCM2530H1ZO,2025-10-31,2610424824,3400820050,2026,3187743145,001,,0000,000,2025-10-29,2025-10-08,INR,262701427592,RE,H,-183466.56,-183466.56,Fixed Staff & GMI-Sept-25,0016080001,,,2025-10-29,C005,156542,1253,CI,C1,0.0,100,2,194C,Cont. Cos - 2%-New Sec-393(1)6(i)
1001,DIM00398AJ,MAHINDRA LOGISTICS LIMITED,27AAFCM2530H1ZO,2025-10-31,2610424824,3400816327,2026,3187742393,001,,0000,000,2025-10-29,2025-05-12,INR,262701090959,RE,H,-20297.42,-20297.42,MLL-OT-MAR-25,0016080001,,,2025-10-29,C005,17319,139,CI,C1,0.0,100,2,194C,Cont. Cos - 2%-New Sec-393(1)6(i)
1001,DIM00398AJ,MAHINDRA LOGISTICS LIMITED,27AAFCM2530H1ZO,2025-10-31,2610424824,3400816327,2026,3187742684,001,,0000,000,2025-10-29,2025-05-12,INR,262701090928,RE,H,-62084.14,-62084.14,MLL-OT-MAR-25,0016080001,,,2025-10-29,C005,52973,424,CI,C1,0.0,100,2,194C,Cont. Cos - 2%-New Sec-393(1)6(i)
1001,DIM00398AJ,MAHINDRA LOGISTICS LIMITED,27AAFCM2530H1ZO,2025-10-31,2610424824,3400816327,2026,3187742708,001,,0000,000,2025-10-29,2025-05-12,INR,262701090924,RE,H,-278662.06,-278662.06,MLL-OT-MAR-25,0016080001,,,2025-10-29,C005,237767,1903,CI,C1,0.0,100,2,194C,Cont. Cos - 2%-New Sec-393(1)6(i)
1001,DIM00398AJ,MAHINDRA LOGISTICS LIMITED,27AAFCM2530H1ZO,2025-10-31,2610424824,3400816327,2026,3187742421,001,,0000,000,2025-10-29,2025-05-12,INR,262701090951,RE,H,-18267.66,-18267.66,MLL-OT-MAR-25,0016080001,,,2025-10-29,C005,15587,125,CI,C1,0.0,100,2,194C,Cont. Cos - 2%-New Sec-393(1)6(i)
1001,DIM00398AJ,MAHINDRA LOGISTICS LIMITED,27AAFCM2530H1ZO,2025-10-31,2610424824,3400816327,2026,3187742412,001,,0000,000,2025-10-29,2025-05-12,INR,262701090954,RE,H,-16237.9,-16237.9,MLL-OT-MAR-25,0016080001,,,2025-10-29,C005,13855,111,CI,C1,0.0,100,2,194C,Cont. Cos - 2%-New Sec-393(1)6(i)
1001,DIM00398AJ,MAHINDRA LOGISTICS LIMITED,27AAFCM2530H1ZO,2025-10-31,2610424824,3400816327,2026,3187742363,001,,0000,000,2025-10-29,2025-05-12,INR,262701090962,RE,H,-4059.52,-4059.52,MLL-OT-MAR-25,0016080001,,,2025-10-29,C005,3464,28,CI,C1,0.0,100,2,194C,Cont. Cos - 2%-New Sec-393(1)6(i)
1001,DIM00398AJ,MAHINDRA LOGISTICS LIMITED,27AAFCM2530H1ZO,2025-10-31,2610424824,3400820050,2026,3187742926,001,,0000,000,2025-10-29,2025-10-08,INR,262701427577,RE,H,-188961.4,-188961.4,Fixed Staff & GMI-Sept-25,0016080001,,,2025-10-29,C005,161230,1290,CI,C1,0.0,100,2,194C,Cont. Cos - 2%-New Sec-393(1)6(i)
1001,DIM00398AJ,MAHINDRA LOGISTICS LIMITED,27AAFCM2530H1ZO,2025-10-31,2610424824,3400816327,2026,3187742419,001,,0000,000,2025-10-29,2025-05-12,INR,262701090952,RE,H,-30447.22,-30447.22,MLL-OT-MAR-25,0016080001,,,2025-10-29,C005,25979,208,CI,C1,0.0,100,2,194C,Cont. Cos - 2%-New Sec-393(1)6(i)
1001,DIM00398AJ,MAHINDRA LOGISTICS LIMITED,27AAFCM2530H1ZO,2025-10-31,2610424824,3400820050,2026,3187742759,001,,0000,000,2025-10-29,2025-10-08,INR,262701427596,RE,H,-1823821.16,-1823821.16,Fixed Staff & GMI-Sept-25,0016080001,,,2025-10-29,C005,1556162,12450,CI,C1,0.0,100,2,194C,Cont. Cos - 2%-New Sec-393(1)6(i)
1001,DIM00398AJ,MAHINDRA LOGISTICS LIMITED,27AAFCM2530H1ZO,2025-10-31,2610424824,3400820050,2026,3187742752,001,,0000,000,2025-10-29,2025-10-08,INR,262701427606,RE,H,-202173.72,-202173.72,Fixed Staff & GMI-Sept-25,0016080001,,,2025-10-29,C005,172504,1381,CI,C1,0.0,100,2,194C,Cont. Cos - 2%-New Sec-393(1)6(i)
1001,DIM00398AJ,MAHINDRA LOGISTICS LIMITED,27AAFCM2530H1ZO,2025-10-31,2610424824,3400820050,2026,3187743130,001,,0000,000,2025-10-29,2025-10-08,INR,262701427567,RE,H,-94783.14,-94783.14,Fixed Staff & GMI-Sept-25,0016080001,,,2025-10-29,C005,80873,647,CI,C1,0.0,100,2,194C,Cont. Cos - 2%-New Sec-393(1)6(i)
1001,DIM00398AJ,MAHINDRA LOGISTICS LIMITED,27AAFCM2530H1ZO,2025-10-31,2610424824,3400820050,2026,3187743291,001,,0000,000,2025-10-29,2025-10-17,INR,262701453283,RE,H,-4161065.64,-4161065.64,Fixed Staff & GMI-Sept-25,0016080001,,,2025-10-29,C005,3550398,28404,CI,C1,0.0,100,2,194C,Cont. Cos - 2%-New Sec-393(1)6(i)
1001,DIM00398AJ,MAHINDRA LOGISTICS LIMITED,27AAFCM2530H1ZO,2025-10-31,2610424824,3400804221,2026,3187744250,001,,0000,000,2025-10-29,2025-06-11,INR,262701160725,RE,H,-628656.46,-628656.46,Driver Shifting Charges-MAY-25,0016080001,,,2025-10-29,C005,536397,4292,CI,C1,0.0,100,2,194C,Cont. Cos - 2%-New Sec-393(1)6(i)
1001,DIM00398AJ,MAHINDRA LOGISTICS LIMITED,27AAFCM2530H1ZO,2025-10-31,2610424824,3400820050,2026,3187743017,001,,0000,000,2025-10-29,2025-10-08,INR,262701427584,RE,H,-629531.92,-629531.92,Fixed Staff & GMI-Sept-25,0016080001,,,2025-10-29,C005,537144,4298,CI,C1,0.0,100,2,194C,Cont. Cos - 2%-New Sec-393(1)6(i)
1001,DIM00398AJ,MAHINDRA LOGISTICS LIMITED,27AAFCM2530H1ZO,2025-10-31,2610424824,3400820050,2026,3187743113,001,,0000,000,2025-10-29,2025-10-08,INR,262701427566,RE,H,-150896.36,-150896.36,Fixed Staff & GMI-Sept-25,0016080001,,,2025-10-29,C005,128752,1031,CI,C1,0.0,100,2,194C,Cont. Cos - 2%-New Sec-393(1)6(i)
1001,DIM00398AJ,MAHINDRA LOGISTICS LIMITED,27AAFCM2530H1ZO,2025-10-31,2610424824,3400816327,2026,3187742664,001,,0000,000,2025-10-29,2025-05-12,INR,262701090931,RE,H,-2029.76,-2029.76,MLL-OT-MAR-25,0016080001,,,2025-10-29,C005,1732,14,CI,C1,0.0,100,2,194C,Cont. Cos - 2%-New Sec-393(1)6(i)
1001,DIM00398AJ,MAHINDRA LOGISTICS LIMITED,27AAFCM2530H1ZO,2025-10-31,2610424824,3400820050,2026,3187743079,001,,0000,000,2025-10-29,2025-10-08,INR,262701427563,RE,H,-355032.22,-355032.22,Fixed Staff & GMI-Sept-25,0016080001,,,2025-10-29,C005,302929,2424,CI,C1,0.0,100,2,194C,Cont. Cos - 2%-New Sec-393(1)6(i)
1001,DIM00398AJ,MAHINDRA LOGISTICS LIMITED,27AAFCM2530H1ZO,2025-10-31,2610424824,3400816327,2026,3187742340,001,,0000,000,2025-10-29,2025-05-12,INR,262701090967,RE,H,-4059.52,-4059.52,MLL-OT-MAR-25,0016080001,,,2025-10-29,C005,3464,28,CI,C1,0.0,100,2,194C,Cont. Cos - 2%-New Sec-393(1)6(i)
1001,DIM00398AJ,MAHINDRA LOGISTICS LIMITED,27AAFCM2530H1ZO,2025-10-31,2610424824,3400816327,2026,3187742607,001,,0000,000,2025-10-29,2025-05-12,INR,262701090932,RE,H,-297571.18,-297571.18,MLL-OT-MAR-25,0016080001,,,2025-10-29,C005,253901,2032,CI,C1,0.0,100,2,194C,Cont. Cos - 2%-New Sec-393(1)6(i)
1001,DIM00398AJ,MAHINDRA LOGISTICS LIMITED,27AAFCM2530H1ZO,2025-10-29,2610416792,,2026,2610416792,001,,0000,000,2025-10-29,2025-10-29,INR,,KZ,S,363133.56,363133.56,,0016080001,,,2025-10-29,,309842,0,,,,,,,
1001,DIM00398AJ,MAHINDRA LOGISTICS LIMITED,27AAFCM2530H1ZO,2025-10-31,2610424824,3400816327,2026,3187742591,001,,0000,000,2025-10-29,2025-05-12,INR,262701090934,RE,H,-67948.86,-67948.86,MLL-OT-MAR-25,0016080001,,,2025-10-29,C005,57977,464,CI,C1,0.0,100,2,194C,Cont. Cos - 2%-New Sec-393(1)6(i)
1001,DIM00398AJ,MAHINDRA LOGISTICS LIMITED,27AAFCM2530H1ZO,2025-10-31,2610424824,3400820050,2026,3187742766,001,,0000,000,2025-10-29,2025-10-08,INR,262701427582,RE,H,-361206.46,-361206.46,Fixed Staff & GMI-Sept-25,0016080001,,,2025-10-29,C005,308197,2466,CI,C1,0.0,100,2,194C,Cont. Cos - 2%-New Sec-393(1)6(i)
1001,DIM00398AJ,MAHINDRA LOGISTICS LIMITED,27AAFCM2530H1ZO,2025-10-31,2610424824,3400820050,2026,3187743141,001,,0000,000,2025-10-29,2025-10-08,INR,262701427553,RE,H,-353289.56,-353289.56,Fixed Staff & GMI-Sept-25,0016080001,,,2025-10-29,C005,301442,2412,CI,C1,0.0,100,2,194C,Cont. Cos - 2%-New Sec-393(1)6(i)
1001,DIM00398AJ,MAHINDRA LOGISTICS LIMITED,27AAFCM2530H1ZO,2025-10-31,2610424824,3400820050,2026,3187743101,001,,0000,000,2025-10-29,2025-10-08,INR,262701427554,RE,H,-48243.52,-48243.52,Fixed Staff & GMI-Sept-25,0016080001,,,2025-10-29,C005,41164,330,CI,C1,0.0,100,2,194C,Cont. Cos - 2%-New Sec-393(1)6(i)
1001,DIM00398AJ,MAHINDRA LOGISTICS LIMITED,27AAFCM2530H1ZO,2025-10-31,2610424824,3400815128,2026,3187819019,001,,0000,000,2025-10-31,2025-09-10,INR,262701361220,RE,H,-151134,-151134,Fixed Staff & GMI-AUG-25,0016060001,,,2025-10-31,C005,128954.1,1032,,,,,,,
1001,DIM00398AJ,MAHINDRA LOGISTICS LIMITED,27AAFCM2530H1ZO,2025-10-31,2610424824,3400809845,2026,3187818953,001,,0000,000,2025-10-31,2025-07-23,INR,262701251837,RE,H,-90252.44,-90252.44,Oth Employment & labour supply services,0016080001,,,2025-10-31,C005,77008,617,CI,C1,0.0,100,2,194C,Cont. Cos - 2%-New Sec-393(1)6(i)
1001,DIM00398AJ,MAHINDRA LOGISTICS LIMITED,27AAFCM2530H1ZO,2025-10-31,2610424824,3400809845,2026,3187818941,001,,0000,000,2025-10-31,2025-07-23,INR,262701251786,RE,H,-124807.38,-124807.38,Fixed Staff & GMI-JUN-25,0016080001,,,2025-10-31,C005,106491,852,CI,C1,0.0,100,2,194C,Cont. Cos - 2%-New Sec-393(1)6(i)
1001,DIM00398AJ,MAHINDRA LOGISTICS LIMITED,27AAFCM2530H1ZO,2025-10-31,2610424824,3400815128,2026,3187819045,001,,0000,000,2025-10-31,2025-09-10,INR,262701361246,RE,H,-164169,-164169,Fixed Staff & GMI-AUG-25,0016060001,,,2025-10-31,C005,140076.14,1121,,,,,,,
1001,DIM00398AJ,MAHINDRA LOGISTICS LIMITED,27AAFCM2530H1ZO,2025-10-31,2610424824,3400812933,2026,3187818966,001,,0000,000,2025-10-31,2025-08-29,INR,262701338059,RE,H,-39168.78,-39168.78,Fixed Staff & GMI-JULY-25,0016080001,,,2025-10-31,C005,33421,268,CI,C1,0.0,100,2,194C,Cont. Cos - 2%-New Sec-393(1)6(i)
1001,DIM00398AJ,MAHINDRA LOGISTICS LIMITED,27AAFCM2530H1ZO,2025-10-31,2610424824,3400820050,2026,3187818913,001,,0000,000,2025-10-31,2025-10-17,INR,262701453286,RE,H,-2307043.06,-2307043.06,Fixed Staff & GMI-Sept-25,0016080001,,,2025-10-31,C005,1968467,15748,CI,C1,0.0,100,2,194C,Cont. Cos - 2%-New Sec-393(1)6(i)
1001,DIM00398AJ,MAHINDRA LOGISTICS LIMITED,27AAFCM2530H1ZO,2025-10-31,2610424824,3400809845,2026,3187818947,001,,0000,000,2025-10-31,2025-07-23,INR,262701251823,RE,H,-191514.62,-191514.62,Fixed Staff & GMI-JUN-25,0016080001,,,2025-10-31,C005,163409,1308,CI,C1,0.0,100,2,194C,Cont. Cos - 2%-New Sec-393(1)6(i)
1001,DIM00398AJ,MAHINDRA LOGISTICS LIMITED,27AAFCM2530H1ZO,2025-10-31,2610424824,3400815128,2026,3187818997,001,,0000,000,2025-10-31,2025-09-10,INR,262701361214,RE,H,-71004,-71004,Fixed Staff & GMI-AUG-25,0016060001,,,2025-10-31,C005,60583.88,485,,,,,,,
1001,DIM00398AJ,MAHINDRA LOGISTICS LIMITED,27AAFCM2530H1ZO,2025-10-31,2610424824,3400812933,2026,3187818962,001,,0000,000,2025-10-31,2025-08-24,INR,262701329838,RE,H,-162428.38,-162428.38,Fixed Staff & GMI-JULY-25,0016080001,,,2025-10-31,C005,138591,1109,CI,C1,0.0,100,2,194C,Cont. Cos - 2%-New Sec-393(1)6(i)
1001,DIM00398AJ,MAHINDRA LOGISTICS LIMITED,27AAFCM2530H1ZO,2025-10-31,2610424824,3400809845,2026,3187818936,001,,0000,000,2025-10-31,2025-07-23,INR,262701251783,RE,H,-80956.68,-80956.68,Fixed Staff & GMI-JUN-25,0016080001,,,2025-10-31,C005,69076,553,CI,C1,0.0,100,2,194C,Cont. Cos - 2%-New Sec-393(1)6(i)
1001,DIM00398AJ,MAHINDRA LOGISTICS LIMITED,27AAFCM2530H1ZO,2025-10-31,2610424824,3400812933,2026,3187818978,001,,0000,000,2025-10-31,2025-08-29,INR,262701338087,RE,H,-4313358.2,-4313358.2,Fixed Staff & GMI-JULY-25,0016080001,,,2025-10-31,C005,3680340,29443,CI,C1,0.0,100,2,194C,Cont. Cos - 2%-New Sec-393(1)6(i)
1001,DIM00398AJ,MAHINDRA LOGISTICS LIMITED,27AAFCM2530H1ZO,2025-10-31,2610424824,3400815128,2026,3187819002,001,,0000,000,2025-10-31,2025-09-10,INR,262701361218,RE,H,-282369,-282369,Fixed Staff & GMI-AUG-25,0016060001,,,2025-10-31,C005,240929.6,1928,,,,,,,
1001,DIM00398AJ,MAHINDRA LOGISTICS LIMITED,27AAFCM2530H1ZO,2025-10-31,2610424824,3400809845,2026,3187818945,001,,0000,000,2025-10-31,2025-07-23,INR,262701251819,RE,H,-79560.3,-79560.3,Fixed Staff & GMI-JUN-25,0016080001,,,2025-10-31,C005,67885,544,CI,C1,0.0,100,2,194C,Cont. Cos - 2%-New Sec-393(1)6(i)
1001,DIM00398AJ,MAHINDRA LOGISTICS LIMITED,27AAFCM2530H1ZO,2025-10-31,2610424824,3400809845,2026,3187818951,001,,0000,000,2025-10-31,2025-07-23,INR,262701251830,RE,H,-83858.36,-83858.36,Fixed Staff & GMI-JUN-25,0016080001,,,2025-10-31,C005,71552,573,CI,C1,0.0,100,2,194C,Cont. Cos - 2%-New Sec-393(1)6(i)
1001,DIM00398AJ,MAHINDRA LOGISTICS LIMITED,27AAFCM2530H1ZO,2025-10-31,2610424824,3400820050,2026,3187818911,001,,0000,000,2025-10-31,2025-10-17,INR,262701453289,RE,H,-4347354.46,-4347354.46,Fixed Staff & GMI-Sept-25,0016080001,,,2025-10-31,C005,3709347,29675,CI,C1,0.0,100,2,194C,Cont. Cos - 2%-New Sec-393(1)6(i)
1001,DIM00398AJ,MAHINDRA LOGISTICS LIMITED,27AAFCM2530H1ZO,2025-10-31,2610424824,3400820050,2026,3187818920,001,,0000,000,2025-10-31,2025-10-17,INR,262701453284,RE,H,-3860182.96,-3860182.96,Fixed Staff & GMI-Sept-25,0016080001,,,2025-10-31,C005,3293672,26350,CI,C1,0.0,100,2,194C,Cont. Cos - 2%-New Sec-393(1)6(i)
1001,DIM00398AJ,MAHINDRA LOGISTICS LIMITED,27AAFCM2530H1ZO,2025-10-31,2610424824,3400812933,2026,3187818968,001,,0000,000,2025-10-31,2025-08-29,INR,262701338064,RE,H,-1209.94,-1209.94,Fixed Staff & GMI-JULY-25,0016080001,,,2025-10-31,C005,1033,9,CI,C1,0.0,100,2,194C,Cont. Cos - 2%-New Sec-393(1)6(i)
1001,DIM00398AJ,MAHINDRA LOGISTICS LIMITED,27AAFCM2530H1ZO,2025-10-31,2610424824,3400809845,2026,3187818939,001,,0000,000,2025-10-31,2025-07-23,INR,262701251785,RE,H,-99693.34,-99693.34,Fixed Staff & GMI-JUN-25,0016080001,,,2025-10-31,C005,85063,681,CI,C1,0.0,100,2,194C,Cont. Cos - 2%-New Sec-393(1)6(i)
1001,DIM00398AJ,MAHINDRA LOGISTICS LIMITED,27AAFCM2530H1ZO,2025-10-31,2610424824,,2026,2610424824,002,,0000,000,2025-10-31,2025-10-31,INR,,KZ,S,54410417.5,54410417.5,,0016080001,,,2025-10-31,,46425325,0,,,,,,,
1001,DIM00398AJ,MAHINDRA LOGISTICS LIMITED,27AAFCM2530H1ZO,2025-10-31,2610424824,3400809845,2026,3187818948,001,,0000,000,2025-10-31,2025-07-23,INR,262701251826,RE,H,-4192013.72,-4192013.72,Oth Employment & labour supply services,0016080001,,,2025-10-31,C005,3576804,28615,CI,C1,0.0,100,2,194C,Cont. Cos - 2%-New Sec-393(1)6(i)
1001,DIM00398AJ,MAHINDRA LOGISTICS LIMITED,27AAFCM2530H1ZO,2025-10-31,2610424824,3400812933,2026,3187818960,001,,0000,000,2025-10-31,2025-08-24,INR,262701329805,RE,H,-94725.32,-94725.32,Fixed Staff & GMI-JULY-25,0016080001,,,2025-10-31,C005,80824,647,CI,C1,0.0,100,2,194C,Cont. Cos - 2%-New Sec-393(1)6(i)
1001,DIM00398AJ,MAHINDRA LOGISTICS LIMITED,27AAFCM2530H1ZO,2025-10-31,2610424824,3400812933,2026,3187818972,001,,0000,000,2025-10-31,2025-08-29,INR,262701338071,RE,H,-335105.86,-335105.86,Fixed Staff & GMI-JULY-25,0016080001,,,2025-10-31,C005,285927,2288,CI,C1,0.0,100,2,194C,Cont. Cos - 2%-New Sec-393(1)6(i)
1001,DIM00398AJ,MAHINDRA LOGISTICS LIMITED,27AAFCM2530H1ZO,2025-10-31,2610424824,3400812933,2026,3187818955,001,,0000,000,2025-10-31,2025-08-24,INR,262701329804,RE,H,-144928.8,-144928.8,Fixed Staff & GMI-JULY-25,0016080001,,,2025-10-31,C005,123660,990,CI,C1,0.0,100,2,194C,Cont. Cos - 2%-New Sec-393(1)6(i)
1001,DIM00398AJ,MAHINDRA LOGISTICS LIMITED,27AAFCM2530H1ZO,2025-10-31,2610424824,3400815128,2026,3187819056,001,,0000,000,2025-10-31,2025-09-10,INR,262701361249,RE,H,-4407459,-4407459,Fixed Staff & GMI-AUG-25,0016060001,,,2025-10-31,C005,3760631.24,30086,,,,,,,
1001,DIM00398AJ,MAHINDRA LOGISTICS LIMITED,27AAFCM2530H1ZO,2025-10-31,2610424824,3400812933,2026,3187818970,001,,0000,000,2025-10-31,2025-08-29,INR,262701338070,RE,H,-213969.24,-213969.24,Fixed Staff & GMI-JULY-25,0016080001,,,2025-10-31,C005,182568,1461,CI,C1,0.0,100,2,194C,Cont. Cos - 2%-New Sec-393(1)6(i)
1001,DIM00398AJ,MAHINDRA LOGISTICS LIMITED,27AAFCM2530H1ZO,2025-10-31,2610424824,3400809845,2026,3187818938,001,,0000,000,2025-10-31,2025-07-23,INR,262701251784,RE,H,-124435.32,-124435.32,Fixed Staff & GMI-JUN-25,0016080001,,,2025-10-31,C005,106174,850,CI,C1,0.0,100,2,194C,Cont. Cos - 2%-New Sec-393(1)6(i)
1001,DIM00398AJ,MAHINDRA LOGISTICS LIMITED,27AAFCM2530H1ZO,2025-10-31,2610424824,3400815128,2026,3187819030,001,,0000,000,2025-10-31,2025-09-10,INR,262701361222,RE,H,-365899,-365899,Fixed Staff & GMI-AUG-25,0016060001,,,2025-10-31,C005,312200.82,2498,,,,,,,
1001,DIM00398AJ,MAHINDRA LOGISTICS LIMITED,27AAFCM2530H1ZO,2025-10-31,2610424824,3400815128,2026,3187819067,001,,0000,000,2025-10-31,2025-09-10,INR,262701361258,RE,H,-83032,-83032,Fixed Staff & GMI-AUG-25,0016060001,,,2025-10-31,C005,70846.54,567,,,,,,,
1001,DIM00398AJ,MAHINDRA LOGISTICS LIMITED,27AAFCM2530H1ZO,2025-10-31,2610424824,3400809845,2026,3187818935,001,,0000,000,2025-10-31,2025-07-23,INR,262701251775,RE,H,-83299.5,-83299.5,Fixed Staff & GMI-JUN-25,0016080001,,,2025-10-31,C005,71075,569,CI,C1,0.0,100,2,194C,Cont. Cos - 2%-New Sec-393(1)6(i)
1001,DIM00398AJ,MAHINDRA LOGISTICS LIMITED,27AAFCM2530H1ZO,2025-10-31,2610424824,3400820050,2026,3187818926,001,,0000,000,2025-10-31,2025-10-17,INR,262701453290,RE,H,-130472.5,-130472.5,Fixed Staff & GMI-Sept-25,0016080001,,,2025-10-31,C005,111325,891,CI,C1,0.0,100,2,194C,Cont. Cos - 2%-New Sec-393(1)6(i)
1001,DIM00398AJ,MAHINDRA LOGISTICS LIMITED,27AAFCM2530H1ZO,2025-10-31,2610424824,3400815128,2026,3187819036,001,,0000,000,2025-10-31,2025-09-10,INR,262701361243,RE,H,-134210,-134210,Fixed Staff & GMI-AUG-25,0016060001,,,2025-10-31,C005,114514.3,917,,,,,,,
1001,DIM00398AJ,MAHINDRA LOGISTICS LIMITED,27AAFCM2530H1ZO,2025-10-31,2610424824,3400809845,2026,3187818933,001,,0000,000,2025-10-31,2025-07-23,INR,262701251764,RE,H,-19218.82,-19218.82,Fixed Staff & GMI-JUN-25,0016080001,,,2025-10-31,C005,16399,132,CI,C1,0.0,100,2,194C,Cont. Cos - 2%-New Sec-393(1)6(i)
1001,DIM00398AJ,MAHINDRA LOGISTICS LIMITED,27AAFCM2530H1ZO,2025-10-31,2610424824,,2026,2610424824,001,,0000,000,2025-10-31,2025-10-31,INR,,KZ,S,6153955,6153955,,0016060001,,,2025-10-31,,5250819.32,0,,,,,,,
1001,DIM00398AJ,MAHINDRA LOGISTICS LIMITED,27AAFCM2530H1ZO,2025-10-31,2610424824,3400815128,2026,3187818998,001,,0000,000,2025-10-31,2025-09-10,INR,262701361208,RE,H,-43803,-43803,Fixed Staff & GMI-AUG-25,0016060001,,,2025-10-31,C005,37375.32,300,,,,,,,
1001,DIM00398AJ,MAHINDRA LOGISTICS LIMITED,27AAFCM2530H1ZO,2025-10-31,2610424824,3400812933,2026,3187818973,001,,0000,000,2025-10-31,2025-08-29,INR,262701338072,RE,H,-348928.78,-348928.78,Fixed Staff & GMI-JULY-25,0016080001,,,2025-10-31,C005,297721,2382,CI,C1,0.0,100,2,194C,Cont. Cos - 2%-New Sec-393(1)6(i)
1001,DIM00398AJ,MAHINDRA LOGISTICS LIMITED,27AAFCM2530H1ZO,2025-10-31,2610424824,3400815128,2026,3187819014,001,,0000,000,2025-10-31,2025-09-10,INR,262701361219,RE,H,-354710,-354710,Fixed Staff & GMI-AUG-25,0016060001,,,2025-10-31,C005,302654.1,2422,,,,,,,
1001,DIM00398AJ,MAHINDRA LOGISTICS LIMITED,27AAFCM2530H1ZO,2025-10-31,2610424824,3400820050,2026,3187818918,001,,0000,000,2025-10-31,2025-10-17,INR,262701453285,RE,H,-525952.88,-525952.88,Fixed Staff & GMI-Sept-25,0016080001,,,2025-10-31,C005,448766,3591,CI,C1,0.0,100,2,194C,Cont. Cos - 2%-New Sec-393(1)6(i)
1001,DIM00398AJ,MAHINDRA LOGISTICS LIMITED,27AAFCM2530H1ZO,2025-10-31,2610424824,3400815128,2026,3187819026,001,,0000,000,2025-10-31,2025-09-10,INR,262701361221,RE,H,-96166,-96166,Fixed Staff & GMI-AUG-25,0016060001,,,2025-10-31,C005,82053.28,657,,,,,,,
1001,DIM00398AJ,MAHINDRA LOGISTICS LIMITED,27AAFCM2530H1ZO,2025-10-31,2610424824,3400820050,2026,3187818916,001,,0000,000,2025-10-31,2025-10-17,INR,262701453287,RE,H,-4533331.58,-4533331.58,Fixed Staff & GMI-Sept-25,0016080001,,,2025-10-31,C005,3868031,30945,CI,C1,0.0,100,2,194C,Cont. Cos - 2%-New Sec-393(1)6(i)
1001,DIM00398AJ,MAHINDRA LOGISTICS LIMITED,27AAFCM2530H1ZO,2025-10-31,2610424824,3400809845,2026,3187818943,001,,0000,000,2025-10-31,2025-07-23,INR,262701251787,RE,H,-315388.54,-315388.54,Fixed Staff & GMI-JUN-25,0016080001,,,2025-10-31,C005,269103,2153,CI,C1,0.0,100,2,194C,Cont. Cos - 2%-New Sec-393(1)6(i)
1001,DIM00398AJ,MAHINDRA LOGISTICS LIMITED,27AAFCM2530H1ZO,2025-10-31,2610424824,3400820050,2026,3187818923,001,,0000,000,2025-10-31,2025-10-17,INR,262701453288,RE,H,-30189.8,-30189.8,Fixed Staff & GMI-Sept-25,0016080001,,,2025-10-31,C005,25760,207,CI,C1,0.0,100,2,194C,Cont. Cos - 2%-New Sec-393(1)6(i)
1001,DIM00398AJ,MAHINDRA LOGISTICS LIMITED,27AAFCM2530H1ZO,2025-11-06,2610429893,3400820074,2026,3187974257,001,,0000,000,2025-11-05,2025-10-08,INR,262701427668,RE,H,-33965.58,-33965.58,CLMS-SEPT-25,0016080001,,,2025-11-05,C005,28981,232,CI,C1,0.0,100,2,194C,Cont. Cos - 2%-New Sec-393(1)6(i)
1001,DIM00398AJ,MAHINDRA LOGISTICS LIMITED,27AAFCM2530H1ZO,2025-11-06,2610429893,3400820074,2026,3187974204,001,,0000,000,2025-11-05,2025-10-08,INR,262701427611,RE,H,-5127.5,-5127.5,CLMS-SEPT-25,0016080001,,,2025-11-05,C005,4375,35,CI,C1,0.0,100,2,194C,Cont. Cos - 2%-New Sec-393(1)6(i)
1001,DIM00398AJ,MAHINDRA LOGISTICS LIMITED,27AAFCM2530H1ZO,2025-11-06,2610429893,3400820074,2026,3187973941,001,,0000,000,2025-11-05,2025-10-08,INR,262701427624,RE,H,-1572716.62,-1572716.62,CLMS-SEPT-25,0016080001,,,2025-11-05,C005,1341909,10736,CI,C1,0.0,100,2,194C,Cont. Cos - 2%-New Sec-393(1)6(i)
1001,DIM00398AJ,MAHINDRA LOGISTICS LIMITED,27AAFCM2530H1ZO,2025-11-06,2610429893,3400820074,2026,3187974086,001,,0000,000,2025-11-05,2025-10-08,INR,262701427639,RE,H,-206307.58,-206307.58,CLMS-SEPT-25,0016080001,,,2025-11-05,C005,176031,1409,CI,C1,0.0,100,2,194C,Cont. Cos - 2%-New Sec-393(1)6(i)
1001,DIM00398AJ,MAHINDRA LOGISTICS LIMITED,27AAFCM2530H1ZO,2025-11-06,2610429893,3400820074,2026,3187974192,001,,0000,000,2025-11-05,2025-10-08,INR,262701427619,RE,H,-33965.58,-33965.58,CLMS-SEPT-25,0016080001,,,2025-11-05,C005,28981,232,CI,C1,0.0,100,2,194C,Cont. Cos - 2%-New Sec-393(1)6(i)
1001,DIM00398AJ,MAHINDRA LOGISTICS LIMITED,27AAFCM2530H1ZO,2025-11-06,2610429893,3400820074,2026,3187974169,001,,0000,000,2025-11-05,2025-10-17,INR,262701453292,RE,H,-62895.88,-62895.88,CLMS-SEPT-25,0016080001,,,2025-11-05,C005,53666,430,CI,C1,0.0,100,2,194C,Cont. Cos - 2%-New Sec-393(1)6(i)
1001,DIM00398AJ,MAHINDRA LOGISTICS LIMITED,27AAFCM2530H1ZO,2025-11-06,2610429893,3400820074,2026,3187974241,001,,0000,000,2025-11-05,2025-10-08,INR,262701427667,RE,H,-65415.88,-65415.88,CLMS-SEPT-25,0016080001,,,2025-11-05,C005,55816,447,CI,C1,0.0,100,2,194C,Cont. Cos - 2%-New Sec-393(1)6(i)
1001,DIM00398AJ,MAHINDRA LOGISTICS LIMITED,27AAFCM2530H1ZO,2025-11-06,2610429893,3400820074,2026,3187974030,001,,0000,000,2025-11-05,2025-10-08,INR,262701427629,RE,H,-661837.44,-661837.44,CLMS-SEPT-25,0016080001,,,2025-11-05,C005,564708,4518,CI,C1,0.0,100,2,194C,Cont. Cos - 2%-New Sec-393(1)6(i)
1001,DIM00398AJ,MAHINDRA LOGISTICS LIMITED,27AAFCM2530H1ZO,2025-11-06,2610429893,3400820074,2026,3187974196,001,,0000,000,2025-11-05,2025-10-08,INR,262701427645,RE,H,-33965.58,-33965.58,CLMS-SEPT-25,0016080001,,,2025-11-05,C005,28981,232,CI,C1,0.0,100,2,194C,Cont. Cos - 2%-New Sec-393(1)6(i)
1001,DIM00398AJ,MAHINDRA LOGISTICS LIMITED,27AAFCM2530H1ZO,2025-11-06,2610429893,3400820074,2026,3187974024,001,,0000,000,2025-11-05,2025-10-08,INR,262701427642,RE,H,-700702.42,-700702.42,CLMS-SEPT-25,0016080001,,,2025-11-05,C005,597869,4783,CI,C1,0.0,100,2,194C,Cont. Cos - 2%-New Sec-393(1)6(i)
1001,DIM00398AJ,MAHINDRA LOGISTICS LIMITED,27AAFCM2530H1ZO,2025-11-06,2610429893,3400820074,2026,3187974080,001,,0000,000,2025-11-05,2025-10-08,INR,262701427643,RE,H,-274237.38,-274237.38,CLMS-SEPT-25,0016080001,,,2025-11-05,C005,233991,1872,CI,C1,0.0,100,2,194C,Cont. Cos - 2%-New Sec-393(1)6(i)
1001,DIM00398AJ,MAHINDRA LOGISTICS LIMITED,27AAFCM2530H1ZO,2025-11-06,2610429893,3400820074,2026,3187974251,001,,0000,000,2025-11-05,2025-10-08,INR,262701427664,RE,H,-33965.58,-33965.58,CLMS-SEPT-25,0016080001,,,2025-11-05,C005,28981,232,CI,C1,0.0,100,2,194C,Cont. Cos - 2%-New Sec-393(1)6(i)
1001,DIM00398AJ,MAHINDRA LOGISTICS LIMITED,27AAFCM2530H1ZO,2025-11-06,2610429893,3400820074,2026,3187974098,001,,0000,000,2025-11-05,2025-10-08,INR,262701427649,RE,H,-162278.34,-162278.34,CLMS-SEPT-25,0016080001,,,2025-11-05,C005,138463,1108,CI,C1,0.0,100,2,194C,Cont. Cos - 2%-New Sec-393(1)6(i)
1001,DIM00398AJ,MAHINDRA LOGISTICS LIMITED,27AAFCM2530H1ZO,2025-11-06,2610429893,3400820074,2026,3187974200,001,,0000,000,2025-11-05,2025-10-08,INR,262701427623,RE,H,-18869,-18869,CLMS-SEPT-25,0016080001,,,2025-11-05,C005,16100,129,CI,C1,0.0,100,2,194C,Cont. Cos - 2%-New Sec-393(1)6(i)
1001,DIM00398AJ,MAHINDRA LOGISTICS LIMITED,27AAFCM2530H1ZO,2025-11-06,2610429893,3400820074,2026,3187974225,001,,0000,000,2025-11-05,2025-10-08,INR,262701427672,RE,H,-87838.64,-87838.64,CLMS-SEPT-25,0016080001,,,2025-11-05,C005,74948,600,CI,C1,0.0,100,2,194C,Cont. Cos - 2%-New Sec-393(1)6(i)
1001,DIM00398AJ,MAHINDRA LOGISTICS LIMITED,27AAFCM2530H1ZO,2025-11-06,2610429893,3400820074,2026,3187974235,001,,0000,000,2025-11-05,2025-10-08,INR,262701427666,RE,H,-66043.18,-66043.18,CLMS-SEPT-25,0016080001,,,2025-11-05,C005,56351,451,CI,C1,0.0,100,2,194C,Cont. Cos - 2%-New Sec-393(1)6(i)
1001,DIM00398AJ,MAHINDRA LOGISTICS LIMITED,27AAFCM2530H1ZO,2025-11-06,2610429893,3400820074,2026,3187974220,001,,0000,000,2025-11-05,2025-10-08,INR,262701427673,RE,H,-212026.98,-212026.98,CLMS-SEPT-25,0016080001,,,2025-11-05,C005,180911,1448,CI,C1,0.0,100,2,194C,Cont. Cos - 2%-New Sec-393(1)6(i)
1001,DIM00398AJ,MAHINDRA LOGISTICS LIMITED,27AAFCM2530H1ZO,2025-11-06,2610429893,3400820074,2026,3187974231,001,,0000,000,2025-11-05,2025-10-08,INR,262701427670,RE,H,-72757.4,-72757.4,CLMS-SEPT-25,0016080001,,,2025-11-05,C005,62080,497,CI,C1,0.0,100,2,194C,Cont. Cos - 2%-New Sec-393(1)6(i)
1001,DIM00398AJ,MAHINDRA LOGISTICS LIMITED,27AAFCM2530H1ZO,2025-11-06,2610429893,3400820074,2026,3187974131,001,,0000,000,2025-11-05,2025-10-08,INR,262701427633,RE,H,-134602.82,-134602.82,CLMS-SEPT-25,0016080001,,,2025-11-05,C005,114849,919,CI,C1,0.0,100,2,194C,Cont. Cos - 2%-New Sec-393(1)6(i)
1001,DIM00398AJ,MAHINDRA LOGISTICS LIMITED,27AAFCM2530H1ZO,2025-11-06,2610429893,3400820074,2026,3187974102,001,,0000,000,2025-11-05,2025-10-08,INR,262701427651,RE,H,-156684.2,-156684.2,CLMS-SEPT-25,0016080001,,,2025-11-05,C005,133690,1070,CI,C1,0.0,100,2,194C,Cont. Cos - 2%-New Sec-393(1)6(i)
1001,DIM00398AJ,MAHINDRA LOGISTICS LIMITED,27AAFCM2530H1ZO,2025-11-06,2610429893,3400820074,2026,3187974158,001,,0000,000,2025-11-05,2025-10-08,INR,262701427618,RE,H,-65414.7,-65414.7,CLMS-SEPT-25,0016080001,,,2025-11-05,C005,55815,447,CI,C1,0.0,100,2,194C,Cont. Cos - 2%-New Sec-393(1)6(i)
1001,DIM00398AJ,MAHINDRA LOGISTICS LIMITED,27AAFCM2530H1ZO,2025-11-06,2610429893,3400820074,2026,3187974137,001,,0000,000,2025-11-05,2025-10-08,INR,262701427663,RE,H,-105250.9,-105250.9,CLMS-SEPT-25,0016080001,,,2025-11-05,C005,89805,719,CI,C1,0.0,100,2,194C,Cont. Cos - 2%-New Sec-393(1)6(i)
1001,DIM00398AJ,MAHINDRA LOGISTICS LIMITED,27AAFCM2530H1ZO,2025-11-06,2610429893,3400820074,2026,3187974012,001,,0000,000,2025-11-05,2025-10-08,INR,262701427621,RE,H,-824512.8,-824512.8,CLMS-SEPT-25,0016080001,,,2025-11-05,C005,703510,5629,CI,C1,0.0,100,2,194C,Cont. Cos - 2%-New Sec-393(1)6(i)
1001,DIM00398AJ,MAHINDRA LOGISTICS LIMITED,27AAFCM2530H1ZO,2025-11-06,2610429893,3400820074,2026,3187974151,001,,0000,000,2025-11-05,2025-10-08,INR,262701427695,RE,H,-73098.78,-73098.78,CLMS-SEPT-25,0016080001,,,2025-11-05,C005,62371,499,CI,C1,0.0,100,2,194C,Cont. Cos - 2%-New Sec-393(1)6(i)
1001,DIM00398AJ,MAHINDRA LOGISTICS LIMITED,27AAFCM2530H1ZO,2025-11-06,2610429893,3400820074,2026,3187973929,001,,0000,000,2025-11-05,2025-10-08,INR,262701427661,RE,H,-2276506.16,-2276506.16,CLMS-SEPT-25,0016080001,,,2025-11-05,C005,1942412,15540,CI,C1,0.0,100,2,194C,Cont. Cos - 2%-New Sec-393(1)6(i)
1001,DIM00398AJ,MAHINDRA LOGISTICS LIMITED,27AAFCM2530H1ZO,2025-11-06,2610429893,3400820074,2026,3187974072,001,,0000,000,2025-11-05,2025-10-08,INR,262701427635,RE,H,-331515.34,-331515.34,CLMS-SEPT-25,0016080001,,,2025-11-05,C005,282863,2263,CI,C1,0.0,100,2,194C,Cont. Cos - 2%-New Sec-393(1)6(i)
1001,DIM00398AJ,MAHINDRA LOGISTICS LIMITED,27AAFCM2530H1ZO,2025-11-06,2610429893,3400820074,2026,3187974116,001,,0000,000,2025-11-05,2025-10-08,INR,262701427627,RE,H,-143666.94,-143666.94,CLMS-SEPT-25,0016080001,,,2025-11-05,C005,122583,981,CI,C1,0.0,100,2,194C,Cont. Cos - 2%-New Sec-393(1)6(i)
1001,DIM00398AJ,MAHINDRA LOGISTICS LIMITED,27AAFCM2530H1ZO,2025-11-06,2610429893,3400820074,2026,3187973949,001,,0000,000,2025-11-05,2025-10-08,INR,262701427634,RE,H,-1413936.58,-1413936.58,CLMS-SEPT-25,0016080001,,,2025-11-05,C005,1206431,9652,CI,C1,0.0,100,2,194C,Cont. Cos - 2%-New Sec-393(1)6(i)
1001,DIM00398AJ,MAHINDRA LOGISTICS LIMITED,27AAFCM2530H1ZO,2025-11-06,2610429893,3400820074,2026,3187974178,001,,0000,000,2025-11-05,2025-10-08,INR,262701427646,RE,H,-36548.3,-36548.3,CLMS-SEPT-25,0016080001,,,2025-11-05,C005,31185,250,CI,C1,0.0,100,2,194C,Cont. Cos - 2%-New Sec-393(1)6(i)
1001,DIM00398AJ,MAHINDRA LOGISTICS LIMITED,27AAFCM2530H1ZO,2025-11-06,2610429893,3400820074,2026,3187974005,001,,0000,000,2025-11-05,2025-10-08,INR,262701427637,RE,H,-986730.78,-986730.78,CLMS-SEPT-25,0016080001,,,2025-11-05,C005,841921,6736,CI,C1,0.0,100,2,194C,Cont. Cos - 2%-New Sec-393(1)6(i)
1001,DIM00398AJ,MAHINDRA LOGISTICS LIMITED,27AAFCM2530H1ZO,2025-11-06,2610429893,3400820074,2026,3187974163,001,,0000,000,2025-11-05,2025-10-08,INR,262701427652,RE,H,-62897.06,-62897.06,CLMS-SEPT-25,0016080001,,,2025-11-05,C005,53667,430,CI,C1,0.0,100,2,194C,Cont. Cos - 2%-New Sec-393(1)6(i)
1001,DIM00398AJ,MAHINDRA LOGISTICS LIMITED,27AAFCM2530H1ZO,2025-11-06,2610429893,3400820074,2026,3187974201,001,,0000,000,2025-11-05,2025-10-08,INR,262701427660,RE,H,-11577.22,-11577.22,CLMS-SEPT-25,0016080001,,,2025-11-05,C005,9879,80,CI,C1,0.0,100,2,194C,Cont. Cos - 2%-New Sec-393(1)6(i)
1001,DIM00398AJ,MAHINDRA LOGISTICS LIMITED,27AAFCM2530H1ZO,2025-11-06,2610429893,3400820074,2026,3187973894,001,,0000,000,2025-11-05,2025-10-08,INR,262701427659,RE,H,-6371222.46,-6371222.46,CLMS-SEPT-25,0016080001,,,2025-11-05,C005,5436197,43490,CI,C1,0.0,100,2,194C,Cont. Cos - 2%-New Sec-393(1)6(i)
1001,DIM00398AJ,MAHINDRA LOGISTICS LIMITED,27AAFCM2530H1ZO,2025-11-06,2610429893,3400820074,2026,3187973993,001,,0000,000,2025-11-05,2025-10-08,INR,262701427640,RE,H,-1341822,-1341822,CLMS-SEPT-25,0016080001,,,2025-11-05,C005,1144900,9160,CI,C1,0.0,100,2,194C,Cont. Cos - 2%-New Sec-393(1)6(i)
1001,DIM00398AJ,MAHINDRA LOGISTICS LIMITED,27AAFCM2530H1ZO,2025-11-06,2610429893,3400820074,2026,3187973997,001,,0000,000,2025-11-05,2025-10-08,INR,262701427615,RE,H,-1298873.9,-1298873.9,CLMS-SEPT-25,0016080001,,,2025-11-05,C005,1108255,8867,CI,C1,0.0,100,2,194C,Cont. Cos - 2%-New Sec-393(1)6(i)
1001,DIM00398AJ,MAHINDRA LOGISTICS LIMITED,27AAFCM2530H1ZO,2025-11-06,2610429893,3400820074,2026,3187974198,001,,0000,000,2025-11-05,2025-10-08,INR,262701427658,RE,H,-32295.08,-32295.08,CLMS-SEPT-25,0016080001,,,2025-11-05,C005,27556,221,CI,C1,0.0,100,2,194C,Cont. Cos - 2%-New Sec-393(1)6(i)
1001,DIM00398AJ,MAHINDRA LOGISTICS LIMITED,27AAFCM2530H1ZO,2025-11-06,2610429893,3400820074,2026,3187974153,001,,0000,000,2025-11-05,2025-10-17,INR,262701453291,RE,H,-67929.98,-67929.98,CLMS-SEPT-25,0016080001,,,2025-11-05,C005,57961,464,CI,C1,0.0,100,2,194C,Cont. Cos - 2%-New Sec-393(1)6(i)
1001,DIM00398AJ,MAHINDRA LOGISTICS LIMITED,27AAFCM2530H1ZO,2025-11-06,2610429893,3400820074,2026,3187973886,001,,0000,000,2025-11-05,2025-10-08,INR,262701427653,RE,H,-10604350.58,-10604350.58,CLMS-SEPT-25,0016080001,,,2025-11-05,C005,9048081,72385,CI,C1,0.0,100,2,194C,Cont. Cos - 2%-New Sec-393(1)6(i)
1001,DIM00398AJ,MAHINDRA LOGISTICS LIMITED,27AAFCM2530H1ZO,2025-11-06,2610429893,3400820074,2026,3187974052,001,,0000,000,2025-11-05,2025-10-08,INR,262701427647,RE,H,-361846.74,-361846.74,CLMS-SEPT-25,0016080001,,,2025-11-05,C005,308743,2470,CI,C1,0.0,100,2,194C,Cont. Cos - 2%-New Sec-393(1)6(i)
1001,DIM00398AJ,MAHINDRA LOGISTICS LIMITED,27AAFCM2530H1ZO,2025-11-06,2610429893,3400820074,2026,3187974207,001,,0000,000,2025-11-05,2025-10-08,INR,262701427625,RE,H,-2612.22,-2612.22,CLMS-SEPT-25,0016080001,,,2025-11-05,C005,2229,18,CI,C1,0.0,100,2,194C,Cont. Cos - 2%-New Sec-393(1)6(i)
1001,DIM00398AJ,MAHINDRA LOGISTICS LIMITED,27AAFCM2530H1ZO,2025-11-06,2610429893,3400820074,2026,3187974140,001,,0000,000,2025-11-05,2025-10-08,INR,262701427689,RE,H,-102883.3,-102883.3,CLMS-SEPT-25,0016080001,,,2025-11-05,C005,87785,703,CI,C1,0.0,100,2,194C,Cont. Cos - 2%-New Sec-393(1)6(i)
1001,DIM00398AJ,MAHINDRA LOGISTICS LIMITED,27AAFCM2530H1ZO,2025-11-06,2610429893,3400820074,2026,3187974182,001,,0000,000,2025-11-05,2025-10-08,INR,262701427626,RE,H,-35221.54,-35221.54,CLMS-SEPT-25,0016080001,,,2025-11-05,C005,30053,241,CI,C1,0.0,100,2,194C,Cont. Cos - 2%-New Sec-393(1)6(i)
1001,DIM00398AJ,MAHINDRA LOGISTICS LIMITED,27AAFCM2530H1ZO,2025-11-06,2610429893,3400820074,2026,3187973875,001,,0000,000,2025-11-05,2025-10-08,INR,262701427610,RE,H,-5267383.9,-5267383.9,CLMS-SEPT-25,0016080001,,,2025-11-05,C005,4494355,35955,CI,C1,0.0,100,2,194C,Cont. Cos - 2%-New Sec-393(1)6(i)
1001,DIM00398AJ,MAHINDRA LOGISTICS LIMITED,27AAFCM2530H1ZO,2025-11-06,2610429893,3400820074,2026,3187974092,001,,0000,000,2025-11-05,2025-10-08,INR,262701427650,RE,H,-202067.34,-202067.34,CLMS-SEPT-25,0016080001,,,2025-11-05,C005,172413,1380,CI,C1,0.0,100,2,194C,Cont. Cos - 2%-New Sec-393(1)6(i)
1001,DIM00398AJ,MAHINDRA LOGISTICS LIMITED,27AAFCM2530H1ZO,2025-11-06,2610429893,3400820074,2026,3187974125,001,,0000,000,2025-11-05,2025-10-08,INR,262701427641,RE,H,-138376.42,-138376.42,CLMS-SEPT-25,0016080001,,,2025-11-05,C005,118069,945,CI,C1,0.0,100,2,194C,Cont. Cos - 2%-New Sec-393(1)6(i)
1001,DIM00398AJ,MAHINDRA LOGISTICS LIMITED,27AAFCM2530H1ZO,2025-11-06,2610429893,3400820074,2026,3187974176,001,,0000,000,2025-11-05,2025-10-08,INR,262701427648,RE,H,-57866.32,-57866.32,CLMS-SEPT-25,0016080001,,,2025-11-05,C005,49374,395,CI,C1,0.0,100,2,194C,Cont. Cos - 2%-New Sec-393(1)6(i)
1001,DIM00398AJ,MAHINDRA LOGISTICS LIMITED,27AAFCM2530H1ZO,2025-11-06,2610429893,3400820074,2026,3187973909,001,,0000,000,2025-11-05,2025-10-08,INR,262701427612,RE,H,-5024976.14,-5024976.14,CLMS-SEPT-25,0016080001,,,2025-11-05,C005,4287523,34301,CI,C1,0.0,100,2,194C,Cont. Cos - 2%-New Sec-393(1)6(i)
1001,DIM00398AJ,MAHINDRA LOGISTICS LIMITED,27AAFCM2530H1ZO,2025-11-06,2610429893,3400820074,2026,3187974041,001,,0000,000,2025-11-05,2025-10-08,INR,262701427620,RE,H,-522193.44,-522193.44,CLMS-SEPT-25,0016080001,,,2025-11-05,C005,445558,3565,CI,C1,0.0,100,2,194C,Cont. Cos - 2%-New Sec-393(1)6(i)
1001,DIM00398AJ,MAHINDRA LOGISTICS LIMITED,27AAFCM2530H1ZO,2025-11-06,2610429893,3400820074,2026,3187974018,001,,0000,000,2025-11-05,2025-10-08,INR,262701427622,RE,H,-762974.54,-762974.54,CLMS-SEPT-25,0016080001,,,2025-11-05,C005,651003,5209,CI,C1,0.0,100,2,194C,Cont. Cos - 2%-New Sec-393(1)6(i)
1001,DIM00398AJ,MAHINDRA LOGISTICS LIMITED,27AAFCM2530H1ZO,2025-11-06,2610429893,3400820074,2026,3187974049,001,,0000,000,2025-11-05,2025-10-08,INR,262701427644,RE,H,-481801.92,-481801.92,CLMS-SEPT-25,0016080001,,,2025-11-05,C005,411094,3289,CI,C1,0.0,100,2,194C,Cont. Cos - 2%-New Sec-393(1)6(i)
1001,DIM00398AJ,MAHINDRA LOGISTICS LIMITED,27AAFCM2530H1ZO,2025-11-06,2610429893,3400820074,2026,3187974187,001,,0000,000,2025-11-05,2025-10-08,INR,262701427662,RE,H,-34792.66,-34792.66,CLMS-SEPT-25,0016080001,,,2025-11-05,C005,29687,238,CI,C1,0.0,100,2,194C,Cont. Cos - 2%-New Sec-393(1)6(i)
1001,DIM00398AJ,MAHINDRA LOGISTICS LIMITED,27AAFCM2530H1ZO,2025-11-06,2610429893,3400820074,2026,3187974216,001,,0000,000,2025-11-05,2025-10-08,INR,262701427674,RE,H,-308920.12,-308920.12,CLMS-SEPT-25,0016080001,,,2025-11-05,C005,263584,2109,CI,C1,0.0,100,2,194C,Cont. Cos - 2%-New Sec-393(1)6(i)
1001,DIM00398AJ,MAHINDRA LOGISTICS LIMITED,27AAFCM2530H1ZO,2025-11-06,2610429893,3400820074,2026,3187974147,001,,0000,000,2025-11-05,2025-10-08,INR,262701427617,RE,H,-94346.18,-94346.18,CLMS-SEPT-25,0016080001,,,2025-11-05,C005,80501,645,CI,C1,0.0,100,2,194C,Cont. Cos - 2%-New Sec-393(1)6(i)
1001,DIM00398AJ,MAHINDRA LOGISTICS LIMITED,27AAFCM2530H1ZO,2025-11-06,2610429893,3400820074,2026,3187974074,001,,0000,000,2025-11-05,2025-10-08,INR,262701427638,RE,H,-321148.24,-321148.24,CLMS-SEPT-25,0016080001,,,2025-11-05,C005,274018,2193,CI,C1,0.0,100,2,194C,Cont. Cos - 2%-New Sec-393(1)6(i)
1001,DIM00398AJ,MAHINDRA LOGISTICS LIMITED,27AAFCM2530H1ZO,2025-11-06,2610429893,3400820074,2026,3187974211,001,,0000,000,2025-11-05,2025-10-08,INR,262701427614,RE,H,-1258.32,-1258.32,CLMS-SEPT-25,0016080001,,,2025-11-05,C005,1074,9,CI,C1,0.0,100,2,194C,Cont. Cos - 2%-New Sec-393(1)6(i)
1001,DIM00398AJ,MAHINDRA LOGISTICS LIMITED,27AAFCM2530H1ZO,2025-11-06,2610429893,3400820074,2026,3187974244,001,,0000,000,2025-11-05,2025-10-17,INR,262701453293,RE,H,-37740.36,-37740.36,CLMS-SEPT-25,0016080001,,,2025-11-05,C005,32202,258,CI,C1,0.0,100,2,194C,Cont. Cos - 2%-New Sec-393(1)6(i)
1001,DIM00398AJ,MAHINDRA LOGISTICS LIMITED,27AAFCM2530H1ZO,2025-11-06,2610429893,3400820074,2026,3187973924,001,,0000,000,2025-11-05,2025-10-08,INR,262701427656,RE,H,-2467829.26,-2467829.26,CLMS-SEPT-25,0016080001,,,2025-11-05,C005,2105657,16846,CI,C1,0.0,100,2,194C,Cont. Cos - 2%-New Sec-393(1)6(i)
1001,DIM00398AJ,MAHINDRA LOGISTICS LIMITED,27AAFCM2530H1ZO,2025-11-06,2610429893,3400820074,2026,3187974066,001,,0000,000,2025-11-05,2025-10-08,INR,262701427632,RE,H,-342968.48,-342968.48,CLMS-SEPT-25,0016080001,,,2025-11-05,C005,292636,2342,CI,C1,0.0,100,2,194C,Cont. Cos - 2%-New Sec-393(1)6(i)
1001,DIM00398AJ,MAHINDRA LOGISTICS LIMITED,27AAFCM2530H1ZO,2025-11-06,2610429893,3400820074,2026,3187973933,001,,0000,000,2025-11-05,2025-10-08,INR,262701427616,RE,H,-1626556.46,-1626556.46,CLMS-SEPT-25,0016080001,,,2025-11-05,C005,1387847,11103,CI,C1,0.0,100,2,194C,Cont. Cos - 2%-New Sec-393(1)6(i)
1001,DIM00398AJ,MAHINDRA LOGISTICS LIMITED,27AAFCM2530H1ZO,2025-11-06,2610429893,3400820074,2026,3187974045,001,,0000,000,2025-11-05,2025-10-08,INR,262701427655,RE,H,-514419.5,-514419.5,CLMS-SEPT-25,0016080001,,,2025-11-05,C005,438925,3512,CI,C1,0.0,100,2,194C,Cont. Cos - 2%-New Sec-393(1)6(i)
1001,DIM00398AJ,MAHINDRA LOGISTICS LIMITED,27AAFCM2530H1ZO,2025-11-06,2610429893,3400820074,2026,3187974222,001,,0000,000,2025-11-05,2025-10-08,INR,262701427671,RE,H,-157944.88,-157944.88,CLMS-SEPT-25,0016080001,,,2025-11-05,C005,134766,1079,CI,C1,0.0,100,2,194C,Cont. Cos - 2%-New Sec-393(1)6(i)
1001,DIM00398AJ,MAHINDRA LOGISTICS LIMITED,27AAFCM2530H1ZO,2025-11-06,2610429893,3400820074,2026,3187974120,001,,0000,000,2025-11-05,2025-10-08,INR,262701427636,RE,H,-141521.54,-141521.54,CLMS-SEPT-25,0016080001,,,2025-11-05,C005,120753,967,CI,C1,0.0,100,2,194C,Cont. Cos - 2%-New Sec-393(1)6(i)
1001,DIM00398AJ,MAHINDRA LOGISTICS LIMITED,27AAFCM2530H1ZO,2025-11-06,2610429893,3400820074,2026,3187974111,001,,0000,000,2025-11-05,2025-10-08,INR,262701427628,RE,H,-155358.62,-155358.62,CLMS-SEPT-25,0016080001,,,2025-11-05,C005,132559,1061,CI,C1,0.0,100,2,194C,Cont. Cos - 2%-New Sec-393(1)6(i)
1001,DIM00398AJ,MAHINDRA LOGISTICS LIMITED,27AAFCM2530H1ZO,2025-11-06,2610429893,3400820074,2026,3187974162,001,,0000,000,2025-11-05,2025-10-08,INR,262701427613,RE,H,-64156.38,-64156.38,CLMS-SEPT-25,0016080001,,,2025-11-05,C005,54741,438,CI,C1,0.0,100,2,194C,Cont. Cos - 2%-New Sec-393(1)6(i)
1001,DIM00398AJ,MAHINDRA LOGISTICS LIMITED,27AAFCM2530H1ZO,2025-11-06,2610429893,3400820074,2026,3187974233,001,,0000,000,2025-11-05,2025-10-08,INR,262701427665,RE,H,-67902.84,-67902.84,CLMS-SEPT-25,0016080001,,,2025-11-05,C005,57938,464,CI,C1,0.0,100,2,194C,Cont. Cos - 2%-New Sec-393(1)6(i)
1001,DIM00398AJ,MAHINDRA LOGISTICS LIMITED,27AAFCM2530H1ZO,2025-11-25,2610461394,,2026,3188703399,001,,0000,000,2025-11-25,2025-11-08,INR,262701504061,RE,H,-410784.82,-410784.82,Fixed Staff &GMl -Oct-25,0016080001,,,2025-11-25,C005,350499,2804,CI,C1,0.0,100,2,194C,Cont. Cos - 2%-New Sec-393(1)6(i)
1001,DIM00398AJ,MAHINDRA LOGISTICS LIMITED,27AAFCM2530H1ZO,2025-11-25,2610461394,3400826179,2026,3188703399,001,,0000,000,2025-11-25,2025-11-08,INR,262701504061,RE,H,-410784.82,-410784.82,Fixed Staff &GMl -Oct-25,0016080001,,,2025-11-25,C005,350499,2804,CI,C1,0.0,100,2,194C,Cont. Cos - 2%-New Sec-393(1)6(i)
1001,DIM00398AJ,MAHINDRA LOGISTICS LIMITED,27AAFCM2530H1ZO,2025-11-25,2610461394,3400826179,2026,3188703447,001,,0000,000,2025-11-25,2025-11-08,INR,262701504095,RE,H,-282698.98,-282698.98,Fixed Staff &GMl -Oct-25,0016080001,,,2025-11-25,C005,241211,1930,CI,C1,0.0,100,2,194C,Cont. Cos - 2%-New Sec-393(1)6(i)
1001,DIM00398AJ,MAHINDRA LOGISTICS LIMITED,27AAFCM2530H1ZO,2025-11-25,2610461394,,2026,3188703447,001,,0000,000,2025-11-25,2025-11-08,INR,262701504095,RE,H,-282698.98,-282698.98,Fixed Staff &GMl -Oct-25,0016080001,,,2025-11-25,C005,241211,1930,CI,C1,0.0,100,2,194C,Cont. Cos - 2%-New Sec-393(1)6(i)
1001,DIM00398AJ,MAHINDRA LOGISTICS LIMITED,27AAFCM2530H1ZO,2025-11-25,2610461394,3400826179,2026,3188703336,001,,0000,000,2025-11-25,2025-11-08,INR,262701504085,RE,H,-41515.14,-41515.14,Fixed Staff &GMl -Oct-25,0016080001,,,2025-11-25,C005,35423,284,CI,C1,0.0,100,2,194C,Cont. Cos - 2%-New Sec-393(1)6(i)
1001,DIM00398AJ,MAHINDRA LOGISTICS LIMITED,27AAFCM2530H1ZO,2025-11-25,2610461394,,2026,3188703336,001,,0000,000,2025-11-25,2025-11-08,INR,262701504085,RE,H,-41515.14,-41515.14,Fixed Staff &GMl -Oct-25,0016080001,,,2025-11-25,C005,35423,284,CI,C1,0.0,100,2,194C,Cont. Cos - 2%-New Sec-393(1)6(i)
1001,DIM00398AJ,MAHINDRA LOGISTICS LIMITED,27AAFCM2530H1ZO,2025-11-25,2610461394,,2026,3188703389,001,,0000,000,2025-11-25,2025-04-19,INR,262701042643,RE,H,-4082861.78,-4082861.78,Linefeeding manpower -Mar-25,0016080001,,,2025-11-25,C005,3483671,27870,CI,C1,0.0,100,2,194C,Cont. Cos - 2%-New Sec-393(1)6(i)
1001,DIM00398AJ,MAHINDRA LOGISTICS LIMITED,27AAFCM2530H1ZO,2025-11-25,2610461394,3400826207,2026,3188703389,001,,0000,000,2025-11-25,2025-04-19,INR,262701042643,RE,H,-4082861.78,-4082861.78,Linefeeding manpower -Mar-25,0016080001,,,2025-11-25,C005,3483671,27870,CI,C1,0.0,100,2,194C,Cont. Cos - 2%-New Sec-393(1)6(i)
1001,DIM00398AJ,MAHINDRA LOGISTICS LIMITED,27AAFCM2530H1ZO,2025-11-25,2610461394,3400826179,2026,3188703306,001,,0000,000,2025-11-25,2025-11-08,INR,262701504056,RE,H,-439296.86,-439296.86,Fixed Staff &GMl -Oct-25,0016080001,,,2025-11-25,C005,374827,2999,CI,C1,0.0,100,2,194C,Cont. Cos - 2%-New Sec-393(1)6(i)
1001,DIM00398AJ,MAHINDRA LOGISTICS LIMITED,27AAFCM2530H1ZO,2025-11-25,2610461394,,2026,3188703306,001,,0000,000,2025-11-25,2025-11-08,INR,262701504056,RE,H,-439296.86,-439296.86,Fixed Staff &GMl -Oct-25,0016080001,,,2025-11-25,C005,374827,2999,CI,C1,0.0,100,2,194C,Cont. Cos - 2%-New Sec-393(1)6(i)
1001,DIM00398AJ,MAHINDRA LOGISTICS LIMITED,27AAFCM2530H1ZO,2025-11-25,2610461394,,2026,3188703341,001,,0000,000,2025-11-25,2025-11-08,INR,262701504103,RE,H,-133116.58,-133116.58,Fixed Staff &GMl -Oct-25,0016080001,,,2025-11-25,C005,113581,909,CI,C1,0.0,100,2,194C,Cont. Cos - 2%-New Sec-393(1)6(i)
1001,DIM00398AJ,MAHINDRA LOGISTICS LIMITED,27AAFCM2530H1ZO,2025-11-25,2610461394,3400826179,2026,3188703341,001,,0000,000,2025-11-25,2025-11-08,INR,262701504103,RE,H,-133116.58,-133116.58,Fixed Staff &GMl -Oct-25,0016080001,,,2025-11-25,C005,113581,909,CI,C1,0.0,100,2,194C,Cont. Cos - 2%-New Sec-393(1)6(i)
1001,DIM00398AJ,MAHINDRA LOGISTICS LIMITED,27AAFCM2530H1ZO,2025-11-25,2610461394,3400826179,2026,3188703363,001,,0000,000,2025-11-25,2025-11-08,INR,262701504106,RE,H,-129543.94,-129543.94,Fixed Staff &GMl -Oct-25,0016080001,,,2025-11-25,C005,110533,885,CI,C1,0.0,100,2,194C,Cont. Cos - 2%-New Sec-393(1)6(i)
1001,DIM00398AJ,MAHINDRA LOGISTICS LIMITED,27AAFCM2530H1ZO,2025-11-25,2610461394,3400826179,2026,3188703304,001,,0000,000,2025-11-25,2025-11-08,INR,262701504065,RE,H,-54650.58,-54650.58,Fixed Staff &GMl -Oct-25,0016080001,,,2025-11-25,C005,46631,374,CI,C1,0.0,100,2,194C,Cont. Cos - 2%-New Sec-393(1)6(i)
1001,DIM00398AJ,MAHINDRA LOGISTICS LIMITED,27AAFCM2530H1ZO,2025-11-25,2610461394,,2026,3188703363,001,,0000,000,2025-11-25,2025-11-08,INR,262701504106,RE,H,-129543.94,-129543.94,Fixed Staff &GMl -Oct-25,0016080001,,,2025-11-25,C005,110533,885,CI,C1,0.0,100,2,194C,Cont. Cos - 2%-New Sec-393(1)6(i)
1001,DIM00398AJ,MAHINDRA LOGISTICS LIMITED,27AAFCM2530H1ZO,2025-11-25,2610461394,,2026,3188703304,001,,0000,000,2025-11-25,2025-11-08,INR,262701504065,RE,H,-54650.58,-54650.58,Fixed Staff &GMl -Oct-25,0016080001,,,2025-11-25,C005,46631,374,CI,C1,0.0,100,2,194C,Cont. Cos - 2%-New Sec-393(1)6(i)
1001,DIM00398AJ,MAHINDRA LOGISTICS LIMITED,27AAFCM2530H1ZO,2025-11-25,2610461394,,2026,3188703346,001,,0000,000,2025-11-25,2025-11-08,INR,262701504063,RE,H,-41515.14,-41515.14,Fixed Staff &GMl -Oct-25,0016080001,,,2025-11-25,C005,35423,284,CI,C1,0.0,100,2,194C,Cont. Cos - 2%-New Sec-393(1)6(i)
1001,DIM00398AJ,MAHINDRA LOGISTICS LIMITED,27AAFCM2530H1ZO,2025-11-25,2610461394,3400826179,2026,3188703346,001,,0000,000,2025-11-25,2025-11-08,INR,262701504063,RE,H,-41515.14,-41515.14,Fixed Staff &GMl -Oct-25,0016080001,,,2025-11-25,C005,35423,284,CI,C1,0.0,100,2,194C,Cont. Cos - 2%-New Sec-393(1)6(i)
1001,DIM00398AJ,MAHINDRA LOGISTICS LIMITED,27AAFCM2530H1ZO,2025-11-25,2610461394,3400826179,2026,3188703428,001,,0000,000,2025-11-25,2025-11-08,INR,262701504074,RE,H,-54650.58,-54650.58,Fixed Staff &GMl -Oct-25,0016080001,,,2025-11-25,C005,46631,374,CI,C1,0.0,100,2,194C,Cont. Cos - 2%-New Sec-393(1)6(i)
1001,DIM00398AJ,MAHINDRA LOGISTICS LIMITED,27AAFCM2530H1ZO,2025-11-25,2610461394,3400826179,2026,3188703333,001,,0000,000,2025-11-25,2025-11-08,INR,262701504066,RE,H,-268587.78,-268587.78,Fixed Staff &GMl -Oct-25,0016080001,,,2025-11-25,C005,229171,1834,CI,C1,0.0,100,2,194C,Cont. Cos - 2%-New Sec-393(1)6(i)
1001,DIM00398AJ,MAHINDRA LOGISTICS LIMITED,27AAFCM2530H1ZO,2025-11-25,2610461394,,2026,3188703428,001,,0000,000,2025-11-25,2025-11-08,INR,262701504074,RE,H,-54650.58,-54650.58,Fixed Staff &GMl -Oct-25,0016080001,,,2025-11-25,C005,46631,374,CI,C1,0.0,100,2,194C,Cont. Cos - 2%-New Sec-393(1)6(i)
1001,DIM00398AJ,MAHINDRA LOGISTICS LIMITED,27AAFCM2530H1ZO,2025-11-25,2610461394,,2026,3188703333,001,,0000,000,2025-11-25,2025-11-08,INR,262701504066,RE,H,-268587.78,-268587.78,Fixed Staff &GMl -Oct-25,0016080001,,,2025-11-25,C005,229171,1834,CI,C1,0.0,100,2,194C,Cont. Cos - 2%-New Sec-393(1)6(i)
1001,DIM00398AJ,MAHINDRA LOGISTICS LIMITED,27AAFCM2530H1ZO,2025-11-25,2610461394,,2026,3188703450,001,,0000,000,2025-11-25,2025-11-08,INR,262701504073,RE,H,-358337.82,-358337.82,Fixed Staff &GMl -Oct-25,0016080001,,,2025-11-25,C005,305749,2446,CI,C1,0.0,100,2,194C,Cont. Cos - 2%-New Sec-393(1)6(i)
1001,DIM00398AJ,MAHINDRA LOGISTICS LIMITED,27AAFCM2530H1ZO,2025-11-25,2610461394,,2026,3188703454,001,,0000,000,2025-11-25,2025-11-08,INR,262701504108,RE,H,-197346.3,-197346.3,Fixed Staff &GMl -Oct-25,0016080001,,,2025-11-25,C005,168385,1348,CI,C1,0.0,100,2,194C,Cont. Cos - 2%-New Sec-393(1)6(i)
1001,DIM00398AJ,MAHINDRA LOGISTICS LIMITED,27AAFCM2530H1ZO,2025-11-25,2610461394,3400826179,2026,3188703450,001,,0000,000,2025-11-25,2025-11-08,INR,262701504073,RE,H,-358337.82,-358337.82,Fixed Staff &GMl -Oct-25,0016080001,,,2025-11-25,C005,305749,2446,CI,C1,0.0,100,2,194C,Cont. Cos - 2%-New Sec-393(1)6(i)
1001,DIM00398AJ,MAHINDRA LOGISTICS LIMITED,27AAFCM2530H1ZO,2025-11-25,2610461394,3400826179,2026,3188703454,001,,0000,000,2025-11-25,2025-11-08,INR,262701504108,RE,H,-197346.3,-197346.3,Fixed Staff &GMl -Oct-25,0016080001,,,2025-11-25,C005,168385,1348,CI,C1,0.0,100,2,194C,Cont. Cos - 2%-New Sec-393(1)6(i)
1001,DIM00398AJ,MAHINDRA LOGISTICS LIMITED,27AAFCM2530H1ZO,2025-11-25,2610461394,,2026,3188703435,001,,0000,000,2025-11-25,2025-11-08,INR,262701504099,RE,H,-32706.26,-32706.26,Fixed Staff &GMl -Oct-25,0016080001,,,2025-11-25,C005,27907,224,CI,C1,0.0,100,2,194C,Cont. Cos - 2%-New Sec-393(1)6(i)
1001,DIM00398AJ,MAHINDRA LOGISTICS LIMITED,27AAFCM2530H1ZO,2025-11-25,2610461394,3400826179,2026,3188703435,001,,0000,000,2025-11-25,2025-11-08,INR,262701504099,RE,H,-32706.26,-32706.26,Fixed Staff &GMl -Oct-25,0016080001,,,2025-11-25,C005,27907,224,CI,C1,0.0,100,2,194C,Cont. Cos - 2%-New Sec-393(1)6(i)
1001,DIM00398AJ,MAHINDRA LOGISTICS LIMITED,27AAFCM2530H1ZO,2025-11-25,2610461394,,2026,3188703327,001,,0000,000,2025-11-25,2025-11-08,INR,262701504094,RE,H,-134211.88,-134211.88,Fixed Staff &GMl -Oct-25,0016080001,,,2025-11-25,C005,114516,917,CI,C1,0.0,100,2,194C,Cont. Cos - 2%-New Sec-393(1)6(i)
1001,DIM00398AJ,MAHINDRA LOGISTICS LIMITED,27AAFCM2530H1ZO,2025-11-25,2610461394,3400826179,2026,3188703327,001,,0000,000,2025-11-25,2025-11-08,INR,262701504094,RE,H,-134211.88,-134211.88,Fixed Staff &GMl -Oct-25,0016080001,,,2025-11-25,C005,114516,917,CI,C1,0.0,100,2,194C,Cont. Cos - 2%-New Sec-393(1)6(i)
1001,DIM00398AJ,MAHINDRA LOGISTICS LIMITED,27AAFCM2530H1ZO,2025-11-25,2610461394,,2026,3188703444,001,,0000,000,2025-11-25,2025-11-08,INR,262701504072,RE,H,-93488.42,-93488.42,Fixed Staff &GMl -Oct-25,0016080001,,,2025-11-25,C005,79769,639,CI,C1,0.0,100,2,194C,Cont. Cos - 2%-New Sec-393(1)6(i)
1001,DIM00398AJ,MAHINDRA LOGISTICS LIMITED,27AAFCM2530H1ZO,2025-11-25,2610461394,3400826179,2026,3188703347,001,,0000,000,2025-11-25,2025-11-08,INR,262701504086,RE,H,-299574.8,-299574.8,Fixed Staff &GMl -Oct-25,0016080001,,,2025-11-25,C005,255610,2045,CI,C1,0.0,100,2,194C,Cont. Cos - 2%-New Sec-393(1)6(i)
1001,DIM00398AJ,MAHINDRA LOGISTICS LIMITED,27AAFCM2530H1ZO,2025-11-25,2610461394,,2026,3188703347,001,,0000,000,2025-11-25,2025-11-08,INR,262701504086,RE,H,-299574.8,-299574.8,Fixed Staff &GMl -Oct-25,0016080001,,,2025-11-25,C005,255610,2045,CI,C1,0.0,100,2,194C,Cont. Cos - 2%-New Sec-393(1)6(i)
1001,DIM00398AJ,MAHINDRA LOGISTICS LIMITED,27AAFCM2530H1ZO,2025-11-25,2610461394,,2026,3188703338,001,,0000,000,2025-11-25,2025-11-08,INR,262701504091,RE,H,-126318.58,-126318.58,Fixed Staff &GMl -Oct-25,0016080001,,,2025-11-25,C005,107781,863,CI,C1,0.0,100,2,194C,Cont. Cos - 2%-New Sec-393(1)6(i)
1001,DIM00398AJ,MAHINDRA LOGISTICS LIMITED,27AAFCM2530H1ZO,2025-11-25,2610461394,3400826179,2026,3188703444,001,,0000,000,2025-11-25,2025-11-08,INR,262701504072,RE,H,-93488.42,-93488.42,Fixed Staff &GMl -Oct-25,0016080001,,,2025-11-25,C005,79769,639,CI,C1,0.0,100,2,194C,Cont. Cos - 2%-New Sec-393(1)6(i)
1001,DIM00398AJ,MAHINDRA LOGISTICS LIMITED,27AAFCM2530H1ZO,2025-11-25,2610461394,3400826179,2026,3188703338,001,,0000,000,2025-11-25,2025-11-08,INR,262701504091,RE,H,-126318.58,-126318.58,Fixed Staff &GMl -Oct-25,0016080001,,,2025-11-25,C005,107781,863,CI,C1,0.0,100,2,194C,Cont. Cos - 2%-New Sec-393(1)6(i)
1001,DIM00398AJ,MAHINDRA LOGISTICS LIMITED,27AAFCM2530H1ZO,2025-11-25,2610461394,3400826179,2026,3188703323,001,,0000,000,2025-11-25,2025-11-08,INR,262701504068,RE,H,-447879,-447879,Fixed Staff &GMl -Oct-25,0016080001,,,2025-11-25,C005,382150,3058,CI,C1,0.0,100,2,194C,Cont. Cos - 2%-New Sec-393(1)6(i)
1001,DIM00398AJ,MAHINDRA LOGISTICS LIMITED,27AAFCM2530H1ZO,2025-11-25,2610461394,,2026,3188703313,001,,0000,000,2025-11-25,2025-11-08,INR,262701504059,RE,H,-11990.58,-11990.58,Fixed Staff &GMl -Oct-25,0016080001,,,2025-11-25,C005,10231,82,CI,C1,0.0,100,2,194C,Cont. Cos - 2%-New Sec-393(1)6(i)
1001,DIM00398AJ,MAHINDRA LOGISTICS LIMITED,27AAFCM2530H1ZO,2025-11-25,2610461394,,2026,3188703323,001,,0000,000,2025-11-25,2025-11-08,INR,262701504068,RE,H,-447879,-447879,Fixed Staff &GMl -Oct-25,0016080001,,,2025-11-25,C005,382150,3058,CI,C1,0.0,100,2,194C,Cont. Cos - 2%-New Sec-393(1)6(i)
1001,DIM00398AJ,MAHINDRA LOGISTICS LIMITED,27AAFCM2530H1ZO,2025-11-25,2610461394,3400826179,2026,3188703313,001,,0000,000,2025-11-25,2025-11-08,INR,262701504059,RE,H,-11990.58,-11990.58,Fixed Staff &GMl -Oct-25,0016080001,,,2025-11-25,C005,10231,82,CI,C1,0.0,100,2,194C,Cont. Cos - 2%-New Sec-393(1)6(i)
1001,DIM00398AJ,MAHINDRA LOGISTICS LIMITED,27AAFCM2530H1ZO,2025-11-25,2610461394,,2026,3188703409,001,,0000,000,2025-11-25,2025-11-08,INR,262701504067,RE,H,-210206.26,-210206.26,Fixed Staff &GMl -Oct-25,0016080001,,,2025-11-25,C005,179357,1435,CI,C1,0.0,100,2,194C,Cont. Cos - 2%-New Sec-393(1)6(i)
1001,DIM00398AJ,MAHINDRA LOGISTICS LIMITED,27AAFCM2530H1ZO,2025-11-25,2610461394,3400826179,2026,3188703409,001,,0000,000,2025-11-25,2025-11-08,INR,262701504067,RE,H,-210206.26,-210206.26,Fixed Staff &GMl -Oct-25,0016080001,,,2025-11-25,C005,179357,1435,CI,C1,0.0,100,2,194C,Cont. Cos - 2%-New Sec-393(1)6(i)
1001,DIM00398AJ,MAHINDRA LOGISTICS LIMITED,27AAFCM2530H1ZO,2025-11-25,2610461394,,2026,3188703320,001,,0000,000,2025-11-25,2025-11-08,INR,262701504107,RE,H,-564895.74,-564895.74,Fixed Staff &GMl -Oct-25,0016080001,,,2025-11-25,C005,481993,3856,CI,C1,0.0,100,2,194C,Cont. Cos - 2%-New Sec-393(1)6(i)
1001,DIM00398AJ,MAHINDRA LOGISTICS LIMITED,27AAFCM2530H1ZO,2025-11-25,2610461394,3400826179,2026,3188703320,001,,0000,000,2025-11-25,2025-11-08,INR,262701504107,RE,H,-564895.74,-564895.74,Fixed Staff &GMl -Oct-25,0016080001,,,2025-11-25,C005,481993,3856,CI,C1,0.0,100,2,194C,Cont. Cos - 2%-New Sec-393(1)6(i)
1001,DIM00398AJ,MAHINDRA LOGISTICS LIMITED,27AAFCM2530H1ZO,2025-11-25,2610461394,3400826179,2026,3188703353,001,,0000,000,2025-11-25,2025-11-08,INR,262701504071,RE,H,-151007.28,-151007.28,Fixed Staff &GMl -Oct-25,0016080001,,,2025-11-25,C005,128846,1031,CI,C1,0.0,100,2,194C,Cont. Cos - 2%-New Sec-393(1)6(i)
1001,DIM00398AJ,MAHINDRA LOGISTICS LIMITED,27AAFCM2530H1ZO,2025-11-25,2610461394,,2026,3188703353,001,,0000,000,2025-11-25,2025-11-08,INR,262701504071,RE,H,-151007.28,-151007.28,Fixed Staff &GMl -Oct-25,0016080001,,,2025-11-25,C005,128846,1031,CI,C1,0.0,100,2,194C,Cont. Cos - 2%-New Sec-393(1)6(i)
1001,DIM00398AJ,MAHINDRA LOGISTICS LIMITED,27AAFCM2530H1ZO,2025-11-25,2610461394,,2026,3188703329,001,,0000,000,2025-11-25,2025-11-08,INR,262701504058,RE,H,-392310.48,-392310.48,Fixed Staff &GMl -Oct-25,0016080001,,,2025-11-25,C005,334736,2678,CI,C1,0.0,100,2,194C,Cont. Cos - 2%-New Sec-393(1)6(i)
1001,DIM00398AJ,MAHINDRA LOGISTICS LIMITED,27AAFCM2530H1ZO,2025-11-25,2610461394,3400826179,2026,3188703329,001,,0000,000,2025-11-25,2025-11-08,INR,262701504058,RE,H,-392310.48,-392310.48,Fixed Staff &GMl -Oct-25,0016080001,,,2025-11-25,C005,334736,2678,CI,C1,0.0,100,2,194C,Cont. Cos - 2%-New Sec-393(1)6(i)
1001,DIM00398AJ,MAHINDRA LOGISTICS LIMITED,27AAFCM2530H1ZO,2025-11-25,2610461394,3400826179,2026,3188703317,001,,0000,000,2025-11-25,2025-11-08,INR,262701504102,RE,H,-49982.64,-49982.64,Fixed Staff &GMl -Oct-25,0016080001,,,2025-11-25,C005,42648,342,CI,C1,0.0,100,2,194C,Cont. Cos - 2%-New Sec-393(1)6(i)
1001,DIM00398AJ,MAHINDRA LOGISTICS LIMITED,27AAFCM2530H1ZO,2025-11-25,2610461394,,2026,3188703317,001,,0000,000,2025-11-25,2025-11-08,INR,262701504102,RE,H,-49982.64,-49982.64,Fixed Staff &GMl -Oct-25,0016080001,,,2025-11-25,C005,42648,342,CI,C1,0.0,100,2,194C,Cont. Cos - 2%-New Sec-393(1)6(i)
1001,DIM00398AJ,MAHINDRA LOGISTICS LIMITED,27AAFCM2530H1ZO,2025-11-25,2610461394,,2026,3188703458,001,,0000,000,2025-11-25,2025-11-08,INR,262701504088,RE,H,-99965.1,-99965.1,Fixed Staff &GMl -Oct-25,0016080001,,,2025-11-25,C005,85295,683,CI,C1,0.0,100,2,194C,Cont. Cos - 2%-New Sec-393(1)6(i)
1001,DIM00398AJ,MAHINDRA LOGISTICS LIMITED,27AAFCM2530H1ZO,2025-11-25,2610461394,3400826179,2026,3188703458,001,,0000,000,2025-11-25,2025-11-08,INR,262701504088,RE,H,-99965.1,-99965.1,Fixed Staff &GMl -Oct-25,0016080001,,,2025-11-25,C005,85295,683,CI,C1,0.0,100,2,194C,Cont. Cos - 2%-New Sec-393(1)6(i)
1001,DIM00398AJ,MAHINDRA LOGISTICS LIMITED,27AAFCM2530H1ZO,2025-11-25,2610461394,3400826194,2026,3188703439,001,,0000,000,2025-11-25,2025-08-29,INR,262701338063,RE,H,-1004482.06,-1004482.06,Fixed Staff &GMl -Oct-25,0016080001,,,2025-11-25,C005,857067,6857,CI,C1,0.0,100,2,194C,Cont. Cos - 2%-New Sec-393(1)6(i)
1001,DIM00398AJ,MAHINDRA LOGISTICS LIMITED,27AAFCM2530H1ZO,2025-11-25,2610461394,,2026,3188703439,001,,0000,000,2025-11-25,2025-08-29,INR,262701338063,RE,H,-1004482.06,-1004482.06,Fixed Staff &GMl -Oct-25,0016080001,,,2025-11-25,C005,857067,6857,CI,C1,0.0,100,2,194C,Cont. Cos - 2%-New Sec-393(1)6(i)
1001,DIM00398AJ,MAHINDRA LOGISTICS LIMITED,27AAFCM2530H1ZO,2025-11-25,2610461394,3400826179,2026,3188703359,001,,0000,000,2025-11-25,2025-11-08,INR,262701504082,RE,H,-184064.36,-184064.36,Fixed Staff &GMl -Oct-25,0016080001,,,2025-11-25,C005,157052,1257,CI,C1,0.0,100,2,194C,Cont. Cos - 2%-New Sec-393(1)6(i)
1001,DIM00398AJ,MAHINDRA LOGISTICS LIMITED,27AAFCM2530H1ZO,2025-11-25,2610461394,,2026,3188703359,001,,0000,000,2025-11-25,2025-11-08,INR,262701504082,RE,H,-184064.36,-184064.36,Fixed Staff &GMl -Oct-25,0016080001,,,2025-11-25,C005,157052,1257,CI,C1,0.0,100,2,194C,Cont. Cos - 2%-New Sec-393(1)6(i)
1001,DIM00398AJ,MAHINDRA LOGISTICS LIMITED,27AAFCM2530H1ZO,2025-11-25,2610461394,3400826179,2026,3188703452,001,,0000,000,2025-11-25,2025-11-08,INR,262701504090,RE,H,-223175.14,-223175.14,Fixed Staff &GMl -Oct-25,0016080001,,,2025-11-25,C005,190423,1524,CI,C1,0.0,100,2,194C,Cont. Cos - 2%-New Sec-393(1)6(i)
1001,DIM00398AJ,MAHINDRA LOGISTICS LIMITED,27AAFCM2530H1ZO,2025-11-25,2610461394,,2026,3188703452,001,,0000,000,2025-11-25,2025-11-08,INR,262701504090,RE,H,-223175.14,-223175.14,Fixed Staff &GMl -Oct-25,0016080001,,,2025-11-25,C005,190423,1524,CI,C1,0.0,100,2,194C,Cont. Cos - 2%-New Sec-393(1)6(i)
1001,DIM00398AJ,MAHINDRA LOGISTICS LIMITED,27AAFCM2530H1ZO,2025-11-25,2610461394,3400826179,2026,3188703440,001,,0000,000,2025-11-25,2025-11-08,INR,262701504105,RE,H,-54650.58,-54650.58,Fixed Staff &GMl -Oct-25,0016080001,,,2025-11-25,C005,46631,374,CI,C1,0.0,100,2,194C,Cont. Cos - 2%-New Sec-393(1)6(i)
1001,DIM00398AJ,MAHINDRA LOGISTICS LIMITED,27AAFCM2530H1ZO,2025-11-25,2610461394,,2026,3188703440,001,,0000,000,2025-11-25,2025-11-08,INR,262701504105,RE,H,-54650.58,-54650.58,Fixed Staff &GMl -Oct-25,0016080001,,,2025-11-25,C005,46631,374,CI,C1,0.0,100,2,194C,Cont. Cos - 2%-New Sec-393(1)6(i)
1001,DIM00398AJ,MAHINDRA LOGISTICS LIMITED,27AAFCM2530H1ZO,2025-11-25,2610461394,3400826179,2026,3188703422,001,,0000,000,2025-11-25,2025-11-08,INR,262701504070,RE,H,-306846.7,-306846.7,Fixed Staff &GMl -Oct-25,0016080001,,,2025-11-25,C005,261815,2095,CI,C1,0.0,100,2,194C,Cont. Cos - 2%-New Sec-393(1)6(i)
1001,DIM00398AJ,MAHINDRA LOGISTICS LIMITED,27AAFCM2530H1ZO,2025-11-25,2610461394,,2026,3188703422,001,,0000,000,2025-11-25,2025-11-08,INR,262701504070,RE,H,-306846.7,-306846.7,Fixed Staff &GMl -Oct-25,0016080001,,,2025-11-25,C005,261815,2095,CI,C1,0.0,100,2,194C,Cont. Cos - 2%-New Sec-393(1)6(i)
1001,DIM00398AJ,MAHINDRA LOGISTICS LIMITED,27AAFCM2530H1ZO,2025-11-25,2610461394,3400826179,2026,3188703325,001,,0000,000,2025-11-25,2025-11-08,INR,262701504087,RE,H,-351093.24,-351093.24,Fixed Staff &GMl -Oct-25,0016080001,,,2025-11-25,C005,299568,2397,CI,C1,0.0,100,2,194C,Cont. Cos - 2%-New Sec-393(1)6(i)
1001,DIM00398AJ,MAHINDRA LOGISTICS LIMITED,27AAFCM2530H1ZO,2025-11-25,2610461394,,2026,3188703325,001,,0000,000,2025-11-25,2025-11-08,INR,262701504087,RE,H,-351093.24,-351093.24,Fixed Staff &GMl -Oct-25,0016080001,,,2025-11-25,C005,299568,2397,CI,C1,0.0,100,2,194C,Cont. Cos - 2%-New Sec-393(1)6(i)
1001,DIM00398AJ,MAHINDRA LOGISTICS LIMITED,27AAFCM2530H1ZO,2025-11-25,2610461394,,2026,3188703404,001,,0000,000,2025-11-25,2025-11-08,INR,262701504093,RE,H,-52588.78,-52588.78,Fixed Staff &GMl -Oct-25,0016080001,,,2025-11-25,C005,44871,359,CI,C1,0.0,100,2,194C,Cont. Cos - 2%-New Sec-393(1)6(i)
1001,DIM00398AJ,MAHINDRA LOGISTICS LIMITED,27AAFCM2530H1ZO,2025-11-25,2610461394,,2026,3188703343,001,,0000,000,2025-11-25,2025-11-08,INR,262701504104,RE,H,-49982.64,-49982.64,Fixed Staff &GMl -Oct-25,0016080001,,,2025-11-25,C005,42648,342,CI,C1,0.0,100,2,194C,Cont. Cos - 2%-New Sec-393(1)6(i)
1001,DIM00398AJ,MAHINDRA LOGISTICS LIMITED,27AAFCM2530H1ZO,2025-11-25,2610461394,3400826179,2026,3188703404,001,,0000,000,2025-11-25,2025-11-08,INR,262701504093,RE,H,-52588.78,-52588.78,Fixed Staff &GMl -Oct-25,0016080001,,,2025-11-25,C005,44871,359,CI,C1,0.0,100,2,194C,Cont. Cos - 2%-New Sec-393(1)6(i)
1001,DIM00398AJ,MAHINDRA LOGISTICS LIMITED,27AAFCM2530H1ZO,2025-11-25,2610461394,3400826179,2026,3188703343,001,,0000,000,2025-11-25,2025-11-08,INR,262701504104,RE,H,-49982.64,-49982.64,Fixed Staff &GMl -Oct-25,0016080001,,,2025-11-25,C005,42648,342,CI,C1,0.0,100,2,194C,Cont. Cos - 2%-New Sec-393(1)6(i)
1001,DIM00398AJ,MAHINDRA LOGISTICS LIMITED,27AAFCM2530H1ZO,2025-11-25,2610461394,,2026,3188703414,001,,0000,000,2025-11-25,2025-11-08,INR,262701504069,RE,H,-196665.72,-196665.72,Fixed Staff &GMl -Oct-25,0016080001,,,2025-11-25,C005,167804,1343,CI,C1,0.0,100,2,194C,Cont. Cos - 2%-New Sec-393(1)6(i)
1001,DIM00398AJ,MAHINDRA LOGISTICS LIMITED,27AAFCM2530H1ZO,2025-11-25,2610461394,3400826179,2026,3188703414,001,,0000,000,2025-11-25,2025-11-08,INR,262701504069,RE,H,-196665.72,-196665.72,Fixed Staff &GMl -Oct-25,0016080001,,,2025-11-25,C005,167804,1343,CI,C1,0.0,100,2,194C,Cont. Cos - 2%-New Sec-393(1)6(i)
1001,DIM00398AJ,MAHINDRA LOGISTICS LIMITED,27AAFCM2530H1ZO,2025-11-25,2610461394,,2026,3188703430,001,,0000,000,2025-11-25,2025-11-08,INR,262701504076,RE,H,-528948.96,-528948.96,Fixed Staff &GMl -Oct-25,0016080001,,,2025-11-25,C005,451322,3611,CI,C1,0.0,100,2,194C,Cont. Cos - 2%-New Sec-393(1)6(i)
1001,DIM00398AJ,MAHINDRA LOGISTICS LIMITED,27AAFCM2530H1ZO,2025-11-25,2610461394,3400826179,2026,3188703314,001,,0000,000,2025-11-25,2025-11-08,INR,262701504062,RE,H,-560642.52,-560642.52,Fixed Staff &GMl -Oct-25,0016080001,,,2025-11-25,C005,478364,3827,CI,C1,0.0,100,2,194C,Cont. Cos - 2%-New Sec-393(1)6(i)
1001,DIM00398AJ,MAHINDRA LOGISTICS LIMITED,27AAFCM2530H1ZO,2025-11-25,2610461394,3400826179,2026,3188703430,001,,0000,000,2025-11-25,2025-11-08,INR,262701504076,RE,H,-528948.96,-528948.96,Fixed Staff &GMl -Oct-25,0016080001,,,2025-11-25,C005,451322,3611,CI,C1,0.0,100,2,194C,Cont. Cos - 2%-New Sec-393(1)6(i)
1001,DIM00398AJ,MAHINDRA LOGISTICS LIMITED,27AAFCM2530H1ZO,2025-11-25,2610461394,,2026,3188703314,001,,0000,000,2025-11-25,2025-11-08,INR,262701504062,RE,H,-560642.52,-560642.52,Fixed Staff &GMl -Oct-25,0016080001,,,2025-11-25,C005,478364,3827,CI,C1,0.0,100,2,194C,Cont. Cos - 2%-New Sec-393(1)6(i)
1001,DIM00398AJ,MAHINDRA LOGISTICS LIMITED,27AAFCM2530H1ZO,2025-11-25,2610461394,3400826179,2026,3188703394,001,,0000,000,2025-11-25,2025-11-08,INR,262701504060,RE,H,-133420.2,-133420.2,Fixed Staff &GMl -Oct-25,0016080001,,,2025-11-25,C005,113840,911,CI,C1,0.0,100,2,194C,Cont. Cos - 2%-New Sec-393(1)6(i)
1001,DIM00398AJ,MAHINDRA LOGISTICS LIMITED,27AAFCM2530H1ZO,2025-11-25,2610461394,,2026,3188703394,001,,0000,000,2025-11-25,2025-11-08,INR,262701504060,RE,H,-133420.2,-133420.2,Fixed Staff &GMl -Oct-25,0016080001,,,2025-11-25,C005,113840,911,CI,C1,0.0,100,2,194C,Cont. Cos - 2%-New Sec-393(1)6(i)
1001,DIM00398AJ,MAHINDRA LOGISTICS LIMITED,27AAFCM2530H1ZO,2025-11-25,2610461394,3400826179,2026,3188703434,001,,0000,000,2025-11-25,2025-11-08,INR,262701504084,RE,H,-312971.38,-312971.38,Fixed Staff &GMl -Oct-25,0016080001,,,2025-11-25,C005,267041,2137,CI,C1,0.0,100,2,194C,Cont. Cos - 2%-New Sec-393(1)6(i)
1001,DIM00398AJ,MAHINDRA LOGISTICS LIMITED,27AAFCM2530H1ZO,2025-11-25,2610461394,,2026,3188703434,001,,0000,000,2025-11-25,2025-11-08,INR,262701504084,RE,H,-312971.38,-312971.38,Fixed Staff &GMl -Oct-25,0016080001,,,2025-11-25,C005,267041,2137,CI,C1,0.0,100,2,194C,Cont. Cos - 2%-New Sec-393(1)6(i)
1001,DIM00398AJ,MAHINDRA LOGISTICS LIMITED,27AAFCM2530H1ZO,2025-11-25,2610461394,,2026,2610461394,001,,0000,000,2025-11-25,2025-11-25,INR,,KZ,S,13409036.5,13409036.5,,0016080001,,,2025-11-25,,11441175,0,,,,,,,
1001,DIM00398AJ,MAHINDRA LOGISTICS LIMITED,27AAFCM2530H1ZO,2025-11-28,2610466596,3400826393,2026,3188743476,001,,0000,000,2025-11-26,2025-11-08,INR,262701504101,RE,H,-1915742.74,-1915742.74,Fixed Staff &GMl -Oct-25,0016080001,,,2025-11-26,C005,1634593,13077,CI,C1,0.0,100,2,194C,Cont. Cos - 2%-New Sec-393(1)6(i)
1001,DIM00398AJ,MAHINDRA LOGISTICS LIMITED,27AAFCM2530H1ZO,2025-11-28,2610466596,3400826393,2026,3188743506,001,,0000,000,2025-11-26,2025-11-08,INR,262701504075,RE,H,-2292556.08,-2292556.08,Fixed Staff &GMl -Oct-25,0016080001,,,2025-11-26,C005,1956106,15649,CI,C1,0.0,100,2,194C,Cont. Cos - 2%-New Sec-393(1)6(i)
1001,DIM00398AJ,MAHINDRA LOGISTICS LIMITED,27AAFCM2530H1ZO,2025-11-28,2610466596,3400826393,2026,3188743484,001,,0000,000,2025-11-26,2025-11-08,INR,262701504081,RE,H,-1293980.22,-1293980.22,Fixed Staff &GMl -Oct-25,0016080001,,,2025-11-26,C005,1104079,8833,CI,C1,0.0,100,2,194C,Cont. Cos - 2%-New Sec-393(1)6(i)
1001,DIM00398AJ,MAHINDRA LOGISTICS LIMITED,27AAFCM2530H1ZO,2025-11-28,2610466596,3400826393,2026,3188743480,001,,0000,000,2025-11-26,2025-11-08,INR,262701504057,RE,H,-2435771.72,-2435771.72,Fixed Staff &GMl -Oct-25,0016080001,,,2025-11-26,C005,2078304,16627,CI,C1,0.0,100,2,194C,Cont. Cos - 2%-New Sec-393(1)6(i)
1001,DIM00398AJ,MAHINDRA LOGISTICS LIMITED,27AAFCM2530H1ZO,2025-11-28,2610466596,3400826393,2026,3188743492,001,,0000,000,2025-11-26,2025-11-08,INR,262701504054,RE,H,-4143417.02,-4143417.02,Fixed Staff &GMl -Oct-25,0016080001,,,2025-11-26,C005,3535339,28283,CI,C1,0.0,100,2,194C,Cont. Cos - 2%-New Sec-393(1)6(i)
1001,DIM00398AJ,MAHINDRA LOGISTICS LIMITED,27AAFCM2530H1ZO,2025-11-28,2610466596,3400826393,2026,3188743488,001,,0000,000,2025-11-26,2025-11-08,INR,262701504089,RE,H,-619950.24,-619950.24,Fixed Staff &GMl -Oct-25,0016080001,,,2025-11-26,C005,528968,4232,CI,C1,0.0,100,2,194C,Cont. Cos - 2%-New Sec-393(1)6(i)
1001,DIM00398AJ,MAHINDRA LOGISTICS LIMITED,27AAFCM2530H1ZO,2025-11-28,2610466596,3400826393,2026,3188743496,001,,0000,000,2025-11-26,2025-11-08,INR,262701504064,RE,H,-1055506.54,-1055506.54,Fixed Staff &GMl -Oct-25,0016080001,,,2025-11-26,C005,900603,7205,CI,C1,0.0,100,2,194C,Cont. Cos - 2%-New Sec-393(1)6(i)
1001,DIM00398AJ,MAHINDRA LOGISTICS LIMITED,27AAFCM2530H1ZO,2025-11-28,2610466596,3400824486,2026,3188746006,001,,0000,000,2025-11-26,2025-08-24,INR,262701329856,RE,H,-54649.4,-54649.4,Fixed Staff & GMI-JULY-25,0016080001,,,2025-11-26,C005,46630,374,CI,C1,0.0,100,2,194C,Cont. Cos - 2%-New Sec-393(1)6(i)
1001,DIM00398AJ,MAHINDRA LOGISTICS LIMITED,27AAFCM2530H1ZO,2025-11-28,2610466596,3400826393,2026,3188743486,001,,0000,000,2025-11-26,2025-11-08,INR,262701504100,RE,H,-4568454.82,-4568454.82,Fixed Staff &GMl -Oct-25,0016080001,,,2025-11-26,C005,3897999,31184,CI,C1,0.0,100,2,194C,Cont. Cos - 2%-New Sec-393(1)6(i)
1001,DIM00398AJ,MAHINDRA LOGISTICS LIMITED,27AAFCM2530H1ZO,2025-11-28,2610466596,3400826393,2026,3188743498,001,,0000,000,2025-11-26,2025-11-08,INR,262701504083,RE,H,-995707.4,-995707.4,Fixed Staff &GMl -Oct-25,0016080001,,,2025-11-26,C005,849580,6797,CI,C1,0.0,100,2,194C,Cont. Cos - 2%-New Sec-393(1)6(i)
1001,DIM00398AJ,MAHINDRA LOGISTICS LIMITED,27AAFCM2530H1ZO,2025-11-28,2610466596,3400826393,2026,3188743495,001,,0000,000,2025-11-26,2025-11-08,INR,262701504055,RE,H,-3902040.66,-3902040.66,Fixed Staff &GMl -Oct-25,0016080001,,,2025-11-26,C005,3329387,26636,CI,C1,0.0,100,2,194C,Cont. Cos - 2%-New Sec-393(1)6(i)
1001,DIM00398AJ,MAHINDRA LOGISTICS LIMITED,27AAFCM2530H1ZO,2025-11-28,2610466596,3400824486,2026,3188744944,001,,0000,000,2025-11-26,2025-09-10,INR,262701361262,RE,H,-54649.4,-54649.4,Faxsd staff & GMI-Aug-25,0016080001,,,2025-11-26,C005,46630,374,CI,C1,0.0,100,2,194C,Cont. Cos - 2%-New Sec-393(1)6(i)
1001,DIM00398AJ,MAHINDRA LOGISTICS LIMITED,27AAFCM2530H1ZO,2025-11-28,2610466596,3400826393,2026,3188743504,001,,0000,000,2025-11-26,2025-11-08,INR,262701504098,RE,H,-722106.94,-722106.94,Fixed Staff &GMl -Oct-25,0016080001,,,2025-11-26,C005,616133,4930,CI,C1,0.0,100,2,194C,Cont. Cos - 2%-New Sec-393(1)6(i)
1001,DIM00398AJ,MAHINDRA LOGISTICS LIMITED,27AAFCM2530H1ZO,2025-11-28,2610466596,3400826393,2026,3188743500,001,,0000,000,2025-11-26,2025-11-08,INR,262701504092,RE,H,-1353532.56,-1353532.56,Fixed Staff &GMl -Oct-25,0016080001,,,2025-11-26,C005,1154892,9240,CI,C1,0.0,100,2,194C,Cont. Cos - 2%-New Sec-393(1)6(i)
1001,DIM00398AJ,MAHINDRA LOGISTICS LIMITED,27AAFCM2530H1ZO,2025-12-03,2610474283,3400826353,2026,3188864073,001,,0000,000,2025-11-29,2025-11-14,INR,262701524713,RE,H,-349657.74,-349657.74,CLMS-OCT-25,0016080001,,,2025-11-29,C005,298343,2387,CI,C1,0.0,100,2,194C,Cont. Cos - 2%-New Sec-393(1)6(i)
1001,DIM00398AJ,MAHINDRA LOGISTICS LIMITED,27AAFCM2530H1ZO,2025-12-03,2610474283,3400819855,2026,3188864023,001,,0000,000,2025-11-29,2025-08-24,INR,262701329952,RE,H,-46031.86,-46031.86,CLMS-JULY-25,0016080001,,,2025-11-29,C005,39277,315,CI,C1,0.0,100,2,194C,Cont. Cos - 2%-New Sec-393(1)6(i)
1001,DIM00398AJ,MAHINDRA LOGISTICS LIMITED,27AAFCM2530H1ZO,2025-12-03,2610474283,3400826353,2026,3188864219,001,,0000,000,2025-11-29,2025-11-08,INR,262701504027,RE,H,-39974.44,-39974.44,CLMS-OCT-25,0016080001,,,2025-11-29,C005,34108,273,CI,C1,0.0,100,2,194C,Cont. Cos - 2%-New Sec-393(1)6(i)
1001,DIM00398AJ,MAHINDRA LOGISTICS LIMITED,27AAFCM2530H1ZO,2025-12-03,2610474283,3400826353,2026,3188864116,001,,0000,000,2025-11-29,2025-11-08,INR,262701503980,RE,H,-55720.92,-55720.92,CLMS-OCT-25,0016080001,,,2025-11-29,C005,47544,381,CI,C1,0.0,100,2,194C,Cont. Cos - 2%-New Sec-393(1)6(i)
1001,DIM00398AJ,MAHINDRA LOGISTICS LIMITED,27AAFCM2530H1ZO,2025-12-03,2610474283,3400826353,2026,3188864228,001,,0000,000,2025-11-29,2025-11-14,INR,262701524719,RE,H,-111026.94,-111026.94,CLMS-OCT-25,0016080001,,,2025-11-29,C005,94733,758,CI,C1,0.0,100,2,194C,Cont. Cos - 2%-New Sec-393(1)6(i)
1001,DIM00398AJ,MAHINDRA LOGISTICS LIMITED,27AAFCM2530H1ZO,2025-12-03,2610474283,3400826353,2026,3188864148,001,,0000,000,2025-11-29,2025-11-14,INR,262701524720,RE,H,-106302.36,-106302.36,CLMS-OCT-25,0016080001,,,2025-11-29,C005,90702,726,CI,C1,0.0,100,2,194C,Cont. Cos - 2%-New Sec-393(1)6(i)
1001,DIM00398AJ,MAHINDRA LOGISTICS LIMITED,27AAFCM2530H1ZO,2025-12-03,2610474283,3400826353,2026,3188864119,001,,0000,000,2025-11-29,2025-11-14,INR,262701524714,RE,H,-212497.16,-212497.16,CLMS-OCT-25,0016080001,,,2025-11-29,C005,181312,1451,CI,C1,0.0,100,2,194C,Cont. Cos - 2%-New Sec-393(1)6(i)
1001,DIM00398AJ,MAHINDRA LOGISTICS LIMITED,27AAFCM2530H1ZO,2025-12-03,2610474283,3400826393,2026,3188864244,001,,0000,000,2025-11-29,2025-11-14,INR,262701524712,RE,H,-1812012.48,-1812012.48,CLMS-OCT-25,0016080001,,,2025-11-29,C005,1546086,12369,CI,C1,0.0,100,2,194C,Cont. Cos - 2%-New Sec-393(1)6(i)
1001,DIM00398AJ,MAHINDRA LOGISTICS LIMITED,27AAFCM2530H1ZO,2025-12-03,2610474283,3400826393,2026,3188864252,001,,0000,000,2025-11-29,2025-11-08,INR,262701504000,RE,H,-712329.2,-712329.2,CLMS-OCT-25,0016080001,,,2025-11-29,C005,607790,4863,CI,C1,0.0,100,2,194C,Cont. Cos - 2%-New Sec-393(1)6(i)
1001,DIM00398AJ,MAHINDRA LOGISTICS LIMITED,27AAFCM2530H1ZO,2025-12-03,2610474283,3400818474,2026,3188864022,001,,0000,000,2025-11-29,2025-07-23,INR,262701251942,RE,H,-32706.26,-32706.26,CLMS-JUN-25,0016080001,,,2025-11-29,C005,27907,224,CI,C1,0.0,100,2,194C,Cont. Cos - 2%-New Sec-393(1)6(i)
1001,DIM00398AJ,MAHINDRA LOGISTICS LIMITED,27AAFCM2530H1ZO,2025-12-03,2610474283,3400826353,2026,3188864121,001,,0000,000,2025-11-29,2025-11-08,INR,262701504025,RE,H,-69046.52,-69046.52,CLMS-OCT-25,0016080001,,,2025-11-29,C005,58914,472,CI,C1,0.0,100,2,194C,Cont. Cos - 2%-New Sec-393(1)6(i)
1001,DIM00398AJ,MAHINDRA LOGISTICS LIMITED,27AAFCM2530H1ZO,2025-12-03,2610474283,3400813801,2026,3188864020,001,,0000,000,2025-11-29,2025-07-23,INR,262701251935,RE,H,-85038.62,-85038.62,CLMS-JUN-25,0016080001,,,2025-11-29,C005,72559,581,CI,C1,0.0,100,2,194C,Cont. Cos - 2%-New Sec-393(1)6(i)
1001,DIM00398AJ,MAHINDRA LOGISTICS LIMITED,27AAFCM2530H1ZO,2025-12-03,2610474283,3400826393,2026,3188864250,001,,0000,000,2025-11-29,2025-11-08,INR,262701503991,RE,H,-1419434.96,-1419434.96,CLMS-OCT-25,0016080001,,,2025-11-29,C005,1211122,9689,CI,C1,0.0,100,2,194C,Cont. Cos - 2%-New Sec-393(1)6(i)
1001,DIM00398AJ,MAHINDRA LOGISTICS LIMITED,27AAFCM2530H1ZO,2025-12-03,2610474283,3400826393,2026,3188864172,001,,0000,000,2025-11-29,2025-11-08,INR,262701503970,RE,H,-5082635.6,-5082635.6,CLMS-OCT-25,0016080001,,,2025-11-29,C005,4336720,34694,CI,C1,0.0,100,2,194C,Cont. Cos - 2%-New Sec-393(1)6(i)
1001,DIM00398AJ,MAHINDRA LOGISTICS LIMITED,27AAFCM2530H1ZO,2025-12-03,2610474283,3400826353,2026,3188864108,001,,0000,000,2025-11-29,2025-11-08,INR,262701504017,RE,H,-1303.16,-1303.16,CLMS-OCT-25,0016080001,,,2025-11-29,C005,1112,9,CI,C1,0.0,100,2,194C,Cont. Cos - 2%-New Sec-393(1)6(i)
1001,DIM00398AJ,MAHINDRA LOGISTICS LIMITED,27AAFCM2530H1ZO,2025-12-03,2610474283,3400815227,2026,3188864048,001,,0000,000,2025-11-29,2025-09-10,INR,262701362752,RE,H,-22246,-22246,CLMS-AUG-25,0016060001,,,2025-11-29,C005,18981.24,152,,,,,,,
1001,DIM00398AJ,MAHINDRA LOGISTICS LIMITED,27AAFCM2530H1ZO,2025-12-03,2610474283,3400826353,2026,3188864221,001,,0000,000,2025-11-29,2025-11-08,INR,262701504023,RE,H,-61843.24,-61843.24,CLMS-OCT-25,0016080001,,,2025-11-29,C005,52768,423,CI,C1,0.0,100,2,194C,Cont. Cos - 2%-New Sec-393(1)6(i)
1001,DIM00398AJ,MAHINDRA LOGISTICS LIMITED,27AAFCM2530H1ZO,2025-12-03,2610474283,3400826353,2026,3188864129,001,,0000,000,2025-11-29,2025-11-08,INR,262701503992,RE,H,-6241.68,-6241.68,CLMS-OCT-25,0016080001,,,2025-11-29,C005,5326,43,CI,C1,0.0,100,2,194C,Cont. Cos - 2%-New Sec-393(1)6(i)
1001,DIM00398AJ,MAHINDRA LOGISTICS LIMITED,27AAFCM2530H1ZO,2025-12-03,2610474283,3400826353,2026,3188864137,001,,0000,000,2025-11-29,2025-11-08,INR,262701504009,RE,H,-167758.02,-167758.02,CLMS-OCT-25,0016080001,,,2025-11-29,C005,143139,1146,CI,C1,0.0,100,2,194C,Cont. Cos - 2%-New Sec-393(1)6(i)
1001,DIM00398AJ,MAHINDRA LOGISTICS LIMITED,27AAFCM2530H1ZO,2025-12-03,2610474283,3400826353,2026,3188864076,001,,0000,000,2025-11-29,2025-11-08,INR,262701504031,RE,H,-291225.48,-291225.48,CLMS-OCT-25,0016080001,,,2025-11-29,C005,248486,1988,CI,C1,0.0,100,2,194C,Cont. Cos - 2%-New Sec-393(1)6(i)
1001,DIM00398AJ,MAHINDRA LOGISTICS LIMITED,27AAFCM2530H1ZO,2025-12-03,2610474283,3400826393,2026,3188864186,001,,0000,000,2025-11-29,2025-11-08,INR,262701503968,RE,H,-5273597.26,-5273597.26,CLMS-OCT-25,0016080001,,,2025-11-29,C005,4499657,35998,CI,C1,0.0,100,2,194C,Cont. Cos - 2%-New Sec-393(1)6(i)
1001,DIM00398AJ,MAHINDRA LOGISTICS LIMITED,27AAFCM2530H1ZO,2025-12-03,2610474283,3400817507,2026,3188864021,001,,0000,000,2025-11-29,2025-04-19,INR,262701042633,RE,H,-7548.38,-7548.38,Linefeeding -Mar-25,0016080001,,,2025-11-29,C005,6441,52,CI,C1,0.0,100,2,194C,Cont. Cos - 2%-New Sec-393(1)6(i)
1001,DIM00398AJ,MAHINDRA LOGISTICS LIMITED,27AAFCM2530H1ZO,2025-12-03,2610474283,3400826353,2026,3188864204,001,,0000,000,2025-11-29,2025-11-08,INR,262701504014,RE,H,-6241.68,-6241.68,CLMS-OCT-25,0016080001,,,2025-11-29,C005,5326,43,CI,C1,0.0,100,2,194C,Cont. Cos - 2%-New Sec-393(1)6(i)
1001,DIM00398AJ,MAHINDRA LOGISTICS LIMITED,27AAFCM2530H1ZO,2025-12-03,2610474283,3400826353,2026,3188864200,001,,0000,000,2025-11-29,2025-11-08,INR,262701503984,RE,H,-132287.14,-132287.14,CLMS-OCT-25,0016080001,,,2025-11-29,C005,112873,903,CI,C1,0.0,100,2,194C,Cont. Cos - 2%-New Sec-393(1)6(i)
1001,DIM00398AJ,MAHINDRA LOGISTICS LIMITED,27AAFCM2530H1ZO,2025-12-03,2610474283,3400824562,2026,3188864061,001,,0000,000,2025-11-29,2025-10-08,INR,262701427686,RE,H,-8121.4,-8121.4,CLMS-SEPT-25,0016080001,,,2025-11-29,C005,6930,56,CI,C1,0.0,100,2,194C,Cont. Cos - 2%-New Sec-393(1)6(i)
1001,DIM00398AJ,MAHINDRA LOGISTICS LIMITED,27AAFCM2530H1ZO,2025-12-03,2610474283,3400815227,2026,3188864032,001,,0000,000,2025-11-29,2025-09-10,INR,262701362728,RE,H,-69187,-69187,CLMS-AUG-25,0016060001,,,2025-11-29,C005,59033.88,473,,,,,,,
1001,DIM00398AJ,MAHINDRA LOGISTICS LIMITED,27AAFCM2530H1ZO,2025-12-03,2610474283,3400826353,2026,3188864198,001,,0000,000,2025-11-29,2025-11-08,INR,262701503977,RE,H,-487097.16,-487097.16,CLMS-OCT-25,0016080001,,,2025-11-29,C005,415612,3325,CI,C1,0.0,100,2,194C,Cont. Cos - 2%-New Sec-393(1)6(i)
1001,DIM00398AJ,MAHINDRA LOGISTICS LIMITED,27AAFCM2530H1ZO,2025-12-03,2610474283,3400826353,2026,3188864206,001,,0000,000,2025-11-29,2025-11-08,INR,262701504022,RE,H,-35129.32,-35129.32,CLMS-OCT-25,0016080001,,,2025-11-29,C005,29974,240,CI,C1,0.0,100,2,194C,Cont. Cos - 2%-New Sec-393(1)6(i)
1001,DIM00398AJ,MAHINDRA LOGISTICS LIMITED,27AAFCM2530H1ZO,2025-12-03,2610474283,3400826353,2026,3188864089,001,,0000,000,2025-11-29,2025-11-08,INR,262701503987,RE,H,-65688.82,-65688.82,CLMS-OCT-25,0016080001,,,2025-11-29,C005,56049,449,CI,C1,0.0,100,2,194C,Cont. Cos - 2%-New Sec-393(1)6(i)
1001,DIM00398AJ,MAHINDRA LOGISTICS LIMITED,27AAFCM2530H1ZO,2025-12-03,2610474283,3400826353,2026,3188864106,001,,0000,000,2025-11-29,2025-11-08,INR,262701504015,RE,H,-7268.36,-7268.36,CLMS-OCT-25,0016080001,,,2025-11-29,C005,6202,50,CI,C1,0.0,100,2,194C,Cont. Cos - 2%-New Sec-393(1)6(i)
1001,DIM00398AJ,MAHINDRA LOGISTICS LIMITED,27AAFCM2530H1ZO,2025-12-03,2610474283,3400815227,2026,3188864053,001,,0000,000,2025-11-29,2025-09-10,INR,262701362710,RE,H,-37739,-37739,CLMS-AUG-25,0016060001,,,2025-11-29,C005,32200.82,258,,,,,,,
1001,DIM00398AJ,MAHINDRA LOGISTICS LIMITED,27AAFCM2530H1ZO,2025-12-03,2610474283,3400815239,2026,3188864154,001,,0000,000,2025-11-29,2025-11-08,INR,262701504037,RE,H,-59804.04,-59804.04,CLMS-OCT-25,0016080001,,,2025-11-29,C005,51028,409,CI,C1,0.0,100,2,194C,Cont. Cos - 2%-New Sec-393(1)6(i)
1001,DIM00398AJ,MAHINDRA LOGISTICS LIMITED,27AAFCM2530H1ZO,2025-12-03,2610474283,3400826353,2026,3188864146,001,,0000,000,2025-11-29,2025-11-08,INR,262701503985,RE,H,-148391.52,-148391.52,CLMS-OCT-25,0016080001,,,2025-11-29,C005,126614,1013,CI,C1,0.0,100,2,194C,Cont. Cos - 2%-New Sec-393(1)6(i)
1001,DIM00398AJ,MAHINDRA LOGISTICS LIMITED,27AAFCM2530H1ZO,2025-12-03,2610474283,3400826393,2026,3188864246,001,,0000,000,2025-11-29,2025-11-14,INR,262701524706,RE,H,-591426.58,-591426.58,CLMS-OCT-25,0016080001,,,2025-11-29,C005,504631,4038,CI,C1,0.0,100,2,194C,Cont. Cos - 2%-New Sec-393(1)6(i)
1001,DIM00398AJ,MAHINDRA LOGISTICS LIMITED,27AAFCM2530H1ZO,2025-12-03,2610474283,3400826353,2026,3188864147,001,,0000,000,2025-11-29,2025-11-14,INR,262701524711,RE,H,-350761.3,-350761.3,CLMS-OCT-25,0016080001,,,2025-11-29,C005,299285,2395,CI,C1,0.0,100,2,194C,Cont. Cos - 2%-New Sec-393(1)6(i)
1001,DIM00398AJ,MAHINDRA LOGISTICS LIMITED,27AAFCM2530H1ZO,2025-12-03,2610474283,3400826353,2026,3188864218,001,,0000,000,2025-11-29,2025-11-08,INR,262701504007,RE,H,-156264.76,-156264.76,CLMS-OCT-25,0016080001,,,2025-11-29,C005,133332,1067,CI,C1,0.0,100,2,194C,Cont. Cos - 2%-New Sec-393(1)6(i)
1001,DIM00398AJ,MAHINDRA LOGISTICS LIMITED,27AAFCM2530H1ZO,2025-12-03,2610474283,3400815227,2026,3188864052,001,,0000,000,2025-11-29,2025-09-10,INR,262701362709,RE,H,-11704,-11704,CLMS-AUG-25,0016060001,,,2025-11-29,C005,9986.34,80,,,,,,,
1001,DIM00398AJ,MAHINDRA LOGISTICS LIMITED,27AAFCM2530H1ZO,2025-12-03,2610474283,3400826353,2026,3188864192,001,,0000,000,2025-11-29,2025-11-08,INR,262701503974,RE,H,-94485.42,-94485.42,CLMS-OCT-25,0016080001,,,2025-11-29,C005,80619,645,CI,C1,0.0,100,2,194C,Cont. Cos - 2%-New Sec-393(1)6(i)
1001,DIM00398AJ,MAHINDRA LOGISTICS LIMITED,27AAFCM2530H1ZO,2025-12-03,2610474283,3400826353,2026,3188864208,001,,0000,000,2025-11-29,2025-11-08,INR,262701504024,RE,H,-69046.52,-69046.52,CLMS-OCT-25,0016080001,,,2025-11-29,C005,58914,472,CI,C1,0.0,100,2,194C,Cont. Cos - 2%-New Sec-393(1)6(i)
1001,DIM00398AJ,MAHINDRA LOGISTICS LIMITED,27AAFCM2530H1ZO,2025-12-03,2610474283,3400819855,2026,3188864024,001,,0000,000,2025-11-29,2025-08-24,INR,262701329951,RE,H,-7821.32,-7821.32,CLMS-JULY-25,0016080001,,,2025-11-29,C005,6674,54,CI,C1,0.0,100,2,194C,Cont. Cos - 2%-New Sec-393(1)6(i)
1001,DIM00398AJ,MAHINDRA LOGISTICS LIMITED,27AAFCM2530H1ZO,2025-12-03,2610474283,3400826353,2026,3188864070,001,,0000,000,2025-11-29,2025-11-08,INR,262701504021,RE,H,-106427.62,-106427.62,CLMS-OCT-25,0016080001,,,2025-11-29,C005,90809,727,CI,C1,0.0,100,2,194C,Cont. Cos - 2%-New Sec-393(1)6(i)
1001,DIM00398AJ,MAHINDRA LOGISTICS LIMITED,27AAFCM2530H1ZO,2025-12-03,2610474283,3400826353,2026,3188864091,001,,0000,000,2025-11-29,2025-11-08,INR,262701503988,RE,H,-74498.88,-74498.88,CLMS-OCT-25,0016080001,,,2025-11-29,C005,63566,509,CI,C1,0.0,100,2,194C,Cont. Cos - 2%-New Sec-393(1)6(i)
1001,DIM00398AJ,MAHINDRA LOGISTICS LIMITED,27AAFCM2530H1ZO,2025-12-03,2610474283,3400826353,2026,3188864111,001,,0000,000,2025-11-29,2025-11-08,INR,262701503971,RE,H,-47241.62,-47241.62,CLMS-OCT-25,0016080001,,,2025-11-29,C005,40309,323,CI,C1,0.0,100,2,194C,Cont. Cos - 2%-New Sec-393(1)6(i)
1001,DIM00398AJ,MAHINDRA LOGISTICS LIMITED,27AAFCM2530H1ZO,2025-12-03,2610474283,3400826353,2026,3188864142,001,,0000,000,2025-11-29,2025-11-08,INR,262701503983,RE,H,-38763.5,-38763.5,CLMS-OCT-25,0016080001,,,2025-11-29,C005,33075,265,CI,C1,0.0,100,2,194C,Cont. Cos - 2%-New Sec-393(1)6(i)
1001,DIM00398AJ,MAHINDRA LOGISTICS LIMITED,27AAFCM2530H1ZO,2025-12-03,2610474283,3400826353,2026,3188864139,001,,0000,000,2025-11-29,2025-11-08,INR,262701503969,RE,H,-1303.16,-1303.16,CLMS-OCT-25,0016080001,,,2025-11-29,C005,1112,9,CI,C1,0.0,100,2,194C,Cont. Cos - 2%-New Sec-393(1)6(i)
1001,DIM00398AJ,MAHINDRA LOGISTICS LIMITED,27AAFCM2530H1ZO,2025-12-03,2610474283,3400826353,2026,3188864196,001,,0000,000,2025-11-29,2025-11-08,INR,262701504003,RE,H,-35129.32,-35129.32,CLMS-OCT-25,0016080001,,,2025-11-29,C005,29974,240,CI,C1,0.0,100,2,194C,Cont. Cos - 2%-New Sec-393(1)6(i)
1001,DIM00398AJ,MAHINDRA LOGISTICS LIMITED,27AAFCM2530H1ZO,2025-12-03,2610474283,3400815227,2026,3188864055,001,,0000,000,2025-11-29,2025-09-10,INR,262701362721,RE,H,-18869,-18869,CLMS-AUG-25,0016060001,,,2025-11-29,C005,16100,129,,,,,,,
1001,DIM00398AJ,MAHINDRA LOGISTICS LIMITED,27AAFCM2530H1ZO,2025-12-03,2610474283,3400824562,2026,3188864062,001,,0000,000,2025-11-29,2025-10-08,INR,262701427687,RE,H,-67929.98,-67929.98,CLMS-SEPT-25,0016080001,,,2025-11-29,C005,57961,464,CI,C1,0.0,100,2,194C,Cont. Cos - 2%-New Sec-393(1)6(i)
1001,DIM00398AJ,MAHINDRA LOGISTICS LIMITED,27AAFCM2530H1ZO,2025-12-03,2610474283,3400815227,2026,3188864033,001,,0000,000,2025-11-29,2025-09-10,INR,262701362756,RE,H,-16353,-16353,CLMS-AUG-25,0016060001,,,2025-11-29,C005,13953.28,112,,,,,,,
1001,DIM00398AJ,MAHINDRA LOGISTICS LIMITED,27AAFCM2530H1ZO,2025-12-03,2610474283,3400826393,2026,3188864174,001,,0000,000,2025-11-29,2025-11-14,INR,262701524705,RE,H,-1265874.64,-1265874.64,CLMS-OCT-25,0016080001,,,2025-11-29,C005,1080098,8641,CI,C1,0.0,100,2,194C,Cont. Cos - 2%-New Sec-393(1)6(i)
1001,DIM00398AJ,MAHINDRA LOGISTICS LIMITED,27AAFCM2530H1ZO,2025-12-03,2610474283,3400826393,2026,3188864237,001,,0000,000,2025-11-29,2025-11-14,INR,262701524717,RE,H,-2427668.2,-2427668.2,CLMS-OCT-25,0016080001,,,2025-11-29,C005,2071390,16572,CI,C1,0.0,100,2,194C,Cont. Cos - 2%-New Sec-393(1)6(i)
1001,DIM00398AJ,MAHINDRA LOGISTICS LIMITED,27AAFCM2530H1ZO,2025-12-03,2610474283,3400826353,2026,3188864214,001,,0000,000,2025-11-29,2025-11-08,INR,262701504030,RE,H,-195679.16,-195679.16,CLMS-OCT-25,0016080001,,,2025-11-29,C005,166962,1336,CI,C1,0.0,100,2,194C,Cont. Cos - 2%-New Sec-393(1)6(i)
1001,DIM00398AJ,MAHINDRA LOGISTICS LIMITED,27AAFCM2530H1ZO,2025-12-03,2610474283,3400826353,2026,3188864096,001,,0000,000,2025-11-29,2025-11-08,INR,262701504050,RE,H,-69737.72,-69737.72,CLMS-OCT-25,0016080001,,,2025-11-29,C005,59504,477,CI,C1,0.0,100,2,194C,Cont. Cos - 2%-New Sec-393(1)6(i)
1001,DIM00398AJ,MAHINDRA LOGISTICS LIMITED,27AAFCM2530H1ZO,2025-12-03,2610474283,3400814055,2026,3188864019,001,,0000,000,2025-11-29,2025-09-10,INR,262701362794,RE,H,-31133.7,-31133.7,CLMS-AUG-25,0016080001,,,2025-11-29,C005,26565,213,CI,C1,0.0,100,2,194C,Cont. Cos - 2%-New Sec-393(1)6(i)
1001,DIM00398AJ,MAHINDRA LOGISTICS LIMITED,27AAFCM2530H1ZO,2025-12-03,2610474283,3400826393,2026,3188864166,001,,0000,000,2025-11-29,2025-11-08,INR,262701504018,RE,H,-1911666.7,-1911666.7,CLMS-OCT-25,0016080001,,,2025-11-29,C005,1631115,13049,CI,C1,0.0,100,2,194C,Cont. Cos - 2%-New Sec-393(1)6(i)
1001,DIM00398AJ,MAHINDRA LOGISTICS LIMITED,27AAFCM2530H1ZO,2025-12-03,2610474283,3400815227,2026,3188864059,001,,0000,000,2025-11-29,2025-09-10,INR,262701362784,RE,H,-2612,-2612,CLMS-AUG-25,0016060001,,,2025-11-29,C005,2228.78,18,,,,,,,
1001,DIM00398AJ,MAHINDRA LOGISTICS LIMITED,27AAFCM2530H1ZO,2025-12-03,2610474283,3400826353,2026,3188864224,001,,0000,000,2025-11-29,2025-11-08,INR,262701504026,RE,H,-35129.32,-35129.32,CLMS-OCT-25,0016080001,,,2025-11-29,C005,29974,240,CI,C1,0.0,100,2,194C,Cont. Cos - 2%-New Sec-393(1)6(i)
1001,DIM00398AJ,MAHINDRA LOGISTICS LIMITED,27AAFCM2530H1ZO,2025-12-03,2610474283,3400826393,2026,3188864158,001,,0000,000,2025-11-29,2025-11-14,INR,262701524710,RE,H,-1084271.46,-1084271.46,CLMS-OCT-25,0016080001,,,2025-11-29,C005,925147,7402,CI,C1,0.0,100,2,194C,Cont. Cos - 2%-New Sec-393(1)6(i)
1001,DIM00398AJ,MAHINDRA LOGISTICS LIMITED,27AAFCM2530H1ZO,2025-12-03,2610474283,3400826353,2026,3188864203,001,,0000,000,2025-11-29,2025-11-14,INR,262701524716,RE,H,-531516.34,-531516.34,CLMS-OCT-25,0016080001,,,2025-11-29,C005,453513,3629,CI,C1,0.0,100,2,194C,Cont. Cos - 2%-New Sec-393(1)6(i)
1001,DIM00398AJ,MAHINDRA LOGISTICS LIMITED,27AAFCM2530H1ZO,2025-12-03,2610474283,3400826393,2026,3188864240,001,,0000,000,2025-11-29,2025-11-08,INR,262701503973,RE,H,-1447571.4,-1447571.4,CLMS-OCT-25,0016080001,,,2025-11-29,C005,1235130,9882,CI,C1,0.0,100,2,194C,Cont. Cos - 2%-New Sec-393(1)6(i)
1001,DIM00398AJ,MAHINDRA LOGISTICS LIMITED,27AAFCM2530H1ZO,2025-12-03,2610474283,3400826353,2026,3188864081,001,,0000,000,2025-11-29,2025-11-08,INR,262701504010,RE,H,-2423.24,-2423.24,CLMS-OCT-25,0016080001,,,2025-11-29,C005,2068,17,CI,C1,0.0,100,2,194C,Cont. Cos - 2%-New Sec-393(1)6(i)
1001,DIM00398AJ,MAHINDRA LOGISTICS LIMITED,27AAFCM2530H1ZO,2025-12-03,2610474283,3400826353,2026,3188864213,001,,0000,000,2025-11-29,2025-11-08,INR,262701504028,RE,H,-66966.02,-66966.02,CLMS-OCT-25,0016080001,,,2025-11-29,C005,57139,458,CI,C1,0.0,100,2,194C,Cont. Cos - 2%-New Sec-393(1)6(i)
1001,DIM00398AJ,MAHINDRA LOGISTICS LIMITED,27AAFCM2530H1ZO,2025-12-03,2610474283,3400826353,2026,3188864098,001,,0000,000,2025-11-29,2025-11-08,INR,262701503976,RE,H,-26650.02,-26650.02,CLMS-OCT-25,0016080001,,,2025-11-29,C005,22739,182,CI,C1,0.0,100,2,194C,Cont. Cos - 2%-New Sec-393(1)6(i)
1001,DIM00398AJ,MAHINDRA LOGISTICS LIMITED,27AAFCM2530H1ZO,2025-12-03,2610474283,3400826393,2026,3188864232,001,,0000,000,2025-11-29,2025-11-08,INR,262701503981,RE,H,-1546779.04,-1546779.04,CLMS-OCT-25,0016080001,,,2025-11-29,C005,1319778,10559,CI,C1,0.0,100,2,194C,Cont. Cos - 2%-New Sec-393(1)6(i)
1001,DIM00398AJ,MAHINDRA LOGISTICS LIMITED,27AAFCM2530H1ZO,2025-12-03,2610474283,3400814055,2026,3188864018,001,,0000,000,2025-11-29,2025-08-24,INR,262701329959,RE,H,-29981.76,-29981.76,CLMS-JULY-25,0016080001,,,2025-11-29,C005,25582,205,CI,C1,0.0,100,2,194C,Cont. Cos - 2%-New Sec-393(1)6(i)
1001,DIM00398AJ,MAHINDRA LOGISTICS LIMITED,27AAFCM2530H1ZO,2025-12-03,2610474283,3400826353,2026,3188864127,001,,0000,000,2025-11-29,2025-11-08,INR,262701503990,RE,H,-133248.92,-133248.92,CLMS-OCT-25,0016080001,,,2025-11-29,C005,113694,910,CI,C1,0.0,100,2,194C,Cont. Cos - 2%-New Sec-393(1)6(i)
1001,DIM00398AJ,MAHINDRA LOGISTICS LIMITED,27AAFCM2530H1ZO,2025-12-03,2610474283,3400815227,2026,3188864030,001,,0000,000,2025-11-29,2025-09-10,INR,262701362715,RE,H,-32706,-32706,CLMS-AUG-25,0016060001,,,2025-11-29,C005,27906.74,224,,,,,,,
1001,DIM00398AJ,MAHINDRA LOGISTICS LIMITED,27AAFCM2530H1ZO,2025-12-03,2610474283,3400826353,2026,3188864101,001,,0000,000,2025-11-29,2025-11-08,INR,262701503982,RE,H,-2514.28,-2514.28,CLMS-OCT-25,0016080001,,,2025-11-29,C005,2146,18,CI,C1,0.0,100,2,194C,Cont. Cos - 2%-New Sec-393(1)6(i)
1001,DIM00398AJ,MAHINDRA LOGISTICS LIMITED,27AAFCM2530H1ZO,2025-12-03,2610474283,3400806321,2026,3188864026,001,,0000,000,2025-11-29,2025-06-26,INR,262701194647,RE,H,-145361.22,-145361.22,CLMS-MAY-25,0016080001,,,2025-11-29,C005,124029,993,CI,C1,0.0,100,2,194C,Cont. Cos - 2%-New Sec-393(1)6(i)
1001,DIM00398AJ,MAHINDRA LOGISTICS LIMITED,27AAFCM2530H1ZO,2025-12-03,2610474283,3400826353,2026,3188864124,001,,0000,000,2025-11-29,2025-11-14,INR,262701524708,RE,H,-534044.6,-534044.6,CLMS-OCT-25,0016080001,,,2025-11-29,C005,455670,3646,CI,C1,0.0,100,2,194C,Cont. Cos - 2%-New Sec-393(1)6(i)
1001,DIM00398AJ,MAHINDRA LOGISTICS LIMITED,27AAFCM2530H1ZO,2025-12-03,2610474283,3400826353,2026,3188864085,001,,0000,000,2025-11-29,2025-11-14,INR,262701524709,RE,H,-265358.88,-265358.88,CLMS-OCT-25,0016080001,,,2025-11-29,C005,226416,1812,CI,C1,0.0,100,2,194C,Cont. Cos - 2%-New Sec-393(1)6(i)
1001,DIM00398AJ,MAHINDRA LOGISTICS LIMITED,27AAFCM2530H1ZO,2025-12-03,2610474283,3400815227,2026,3188864041,001,,0000,000,2025-11-29,2025-09-10,INR,262701362755,RE,H,-9379,-9379,CLMS-AUG-25,0016060001,,,2025-11-29,C005,8003.28,65,,,,,,,
1001,DIM00398AJ,MAHINDRA LOGISTICS LIMITED,27AAFCM2530H1ZO,2025-12-03,2610474283,3400826353,2026,3188864194,001,,0000,000,2025-11-29,2025-11-08,INR,262701503975,RE,H,-25439.08,-25439.08,CLMS-OCT-25,0016080001,,,2025-11-29,C005,21706,174,CI,C1,0.0,100,2,194C,Cont. Cos - 2%-New Sec-393(1)6(i)
1001,DIM00398AJ,MAHINDRA LOGISTICS LIMITED,27AAFCM2530H1ZO,2025-12-03,2610474283,3400826353,2026,3188864202,001,,0000,000,2025-11-29,2025-11-08,INR,262701503997,RE,H,-209563.62,-209563.62,CLMS-OCT-25,0016080001,,,2025-11-29,C005,178809,1431,CI,C1,0.0,100,2,194C,Cont. Cos - 2%-New Sec-393(1)6(i)
1001,DIM00398AJ,MAHINDRA LOGISTICS LIMITED,27AAFCM2530H1ZO,2025-12-03,2610474283,3400815227,2026,3188864043,001,,0000,000,2025-11-29,2025-09-10,INR,262701362758,RE,H,-12962,-12962,CLMS-AUG-25,0016060001,,,2025-11-29,C005,11060.02,89,,,,,,,
1001,DIM00398AJ,MAHINDRA LOGISTICS LIMITED,27AAFCM2530H1ZO,2025-12-03,2610474283,3400815227,2026,3188864046,001,,0000,000,2025-11-29,2025-09-10,INR,262701362727,RE,H,-66671,-66671,CLMS-AUG-25,0016060001,,,2025-11-29,C005,56887.16,456,,,,,,,
1001,DIM00398AJ,MAHINDRA LOGISTICS LIMITED,27AAFCM2530H1ZO,2025-12-03,2610474283,3400826393,2026,3188864216,001,,0000,000,2025-11-29,2025-11-08,INR,262701504016,RE,H,-5501071.46,-5501071.46,CLMS-OCT-25,0016080001,,,2025-11-29,C005,4693747,37550,CI,C1,0.0,100,2,194C,Cont. Cos - 2%-New Sec-393(1)6(i)
1001,DIM00398AJ,MAHINDRA LOGISTICS LIMITED,27AAFCM2530H1ZO,2025-12-03,2610474283,3400815239,2026,3188864152,001,,0000,000,2025-11-29,2025-10-17,INR,262701453294,RE,H,-32706.26,-32706.26,CLMS-SEPT-25,0016080001,,,2025-11-29,C005,27907,224,CI,C1,0.0,100,2,194C,Cont. Cos - 2%-New Sec-393(1)6(i)
1001,DIM00398AJ,MAHINDRA LOGISTICS LIMITED,27AAFCM2530H1ZO,2025-12-03,2610474283,3400826353,2026,3188864188,001,,0000,000,2025-11-29,2025-11-08,INR,262701503999,RE,H,-148995.4,-148995.4,CLMS-OCT-25,0016080001,,,2025-11-29,C005,127130,1018,CI,C1,0.0,100,2,194C,Cont. Cos - 2%-New Sec-393(1)6(i)
1001,DIM00398AJ,MAHINDRA LOGISTICS LIMITED,27AAFCM2530H1ZO,2025-12-03,2610474283,3400812971,2026,3188864017,001,,0000,000,2025-11-29,2025-08-24,INR,262701329936,RE,H,-74802.5,-74802.5,CLMS-JULY-25,0016080001,,,2025-11-29,C005,63825,511,CI,C1,0.0,100,2,194C,Cont. Cos - 2%-New Sec-393(1)6(i)
1001,DIM00398AJ,MAHINDRA LOGISTICS LIMITED,27AAFCM2530H1ZO,2025-12-03,2610474283,3400815227,2026,3188864037,001,,0000,000,2025-11-29,2025-09-10,INR,262701362770,RE,H,-92473,-92473,CLMS-AUG-25,0016060001,,,2025-11-29,C005,78902.46,632,,,,,,,
1001,DIM00398AJ,MAHINDRA LOGISTICS LIMITED,27AAFCM2530H1ZO,2025-12-03,2610474283,3400817840,2026,3188864057,001,,0000,000,2025-11-29,2025-07-23,INR,262701251938,RE,H,-1415569.32,-1415569.32,CLMS-JUN-25,0016080001,,,2025-11-29,C005,1207824,9663,CI,C1,0.0,100,2,194C,Cont. Cos - 2%-New Sec-393(1)6(i)
1001,DIM00398AJ,MAHINDRA LOGISTICS LIMITED,27AAFCM2530H1ZO,2025-12-03,2610474283,3400826393,2026,3188864234,001,,0000,000,2025-11-29,2025-11-14,INR,262701524707,RE,H,-830414.1,-830414.1,CLMS-OCT-25,0016080001,,,2025-11-29,C005,708545,5669,CI,C1,0.0,100,2,194C,Cont. Cos - 2%-New Sec-393(1)6(i)
1001,DIM00398AJ,MAHINDRA LOGISTICS LIMITED,27AAFCM2530H1ZO,2025-12-03,2610474283,3400826353,2026,3188864105,001,,0000,000,2025-11-29,2025-11-08,INR,262701504004,RE,H,-37800.72,-37800.72,CLMS-OCT-25,0016080001,,,2025-11-29,C005,32254,259,CI,C1,0.0,100,2,194C,Cont. Cos - 2%-New Sec-393(1)6(i)
1001,DIM00398AJ,MAHINDRA LOGISTICS LIMITED,27AAFCM2530H1ZO,2025-12-03,2610474283,3400826353,2026,3188864212,001,,0000,000,2025-11-29,2025-11-08,INR,262701504002,RE,H,-493021.06,-493021.06,CLMS-OCT-25,0016080001,,,2025-11-29,C005,420667,3366,CI,C1,0.0,100,2,194C,Cont. Cos - 2%-New Sec-393(1)6(i)
1001,DIM00398AJ,MAHINDRA LOGISTICS LIMITED,27AAFCM2530H1ZO,2025-12-03,2610474283,3400826353,2026,3188864210,001,,0000,000,2025-11-29,2025-11-08,INR,262701503993,RE,H,-290092.6,-290092.6,CLMS-OCT-25,0016080001,,,2025-11-29,C005,247520,1981,CI,C1,0.0,100,2,194C,Cont. Cos - 2%-New Sec-393(1)6(i)
1001,DIM00398AJ,MAHINDRA LOGISTICS LIMITED,27AAFCM2530H1ZO,2025-12-03,2610474283,3400826353,2026,3188864103,001,,0000,000,2025-11-29,2025-11-08,INR,262701504001,RE,H,-287091.62,-287091.62,CLMS-OCT-25,0016080001,,,2025-11-29,C005,244959,1960,CI,C1,0.0,100,2,194C,Cont. Cos - 2%-New Sec-393(1)6(i)
1001,DIM00398AJ,MAHINDRA LOGISTICS LIMITED,27AAFCM2530H1ZO,2025-12-03,2610474283,3400826353,2026,3188864197,001,,0000,000,2025-11-29,2025-11-08,INR,262701504006,RE,H,-68085.92,-68085.92,CLMS-OCT-25,0016080001,,,2025-11-29,C005,58094,465,CI,C1,0.0,100,2,194C,Cont. Cos - 2%-New Sec-393(1)6(i)
1001,DIM00398AJ,MAHINDRA LOGISTICS LIMITED,27AAFCM2530H1ZO,2025-12-24,2610506839,3400830585,2026,3189542447,001,,0000,000,2025-12-19,2025-06-26,INR,262701194557,RE,H,-272145.08,-272145.08,Fixed Staff & GMI-May-25,0016080001,,,2025-12-19,C005,232206,1858,CI,C1,0.0,100,2,194C,Cont. Cos - 2%-New Sec-393(1)6(i)
1001,DIM00398AJ,MAHINDRA LOGISTICS LIMITED,27AAFCM2530H1ZO,2025-12-24,2610506839,3400830585,2026,3189542360,001,,0000,000,2025-12-19,2025-05-13,INR,262701096060,RE,H,-124547.6,-124547.6,Fixed Staff & GMI-Apr-25,0016080001,,,2025-12-19,C005,106270,851,CI,C1,0.0,100,2,194C,Cont. Cos - 2%-New Sec-393(1)6(i)
1001,DIM00398AJ,MAHINDRA LOGISTICS LIMITED,27AAFCM2530H1ZO,2025-12-24,2610506839,3400830585,2026,3189542398,001,,0000,000,2025-12-19,2025-09-10,INR,262701361251,RE,H,-4051.26,-4051.26,Fixed Staff & GMI-Aug-25,0016080001,,,2025-12-19,C005,3457,28,CI,C1,0.0,100,2,194C,Cont. Cos - 2%-New Sec-393(1)6(i)
1001,DIM00398AJ,MAHINDRA LOGISTICS LIMITED,27AAFCM2530H1ZO,2025-12-24,2610506839,3400830585,2026,3189542362,001,,0000,000,2025-12-19,2025-05-13,INR,262701096085,RE,H,-183675.6,-183675.6,Fixed Staff & GMI-Apr-25,0016080001,,,2025-12-19,C005,156720,1254,CI,C1,0.0,100,2,194C,Cont. Cos - 2%-New Sec-393(1)6(i)
1001,DIM00398AJ,MAHINDRA LOGISTICS LIMITED,27AAFCM2530H1ZO,2025-12-24,2610506839,3400830585,2026,3189542367,001,,0000,000,2025-12-19,2025-05-13,INR,262701096061,RE,H,-295672.58,-295672.58,Fixed Staff & GMI-Apr-25,0016080001,,,2025-12-19,C005,252281,2019,CI,C1,0.0,100,2,194C,Cont. Cos - 2%-New Sec-393(1)6(i)
1001,DIM00398AJ,MAHINDRA LOGISTICS LIMITED,27AAFCM2530H1ZO,2025-12-24,2610506839,3400830585,2026,3189542369,001,,0000,000,2025-12-19,2025-05-13,INR,262701096057,RE,H,-83032.46,-83032.46,Fixed Staff & GMI-Apr-25,0016080001,,,2025-12-19,C005,70847,567,CI,C1,0.0,100,2,194C,Cont. Cos - 2%-New Sec-393(1)6(i)
1001,DIM00398AJ,MAHINDRA LOGISTICS LIMITED,27AAFCM2530H1ZO,2025-12-24,2610506839,3400830585,2026,3189542356,001,,0000,000,2025-12-19,2025-05-13,INR,262701096059,RE,H,-104633.04,-104633.04,Fixed Staff & GMI-Apr-25,0016080001,,,2025-12-19,C005,89278,715,CI,C1,0.0,100,2,194C,Cont. Cos - 2%-New Sec-393(1)6(i)
1001,DIM00398AJ,MAHINDRA LOGISTICS LIMITED,27AAFCM2530H1ZO,2025-12-24,2610506839,3400830585,2026,3189542413,001,,0000,000,2025-12-19,2025-06-26,INR,262701194537,RE,H,-49845.58,-49845.58,Fixed Staff & GMI-May-25,0016080001,,,2025-12-19,C005,42531,341,CI,C1,0.0,100,2,194C,Cont. Cos - 2%-New Sec-393(1)6(i)
1001,DIM00398AJ,MAHINDRA LOGISTICS LIMITED,27AAFCM2530H1ZO,2025-12-24,2610506839,3400830585,2026,3189542374,001,,0000,000,2025-12-19,2025-06-26,INR,262701194549,RE,H,-95136.5,-95136.5,Fixed Staff & GMI-May-25,0016080001,,,2025-12-19,C005,81175,650,CI,C1,0.0,100,2,194C,Cont. Cos - 2%-New Sec-393(1)6(i)
1001,DIM00398AJ,MAHINDRA LOGISTICS LIMITED,27AAFCM2530H1ZO,2025-12-24,2610506839,3400830532,2026,3189542349,001,,0000,000,2025-12-19,2025-10-08,INR,262701427677,RE,H,-150956.54,-150956.54,CLMS-SEPT-25,0016080001,,,2025-12-19,C005,128803,1031,CI,C1,0.0,100,2,194C,Cont. Cos - 2%-New Sec-393(1)6(i)
1001,DIM00398AJ,MAHINDRA LOGISTICS LIMITED,27AAFCM2530H1ZO,2025-12-24,2610506839,3400830585,2026,3189542419,001,,0000,000,2025-12-19,2025-06-26,INR,262701194572,RE,H,-134210.7,-134210.7,Fixed Staff & GMI-May-25,0016080001,,,2025-12-19,C005,114515,917,CI,C1,0.0,100,2,194C,Cont. Cos - 2%-New Sec-393(1)6(i)
1001,DIM00398AJ,MAHINDRA LOGISTICS LIMITED,27AAFCM2530H1ZO,2025-12-24,2610506839,3400830532,2026,3189542353,001,,0000,000,2025-12-19,2025-11-08,INR,262701504034,RE,H,-84795.18,-84795.18,CLMS-OCT-25,0016080001,,,2025-12-19,C005,72351,579,CI,C1,0.0,100,2,194C,Cont. Cos - 2%-New Sec-393(1)6(i)
1001,DIM00398AJ,MAHINDRA LOGISTICS LIMITED,27AAFCM2530H1ZO,2025-12-24,2610506839,3400830585,2026,3189542371,001,,0000,000,2025-12-19,2025-05-13,INR,262701096047,RE,H,-48404.18,-48404.18,Fixed Staff & GMI-Apr-25,0016080001,,,2025-12-19,C005,41301,331,CI,C1,0.0,100,2,194C,Cont. Cos - 2%-New Sec-393(1)6(i)
1001,DIM00398AJ,MAHINDRA LOGISTICS LIMITED,27AAFCM2530H1ZO,2025-12-24,2610506839,3400830585,2026,3189542409,001,,0000,000,2025-12-19,2025-09-10,INR,262701361209,RE,H,-123745.3,-123745.3,Fixed Staff & GMI-Aug-25,0016080001,,,2025-12-19,C005,105585,845,CI,C1,0.0,100,2,194C,Cont. Cos - 2%-New Sec-393(1)6(i)
1001,DIM00398AJ,MAHINDRA LOGISTICS LIMITED,27AAFCM2530H1ZO,2025-12-24,2610506839,3400830585,2026,3189542402,001,,0000,000,2025-12-19,2025-05-13,INR,262701096090,RE,H,-41962.9,-41962.9,Fixed Staff & GMI-Apr25,0016080001,,,2025-12-19,C005,35805,287,CI,C1,0.0,100,2,194C,Cont. Cos - 2%-New Sec-393(1)6(i)
1001,DIM00398AJ,MAHINDRA LOGISTICS LIMITED,27AAFCM2530H1ZO,2025-12-24,2610506839,3400830585,2026,3189542434,001,,0000,000,2025-12-19,2025-06-26,INR,262701194544,RE,H,-267587.06,-267587.06,Fixed Staff & GMI-May-25,0016080001,,,2025-12-19,C005,228317,1827,CI,C1,0.0,100,2,194C,Cont. Cos - 2%-New Sec-393(1)6(i)
1001,DIM00398AJ,MAHINDRA LOGISTICS LIMITED,27AAFCM2530H1ZO,2025-12-24,2610506839,3400830585,2026,3189542379,001,,0000,000,2025-12-19,2025-05-13,INR,262701096043,RE,H,-12972.42,-12972.42,Fixed Staff & GMI-Apr-25,0016080001,,,2025-12-19,C005,11069,89,CI,C1,0.0,100,2,194C,Cont. Cos - 2%-New Sec-393(1)6(i)
1001,DIM00398AJ,MAHINDRA LOGISTICS LIMITED,27AAFCM2530H1ZO,2025-12-24,2610506839,3400830585,2026,3189542376,001,,0000,000,2025-12-19,2025-06-26,INR,262701194551,RE,H,-287557.08,-287557.08,Fixed Staff & GMI-May-25,0016080001,,,2025-12-19,C005,245356,1963,CI,C1,0.0,100,2,194C,Cont. Cos - 2%-New Sec-393(1)6(i)
1001,DIM00398AJ,MAHINDRA LOGISTICS LIMITED,27AAFCM2530H1ZO,2025-12-24,2610506839,3400830585,2026,3189542365,001,,0000,000,2025-12-19,2025-05-13,INR,262701096088,RE,H,-127892.14,-127892.14,Fixed Staff & GMI-Apr-25,0016080001,,,2025-12-19,C005,109123,873,CI,C1,0.0,100,2,194C,Cont. Cos - 2%-New Sec-393(1)6(i)
1001,DIM00398AJ,MAHINDRA LOGISTICS LIMITED,27AAFCM2530H1ZO,2025-12-24,2610506839,3400830585,2026,3189542380,001,,0000,000,2025-12-19,2025-06-26,INR,262701194580,RE,H,-83032.46,-83032.46,Fixed Staff & GMI-May-25,0016080001,,,2025-12-19,C005,70847,567,CI,C1,0.0,100,2,194C,Cont. Cos - 2%-New Sec-393(1)6(i)
1001,DIM00398AJ,MAHINDRA LOGISTICS LIMITED,27AAFCM2530H1ZO,2025-12-24,2610506839,3400830585,2026,3189542344,001,,0000,000,2025-12-19,2025-09-10,INR,262701361229,RE,H,-49982.64,-49982.64,Fixed Staff & GMI-Aug-25,0016080001,,,2025-12-19,C005,42648,342,CI,C1,0.0,100,2,194C,Cont. Cos - 2%-New Sec-393(1)6(i)
1001,DIM00398AJ,MAHINDRA LOGISTICS LIMITED,27AAFCM2530H1ZO,2025-12-24,2610506839,3400830585,2026,3189644005,001,,0000,000,2025-12-22,2025-04-19,INR,262701042677,RE,H,-249532.16,-249532.16,Paint Shop Manpower -Mar-25,0016080001,,,2025-12-22,C005,212912,1704,CI,C1,0.0,100,2,194C,Cont. Cos - 2%-New Sec-393(1)6(i)
1001,DIM00398AJ,MAHINDRA LOGISTICS LIMITED,27AAFCM2530H1ZO,2025-12-26,2610510217,3400831914,2026,3189644073,001,,0000,000,2025-12-22,2025-10-08,INR,262701427685,RE,H,-112587.7,-112587.7,CLMS-Sept-25,0016080001,,,2025-12-22,C005,96065,769,CI,C1,0.0,100,2,194C,Cont. Cos - 2%-New Sec-393(1)6(i)
1001,DIM00398AJ,MAHINDRA LOGISTICS LIMITED,27AAFCM2530H1ZO,2025-12-24,2610506839,3400830585,2026,3189644029,001,,0000,000,2025-12-22,2025-04-19,INR,262701042658,RE,H,-342928.18,-342928.18,INDIRECT STORE Manpower -MAR-25,0016080001,,,2025-12-22,C005,292601,2341,CI,C1,0.0,100,2,194C,Cont. Cos - 2%-New Sec-393(1)6(i)
1001,DIM00398AJ,MAHINDRA LOGISTICS LIMITED,27AAFCM2530H1ZO,2025-12-24,2610506839,3400830582,2026,3189643816,001,,0000,000,2025-12-22,2025-07-29,INR,262701268515,RE,H,-219744.79,-219744.79,Management Fee-MAR-25,0016080001,,,2025-12-22,C005,187495.59,1500,JI,J1,0.0,100,10,94JB,Prof. Serv. Fees@10%-CONS393(1)6(iii)(b)
1001,DIM00398AJ,MAHINDRA LOGISTICS LIMITED,27AAFCM2530H1ZO,2025-12-26,2610510217,3400831914,2026,3189644064,001,,0000,000,2025-12-22,2025-10-08,INR,262701427684,RE,H,-133343.5,-133343.5,CLMS-SEPT-25,0016080001,,,2025-12-22,C005,113775,911,CI,C1,0.0,100,2,194C,Cont. Cos - 2%-New Sec-393(1)6(i)
1001,DIM00398AJ,MAHINDRA LOGISTICS LIMITED,27AAFCM2530H1ZO,2025-12-24,2610506839,3400821555,2026,3189643726,001,,0000,000,2025-12-22,2025-06-17,INR,262701170850,RE,H,-230332.4,-230332.4,Export Charges-NOV-24,0016080001,,,2025-12-22,C005,196530,1573,CI,C1,0.0,100,2,194C,Cont. Cos - 2%-New Sec-393(1)6(i)
1001,DIM00398AJ,MAHINDRA LOGISTICS LIMITED,27AAFCM2530H1ZO,2025-12-24,2610506839,3400830582,2026,3189643811,001,,0000,000,2025-12-22,2025-07-29,INR,262701268507,RE,H,-210354.03,-210354.03,Management Fee-FEB-25,0016080001,,,2025-12-22,C005,179483.07,1436,JI,J1,0.0,100,10,94JB,Prof. Serv. Fees@10%-CONS393(1)6(iii)(b)
1001,DIM00398AJ,MAHINDRA LOGISTICS LIMITED,27AAFCM2530H1ZO,2025-12-26,2610510217,3400831914,2026,3189644069,001,,0000,000,2025-12-22,2025-11-08,INR,262701504041,RE,H,-93274.48,-93274.48,CLMS-OCT-25,0016080001,,,2025-12-22,C005,79586,637,CI,C1,0.0,100,2,194C,Cont. Cos - 2%-New Sec-393(1)6(i)
1001,DIM00398AJ,MAHINDRA LOGISTICS LIMITED,27AAFCM2530H1ZO,2025-12-24,2610506839,3400830582,2026,3189643844,001,,0000,000,2025-12-22,2025-07-29,INR,262701268491,RE,H,-203997.43,-203997.43,Management Fee-DEC-24,0016080001,,,2025-12-22,C005,174059.69,1393,JI,J1,0.0,100,10,94JB,Prof. Serv. Fees@10%-CONS393(1)6(iii)(b)
1001,DIM00398AJ,MAHINDRA LOGISTICS LIMITED,27AAFCM2530H1ZO,2025-12-24,2610506839,3400830587,2026,3189643868,001,,0000,000,2025-12-22,2025-08-24,INR,262701329954,RE,H,-88064.38,-88064.38,CLMS-JULY-25,0016080001,,,2025-12-22,C005,75141,602,CI,C1,0.0,100,2,194C,Cont. Cos - 2%-New Sec-393(1)6(i)
1001,DIM00398AJ,MAHINDRA LOGISTICS LIMITED,27AAFCM2530H1ZO,2025-12-24,2610506839,3400821555,2026,3189643754,001,,0000,000,2025-12-22,2025-06-17,INR,262701170849,RE,H,-246167.38,-246167.38,Export Charges-OCT-24,0016080001,,,2025-12-22,C005,210041,1681,CI,C1,0.0,100,2,194C,Cont. Cos - 2%-New Sec-393(1)6(i)
1001,DIM00398AJ,MAHINDRA LOGISTICS LIMITED,27AAFCM2530H1ZO,2025-12-24,2610506839,3400830587,2026,3189643877,001,,0000,000,2025-12-22,2025-08-24,INR,262701329957,RE,H,-59311.26,-59311.26,CLMS-JULY-25,0016080001,,,2025-12-22,C005,50607,405,CI,C1,0.0,100,2,194C,Cont. Cos - 2%-New Sec-393(1)6(i)
1001,DIM00398AJ,MAHINDRA LOGISTICS LIMITED,27AAFCM2530H1ZO,2025-12-24,2610506839,3400821555,2026,3189643771,001,,0000,000,2025-12-22,2025-05-06,INR,262701079440,RE,H,-159454.72,-159454.72,Export Charges-MAY-24,0016080001,,,2025-12-22,C005,136054,1089,CI,C1,0.0,100,2,194C,Cont. Cos - 2%-New Sec-393(1)6(i)
1001,DIM00398AJ,MAHINDRA LOGISTICS LIMITED,27AAFCM2530H1ZO,2025-12-26,2610510217,3400831914,2026,3189644053,001,,0000,000,2025-12-22,2025-07-23,INR,262701251939,RE,H,-126420.06,-126420.06,CLMS-JUN-25,0016080001,,,2025-12-22,C005,107867,863,CI,C1,0.0,100,2,194C,Cont. Cos - 2%-New Sec-393(1)6(i)
1001,DIM00398AJ,MAHINDRA LOGISTICS LIMITED,27AAFCM2530H1ZO,2025-12-24,2610506839,3400821555,2026,3189643763,001,,0000,000,2025-12-22,2025-10-31,INR,262701479029,RE,H,-159454.72,-159454.72,Export Charges-MAR-24,0016080001,,,2025-12-22,C005,136054,1089,CI,C1,0.0,100,2,194C,Cont. Cos - 2%-New Sec-393(1)6(i)
1001,DIM00398AJ,MAHINDRA LOGISTICS LIMITED,27AAFCM2530H1ZO,2025-12-24,2610506839,3400831914,2026,3189644046,001,,0000,000,2025-12-22,2025-07-23,INR,262701251940,RE,H,-41210.34,-41210.34,CLMS-JUN-25,0016080001,,,2025-12-22,C005,35163,282,CI,C1,0.0,100,2,194C,Cont. Cos - 2%-New Sec-393(1)6(i)
1001,DIM00398AJ,MAHINDRA LOGISTICS LIMITED,27AAFCM2530H1ZO,2025-12-24,2610506839,3400821555,2026,3189643777,001,,0000,000,2025-12-22,2025-04-15,INR,262701034588,RE,H,-7266,-7266,Export Charges-FEB-25,0016080001,,,2025-12-22,C005,6200,50,CI,C1,0.0,100,2,194C,Cont. Cos - 2%-New Sec-393(1)6(i)
1001,DIM00398AJ,MAHINDRA LOGISTICS LIMITED,27AAFCM2530H1ZO,2025-12-24,2610506839,3400830582,2026,3189644014,001,,0000,000,2025-12-22,2025-07-29,INR,262701268499,RE,H,-210971.69,-210971.69,Management Fee-Jan-25,0016080001,,,2025-12-22,C005,180010.75,1441,JI,J1,0.0,100,10,94JB,Prof. Serv. Fees@10%-CONS393(1)6(iii)(b)
1001,DIM00398AJ,MAHINDRA LOGISTICS LIMITED,27AAFCM2530H1ZO,2025-12-24,2610506839,3400830582,2026,3189644041,001,,0000,000,2025-12-22,2025-08-21,INR,262701319810,RE,H,-3817044.02,-3817044.02,Management / FIXED  Fee -AUG-25,0016080001,,,2025-12-22,C005,3256863.58,26055,JI,J1,0.0,100,10,94JB,Prof. Serv. Fees@10%-CONS393(1)6(iii)(b)
1001,DIM00398AJ,MAHINDRA LOGISTICS LIMITED,27AAFCM2530H1ZO,2025-12-26,2610510217,3400831914,2026,3189644050,001,,0000,000,2025-12-22,2025-11-08,INR,262701504040,RE,H,-153841.7,-153841.7,CLMS-OCT-25,0016080001,,,2025-12-22,C005,131265,1051,CI,C1,0.0,100,2,194C,Cont. Cos - 2%-New Sec-393(1)6(i)
1001,DIM00398AJ,MAHINDRA LOGISTICS LIMITED,27AAFCM2530H1ZO,2025-12-24,2610506839,3400830582,2026,3189643829,001,,0000,000,2025-12-22,2025-09-09,INR,262701360108,RE,H,-3071974.38,-3071974.38,Saving Management Fee-APR-25,0016080001,,,2025-12-22,C005,2621139.3,20970,JI,J1,0.0,100,10,94JB,Prof. Serv. Fees@10%-CONS393(1)6(iii)(b)
1001,DIM00398AJ,MAHINDRA LOGISTICS LIMITED,27AAFCM2530H1ZO,2025-12-24,2610506839,3400821555,2026,3189643758,001,,0000,000,2025-12-22,2025-06-17,INR,262701170847,RE,H,-236810.26,-236810.26,Export Charges-AUG-24,0016080001,,,2025-12-22,C005,202057,1617,CI,C1,0.0,100,2,194C,Cont. Cos - 2%-New Sec-393(1)6(i)
1001,DIM00398AJ,MAHINDRA LOGISTICS LIMITED,27AAFCM2530H1ZO,2025-12-30,2610513319,3400832030,2026,3189764110,001,,0000,000,2025-12-26,2025-09-18,INR,262701385883,RE,H,-1511182.44,-1511182.44,Management Fee-MAY-25,0016080001,,,2025-12-26,C005,1289405.46,10316,JI,J1,0.0,100,10,94JB,Prof. Serv. Fees@10%-CONS393(1)6(iii)(b)
1001,DIM00398AJ,MAHINDRA LOGISTICS LIMITED,27AAFCM2530H1ZO,2025-12-30,2610513319,3400832030,2026,3189764122,001,,0000,000,2025-12-26,2025-09-18,INR,262701385857,RE,H,-18335.28,-18335.28,Management Fee-FEB-25,0016080001,,,2025-12-26,C005,15645.16,126,JI,J1,0.0,100,10,94JB,Prof. Serv. Fees@10%-CONS393(1)6(iii)(b)
1001,DIM00398AJ,MAHINDRA LOGISTICS LIMITED,27AAFCM2530H1ZO,2025-12-26,2610510217,3400831999,2026,3189764017,001,,0000,000,2025-12-26,2025-12-10,INR,262701598028,RE,H,-149463.22,-149463.22,Fixed Staff & GMI-NOV-25,0016080001,,,2025-12-26,C005,127529,1021,CI,C1,0.0,100,2,194C,Cont. Cos - 2%-New Sec-393(1)6(i)
1001,DIM00398AJ,MAHINDRA LOGISTICS LIMITED,27AAFCM2530H1ZO,2025-12-30,2610513319,3400831999,2026,3189764055,001,,0000,000,2025-12-26,2025-12-10,INR,262701598040,RE,H,-994264.82,-994264.82,Fixed Staff & GMI-NOV-25,0016080001,,,2025-12-26,C005,848349,6787,CI,C1,0.0,100,2,194C,Cont. Cos - 2%-New Sec-393(1)6(i)
1001,DIM00398AJ,MAHINDRA LOGISTICS LIMITED,27AAFCM2530H1ZO,2025-12-30,2610513319,3400831999,2026,3189764084,001,,0000,000,2025-12-26,2025-12-10,INR,262701598051,RE,H,-1388990.28,-1388990.28,Fixed Staff & GMI-NOV-25,0016080001,,,2025-12-26,C005,1185146,9482,CI,C1,0.0,100,2,194C,Cont. Cos - 2%-New Sec-393(1)6(i)
1001,DIM00398AJ,MAHINDRA LOGISTICS LIMITED,27AAFCM2530H1ZO,2025-12-30,2610513319,3400832030,2026,3189764108,001,,0000,000,2025-12-26,2025-09-25,INR,262701405215,RE,H,-986091.2,-986091.2,Management Fee-AUG-25,0016080001,,,2025-12-26,C005,841375.6,6732,JI,J1,0.0,100,10,94JB,Prof. Serv. Fees@10%-CONS393(1)6(iii)(b)
1001,DIM00398AJ,MAHINDRA LOGISTICS LIMITED,27AAFCM2530H1ZO,2025-12-30,2610513319,3400831999,2026,3189764081,001,,0000,000,2025-12-26,2025-12-10,INR,262701598048,RE,H,-629341.58,-629341.58,Fixed Staff & GMI-NOV-25,0016080001,,,2025-12-26,C005,536981,4296,CI,C1,0.0,100,2,194C,Cont. Cos - 2%-New Sec-393(1)6(i)
1001,DIM00398AJ,MAHINDRA LOGISTICS LIMITED,27AAFCM2530H1ZO,2025-12-26,2610510217,3400831999,2026,3189763888,001,,0000,000,2025-12-26,2025-12-10,INR,262701598067,RE,H,-563968.36,-563968.36,Fixed Staff & GMI-NOV-25,0016080001,,,2025-12-26,C005,481202,3850,CI,C1,0.0,100,2,194C,Cont. Cos - 2%-New Sec-393(1)6(i)
1001,DIM00398AJ,MAHINDRA LOGISTICS LIMITED,27AAFCM2530H1ZO,2025-12-30,2610513319,3400833211,2026,3189766847,001,,0000,000,2025-12-26,2025-05-13,INR,262701096128,RE,H,-685636.7,-685636.7,CLMS-AUG-25,0016080001,,,2025-12-26,C005,585015,4681,CI,C1,0.0,100,2,194C,Cont. Cos - 2%-New Sec-393(1)6(i)
1001,DIM00398AJ,MAHINDRA LOGISTICS LIMITED,27AAFCM2530H1ZO,2025-12-26,2610510217,3400832030,2026,3189763885,001,,0000,000,2025-12-26,2025-09-18,INR,262701385903,RE,H,-1498682.51,-1498682.51,Management Fee-July-25,0016080001,,,2025-12-26,C005,1278739.41,10230,JI,J1,0.0,100,10,94JB,Prof. Serv. Fees@10%-CONS393(1)6(iii)(b)
1001,DIM00398AJ,MAHINDRA LOGISTICS LIMITED,27AAFCM2530H1ZO,2025-12-26,2610510217,3400831999,2026,3189764012,001,,0000,000,2025-12-26,2025-12-10,INR,262701598024,RE,H,-218604.14,-218604.14,Fixed Staff & GMI-NOV-25,0016080001,,,2025-12-26,C005,186523,1493,CI,C1,0.0,100,2,194C,Cont. Cos - 2%-New Sec-393(1)6(i)
1001,DIM00398AJ,MAHINDRA LOGISTICS LIMITED,27AAFCM2530H1ZO,2025-12-30,2610513319,3400831999,2026,3189764051,001,,0000,000,2025-12-26,2025-12-10,INR,262701598043,RE,H,-1307.88,-1307.88,Fixed Staff & GMI-NOV-25,0016080001,,,2025-12-26,C005,1116,9,CI,C1,0.0,100,2,194C,Cont. Cos - 2%-New Sec-393(1)6(i)
1001,DIM00398AJ,MAHINDRA LOGISTICS LIMITED,27AAFCM2530H1ZO,2025-12-26,2610510217,3400831999,2026,3189763948,001,,0000,000,2025-12-26,2025-12-10,INR,262701598042,RE,H,-1307.88,-1307.88,Fixed Staff & GMI-NOV-25,0016080001,,,2025-12-26,C005,1116,9,CI,C1,0.0,100,2,194C,Cont. Cos - 2%-New Sec-393(1)6(i)
1001,DIM00398AJ,MAHINDRA LOGISTICS LIMITED,27AAFCM2530H1ZO,2025-12-30,2610513319,3400831999,2026,3189764069,001,,0000,000,2025-12-26,2025-12-10,INR,262701598052,RE,H,-54650.58,-54650.58,Fixed Staff & GMI-NOV-25,0016080001,,,2025-12-26,C005,46631,374,CI,C1,0.0,100,2,194C,Cont. Cos - 2%-New Sec-393(1)6(i)
1001,DIM00398AJ,MAHINDRA LOGISTICS LIMITED,27AAFCM2530H1ZO,2025-12-26,2610510217,3400831999,2026,3189763945,001,,0000,000,2025-12-26,2025-12-10,INR,262701598017,RE,H,-139815.46,-139815.46,Fixed Staff & GMI-NOV-25,0016080001,,,2025-12-26,C005,119297,955,CI,C1,0.0,100,2,194C,Cont. Cos - 2%-New Sec-393(1)6(i)
1001,DIM00398AJ,MAHINDRA LOGISTICS LIMITED,27AAFCM2530H1ZO,2025-12-30,2610513319,3400826179,2026,3189764091,001,,0000,000,2025-12-26,2025-11-08,INR,262701504079,RE,H,-271381.9,-271381.9,Fixed Staff & GMI-NOV-25,0016080001,,,2025-12-26,C005,231555,1853,CI,C1,0.0,100,2,194C,Cont. Cos - 2%-New Sec-393(1)6(i)
1001,DIM00398AJ,MAHINDRA LOGISTICS LIMITED,27AAFCM2530H1ZO,2025-12-30,2610513319,3400831999,2026,3189764054,001,,0000,000,2025-12-26,2025-12-10,INR,262701598021,RE,H,-1007995.7,-1007995.7,Fixed Staff & GMI-NOV-25,0016080001,,,2025-12-26,C005,860065,6881,CI,C1,0.0,100,2,194C,Cont. Cos - 2%-New Sec-393(1)6(i)
1001,DIM00398AJ,MAHINDRA LOGISTICS LIMITED,27AAFCM2530H1ZO,2025-12-30,2610513319,3400831999,2026,3189764060,001,,0000,000,2025-12-26,2025-12-10,INR,262701598058,RE,H,-31398.38,-31398.38,Fixed Staff & GMI-NOV-25,0016080001,,,2025-12-26,C005,26791,215,CI,C1,0.0,100,2,194C,Cont. Cos - 2%-New Sec-393(1)6(i)
1001,DIM00398AJ,MAHINDRA LOGISTICS LIMITED,27AAFCM2530H1ZO,2025-12-30,2610513319,3400831999,2026,3189764052,001,,0000,000,2025-12-26,2025-12-10,INR,262701598015,RE,H,-2421883.72,-2421883.72,Fixed Staff & GMI-NOV-25,0016080001,,,2025-12-26,C005,2066454,16532,CI,C1,0.0,100,2,194C,Cont. Cos - 2%-New Sec-393(1)6(i)
1001,DIM00398AJ,MAHINDRA LOGISTICS LIMITED,27AAFCM2530H1ZO,2025-12-26,2610510217,3400831999,2026,3189764009,001,,0000,000,2025-12-26,2025-12-10,INR,262701598046,RE,H,-374261.48,-374261.48,Fixed Staff & GMI-NOV-25,0016080001,,,2025-12-26,C005,319336,2555,CI,C1,0.0,100,2,194C,Cont. Cos - 2%-New Sec-393(1)6(i)
1001,DIM00398AJ,MAHINDRA LOGISTICS LIMITED,27AAFCM2530H1ZO,2025-12-30,2610513319,3400832030,2026,3189764264,001,,0000,000,2025-12-26,2025-09-18,INR,262701385865,RE,H,-37978.82,-37978.82,Management Fee-FEB-25,0016080001,,,2025-12-26,C005,32405.78,260,JI,J1,0.0,100,10,94JB,Prof. Serv. Fees@10%-CONS393(1)6(iii)(b)
1001,DIM00398AJ,MAHINDRA LOGISTICS LIMITED,27AAFCM2530H1ZO,2025-12-30,2610513319,3400831999,2026,3189764073,001,,0000,000,2025-12-26,2025-12-10,INR,262701598055,RE,H,-4544769.2,-4544769.2,Fixed Staff & GMI-NOV-25,0016080001,,,2025-12-26,C005,3877790,31023,CI,C1,0.0,100,2,194C,Cont. Cos - 2%-New Sec-393(1)6(i)
1001,DIM00398AJ,MAHINDRA LOGISTICS LIMITED,27AAFCM2530H1ZO,2025-12-30,2610513319,3400826353,2026,3189764283,001,,0000,000,2025-12-26,2025-11-08,INR,262701503994,RE,H,-145362.4,-145362.4,CLMS-OCT-25,0016080001,,,2025-12-26,C005,124030,993,CI,C1,0.0,100,2,194C,Cont. Cos - 2%-New Sec-393(1)6(i)
1001,DIM00398AJ,MAHINDRA LOGISTICS LIMITED,27AAFCM2530H1ZO,2025-12-26,2610510217,3400831999,2026,3189763937,001,,0000,000,2025-12-26,2025-12-10,INR,262701598029,RE,H,-96166.72,-96166.72,Fixed Staff & GMI-NOV-25,0016080001,,,2025-12-26,C005,82054,657,CI,C1,0.0,100,2,194C,Cont. Cos - 2%-New Sec-393(1)6(i)
1001,DIM00398AJ,MAHINDRA LOGISTICS LIMITED,27AAFCM2530H1ZO,2025-12-26,2610510217,3400831999,2026,3189764015,001,,0000,000,2025-12-26,2025-12-10,INR,262701598039,RE,H,-184619.68,-184619.68,Fixed Staff & GMI-NOV-25,0016080001,,,2025-12-26,C005,157526,1261,CI,C1,0.0,100,2,194C,Cont. Cos - 2%-New Sec-393(1)6(i)
1001,DIM00398AJ,MAHINDRA LOGISTICS LIMITED,27AAFCM2530H1ZO,2025-12-26,2610510217,3400831999,2026,3189764006,001,,0000,000,2025-12-26,2025-12-10,INR,262701598014,RE,H,-438618.64,-438618.64,Fixed Staff & GMI-NOV-25,0016080001,,,2025-12-26,C005,374248,2994,CI,C1,0.0,100,2,194C,Cont. Cos - 2%-New Sec-393(1)6(i)
1001,DIM00398AJ,MAHINDRA LOGISTICS LIMITED,27AAFCM2530H1ZO,2025-12-30,2610513319,3400831999,2026,3189764046,001,,0000,000,2025-12-26,2025-12-10,INR,262701598037,RE,H,-49982.64,-49982.64,Fixed Staff & GMI-NOV-25,0016080001,,,2025-12-26,C005,42648,342,CI,C1,0.0,100,2,194C,Cont. Cos - 2%-New Sec-393(1)6(i)
1001,DIM00398AJ,MAHINDRA LOGISTICS LIMITED,27AAFCM2530H1ZO,2025-12-26,2610510217,3400831999,2026,3189764037,001,,0000,000,2025-12-26,2025-12-10,INR,262701598050,RE,H,-127877.98,-127877.98,Fixed Staff & GMI-NOV-25,0016080001,,,2025-12-26,C005,109111,873,CI,C1,0.0,100,2,194C,Cont. Cos - 2%-New Sec-393(1)6(i)
1001,DIM00398AJ,MAHINDRA LOGISTICS LIMITED,27AAFCM2530H1ZO,2025-12-26,2610510217,3400831999,2026,3189764010,001,,0000,000,2025-12-26,2025-12-10,INR,262701598036,RE,H,-261855.86,-261855.86,Fixed Staff & GMI-NOV-25,0016080001,,,2025-12-26,C005,223427,1788,CI,C1,0.0,100,2,194C,Cont. Cos - 2%-New Sec-393(1)6(i)
1001,DIM00398AJ,MAHINDRA LOGISTICS LIMITED,27AAFCM2530H1ZO,2025-12-30,2610513319,3400832030,2026,3189764101,001,,0000,000,2025-12-26,2025-10-06,INR,262701494447,RE,H,-1142780.66,-1142780.66,Management Fee-Sept-25,0016080001,,,2025-12-26,C005,975069.2,7801,JI,J1,0.0,100,10,94JB,Prof. Serv. Fees@10%-CONS393(1)6(iii)(b)
1001,DIM00398AJ,MAHINDRA LOGISTICS LIMITED,27AAFCM2530H1ZO,2025-12-26,2610510217,3400831999,2026,3189763891,001,,0000,000,2025-12-26,2025-12-10,INR,262701598019,RE,H,-480345.18,-480345.18,Fixed Staff & GMI-NOV-25,0016080001,,,2025-12-26,C005,409851,3279,CI,C1,0.0,100,2,194C,Cont. Cos - 2%-New Sec-393(1)6(i)
1001,DIM00398AJ,MAHINDRA LOGISTICS LIMITED,27AAFCM2530H1ZO,2025-12-26,2610510217,3400831999,2026,3189763896,001,,0000,000,2025-12-26,2025-12-10,INR,262701598068,RE,H,-180297.84,-180297.84,Fixed Staff & GMI-NOV-25,0016080001,,,2025-12-26,C005,153838,1231,CI,C1,0.0,100,2,194C,Cont. Cos - 2%-New Sec-393(1)6(i)
1001,DIM00398AJ,MAHINDRA LOGISTICS LIMITED,27AAFCM2530H1ZO,2025-12-30,2610513319,3400831999,2026,3189764062,001,,0000,000,2025-12-26,2025-12-10,INR,262701598049,RE,H,-216902.78,-216902.78,Fixed Staff & GMI-NOV-25,0016080001,,,2025-12-26,C005,185071,1481,CI,C1,0.0,100,2,194C,Cont. Cos - 2%-New Sec-393(1)6(i)
1001,DIM00398AJ,MAHINDRA LOGISTICS LIMITED,27AAFCM2530H1ZO,2025-12-26,2610510217,3400831999,2026,3189764013,001,,0000,000,2025-12-26,2025-12-10,INR,262701598056,RE,H,-187156.2,-187156.2,Fixed Staff & GMI-NOV-25,0016080001,,,2025-12-26,C005,159690,1278,CI,C1,0.0,100,2,194C,Cont. Cos - 2%-New Sec-393(1)6(i)
1001,DIM00398AJ,MAHINDRA LOGISTICS LIMITED,27AAFCM2530H1ZO,2025-12-26,2610510217,3400831999,2026,3189764027,001,,0000,000,2025-12-26,2025-12-10,INR,262701598018,RE,H,-404636.72,-404636.72,Fixed Staff & GMI-NOV-25,0016080001,,,2025-12-26,C005,345254,2763,CI,C1,0.0,100,2,194C,Cont. Cos - 2%-New Sec-393(1)6(i)
1001,DIM00398AJ,MAHINDRA LOGISTICS LIMITED,27AAFCM2530H1ZO,2025-12-30,2610513319,3400826179,2026,3189764096,001,,0000,000,2025-12-26,2025-11-08,INR,262701504078,RE,H,-284374.38,-284374.38,Fixed Staff & GMI-OCT-25,0016080001,,,2025-12-26,C005,242641,1942,CI,C1,0.0,100,2,194C,Cont. Cos - 2%-New Sec-393(1)6(i)
1001,DIM00398AJ,MAHINDRA LOGISTICS LIMITED,27AAFCM2530H1ZO,2025-12-26,2610510217,3400831999,2026,3189764035,001,,0000,000,2025-12-26,2025-12-10,INR,262701598023,RE,H,-268587.78,-268587.78,Fixed Staff & GMI-NOV-25,0016080001,,,2025-12-26,C005,229171,1834,CI,C1,0.0,100,2,194C,Cont. Cos - 2%-New Sec-393(1)6(i)
1001,DIM00398AJ,MAHINDRA LOGISTICS LIMITED,27AAFCM2530H1ZO,2025-12-26,2610510217,3400831999,2026,3189763957,001,,0000,000,2025-12-26,2025-12-10,INR,262701598022,RE,H,-54650.58,-54650.58,Fixed Staff & GMI-NOV-25,0016080001,,,2025-12-26,C005,46631,374,CI,C1,0.0,100,2,194C,Cont. Cos - 2%-New Sec-393(1)6(i)
1001,DIM00398AJ,MAHINDRA LOGISTICS LIMITED,27AAFCM2530H1ZO,2025-12-30,2610513319,3400833217,2026,3189766834,001,,0000,000,2025-12-26,2025-09-10,INR,262701361204,RE,H,-3934216.2,-3934216.2,Flxed Staff & GMI-AUG-25,0016080001,,,2025-12-26,C005,3356840,26855,CI,C1,0.0,100,2,194C,Cont. Cos - 2%-New Sec-393(1)6(i)
1001,DIM00398AJ,MAHINDRA LOGISTICS LIMITED,27AAFCM2530H1ZO,2025-12-30,2610513319,3400832030,2026,3189764267,001,,0000,000,2025-12-26,2025-09-18,INR,262701385873,RE,H,-1477107.11,-1477107.11,Management Fee-APR-25,0016080001,,,2025-12-26,C005,1260330.61,10083,JI,J1,0.0,100,10,94JB,Prof. Serv. Fees@10%-CONS393(1)6(iii)(b)
1001,DIM00398AJ,MAHINDRA LOGISTICS LIMITED,27AAFCM2530H1ZO,2025-12-30,2610513319,3400831999,2026,3189764090,001,,0000,000,2025-12-26,2025-12-10,INR,262701598057,RE,H,-778379.46,-778379.46,Fixed Staff & GMI-NOV-25,0016080001,,,2025-12-26,C005,664147,5314,CI,C1,0.0,100,2,194C,Cont. Cos - 2%-New Sec-393(1)6(i)
1001,DIM00398AJ,MAHINDRA LOGISTICS LIMITED,27AAFCM2530H1ZO,2025-12-26,2610510217,3400832030,2026,3189763886,001,,0000,000,2025-12-26,2025-05-13,INR,262701096087,RE,H,-4229926.54,-4229926.54,Fixed Stafi & GMI-APR-25,0016080001,,,2025-12-26,C005,3609153,28874,CI,C1,0.0,100,2,194C,Cont. Cos - 2%-New Sec-393(1)6(i)
1001,DIM00398AJ,MAHINDRA LOGISTICS LIMITED,27AAFCM2530H1ZO,2025-12-26,2610510217,,2026,2610510217,001,,0000,000,2025-12-26,2025-12-26,INR,,KZ,S,29240780.23,29240780.23,,0016080001,,,2025-12-26,,24949493.41,0,,,,,,,
1001,DIM00398AJ,MAHINDRA LOGISTICS LIMITED,27AAFCM2530H1ZO,2025-12-26,2610510217,3400831999,2026,3189763898,001,,0000,000,2025-12-26,2025-12-10,INR,262701598035,RE,H,-284243.22,-284243.22,Fixed Staff & GMI-NOV-25,0016080001,,,2025-12-26,C005,242529,1941,CI,C1,0.0,100,2,194C,Cont. Cos - 2%-New Sec-393(1)6(i)
1001,DIM00398AJ,MAHINDRA LOGISTICS LIMITED,27AAFCM2530H1ZO,2025-12-26,2610510217,3400831999,2026,3189764044,001,,0000,000,2025-12-26,2025-12-10,INR,262701598061,RE,H,-1779729.38,-1779729.38,Fixed Staff & GMI-NOV-25,0016080001,,,2025-12-26,C005,1518541,12149,CI,C1,0.0,100,2,194C,Cont. Cos - 2%-New Sec-393(1)6(i)
1001,DIM00398AJ,MAHINDRA LOGISTICS LIMITED,27AAFCM2530H1ZO,2025-12-30,2610513319,3400831999,2026,3189764064,001,,0000,000,2025-12-26,2025-12-10,INR,262701598053,RE,H,-134211.88,-134211.88,Fixed Staff & GMI-NOV-25,0016080001,,,2025-12-26,C005,114516,917,CI,C1,0.0,100,2,194C,Cont. Cos - 2%-New Sec-393(1)6(i)
1001,DIM00398AJ,MAHINDRA LOGISTICS LIMITED,27AAFCM2530H1ZO,2025-12-30,2610513319,3400832030,2026,3189764254,001,,0000,000,2025-12-26,2025-06-26,INR,262701194642,RE,H,-4507131.68,-4507131.68,CLMS-MAY-25,0016080001,,,2025-12-26,C005,3845676,30766,CI,C1,0.0,100,2,194C,Cont. Cos - 2%-New Sec-393(1)6(i)
1001,DIM00398AJ,MAHINDRA LOGISTICS LIMITED,27AAFCM2530H1ZO,2025-12-26,2610510217,3400831999,2026,3189763892,001,,0000,000,2025-12-26,2025-12-10,INR,262701598016,RE,H,-399133.44,-399133.44,Fixed Staff & GMI-NOV-25,0016080001,,,2025-12-26,C005,340558,2725,CI,C1,0.0,100,2,194C,Cont. Cos - 2%-New Sec-393(1)6(i)
1001,DIM00398AJ,MAHINDRA LOGISTICS LIMITED,27AAFCM2530H1ZO,2025-12-30,2610513319,3400826179,2026,3189764273,001,,0000,000,2025-12-26,2025-11-08,INR,262701504097,RE,H,-208728.28,-208728.28,Fixed Staff & GMI-OCT-25,0016080001,,,2025-12-26,C005,178096,1425,CI,C1,0.0,100,2,194C,Cont. Cos - 2%-New Sec-393(1)6(i)
1001,DIM00398AJ,MAHINDRA LOGISTICS LIMITED,27AAFCM2530H1ZO,2025-12-26,2610510217,3400831999,2026,3189764019,001,,0000,000,2025-12-26,2025-12-10,INR,262701598063,RE,H,-130669.74,-130669.74,Fixed Staff & GMI-NOV-25,0016080001,,,2025-12-26,C005,111493,892,CI,C1,0.0,100,2,194C,Cont. Cos - 2%-New Sec-393(1)6(i)
1001,DIM00398AJ,MAHINDRA LOGISTICS LIMITED,27AAFCM2530H1ZO,2025-12-30,2610513319,3400833213,2026,3189766840,001,,0000,000,2025-12-26,2025-10-15,INR,262701449781,RE,H,-5822432.97,-5822432.97,Warehouse  Service- 135K-SEPT-25,0016080001,,,2025-12-26,C005,4967946.59,39744,CI,C1,0.0,100,2,194C,Cont. Cos - 2%-New Sec-393(1)6(i)
1001,DIM00398AJ,MAHINDRA LOGISTICS LIMITED,27AAFCM2530H1ZO,2025-12-26,2610510217,3400831999,2026,3189763893,001,,0000,000,2025-12-26,2025-12-10,INR,262701598027,RE,H,-306075.26,-306075.26,Fixed Staff & GMI-NOV-25,0016080001,,,2025-12-26,C005,261157,2090,CI,C1,0.0,100,2,194C,Cont. Cos - 2%-New Sec-393(1)6(i)
1001,DIM00398AJ,MAHINDRA LOGISTICS LIMITED,27AAFCM2530H1ZO,2025-12-26,2610510217,3400831999,2026,3189763952,001,,0000,000,2025-12-26,2025-12-10,INR,262701598064,RE,H,-49982.64,-49982.64,Fixed Staff & GMI-NOV-25,0016080001,,,2025-12-26,C005,42648,342,CI,C1,0.0,100,2,194C,Cont. Cos - 2%-New Sec-393(1)6(i)
1001,DIM00398AJ,MAHINDRA LOGISTICS LIMITED,27AAFCM2530H1ZO,2025-12-30,2610513319,3400831999,2026,3189764048,001,,0000,000,2025-12-26,2025-12-10,INR,262701598044,RE,H,-41515.14,-41515.14,Fixed Staff & GMI-NOV-25,0016080001,,,2025-12-26,C005,35423,284,CI,C1,0.0,100,2,194C,Cont. Cos - 2%-New Sec-393(1)6(i)
1001,DIM00398AJ,MAHINDRA LOGISTICS LIMITED,27AAFCM2530H1ZO,2025-12-26,2610510217,3400831999,2026,3189764023,001,,0000,000,2025-12-26,2025-12-10,INR,262701598054,RE,H,-282698.98,-282698.98,Fixed Staff & GMI-NOV-25,0016080001,,,2025-12-26,C005,241211,1930,CI,C1,0.0,100,2,194C,Cont. Cos - 2%-New Sec-393(1)6(i)
1001,DIM00398AJ,MAHINDRA LOGISTICS LIMITED,27AAFCM2530H1ZO,2025-12-26,2610510217,3400831999,2026,3189764025,001,,0000,000,2025-12-26,2025-12-10,INR,262701598045,RE,H,-297415.24,-297415.24,Fixed Staff & GMI-NOV-25,0016080001,,,2025-12-26,C005,253768,2031,CI,C1,0.0,100,2,194C,Cont. Cos - 2%-New Sec-393(1)6(i)
1001,DIM00398AJ,MAHINDRA LOGISTICS LIMITED,27AAFCM2530H1ZO,2025-12-30,2610513319,3400831999,2026,3189764071,001,,0000,000,2025-12-26,2025-12-10,INR,262701598062,RE,H,-49982.64,-49982.64,Oth Employment & labour supply services,0016080001,,,2025-12-26,C005,42648,342,CI,C1,0.0,100,2,194C,Cont. Cos - 2%-New Sec-393(1)6(i)
1001,DIM00398AJ,MAHINDRA LOGISTICS LIMITED,27AAFCM2530H1ZO,2025-12-30,2610513319,3400832030,2026,3189764105,001,,0000,000,2025-12-26,2025-10-27,INR,262701468322,RE,H,-3817044.03,-3817044.03,Management Fee-Oct-25,0016080001,,,2025-12-26,C005,3256863.59,26055,II,I1,0.0,100,10,194I,Land/Bldg/Fur Cos-10%-N/S393(1)2(ii)
1001,DIM00398AJ,MAHINDRA LOGISTICS LIMITED,27AAFCM2530H1ZO,2025-12-26,2610510217,3400831999,2026,3189764021,001,,0000,000,2025-12-26,2025-12-10,INR,262701598047,RE,H,-99965.1,-99965.1,Fixed Staff & GMI-NOV-25,0016080001,,,2025-12-26,C005,85295,683,CI,C1,0.0,100,2,194C,Cont. Cos - 2%-New Sec-393(1)6(i)
1001,DIM00398AJ,MAHINDRA LOGISTICS LIMITED,27AAFCM2530H1ZO,2025-12-26,2610510217,3400831999,2026,3189763897,001,,0000,000,2025-12-26,2025-12-10,INR,262701598030,RE,H,-360372.3,-360372.3,Fixed Staff & GMI-NOV-25,0016080001,,,2025-12-26,C005,307485,2460,CI,C1,0.0,100,2,194C,Cont. Cos - 2%-New Sec-393(1)6(i)
1001,DIM00398AJ,MAHINDRA LOGISTICS LIMITED,27AAFCM2530H1ZO,2025-12-30,2610513319,3400832030,2026,3189764246,001,,0000,000,2025-12-26,2025-09-18,INR,262701385893,RE,H,-1459129.13,-1459129.13,Management Fee-Jun-25,0016080001,,,2025-12-26,C005,1244990.79,9960,JI,J1,0.0,100,10,94JB,Prof. Serv. Fees@10%-CONS393(1)6(iii)(b)
1001,DIM00398AJ,MAHINDRA LOGISTICS LIMITED,27AAFCM2530H1ZO,2025-12-30,2610513319,3400832030,2026,3189766821,001,,0000,000,2025-12-26,2025-09-25,INR,262701408157,RE,H,-3817044.03,-3817044.03,Management Fee-Sept25,0016080001,,,2025-12-26,C005,3256863.59,26055,JI,J1,0.0,100,10,94JB,Prof. Serv. Fees@10%-CONS393(1)6(iii)(b)
1001,DIM00398AJ,MAHINDRA LOGISTICS LIMITED,27AAFCM2530H1ZO,2025-12-26,2610510217,3400831999,2026,3189763890,001,,0000,000,2025-12-26,2025-12-10,INR,262701598013,RE,H,-3868040.86,-3868040.86,Fixed Staff & GMI-NOV-25,0016080001,,,2025-12-26,C005,3300377,26404,CI,C1,0.0,100,2,194C,Cont. Cos - 2%-New Sec-393(1)6(i)
1001,DIM00398AJ,MAHINDRA LOGISTICS LIMITED,27AAFCM2530H1ZO,2025-12-30,2610513319,3400831999,2026,3189764067,001,,0000,000,2025-12-26,2025-12-10,INR,262701598032,RE,H,-2342765.46,-2342765.46,Fixed Staff & GMI-NOV-25,0016080001,,,2025-12-26,C005,1998947,15992,CI,C1,0.0,100,2,194C,Cont. Cos - 2%-New Sec-393(1)6(i)
1001,DIM00398AJ,MAHINDRA LOGISTICS LIMITED,27AAFCM2530H1ZO,2025-12-30,2610513319,3400831999,2026,3189764059,001,,0000,000,2025-12-26,2025-12-10,INR,262701598020,RE,H,-41515.14,-41515.14,Fixed Staff & GMI-NOV-25,0016080001,,,2025-12-26,C005,35423,284,CI,C1,0.0,100,2,194C,Cont. Cos - 2%-New Sec-393(1)6(i)
1001,DIM00398AJ,MAHINDRA LOGISTICS LIMITED,27AAFCM2530H1ZO,2025-12-26,2610510217,3400831999,2026,3189764030,001,,0000,000,2025-12-26,2025-12-10,INR,262701598041,RE,H,-339982.84,-339982.84,Fixed Staff & GMI-NOV-25,0016080001,,,2025-12-26,C005,290088,2321,CI,C1,0.0,100,2,194C,Cont. Cos - 2%-New Sec-393(1)6(i)
1001,DIM00398AJ,MAHINDRA LOGISTICS LIMITED,27AAFCM2530H1ZO,2025-12-26,2610510217,3400831999,2026,3189763939,001,,0000,000,2025-12-26,2025-12-10,INR,262701598012,RE,H,-4108962.38,-4108962.38,Fixed Staff & GMI-NOV-25,0016080001,,,2025-12-26,C005,3505941,28048,CI,C1,0.0,100,2,194C,Cont. Cos - 2%-New Sec-393(1)6(i)
1001,DIM00398AJ,MAHINDRA LOGISTICS LIMITED,27AAFCM2530H1ZO,2025-12-30,2610513319,3400831999,2026,3189764086,001,,0000,000,2025-12-26,2025-12-10,INR,262701598038,RE,H,-1311689.02,-1311689.02,Fixed Staff & GMI-NOV-25,0016080001,,,2025-12-26,C005,1119189,8954,CI,C1,0.0,100,2,194C,Cont. Cos - 2%-New Sec-393(1)6(i)
1001,DIM00398AJ,MAHINDRA LOGISTICS LIMITED,27AAFCM2530H1ZO,2025-12-26,2610510217,3400831999,2026,3189763889,001,,0000,000,2025-12-26,2025-12-10,INR,262701598066,RE,H,-129543.94,-129543.94,Fixed Staff & GMI-NOV-25,0016080001,,,2025-12-26,C005,110533,885,CI,C1,0.0,100,2,194C,Cont. Cos - 2%-New Sec-393(1)6(i)
1001,DIM00398AJ,MAHINDRA LOGISTICS LIMITED,27AAFCM2530H1ZO,2025-12-26,2610510217,3400831999,2026,3189763887,001,,0000,000,2025-12-26,2025-12-10,INR,262701598026,RE,H,-220300.6,-220300.6,Fixed Staff & GMI-NOV-25,0016080001,,,2025-12-26,C005,187970,1504,CI,C1,0.0,100,2,194C,Cont. Cos - 2%-New Sec-393(1)6(i)
1001,DIM00398AJ,MAHINDRA LOGISTICS LIMITED,27AAFCM2530H1ZO,2025-12-30,2610513319,3400832030,2026,3189764262,001,,0000,000,2025-12-26,2025-06-26,INR,262701194577,RE,H,-4097579.04,-4097579.04,Fixed Staff & GMI-MAY-25,0016080001,,,2025-12-26,C005,3496228,27970,CI,C1,0.0,100,2,194C,Cont. Cos - 2%-New Sec-393(1)6(i)
1001,DIM00398AJ,MAHINDRA LOGISTICS LIMITED,27AAFCM2530H1ZO,2025-12-26,2610510217,3400831999,2026,3189764038,001,,0000,000,2025-12-26,2025-12-10,INR,262701598060,RE,H,-1307.88,-1307.88,Fixed Staff & GMI-NOV-25,0016080001,,,2025-12-26,C005,1116,9,CI,C1,0.0,100,2,194C,Cont. Cos - 2%-New Sec-393(1)6(i)
1001,DIM00398AJ,MAHINDRA LOGISTICS LIMITED,27AAFCM2530H1ZO,2025-12-30,2610513319,3400826393,2026,3189764256,001,,0000,000,2025-12-26,2025-11-08,INR,262701504077,RE,H,-611563.16,-611563.16,Fixed Staff & GMI-OCT-25,0016080001,,,2025-12-26,C005,521812,4175,CI,C1,0.0,100,2,194C,Cont. Cos - 2%-New Sec-393(1)6(i)
1001,DIM00398AJ,MAHINDRA LOGISTICS LIMITED,27AAFCM2530H1ZO,2025-12-26,2610510217,3400831999,2026,3189763954,001,,0000,000,2025-12-26,2025-12-10,INR,262701598025,RE,H,-451155.1,-451155.1,Fixed Staff & GMI-NOV-25,0016080001,,,2025-12-26,C005,384945,3080,CI,C1,0.0,100,2,194C,Cont. Cos - 2%-New Sec-393(1)6(i)
1001,DIM00398AJ,MAHINDRA LOGISTICS LIMITED,27AAFCM2530H1ZO,2025-12-30,2610513319,3400831999,2026,3189764076,001,,0000,000,2025-12-26,2025-12-10,INR,262701598059,RE,H,-4401409.42,-4401409.42,Fixed Staff & GMI-NOV-25,0016080001,,,2025-12-26,C005,3755469,30044,CI,C1,0.0,100,2,194C,Cont. Cos - 2%-New Sec-393(1)6(i)
1001,DIM00398AJ,MAHINDRA LOGISTICS LIMITED,27AAFCM2530H1ZO,2025-12-30,2610513319,3400832030,2026,3189764092,001,,0000,000,2025-12-26,2025-05-16,INR,262701096089,RE,H,-1770226.94,-1770226.94,Fixed Staff & GMI-NOV-25,0016080001,,,2025-12-26,C005,1510433,12084,CI,C1,0.0,100,2,194C,Cont. Cos - 2%-New Sec-393(1)6(i)
1001,DIM00398AJ,MAHINDRA LOGISTICS LIMITED,27AAFCM2530H1ZO,2025-12-30,2610513319,3400831999,2026,3189764080,001,,0000,000,2025-12-26,2025-12-10,INR,262701598034,RE,H,-604278.28,-604278.28,Fixed Staff & GMI-NOV-25,0016080001,,,2025-12-26,C005,515596,4125,CI,C1,0.0,100,2,194C,Cont. Cos - 2%-New Sec-393(1)6(i)
1001,DIM00398AJ,MAHINDRA LOGISTICS LIMITED,27AAFCM2530H1ZO,2025-12-26,2610510217,3400831999,2026,3189764003,001,,0000,000,2025-12-26,2025-12-10,INR,262701598065,RE,H,-54650.58,-54650.58,Fixed Staff & GMI-NOV-25,0016080001,,,2025-12-26,C005,46631,374,CI,C1,0.0,100,2,194C,Cont. Cos - 2%-New Sec-393(1)6(i)
1001,DIM00398AJ,MAHINDRA LOGISTICS LIMITED,27AAFCM2530H1ZO,2025-12-26,2610510217,3400831999,2026,3189763895,001,,0000,000,2025-12-26,2025-12-10,INR,262701598031,RE,H,-54650.58,-54650.58,Fixed Staff & GMI-NOV-25,0016080001,,,2025-12-26,C005,46631,374,CI,C1,0.0,100,2,194C,Cont. Cos - 2%-New Sec-393(1)6(i)
1001,DIM00398AJ,MAHINDRA LOGISTICS LIMITED,27AAFCM2530H1ZO,2025-12-26,2610510217,3400831999,2026,3189764002,001,,0000,000,2025-12-26,2025-12-10,INR,262701598033,RE,H,-521024.98,-521024.98,Fixed Staff & GMI-NOV-25,0016080001,,,2025-12-26,C005,444561,3557,CI,C1,0.0,100,2,194C,Cont. Cos - 2%-New Sec-393(1)6(i)
1001,DIM00398AJ,MAHINDRA LOGISTICS LIMITED,27AAFCM2530H1ZO,2025-12-30,2610513319,3400833211,2026,3189766811,001,,0000,000,2025-12-26,2025-06-26,INR,262701194617,RE,H,-631684.4,-631684.4,CLMS-MAY-25,0016080001,,,2025-12-26,C005,538980,4312,CI,C1,0.0,100,2,194C,Cont. Cos - 2%-New Sec-393(1)6(i)
1001,DIM00398AJ,MAHINDRA LOGISTICS LIMITED,27AAFCM2530H1ZO,2025-12-31,2610516418,3400827294,2026,3189851989,001,,0000,000,2025-12-30,2025-10-27,INR,262701468319,RE,H,-2968812.03,-2968812.03,Inbound fixed Management fees,0016080001,,,2025-12-30,C005,2533116.13,20265,JI,J1,0.0,100,10,94JB,Prof. Serv. Fees@10%-CONS393(1)6(iii)(b)
1001,DIM00398AJ,MAHINDRA LOGISTICS LIMITED,27AAFCM2530H1ZO,2025-12-31,2610516418,3400833241,2026,3189849914,001,,0000,000,2025-12-30,2025-12-11,INR,262701600946,RE,H,-4571829.22,-4571829.22,CLMS-NOV-25,0016080001,,,2025-12-30,C005,3900879,31208,CI,C1,0.0,100,2,194C,Cont. Cos - 2%-New Sec-393(1)6(i)
1001,DIM00398AJ,MAHINDRA LOGISTICS LIMITED,27AAFCM2530H1ZO,2025-12-31,2610516418,3400833241,2026,3189850349,001,,0000,000,2025-12-30,2025-12-11,INR,262701600988,RE,H,-156993.72,-156993.72,CLMS-NOV-25,0016080001,,,2025-12-30,C005,133954,1072,CI,C1,0.0,100,2,194C,Cont. Cos - 2%-New Sec-393(1)6(i)
1001,DIM00398AJ,MAHINDRA LOGISTICS LIMITED,27AAFCM2530H1ZO,2025-12-31,2610516418,3400833241,2026,3189850575,001,,0000,000,2025-12-30,2025-12-11,INR,262701601008,RE,H,-68030.46,-68030.46,CLMS-NOV-25,0016080001,,,2025-12-30,C005,58047,465,CI,C1,0.0,100,2,194C,Cont. Cos - 2%-New Sec-393(1)6(i)
1001,DIM00398AJ,MAHINDRA LOGISTICS LIMITED,27AAFCM2530H1ZO,2025-12-31,2610516418,3400833241,2026,3189850623,001,,0000,000,2025-12-30,2025-12-11,INR,262701601012,RE,H,-66693.08,-66693.08,CLMS-NOV-25,0016080001,,,2025-12-30,C005,56906,456,CI,C1,0.0,100,2,194C,Cont. Cos - 2%-New Sec-393(1)6(i)
1001,DIM00398AJ,MAHINDRA LOGISTICS LIMITED,27AAFCM2530H1ZO,2025-12-31,2610516418,3400833241,2026,3189850416,001,,0000,000,2025-12-30,2025-12-22,INR,262701628573,RE,H,-308942.54,-308942.54,CLMS-NOV-25,0016080001,,,2025-12-30,C005,263603,2109,CI,C1,0.0,100,2,194C,Cont. Cos - 2%-New Sec-393(1)6(i)
1001,DIM00398AJ,MAHINDRA LOGISTICS LIMITED,27AAFCM2530H1ZO,2025-12-31,2610516418,3400827294,2026,3189851960,001,,0000,000,2025-12-30,2025-08-21,INR,262701319807,RE,H,-2968812.03,-2968812.03,Inbound fixed Management fees,0016080001,,,2025-12-30,C005,2533116.13,20265,JI,J1,0.0,100,10,94JB,Prof. Serv. Fees@10%-CONS393(1)6(iii)(b)
1001,DIM00398AJ,MAHINDRA LOGISTICS LIMITED,27AAFCM2530H1ZO,2025-12-31,2610516418,3400833241,2026,3189850548,001,,0000,000,2025-12-30,2025-12-11,INR,262701601006,RE,H,-31398.38,-31398.38,CLMS-NOV-25,0016080001,,,2025-12-30,C005,26791,215,CI,C1,0.0,100,2,194C,Cont. Cos - 2%-New Sec-393(1)6(i)
1001,DIM00398AJ,MAHINDRA LOGISTICS LIMITED,27AAFCM2530H1ZO,2025-12-31,2610516418,3400833241,2026,3189850360,001,,0000,000,2025-12-30,2025-12-22,INR,262701628570,RE,H,-219187.78,-219187.78,CLMS-NOV-25,0016080001,,,2025-12-30,C005,187021,1497,CI,C1,0.0,100,2,194C,Cont. Cos - 2%-New Sec-393(1)6(i)
1001,DIM00398AJ,MAHINDRA LOGISTICS LIMITED,27AAFCM2530H1ZO,2025-12-31,2610516418,3400833241,2026,3189850398,001,,0000,000,2025-12-30,2025-12-11,INR,262701600992,RE,H,-2615.76,-2615.76,CLMS-NOV-25,0016080001,,,2025-12-30,C005,2232,18,CI,C1,0.0,100,2,194C,Cont. Cos - 2%-New Sec-393(1)6(i)
1001,DIM00398AJ,MAHINDRA LOGISTICS LIMITED,27AAFCM2530H1ZO,2025-12-31,2610516418,3400833241,2026,3189849937,001,,0000,000,2025-12-30,2025-12-11,INR,262701600948,RE,H,-5139036.92,-5139036.92,CLMS-NOV-25,0016080001,,,2025-12-30,C005,4384844,35079,CI,C1,0.0,100,2,194C,Cont. Cos - 2%-New Sec-393(1)6(i)
1001,DIM00398AJ,MAHINDRA LOGISTICS LIMITED,27AAFCM2530H1ZO,2025-12-31,2610516418,3400833241,2026,3189850652,001,,0000,000,2025-12-30,2025-12-18,INR,262701620785,RE,H,-24203.36,-24203.36,CLMS-NOV-25,0016080001,,,2025-12-30,C005,20652,166,CI,C1,0.0,100,2,194C,Cont. Cos - 2%-New Sec-393(1)6(i)
1001,DIM00398AJ,MAHINDRA LOGISTICS LIMITED,27AAFCM2530H1ZO,2025-12-31,2610516418,3400833241,2026,3189849995,001,,0000,000,2025-12-30,2025-12-22,INR,262701628562,RE,H,-1272527.5,-1272527.5,CLMS-NOV-25,0016080001,,,2025-12-30,C005,1085775,8687,CI,C1,0.0,100,2,194C,Cont. Cos - 2%-New Sec-393(1)6(i)
1001,DIM00398AJ,MAHINDRA LOGISTICS LIMITED,27AAFCM2530H1ZO,2025-12-31,2610516418,3400833241,2026,3189850014,001,,0000,000,2025-12-30,2025-12-11,INR,262701600953,RE,H,-86345.32,-86345.32,CLMS-NOV-25,0016080001,,,2025-12-30,C005,73674,590,CI,C1,0.0,100,2,194C,Cont. Cos - 2%-New Sec-393(1)6(i)
1001,DIM00398AJ,MAHINDRA LOGISTICS LIMITED,27AAFCM2530H1ZO,2025-12-31,2610516418,3400833241,2026,3189850375,001,,0000,000,2025-12-30,2025-12-22,INR,262701628571,RE,H,-157273.74,-157273.74,CLMS-NOV-25,0016080001,,,2025-12-30,C005,134193,1074,CI,C1,0.0,100,2,194C,Cont. Cos - 2%-New Sec-393(1)6(i)
1001,DIM00398AJ,MAHINDRA LOGISTICS LIMITED,27AAFCM2530H1ZO,2025-12-31,2610516418,3400833241,2026,3189850318,001,,0000,000,2025-12-30,2025-12-11,INR,262701600983,RE,H,-506958.62,-506958.62,CLMS-NOV-25,0016080001,,,2025-12-30,C005,432559,3461,CI,C1,0.0,100,2,194C,Cont. Cos - 2%-New Sec-393(1)6(i)
1001,DIM00398AJ,MAHINDRA LOGISTICS LIMITED,27AAFCM2530H1ZO,2025-12-31,2610516418,3400833241,2026,3189850526,001,,0000,000,2025-12-30,2025-12-11,INR,262701601004,RE,H,-4024.12,-4024.12,CLMS-NOV-25,0016080001,,,2025-12-30,C005,3434,28,CI,C1,0.0,100,2,194C,Cont. Cos - 2%-New Sec-393(1)6(i)
1001,DIM00398AJ,MAHINDRA LOGISTICS LIMITED,27AAFCM2530H1ZO,2025-12-31,2610516418,3400833241,2026,3189850091,001,,0000,000,2025-12-30,2025-12-11,INR,262701600960,RE,H,-1294182.36,-1294182.36,CLMS-NOV-25,0016080001,,,2025-12-30,C005,1104252,8835,CI,C1,0.0,100,2,194C,Cont. Cos - 2%-New Sec-393(1)6(i)
1001,DIM00398AJ,MAHINDRA LOGISTICS LIMITED,27AAFCM2530H1ZO,2025-12-31,2610516418,3400833241,2026,3189850284,001,,0000,000,2025-12-30,2025-12-11,INR,262701600980,RE,H,-139985.56,-139985.56,CLMS-NOV-25,0016080001,,,2025-12-30,C005,119442,956,CI,C1,0.0,100,2,194C,Cont. Cos - 2%-New Sec-393(1)6(i)
1001,DIM00398AJ,MAHINDRA LOGISTICS LIMITED,27AAFCM2530H1ZO,2025-12-31,2610516418,3400833241,2026,3189850446,001,,0000,000,2025-12-30,2025-12-22,INR,262701628574,RE,H,-2381499.28,-2381499.28,CLMS-NOV-25,0016080001,,,2025-12-30,C005,2031996,16256,CI,C1,0.0,100,2,194C,Cont. Cos - 2%-New Sec-393(1)6(i)
1001,DIM00398AJ,MAHINDRA LOGISTICS LIMITED,27AAFCM2530H1ZO,2025-12-31,2610516418,3400833241,2026,3189850665,001,,0000,000,2025-12-30,2025-12-11,INR,262701601016,RE,H,-305781.08,-305781.08,CLMS-NOV-25,0016080001,,,2025-12-30,C005,260906,2088,CI,C1,0.0,100,2,194C,Cont. Cos - 2%-New Sec-393(1)6(i)
1001,DIM00398AJ,MAHINDRA LOGISTICS LIMITED,27AAFCM2530H1ZO,2025-12-31,2610516418,3400833241,2026,3189850007,001,,0000,000,2025-12-30,2025-12-11,INR,262701600952,RE,H,-1092712.82,-1092712.82,CLMS-NOV-25,0016080001,,,2025-12-30,C005,932349,7459,CI,C1,0.0,100,2,194C,Cont. Cos - 2%-New Sec-393(1)6(i)
1001,DIM00398AJ,MAHINDRA LOGISTICS LIMITED,27AAFCM2530H1ZO,2025-12-31,2610516418,3400833241,2026,3189850195,001,,0000,000,2025-12-30,2025-12-11,INR,262701600973,RE,H,-288730.26,-288730.26,CLMS-NOV-25,0016080001,,,2025-12-30,C005,246357,1971,CI,C1,0.0,100,2,194C,Cont. Cos - 2%-New Sec-393(1)6(i)
1001,DIM00398AJ,MAHINDRA LOGISTICS LIMITED,27AAFCM2530H1ZO,2025-12-31,2610516418,3400833241,2026,3189849969,001,,0000,000,2025-12-30,2025-12-11,INR,262701600949,RE,H,-27473.56,-27473.56,CLMS-NOV-25,0016080001,,,2025-12-30,C005,23442,188,CI,C1,0.0,100,2,194C,Cont. Cos - 2%-New Sec-393(1)6(i)
1001,DIM00398AJ,MAHINDRA LOGISTICS LIMITED,27AAFCM2530H1ZO,2025-12-31,2610516418,3400833241,2026,3189850434,001,,0000,000,2025-12-30,2025-12-18,INR,262701620784,RE,H,-3924.82,-3924.82,CLMS-NOV-25,0016080001,,,2025-12-30,C005,3349,27,CI,C1,0.0,100,2,194C,Cont. Cos - 2%-New Sec-393(1)6(i)
1001,DIM00398AJ,MAHINDRA LOGISTICS LIMITED,27AAFCM2530H1ZO,2025-12-31,2610516418,3400833241,2026,3189850240,001,,0000,000,2025-12-30,2025-12-22,INR,262701628566,RE,H,-1070769.86,-1070769.86,CLMS-NOV-25,0016080001,,,2025-12-30,C005,913627,7310,CI,C1,0.0,100,2,194C,Cont. Cos - 2%-New Sec-393(1)6(i)
1001,DIM00398AJ,MAHINDRA LOGISTICS LIMITED,27AAFCM2530H1ZO,2025-12-31,2610516418,3400814638,2026,3189851942,001,,0000,000,2025-12-30,2025-07-21,INR,262701246411,RE,H,-722557.68,-722557.68,Inbound fixed Management fees,0016080001,,,2025-12-30,C005,616517.52,4933,JI,J1,0.0,100,10,94JB,Prof. Serv. Fees@10%-CONS393(1)6(iii)(b)
1001,DIM00398AJ,MAHINDRA LOGISTICS LIMITED,27AAFCM2530H1ZO,2025-12-31,2610516418,3400833241,2026,3189850483,001,,0000,000,2025-12-30,2025-12-22,INR,262701628575,RE,H,-5433257.48,-5433257.48,CLMS-NOV-25,0016080001,,,2025-12-30,C005,4635886,37088,CI,C1,0.0,100,2,194C,Cont. Cos - 2%-New Sec-393(1)6(i)
1001,DIM00398AJ,MAHINDRA LOGISTICS LIMITED,27AAFCM2530H1ZO,2025-12-31,2610516418,3400833241,2026,3189850051,001,,0000,000,2025-12-30,2025-12-22,INR,262701628563,RE,H,-636292.16,-636292.16,CLMS-NOV-25,0016080001,,,2025-12-30,C005,542912,4344,CI,C1,0.0,100,2,194C,Cont. Cos - 2%-New Sec-393(1)6(i)
1001,DIM00398AJ,MAHINDRA LOGISTICS LIMITED,27AAFCM2530H1ZO,2025-12-31,2610516418,3400833241,2026,3189850074,001,,0000,000,2025-12-30,2025-12-11,INR,262701600958,RE,H,-7849.64,-7849.64,CLMS-NOV-25,0016080001,,,2025-12-30,C005,6698,54,CI,C1,0.0,100,2,194C,Cont. Cos - 2%-New Sec-393(1)6(i)
1001,DIM00398AJ,MAHINDRA LOGISTICS LIMITED,27AAFCM2530H1ZO,2025-12-31,2610516418,3400833241,2026,3189850023,001,,0000,000,2025-12-30,2025-12-11,INR,262701600954,RE,H,-6641.06,-6641.06,CLMS-NOV-25,0016080001,,,2025-12-30,C005,5667,46,CI,C1,0.0,100,2,194C,Cont. Cos - 2%-New Sec-393(1)6(i)
1001,DIM00398AJ,MAHINDRA LOGISTICS LIMITED,27AAFCM2530H1ZO,2025-12-31,2610516418,3400833241,2026,3189850590,001,,0000,000,2025-12-30,2025-12-11,INR,262701601009,RE,H,-68030.46,-68030.46,CLMS-NOV-25,0016080001,,,2025-12-30,C005,58047,465,CI,C1,0.0,100,2,194C,Cont. Cos - 2%-New Sec-393(1)6(i)
1001,DIM00398AJ,MAHINDRA LOGISTICS LIMITED,27AAFCM2530H1ZO,2025-12-31,2610516418,3400825489,2026,3189851891,001,,0000,000,2025-12-30,2025-07-21,INR,262701246407,RE,H,-2968812.03,-2968812.03,Inbound fixed Management fees,0016080001,,,2025-12-30,C005,2533116.13,20265,JI,J1,0.0,100,10,94JB,Prof. Serv. Fees@10%-CONS393(1)6(iii)(b)
1001,DIM00398AJ,MAHINDRA LOGISTICS LIMITED,27AAFCM2530H1ZO,2025-12-31,2610516418,3400833241,2026,3189849928,001,,0000,000,2025-12-30,2025-12-11,INR,262701600947,RE,H,-2815.54,-2815.54,CLMS-NOV-25,0016080001,,,2025-12-30,C005,2403,20,CI,C1,0.0,100,2,194C,Cont. Cos - 2%-New Sec-393(1)6(i)
1001,DIM00398AJ,MAHINDRA LOGISTICS LIMITED,27AAFCM2530H1ZO,2025-12-31,2610516418,3400833241,2026,3189850340,001,,0000,000,2025-12-30,2025-12-22,INR,262701628569,RE,H,-351729.98,-351729.98,CLMS-NOV-25,0016080001,,,2025-12-30,C005,300111,2401,CI,C1,0.0,100,2,194C,Cont. Cos - 2%-New Sec-393(1)6(i)
1001,DIM00398AJ,MAHINDRA LOGISTICS LIMITED,27AAFCM2530H1ZO,2025-12-31,2610516418,3400833241,2026,3189850493,001,,0000,000,2025-12-30,2025-12-11,INR,262701600999,RE,H,-2615.76,-2615.76,CLMS-NOV-25,0016080001,,,2025-12-30,C005,2232,18,CI,C1,0.0,100,2,194C,Cont. Cos - 2%-New Sec-393(1)6(i)
1001,DIM00398AJ,MAHINDRA LOGISTICS LIMITED,27AAFCM2530H1ZO,2025-12-31,2610516418,3400833241,2026,3189850682,001,,0000,000,2025-12-30,2025-12-11,INR,262701601036,RE,H,-71796.98,-71796.98,CLMS-NOV-25,0016080001,,,2025-12-30,C005,61261,491,CI,C1,0.0,100,2,194C,Cont. Cos - 2%-New Sec-393(1)6(i)
1001,DIM00398AJ,MAHINDRA LOGISTICS LIMITED,27AAFCM2530H1ZO,2025-12-31,2610516418,3400833241,2026,3189850110,001,,0000,000,2025-12-30,2025-12-11,INR,262701600964,RE,H,-1307.88,-1307.88,CLMS-NOV-25,0016080001,,,2025-12-30,C005,1116,9,CI,C1,0.0,100,2,194C,Cont. Cos - 2%-New Sec-393(1)6(i)
1001,DIM00398AJ,MAHINDRA LOGISTICS LIMITED,27AAFCM2530H1ZO,2025-12-31,2610516418,3400833241,2026,3189850043,001,,0000,000,2025-12-30,2025-12-11,INR,262701600955,RE,H,-370511.66,-370511.66,CLMS-NOV-25,0016080001,,,2025-12-30,C005,316137,2530,CI,C1,0.0,100,2,194C,Cont. Cos - 2%-New Sec-393(1)6(i)
1001,DIM00398AJ,MAHINDRA LOGISTICS LIMITED,27AAFCM2530H1ZO,2025-12-31,2610516418,3400833241,2026,3189850323,001,,0000,000,2025-12-30,2025-12-11,INR,262701600984,RE,H,-34014.14,-34014.14,CLMS-NOV-25,0016080001,,,2025-12-30,C005,29023,233,CI,C1,0.0,100,2,194C,Cont. Cos - 2%-New Sec-393(1)6(i)
1001,DIM00398AJ,MAHINDRA LOGISTICS LIMITED,27AAFCM2530H1ZO,2025-12-30,2610513319,,2026,2610513319,001,,0000,000,2025-12-30,2025-12-30,INR,,KZ,S,58284244.75,58284244.75,,0016080001,,,2025-12-30,,49730602.37,0,,,,,,,
1001,DIM00398AJ,MAHINDRA LOGISTICS LIMITED,27AAFCM2530H1ZO,2025-12-31,2610516418,3400833241,2026,3189850158,001,,0000,000,2025-12-30,2025-12-11,INR,262701600969,RE,H,-57565.06,-57565.06,CLMS-NOV-25,0016080001,,,2025-12-30,C005,49117,393,CI,C1,0.0,100,2,194C,Cont. Cos - 2%-New Sec-393(1)6(i)
1001,DIM00398AJ,MAHINDRA LOGISTICS LIMITED,27AAFCM2530H1ZO,2025-12-31,2610516418,3400833241,2026,3189850331,001,,0000,000,2025-12-30,2025-12-11,INR,262701600985,RE,H,-38009.76,-38009.76,CLMS-NOV-25,0016080001,,,2025-12-30,C005,32432,260,CI,C1,0.0,100,2,194C,Cont. Cos - 2%-New Sec-393(1)6(i)
1001,DIM00398AJ,MAHINDRA LOGISTICS LIMITED,27AAFCM2530H1ZO,2025-12-31,2610516418,3400833241,2026,3189850083,001,,0000,000,2025-12-30,2025-12-11,INR,262701600959,RE,H,-36631.08,-36631.08,CLMS-NOV-25,0016080001,,,2025-12-30,C005,31256,251,CI,C1,0.0,100,2,194C,Cont. Cos - 2%-New Sec-393(1)6(i)
1001,DIM00398AJ,MAHINDRA LOGISTICS LIMITED,27AAFCM2530H1ZO,2025-12-31,2610516418,3400833241,2026,3189850499,001,,0000,000,2025-12-30,2025-12-11,INR,262701601000,RE,H,-6938.78,-6938.78,CLMS-NOV-25,0016080001,,,2025-12-30,C005,5921,48,CI,C1,0.0,100,2,194C,Cont. Cos - 2%-New Sec-393(1)6(i)
1001,DIM00398AJ,MAHINDRA LOGISTICS LIMITED,27AAFCM2530H1ZO,2025-12-31,2610516418,3400827294,2026,3189851976,001,,0000,000,2025-12-30,2025-09-25,INR,262701408154,RE,H,-2968812.03,-2968812.03,Inbound fixed Management fees,0016080001,,,2025-12-30,C005,2533116.13,20265,JI,J1,0.0,100,10,94JB,Prof. Serv. Fees@10%-CONS393(1)6(iii)(b)
1001,DIM00398AJ,MAHINDRA LOGISTICS LIMITED,27AAFCM2530H1ZO,2025-12-31,2610516418,3400833241,2026,3189850539,001,,0000,000,2025-12-30,2025-12-11,INR,262701601005,RE,H,-106041.22,-106041.22,CLMS-NOV-25,0016080001,,,2025-12-30,C005,90479,724,CI,C1,0.0,100,2,194C,Cont. Cos - 2%-New Sec-393(1)6(i)
1001,DIM00398AJ,MAHINDRA LOGISTICS LIMITED,27AAFCM2530H1ZO,2025-12-31,2610516418,3400833241,2026,3189850095,001,,0000,000,2025-12-30,2025-12-11,INR,262701600961,RE,H,-7948.94,-7948.94,CLMS-NOV-25,0016080001,,,2025-12-30,C005,6783,55,CI,C1,0.0,100,2,194C,Cont. Cos - 2%-New Sec-393(1)6(i)
1001,DIM00398AJ,MAHINDRA LOGISTICS LIMITED,27AAFCM2530H1ZO,2025-12-31,2610516418,3400833241,2026,3189849987,001,,0000,000,2025-12-30,2025-12-11,INR,262701600950,RE,H,-1307.88,-1307.88,CLMS-NOV-25,0016080001,,,2025-12-30,C005,1116,9,CI,C1,0.0,100,2,194C,Cont. Cos - 2%-New Sec-393(1)6(i)
1001,DIM00398AJ,MAHINDRA LOGISTICS LIMITED,27AAFCM2530H1ZO,2025-12-31,2610516418,3400833241,2026,3189850271,001,,0000,000,2025-12-30,2025-12-22,INR,262701628568,RE,H,-1777416.06,-1777416.06,CLMS-NOV-25,0016080001,,,2025-12-30,C005,1516567,12133,CI,C1,0.0,100,2,194C,Cont. Cos - 2%-New Sec-393(1)6(i)
1001,DIM00398AJ,MAHINDRA LOGISTICS LIMITED,27AAFCM2530H1ZO,2025-12-31,2610516418,3400833241,2026,3189850311,001,,0000,000,2025-12-30,2025-12-11,INR,262701600982,RE,H,-277354.18,-277354.18,CLMS-NOV-25,0016080001,,,2025-12-30,C005,236651,1894,CI,C1,0.0,100,2,194C,Cont. Cos - 2%-New Sec-393(1)6(i)
1001,DIM00398AJ,MAHINDRA LOGISTICS LIMITED,27AAFCM2530H1ZO,2025-12-31,2610516418,3400833241,2026,3189850248,001,,0000,000,2025-12-30,2025-12-22,INR,262701628567,RE,H,-335253.54,-335253.54,CLMS-NOV-25,0016080001,,,2025-12-30,C005,286053,2289,CI,C1,0.0,100,2,194C,Cont. Cos - 2%-New Sec-393(1)6(i)
1001,DIM00398AJ,MAHINDRA LOGISTICS LIMITED,27AAFCM2530H1ZO,2025-12-31,2610516418,3400833241,2026,3189850118,001,,0000,000,2025-12-30,2025-12-11,INR,262701600965,RE,H,-155754.46,-155754.46,CLMS-NOV-25,0016080001,,,2025-12-30,C005,132897,1064,CI,C1,0.0,100,2,194C,Cont. Cos - 2%-New Sec-393(1)6(i)
1001,DIM00398AJ,MAHINDRA LOGISTICS LIMITED,27AAFCM2530H1ZO,2025-12-31,2610516418,3400833241,2026,3189850460,001,,0000,000,2025-12-30,2025-12-11,INR,262701600996,RE,H,-9455.24,-9455.24,CLMS-NOV-25,0016080001,,,2025-12-30,C005,8068,65,CI,C1,0.0,100,2,194C,Cont. Cos - 2%-New Sec-393(1)6(i)
1001,DIM00398AJ,MAHINDRA LOGISTICS LIMITED,27AAFCM2530H1ZO,2025-12-31,2610516418,3400833241,2026,3189850472,001,,0000,000,2025-12-30,2025-12-11,INR,262701600997,RE,H,-14390.22,-14390.22,CLMS-NOV-25,0016080001,,,2025-12-30,C005,12279,99,CI,C1,0.0,100,2,194C,Cont. Cos - 2%-New Sec-393(1)6(i)
1001,DIM00398AJ,MAHINDRA LOGISTICS LIMITED,27AAFCM2530H1ZO,2025-12-31,2610516418,3400833241,2026,3189850101,001,,0000,000,2025-12-30,2025-12-11,INR,262701600962,RE,H,-5431.3,-5431.3,CLMS-NOV-25,0016080001,,,2025-12-30,C005,4635,38,CI,C1,0.0,100,2,194C,Cont. Cos - 2%-New Sec-393(1)6(i)
1001,DIM00398AJ,MAHINDRA LOGISTICS LIMITED,27AAFCM2530H1ZO,2025-12-31,2610516418,3400833241,2026,3189850608,001,,0000,000,2025-12-30,2025-12-11,INR,262701601010,RE,H,-32706.26,-32706.26,CLMS-NOV-25,0016080001,,,2025-12-30,C005,27907,224,CI,C1,0.0,100,2,194C,Cont. Cos - 2%-New Sec-393(1)6(i)
1001,DIM00398AJ,MAHINDRA LOGISTICS LIMITED,27AAFCM2530H1ZO,2025-12-31,2610516418,3400833241,2026,3189850205,001,,0000,000,2025-12-30,2025-12-11,INR,262701600974,RE,H,-133443.8,-133443.8,CLMS-NOV-25,0016080001,,,2025-12-30,C005,113860,911,CI,C1,0.0,100,2,194C,Cont. Cos - 2%-New Sec-393(1)6(i)
1001,DIM00398AJ,MAHINDRA LOGISTICS LIMITED,27AAFCM2530H1ZO,2025-12-31,2610516418,3400833241,2026,3189850257,001,,0000,000,2025-12-30,2025-12-11,INR,262701600978,RE,H,-188393.1,-188393.1,CLMS-NOV-25,0016080001,,,2025-12-30,C005,160745,1286,CI,C1,0.0,100,2,194C,Cont. Cos - 2%-New Sec-393(1)6(i)
1001,DIM00398AJ,MAHINDRA LOGISTICS LIMITED,27AAFCM2530H1ZO,2025-12-31,2610516418,3400833241,2026,3189850146,001,,0000,000,2025-12-30,2025-12-11,INR,262701600968,RE,H,-69992.78,-69992.78,CLMS-NOV-25,0016080001,,,2025-12-30,C005,59721,478,CI,C1,0.0,100,2,194C,Cont. Cos - 2%-New Sec-393(1)6(i)
1001,DIM00398AJ,MAHINDRA LOGISTICS LIMITED,27AAFCM2530H1ZO,2025-12-31,2610516418,3400833241,2026,3189850304,001,,0000,000,2025-12-30,2025-12-11,INR,262701600981,RE,H,-626117.4,-626117.4,CLMS-NOV-25,0016080001,,,2025-12-30,C005,534230,4274,CI,C1,0.0,100,2,194C,Cont. Cos - 2%-New Sec-393(1)6(i)
1001,DIM00398AJ,MAHINDRA LOGISTICS LIMITED,27AAFCM2530H1ZO,2025-12-31,2610516418,3400833241,2026,3189850182,001,,0000,000,2025-12-30,2025-12-11,INR,262701600971,RE,H,-1425484.12,-1425484.12,CLMS-NOV-25,0016080001,,,2025-12-30,C005,1216284,9731,CI,C1,0.0,100,2,194C,Cont. Cos - 2%-New Sec-393(1)6(i)
1001,DIM00398AJ,MAHINDRA LOGISTICS LIMITED,27AAFCM2530H1ZO,2025-12-31,2610516418,3400833241,2026,3189850064,001,,0000,000,2025-12-30,2025-12-22,INR,262701628564,RE,H,-901548.02,-901548.02,CLMS-NOV-25,0016080001,,,2025-12-30,C005,769239,6154,CI,C1,0.0,100,2,194C,Cont. Cos - 2%-New Sec-393(1)6(i)
1001,DIM00398AJ,MAHINDRA LOGISTICS LIMITED,27AAFCM2530H1ZO,2025-12-31,2610516418,3400833241,2026,3189850660,001,,0000,000,2025-12-30,2025-12-11,INR,262701601015,RE,H,-201892.52,-201892.52,CLMS-NOV-25,0016080001,,,2025-12-30,C005,172264,1379,CI,C1,0.0,100,2,194C,Cont. Cos - 2%-New Sec-393(1)6(i)
1001,DIM00398AJ,MAHINDRA LOGISTICS LIMITED,27AAFCM2530H1ZO,2025-12-31,2610516418,3400833241,2026,3189850138,001,,0000,000,2025-12-30,2025-12-11,INR,262701600966,RE,H,-127556.66,-127556.66,CLMS-NOV-25,0016080001,,,2025-12-30,C005,108837,871,CI,C1,0.0,100,2,194C,Cont. Cos - 2%-New Sec-393(1)6(i)
1001,DIM00398AJ,MAHINDRA LOGISTICS LIMITED,27AAFCM2530H1ZO,2025-12-31,2610516418,3400833241,2026,3189850173,001,,0000,000,2025-12-30,2025-12-22,INR,262701628565,RE,H,-273428.18,-273428.18,CLMS-NOV-25,0016080001,,,2025-12-30,C005,233301,1867,CI,C1,0.0,100,2,194C,Cont. Cos - 2%-New Sec-393(1)6(i)
1001,DIM00398AJ,MAHINDRA LOGISTICS LIMITED,27AAFCM2530H1ZO,2025-12-31,2610516418,3400833241,2026,3189850559,001,,0000,000,2025-12-30,2025-12-11,INR,262701601007,RE,H,-62768.26,-62768.26,CLMS-NOV-25,0016080001,,,2025-12-30,C005,53557,429,CI,C1,0.0,100,2,194C,Cont. Cos - 2%-New Sec-393(1)6(i)
1001,DIM00398AJ,MAHINDRA LOGISTICS LIMITED,27AAFCM2530H1ZO,2025-12-31,2610516418,3400832901,2026,3189850699,001,,0000,000,2025-12-30,2025-12-10,INR,262701598070,RE,H,-41515.14,-41515.14,Fixed Staff & GMI-NOV-25,0016080001,,,2025-12-30,C005,35423,284,CI,C1,0.0,100,2,194C,Cont. Cos - 2%-New Sec-393(1)6(i)
1001,DIM00398AJ,MAHINDRA LOGISTICS LIMITED,27AAFCM2530H1ZO,2025-12-31,2610516418,3400833241,2026,3189850672,001,,0000,000,2025-12-30,2025-12-22,INR,262701628578,RE,H,-188701.62,-188701.62,CLMS-NOV-25,0016080001,,,2025-12-30,C005,161009,1289,CI,C1,0.0,100,2,194C,Cont. Cos - 2%-New Sec-393(1)6(i)
1001,DIM00398AJ,MAHINDRA LOGISTICS LIMITED,27AAFCM2530H1ZO,2025-12-31,2610516418,3400833241,2026,3189850186,001,,0000,000,2025-12-30,2025-12-11,INR,262701600972,RE,H,-2715.06,-2715.06,CLMS-NOV-25,0016080001,,,2025-12-30,C005,2317,19,CI,C1,0.0,100,2,194C,Cont. Cos - 2%-New Sec-393(1)6(i)
1001,DIM00398AJ,MAHINDRA LOGISTICS LIMITED,27AAFCM2530H1ZO,2025-12-31,2610516418,3400833241,2026,3189850222,001,,0000,000,2025-12-30,2025-12-11,INR,262701600975,RE,H,-5232.7,-5232.7,CLMS-NOV-25,0016080001,,,2025-12-30,C005,4465,36,CI,C1,0.0,100,2,194C,Cont. Cos - 2%-New Sec-393(1)6(i)
1001,DIM00398AJ,MAHINDRA LOGISTICS LIMITED,27AAFCM2530H1ZO,2025-12-31,2610516418,3400833241,2026,3189850512,001,,0000,000,2025-12-30,2025-12-11,INR,262701601001,RE,H,-1931731.3,-1931731.3,CLMS-NOV-25,0016080001,,,2025-12-30,C005,1648235,13186,CI,C1,0.0,100,2,194C,Cont. Cos - 2%-New Sec-393(1)6(i)
1001,DIM00398AJ,MAHINDRA LOGISTICS LIMITED,27AAFCM2530H1ZO,2025-12-31,2610516418,3400833241,2026,3189850637,001,,0000,000,2025-12-30,2025-12-22,INR,262701628577,RE,H,-157753.36,-157753.36,CLMS-NOV-25,0016080001,,,2025-12-30,C005,134602,1077,CI,C1,0.0,100,2,194C,Cont. Cos - 2%-New Sec-393(1)6(i)
1001,DIM00398AJ,MAHINDRA LOGISTICS LIMITED,27AAFCM2530H1ZO,2025-12-31,2610516418,3400832901,2026,3189850709,001,,0000,000,2025-12-30,2025-11-08,INR,262701504110,RE,H,-41515.14,-41515.14,Fixed Staff & GMI-NOV-25,0016080001,,,2025-12-30,C005,35423,284,CI,C1,0.0,100,2,194C,Cont. Cos - 2%-New Sec-393(1)6(i)
1001,DIM00398AJ,MAHINDRA LOGISTICS LIMITED,27AAFCM2530H1ZO,2026-01-28,2610552226,3400837485,2026,3190570147,001,,0000,000,2026-01-23,2025-11-08,INR,262701504032,RE,H,-140516.1,-140516.1,CLMS-OCT-25,0016080001,,,2026-01-23,C005,119895,960,CI,C1,0.0,100,2,194C,Cont. Cos - 2%-New Sec-393(1)6(i)
1001,DIM00398AJ,MAHINDRA LOGISTICS LIMITED,27AAFCM2530H1ZO,2026-01-28,2610552226,3400837485,2026,3190570158,001,,0000,000,2026-01-23,2025-08-24,INR,262701329942,RE,H,-116292.68,-116292.68,CLMS-JULY-25,0016080001,,,2026-01-23,C005,99226,794,CI,C1,0.0,100,2,194C,Cont. Cos - 2%-New Sec-393(1)6(i)
1001,DIM00398AJ,MAHINDRA LOGISTICS LIMITED,27AAFCM2530H1ZO,2026-01-28,2610552226,3400837485,2026,3190570355,001,,0000,000,2026-01-23,2025-10-08,INR,262701427675,RE,H,-135861.14,-135861.14,CLMS-SEPT-25,0016080001,,,2026-01-23,C005,115923,928,CI,C1,0.0,100,2,194C,Cont. Cos - 2%-New Sec-393(1)6(i)
1001,DIM00398AJ,MAHINDRA LOGISTICS LIMITED,27AAFCM2530H1ZO,2026-01-28,2610552226,3400837485,2026,3190570322,001,,0000,000,2026-01-23,2025-11-14,INR,262701524718,RE,H,-2643.08,-2643.08,CLMS-OCT-25,0016080001,,,2026-01-23,C005,2256,19,CI,C1,0.0,100,2,194C,Cont. Cos - 2%-New Sec-393(1)6(i)
1001,DIM00398AJ,MAHINDRA LOGISTICS LIMITED,27AAFCM2530H1ZO,2026-01-28,2610552226,3400837485,2026,3190570232,001,,0000,000,2026-01-23,2025-12-11,INR,262701600963,RE,H,-31398.38,-31398.38,CLMS-NOV-25,0016080001,,,2026-01-23,C005,26791,215,CI,C1,0.0,100,2,194C,Cont. Cos - 2%-New Sec-393(1)6(i)
1001,DIM00398AJ,MAHINDRA LOGISTICS LIMITED,27AAFCM2530H1ZO,2026-01-28,2610552226,3400837485,2026,3190570337,001,,0000,000,2026-01-23,2025-11-08,INR,262701504080,RE,H,-45144.6,-45144.6,Fixed Staff & GMI-OCT-25,0016080001,,,2026-01-23,C005,38520,309,CI,C1,0.0,100,2,194C,Cont. Cos - 2%-New Sec-393(1)6(i)
1001,DIM00398AJ,MAHINDRA LOGISTICS LIMITED,27AAFCM2530H1ZO,2026-01-28,2610552226,3400837485,2026,3190570367,001,,0000,000,2026-01-23,2025-11-08,INR,262701504020,RE,H,-2607.5,-2607.5,CLMS-OCT-25,0016080001,,,2026-01-23,C005,2225,18,CI,C1,0.0,100,2,194C,Cont. Cos - 2%-New Sec-393(1)6(i)
1001,DIM00398AJ,MAHINDRA LOGISTICS LIMITED,27AAFCM2530H1ZO,2026-01-28,2610552226,3400837485,2026,3190570372,001,,0000,000,2026-01-23,2025-12-22,INR,262701628576,RE,H,-2887.52,-2887.52,CLMS-NOV-25,0016080001,,,2026-01-23,C005,2464,20,CI,C1,0.0,100,2,194C,Cont. Cos - 2%-New Sec-393(1)6(i)
1001,DIM00398AJ,MAHINDRA LOGISTICS LIMITED,27AAFCM2530H1ZO,2026-01-28,2610552226,3400837485,2026,3190570344,001,,0000,000,2026-01-23,2025-09-10,INR,262701361248,RE,H,-16353.72,-16353.72,Fixed Staff & GMI-AUG-25,0016080001,,,2026-01-23,C005,13954,112,CI,C1,0.0,100,2,194C,Cont. Cos - 2%-New Sec-393(1)6(i)
1001,DIM00398AJ,MAHINDRA LOGISTICS LIMITED,27AAFCM2530H1ZO,2026-01-28,2610552226,3400837485,2026,3190570246,001,,0000,000,2026-01-23,2025-12-11,INR,262701601017,RE,H,-136060.74,-136060.74,CLMS-NOV-25,0016080001,,,2026-01-23,C005,116093,929,CI,C1,0.0,100,2,194C,Cont. Cos - 2%-New Sec-393(1)6(i)
1001,DIM00398AJ,MAHINDRA LOGISTICS LIMITED,27AAFCM2530H1ZO,2026-01-28,2610552226,3400837482,2026,3190570123,001,,0000,000,2026-01-23,2025-10-16,INR,262701452456,RE,H,-628656.29,-628656.29,Driver Shifting Charge - Sept-25,0016080001,,,2026-01-23,C005,536396.85,4292,CI,C1,0.0,100,2,194C,Cont. Cos - 2%-New Sec-393(1)6(i)
1001,DIM00398AJ,MAHINDRA LOGISTICS LIMITED,27AAFCM2530H1ZO,2026-01-28,2610552226,3400837482,2026,3190570135,001,,0000,000,2026-01-23,2025-09-16,INR,262701381560,RE,H,-667903.12,-667903.12,Driver Shifting Charge -Aug-25,0016080001,,,2026-01-23,C005,569884,4560,CI,C1,0.0,100,2,194C,Cont. Cos - 2%-New Sec-393(1)6(i)
1001,DIM00398AJ,MAHINDRA LOGISTICS LIMITED,27AAFCM2530H1ZO,2026-02-04,2610565377,3400838918,2026,3190838117,001,,0000,000,2026-01-31,2026-01-08,INR,262701675828,RE,H,-54650.58,-54650.58,Fixed Staff & GMI-Dec-25,0016080001,,,2026-01-31,C005,46631,0,CI,C1,0.0,100,2,194C,Cont. Cos - 2%-New Sec-393(1)6(i)
1001,DIM00398AJ,MAHINDRA LOGISTICS LIMITED,27AAFCM2530H1ZO,2026-02-04,2610565377,3400839105,2026,3190838248,001,,0000,000,2026-01-31,2026-01-08,INR,262701675824,RE,H,-623713.22,-623713.22,Fixed Staff & GMI-Dec-25,0016080001,,,2026-01-31,C005,532179,0,CI,C1,0.0,100,2,194C,Cont. Cos - 2%-New Sec-393(1)6(i)
1001,DIM00398AJ,MAHINDRA LOGISTICS LIMITED,27AAFCM2530H1ZO,2026-02-04,2610565377,3400838918,2026,3190838128,001,,0000,000,2026-01-31,2026-01-15,INR,262701704386,RE,H,-112376.3,-112376.3,Fixed Staff & GMI-Dec-25,0016080001,,,2026-01-31,C005,95885,0,CI,C1,0.0,100,2,194C,Cont. Cos - 2%-New Sec-393(1)6(i)
1001,DIM00398AJ,MAHINDRA LOGISTICS LIMITED,27AAFCM2530H1ZO,2026-02-04,2610565377,3400838918,2026,3190838156,001,,0000,000,2026-01-31,2026-01-08,INR,262701675847,RE,H,-129543.94,-129543.94,Fixed Staff & GMI-Dec-25,0016080001,,,2026-01-31,C005,110533,0,CI,C1,0.0,100,2,194C,Cont. Cos - 2%-New Sec-393(1)6(i)
1001,DIM00398AJ,MAHINDRA LOGISTICS LIMITED,27AAFCM2530H1ZO,2026-02-04,2610565377,3400838918,2026,3190837975,001,,0000,000,2026-01-31,2026-01-15,INR,262701704369,RE,H,-421664.94,-421664.94,Fixed Staff & GMI-Dec-25,0016080001,,,2026-01-31,C005,359783,0,CI,C1,0.0,100,2,194C,Cont. Cos - 2%-New Sec-393(1)6(i)
1001,DIM00398AJ,MAHINDRA LOGISTICS LIMITED,27AAFCM2530H1ZO,2026-02-04,2610565377,3400839105,2026,3190838160,001,,0000,000,2026-01-31,2026-01-08,INR,262701675813,RE,H,-887362.48,-887362.48,Fixed Staff & GMI-Dec-25,0016080001,,,2026-01-31,C005,757136,0,CI,C1,0.0,100,2,194C,Cont. Cos - 2%-New Sec-393(1)6(i)
1001,DIM00398AJ,MAHINDRA LOGISTICS LIMITED,27AAFCM2530H1ZO,2026-02-04,2610565377,3400839105,2026,3190838175,001,,0000,000,2026-01-31,2026-01-15,INR,262701704366,RE,H,-3493192.2,-3493192.2,Fixed Staff & GMI-Dec-25,0016080001,,,2026-01-31,C005,2980540,0,CI,C1,0.0,100,2,194C,Cont. Cos - 2%-New Sec-393(1)6(i)
1001,DIM00398AJ,MAHINDRA LOGISTICS LIMITED,27AAFCM2530H1ZO,2026-02-04,2610565377,3400838918,2026,3190838181,001,,0000,000,2026-01-31,2026-01-08,INR,262701675848,RE,H,-492970.14,-492970.14,Fixed Staff & GMI-Dec-25,0016080001,,,2026-01-31,C005,420623,0,CI,C1,0.0,100,2,194C,Cont. Cos - 2%-New Sec-393(1)6(i)
1001,DIM00398AJ,MAHINDRA LOGISTICS LIMITED,27AAFCM2530H1ZO,2026-02-04,2610565377,3400838918,2026,3190838113,001,,0000,000,2026-01-31,2026-01-08,INR,262701675846,RE,H,-1338.74,-1338.74,Fixed Staff & GMI-Dec-25,0016080001,,,2026-01-31,C005,1143,0,CI,C1,0.0,100,2,194C,Cont. Cos - 2%-New Sec-393(1)6(i)
1001,DIM00398AJ,MAHINDRA LOGISTICS LIMITED,27AAFCM2530H1ZO,2026-02-04,2610565377,3400838918,2026,3190838076,001,,0000,000,2026-01-31,2026-01-08,INR,262701675805,RE,H,-282768.78,-282768.78,Fixed Staff & GMI-Dec-25,0016080001,,,2026-01-31,C005,241271,0,CI,C1,0.0,100,2,194C,Cont. Cos - 2%-New Sec-393(1)6(i)
1001,DIM00398AJ,MAHINDRA LOGISTICS LIMITED,27AAFCM2530H1ZO,2026-02-04,2610565377,3400838918,2026,3190838047,001,,0000,000,2026-01-31,2026-01-08,INR,262701675807,RE,H,-43533.1,-43533.1,Fixed Staff & GMI-Dec-25,0016080001,,,2026-01-31,C005,37145,0,CI,C1,0.0,100,2,194C,Cont. Cos - 2%-New Sec-393(1)6(i)
1001,DIM00398AJ,MAHINDRA LOGISTICS LIMITED,27AAFCM2530H1ZO,2026-02-04,2610565377,3400838918,2026,3190838000,001,,0000,000,2026-01-31,2026-01-08,INR,262701675774,RE,H,-37498.1,-37498.1,Fixed Staff & GMI-Dec-25,0016080001,,,2026-01-31,C005,31995,0,CI,C1,0.0,100,2,194C,Cont. Cos - 2%-New Sec-393(1)6(i)
1001,DIM00398AJ,MAHINDRA LOGISTICS LIMITED,27AAFCM2530H1ZO,2026-02-04,2610565377,3400839105,2026,3190838196,001,,0000,000,2026-01-31,2026-01-08,INR,262701675837,RE,H,-1643327.26,-1643327.26,Fixed Staff & GMI-Dec-25,0016080001,,,2026-01-31,C005,1402157,0,CI,C1,0.0,100,2,194C,Cont. Cos - 2%-New Sec-393(1)6(i)
1001,DIM00398AJ,MAHINDRA LOGISTICS LIMITED,27AAFCM2530H1ZO,2026-02-04,2610565377,3400838918,2026,3190837983,001,,0000,000,2026-01-31,2026-01-08,INR,262701675822,RE,H,-90291.38,-90291.38,Fixed Staff & GMI-Dec-25,0016080001,,,2026-01-31,C005,77041,0,CI,C1,0.0,100,2,194C,Cont. Cos - 2%-New Sec-393(1)6(i)
1001,DIM00398AJ,MAHINDRA LOGISTICS LIMITED,27AAFCM2530H1ZO,2026-02-04,2610565377,3400838918,2026,3190838015,001,,0000,000,2026-01-31,2026-01-08,INR,262701675767,RE,H,-131807.52,-131807.52,Fixed Staff & GMI-Dec-25,0016080001,,,2026-01-31,C005,112464,0,CI,C1,0.0,100,2,194C,Cont. Cos - 2%-New Sec-393(1)6(i)
1001,DIM00398AJ,MAHINDRA LOGISTICS LIMITED,27AAFCM2530H1ZO,2026-02-04,2610565377,3400838918,2026,3190838168,001,,0000,000,2026-01-31,2026-01-08,INR,262701675845,RE,H,-49362.24,-49362.24,Fixed Staff & GMI-Dec-25,0016080001,,,2026-01-31,C005,42118,0,CI,C1,0.0,100,2,194C,Cont. Cos - 2%-New Sec-393(1)6(i)
1001,DIM00398AJ,MAHINDRA LOGISTICS LIMITED,27AAFCM2530H1ZO,2026-02-04,2610565377,3400839105,2026,3190838032,001,,0000,000,2026-01-31,2026-01-08,INR,262701675764,RE,H,-2239362.42,-2239362.42,Fixed Staff & GMI-Dec-25,0016080001,,,2026-01-31,C005,1910719,0,CI,C1,0.0,100,2,194C,Cont. Cos - 2%-New Sec-393(1)6(i)
1001,DIM00398AJ,MAHINDRA LOGISTICS LIMITED,27AAFCM2530H1ZO,2026-02-04,2610565377,3400838918,2026,3190838007,001,,0000,000,2026-01-31,2026-01-15,INR,262701704373,RE,H,-427396.14,-427396.14,Fixed Staff & GMI-Dec-25,0016080001,,,2026-01-31,C005,364673,0,CI,C1,0.0,100,2,194C,Cont. Cos - 2%-New Sec-393(1)6(i)
1001,DIM00398AJ,MAHINDRA LOGISTICS LIMITED,27AAFCM2530H1ZO,2026-02-04,2610565377,3400839105,2026,3190838230,001,,0000,000,2026-01-31,2026-01-15,INR,262701704371,RE,H,-890493.26,-890493.26,Fixed Staff & GMI-Dec-25,0016080001,,,2026-01-31,C005,759807,0,CI,C1,0.0,100,2,194C,Cont. Cos - 2%-New Sec-393(1)6(i)
1001,DIM00398AJ,MAHINDRA LOGISTICS LIMITED,27AAFCM2530H1ZO,2026-02-04,2610565377,3400839105,2026,3190838123,001,,0000,000,2026-01-31,2026-01-15,INR,262701704385,RE,H,-666819.62,-666819.62,Fixed Staff & GMI-Dec-25,0016080001,,,2026-01-31,C005,568959,0,CI,C1,0.0,100,2,194C,Cont. Cos - 2%-New Sec-393(1)6(i)
1001,DIM00398AJ,MAHINDRA LOGISTICS LIMITED,27AAFCM2530H1ZO,2026-02-04,2610565377,3400839105,2026,3190838189,001,,0000,000,2026-01-31,2026-01-15,INR,262701704364,RE,H,-3706848.2,-3706848.2,Fixed Staff & GMI-Dec-25,0016080001,,,2026-01-31,C005,3162840,0,CI,C1,0.0,100,2,194C,Cont. Cos - 2%-New Sec-393(1)6(i)
1001,DIM00398AJ,MAHINDRA LOGISTICS LIMITED,27AAFCM2530H1ZO,2026-02-04,2610565377,3400838918,2026,3190838266,001,,0000,000,2026-01-31,2026-01-08,INR,262701675830,RE,H,-278680.94,-278680.94,Fixed Staff & GMI-Dec-25,0016080001,,,2026-01-31,C005,237783,0,CI,C1,0.0,100,2,194C,Cont. Cos - 2%-New Sec-393(1)6(i)
1001,DIM00398AJ,MAHINDRA LOGISTICS LIMITED,27AAFCM2530H1ZO,2026-02-04,2610565377,3400839105,2026,3190838236,001,,0000,000,2026-01-31,2026-01-15,INR,262701704381,RE,H,-4189720.46,-4189720.46,Fixed Staff & GMI-Dec-25,0016080001,,,2026-01-31,C005,3574847,0,CI,C1,0.0,100,2,194C,Cont. Cos - 2%-New Sec-393(1)6(i)
1001,DIM00398AJ,MAHINDRA LOGISTICS LIMITED,27AAFCM2530H1ZO,2026-02-04,2610565377,3400838918,2026,3190838084,001,,0000,000,2026-01-31,2026-01-08,INR,262701675802,RE,H,-519830.56,-519830.56,Fixed Staff & GMI-Dec-25,0016080001,,,2026-01-31,C005,443542,0,CI,C1,0.0,100,2,194C,Cont. Cos - 2%-New Sec-393(1)6(i)
1001,DIM00398AJ,MAHINDRA LOGISTICS LIMITED,27AAFCM2530H1ZO,2026-02-04,2610565377,3400838918,2026,3190838026,001,,0000,000,2026-01-31,2026-01-08,INR,262701675780,RE,H,-237306.4,-237306.4,Fixed Staff & GMI-Dec-25,0016080001,,,2026-01-31,C005,202480,0,CI,C1,0.0,100,2,194C,Cont. Cos - 2%-New Sec-393(1)6(i)
1001,DIM00398AJ,MAHINDRA LOGISTICS LIMITED,27AAFCM2530H1ZO,2026-02-04,2610565377,3400838918,2026,3190838111,001,,0000,000,2026-01-31,2026-01-08,INR,262701675825,RE,H,-211095.88,-211095.88,Fixed Staff & GMI-Dec-25,0016080001,,,2026-01-31,C005,180116,0,CI,C1,0.0,100,2,194C,Cont. Cos - 2%-New Sec-393(1)6(i)
1001,DIM00398AJ,MAHINDRA LOGISTICS LIMITED,27AAFCM2530H1ZO,2026-02-04,2610565377,3400838918,2026,3190838008,001,,0000,000,2026-01-31,2026-01-08,INR,262701675796,RE,H,-171323.58,-171323.58,Fixed Staff & GMI-Dec-25,0016080001,,,2026-01-31,C005,146181,0,CI,C1,0.0,100,2,194C,Cont. Cos - 2%-New Sec-393(1)6(i)
1001,DIM00398AJ,MAHINDRA LOGISTICS LIMITED,27AAFCM2530H1ZO,2026-02-04,2610565377,3400838918,2026,3190837992,001,,0000,000,2026-01-31,2026-01-08,INR,262701675770,RE,H,-409488.92,-409488.92,Fixed Staff & GMI-Dec-25,0016080001,,,2026-01-31,C005,349394,0,CI,C1,0.0,100,2,194C,Cont. Cos - 2%-New Sec-393(1)6(i)
1001,DIM00398AJ,MAHINDRA LOGISTICS LIMITED,27AAFCM2530H1ZO,2026-02-04,2610565377,3400839105,2026,3190838255,001,,0000,000,2026-01-31,2026-01-15,INR,262701704384,RE,H,-3781869.18,-3781869.18,Fixed Staff & GMI-Dec-25,0016080001,,,2026-01-31,C005,3226851,0,CI,C1,0.0,100,2,194C,Cont. Cos - 2%-New Sec-393(1)6(i)
1001,DIM00398AJ,MAHINDRA LOGISTICS LIMITED,27AAFCM2530H1ZO,2026-02-04,2610565377,3400838918,2026,3190838066,001,,0000,000,2026-01-31,2026-01-08,INR,262701675798,RE,H,-49362.24,-49362.24,Fixed Staff & GMI-Dec-25,0016080001,,,2026-01-31,C005,42118,0,CI,C1,0.0,100,2,194C,Cont. Cos - 2%-New Sec-393(1)6(i)
1001,DIM00398AJ,MAHINDRA LOGISTICS LIMITED,27AAFCM2530H1ZO,2026-02-04,2610565377,3400838918,2026,3190838081,001,,0000,000,2026-01-31,2026-01-08,INR,262701675792,RE,H,-90877.38,-90877.38,Fixed Staff & GMI-Dec-25,0016080001,,,2026-01-31,C005,77541,0,CI,C1,0.0,100,2,194C,Cont. Cos - 2%-New Sec-393(1)6(i)
1001,DIM00398AJ,MAHINDRA LOGISTICS LIMITED,27AAFCM2530H1ZO,2026-02-04,2610565377,3400838918,2026,3190838103,001,,0000,000,2026-01-31,2026-01-08,INR,262701675806,RE,H,-261150.5,-261150.5,Fixed Staff & GMI-Dec-25,0016080001,,,2026-01-31,C005,222825,0,CI,C1,0.0,100,2,194C,Cont. Cos - 2%-New Sec-393(1)6(i)
1001,DIM00398AJ,MAHINDRA LOGISTICS LIMITED,27AAFCM2530H1ZO,2026-02-04,2610565377,3400839105,2026,3190838108,001,,0000,000,2026-01-31,2026-01-08,INR,262701675833,RE,H,-727218.92,-727218.92,Fixed Staff & GMI-Dec-25,0016080001,,,2026-01-31,C005,620494,0,CI,C1,0.0,100,2,194C,Cont. Cos - 2%-New Sec-393(1)6(i)
1001,DIM00398AJ,MAHINDRA LOGISTICS LIMITED,27AAFCM2530H1ZO,2026-02-04,2610565377,3400838918,2026,3190837968,001,,0000,000,2026-01-31,2026-01-08,INR,262701675766,RE,H,-318364.74,-318364.74,Fixed Staff & GMI-Dec-25,0016080001,,,2026-01-31,C005,271643,0,CI,C1,0.0,100,2,194C,Cont. Cos - 2%-New Sec-393(1)6(i)
1001,DIM00398AJ,MAHINDRA LOGISTICS LIMITED,27AAFCM2530H1ZO,2026-02-04,2610565377,3400838918,2026,3190838119,001,,0000,000,2026-01-31,2026-01-08,INR,262701675844,RE,H,-45144.6,-45144.6,Fixed Staff & GMI-Dec-25,0016080001,,,2026-01-31,C005,38520,0,CI,C1,0.0,100,2,194C,Cont. Cos - 2%-New Sec-393(1)6(i)
1001,DIM00398AJ,MAHINDRA LOGISTICS LIMITED,27AAFCM2530H1ZO,2026-02-04,2610565377,3400838918,2026,3190838220,001,,0000,000,2026-01-31,2026-01-08,INR,262701675850,RE,H,-152488.8,-152488.8,Fixed Staff & GMI-Dec-25,0016080001,,,2026-01-31,C005,130110,0,CI,C1,0.0,100,2,194C,Cont. Cos - 2%-New Sec-393(1)6(i)
1001,DIM00398AJ,MAHINDRA LOGISTICS LIMITED,27AAFCM2530H1ZO,2026-02-04,2610565377,3400838918,2026,3190838019,001,,0000,000,2026-01-31,2026-01-08,INR,262701675817,RE,H,-41515.14,-41515.14,Fixed Staff & GMI-Dec-25,0016080001,,,2026-01-31,C005,35423,0,CI,C1,0.0,100,2,194C,Cont. Cos - 2%-New Sec-393(1)6(i)
1001,DIM00398AJ,MAHINDRA LOGISTICS LIMITED,27AAFCM2530H1ZO,2026-02-04,2610565377,3400838918,2026,3190837963,001,,0000,000,2026-01-31,2026-01-08,INR,262701675778,RE,H,-49362.24,-49362.24,Fixed Staff & GMI-Dec-25,0016080001,,,2026-01-31,C005,42118,0,CI,C1,0.0,100,2,194C,Cont. Cos - 2%-New Sec-393(1)6(i)
1001,DIM00398AJ,MAHINDRA LOGISTICS LIMITED,27AAFCM2530H1ZO,2026-02-04,2610565377,3400838918,2026,3190838099,001,,0000,000,2026-01-31,2026-01-08,INR,262701675829,RE,H,-134211.88,-134211.88,Fixed Staff & GMI-Dec-25,0016080001,,,2026-01-31,C005,114516,0,CI,C1,0.0,100,2,194C,Cont. Cos - 2%-New Sec-393(1)6(i)
1001,DIM00398AJ,MAHINDRA LOGISTICS LIMITED,27AAFCM2530H1ZO,2026-02-04,2610565377,3400838918,2026,3190838042,001,,0000,000,2026-01-31,2026-01-08,INR,262701675794,RE,H,-148258.18,-148258.18,Fixed Staff & GMI-Dec-25,0016080001,,,2026-01-31,C005,126501,0,CI,C1,0.0,100,2,194C,Cont. Cos - 2%-New Sec-393(1)6(i)
1001,DIM00398AJ,MAHINDRA LOGISTICS LIMITED,27AAFCM2530H1ZO,2026-02-04,2610565377,3400838918,2026,3190838079,001,,0000,000,2026-01-31,2026-01-15,INR,262701704380,RE,H,-322094.5,-322094.5,Fixed Staff & GMI-Dec-25,0016080001,,,2026-01-31,C005,274825,0,CI,C1,0.0,100,2,194C,Cont. Cos - 2%-New Sec-393(1)6(i)
1001,DIM00398AJ,MAHINDRA LOGISTICS LIMITED,27AAFCM2530H1ZO,2026-02-04,2610565377,3400838918,2026,3190838088,001,,0000,000,2026-01-31,2026-01-08,INR,262701675820,RE,H,-352245.18,-352245.18,Fixed Staff & GMI-Dec-25,0016080001,,,2026-01-31,C005,300551,0,CI,C1,0.0,100,2,194C,Cont. Cos - 2%-New Sec-393(1)6(i)
1001,DIM00398AJ,MAHINDRA LOGISTICS LIMITED,27AAFCM2530H1ZO,2026-02-04,2610565377,3400838918,2026,3190838058,001,,0000,000,2026-01-31,2026-01-08,INR,262701675840,RE,H,-45144.6,-45144.6,Fixed Staff & GMI-Dec-25,0016080001,,,2026-01-31,C005,38520,0,CI,C1,0.0,100,2,194C,Cont. Cos - 2%-New Sec-393(1)6(i)
1001,DIM00398AJ,MAHINDRA LOGISTICS LIMITED,27AAFCM2530H1ZO,2026-02-04,2610565377,3400838918,2026,3190837932,001,,0000,000,2026-01-31,2026-01-15,INR,262701704368,RE,H,-391392.54,-391392.54,Fixed Staff & GMI-Dec-25,0016080001,,,2026-01-31,C005,333953,0,CI,C1,0.0,100,2,194C,Cont. Cos - 2%-New Sec-393(1)6(i)
1001,DIM00398AJ,MAHINDRA LOGISTICS LIMITED,27AAFCM2530H1ZO,2026-02-04,2610565377,3400838918,2026,3190838036,001,,0000,000,2026-01-31,2026-01-08,INR,262701675788,RE,H,-296605.86,-296605.86,Fixed Staff & GMI-Dec-25,0016080001,,,2026-01-31,C005,253077,0,CI,C1,0.0,100,2,194C,Cont. Cos - 2%-New Sec-393(1)6(i)
1001,DIM00398AJ,MAHINDRA LOGISTICS LIMITED,27AAFCM2530H1ZO,2026-02-04,2610565377,3400839105,2026,3190838251,001,,0000,000,2026-01-31,2026-01-08,INR,262701675827,RE,H,-1355744.22,-1355744.22,Fixed Staff & GMI-Dec-25,0016080001,,,2026-01-31,C005,1156779,0,CI,C1,0.0,100,2,194C,Cont. Cos - 2%-New Sec-393(1)6(i)
1001,DIM00398AJ,MAHINDRA LOGISTICS LIMITED,27AAFCM2530H1ZO,2026-02-04,2610565377,3400838918,2026,3190838106,001,,0000,000,2026-01-31,2026-01-15,INR,262701704383,RE,H,-27424,-27424,Fixed Staff & GMI-Dec-25,0016080001,,,2026-01-31,C005,23400,0,CI,C1,0.0,100,2,194C,Cont. Cos - 2%-New Sec-393(1)6(i)
1001,DIM00398AJ,MAHINDRA LOGISTICS LIMITED,27AAFCM2530H1ZO,2026-02-04,2610565377,3400838918,2026,3190838071,001,,0000,000,2026-01-31,2026-01-15,INR,262701704377,RE,H,-547617,-547617,Fixed Staff & GMI-Dec-25,0016080001,,,2026-01-31,C005,467250,0,CI,C1,0.0,100,2,194C,Cont. Cos - 2%-New Sec-393(1)6(i)
1001,DIM00398AJ,MAHINDRA LOGISTICS LIMITED,27AAFCM2530H1ZO,2026-02-04,2610565377,3400838918,2026,3190838050,001,,0000,000,2026-01-31,2026-01-08,INR,262701675811,RE,H,-164222.96,-164222.96,Fixed Staff & GMI-Dec-25,0016080001,,,2026-01-31,C005,140122,0,CI,C1,0.0,100,2,194C,Cont. Cos - 2%-New Sec-393(1)6(i)
1001,DIM00398AJ,MAHINDRA LOGISTICS LIMITED,27AAFCM2530H1ZO,2026-02-04,2610565377,3400839105,2026,3190838244,001,,0000,000,2026-01-31,2026-01-08,INR,262701675809,RE,H,-1165822.22,-1165822.22,Fixed Staff & GMI-Dec-25,0016080001,,,2026-01-31,C005,994729,0,CI,C1,0.0,100,2,194C,Cont. Cos - 2%-New Sec-393(1)6(i)
1001,DIM00398AJ,MAHINDRA LOGISTICS LIMITED,27AAFCM2530H1ZO,2026-02-04,2610565377,3400839105,2026,3190838090,001,,0000,000,2026-01-31,2026-01-15,INR,262701704375,RE,H,-2122603.1,-2122603.1,Fixed Staff & GMI-Dec-25,0016080001,,,2026-01-31,C005,1811095,0,CI,C1,0.0,100,2,194C,Cont. Cos - 2%-New Sec-393(1)6(i)
1001,DIM00398AJ,MAHINDRA LOGISTICS LIMITED,27AAFCM2530H1ZO,2026-02-04,2610565377,3400838918,2026,3190838094,001,,0000,000,2026-01-31,2026-01-08,INR,262701675818,RE,H,-274825.74,-274825.74,Fixed Staff & GMI-Dec-25,0016080001,,,2026-01-31,C005,234493,0,CI,C1,0.0,100,2,194C,Cont. Cos - 2%-New Sec-393(1)6(i)
1001,DIM00398AJ,MAHINDRA LOGISTICS LIMITED,27AAFCM2530H1ZO,2026-02-04,2610565377,3400838918,2026,3190837989,001,,0000,000,2026-01-31,2026-01-08,INR,262701675786,RE,H,-169196.88,-169196.88,Fixed Staff & GMI-Dec-25,0016080001,,,2026-01-31,C005,144366,0,CI,C1,0.0,100,2,194C,Cont. Cos - 2%-New Sec-393(1)6(i)
1001,DIM00398AJ,MAHINDRA LOGISTICS LIMITED,27AAFCM2530H1ZO,2026-02-04,2610565377,3400838918,2026,3190838125,001,,0000,000,2026-01-31,2026-01-08,INR,262701675838,RE,H,-4299.42,-4299.42,Fixed Staff & GMI-Dec-25,0016080001,,,2026-01-31,C005,3669,0,CI,C1,0.0,100,2,194C,Cont. Cos - 2%-New Sec-393(1)6(i)
1001,DIM00398AJ,MAHINDRA LOGISTICS LIMITED,27AAFCM2530H1ZO,2026-02-04,2610565377,3400838918,2026,3190837978,001,,0000,000,2026-01-31,2026-01-08,INR,262701675782,RE,H,-202738.3,-202738.3,Fixed Staff & GMI-Dec-25,0016080001,,,2026-01-31,C005,172985,0,CI,C1,0.0,100,2,194C,Cont. Cos - 2%-New Sec-393(1)6(i)
1001,DIM00398AJ,MAHINDRA LOGISTICS LIMITED,27AAFCM2530H1ZO,2026-02-04,2610565377,3400838918,2026,3190838062,001,,0000,000,2026-01-31,2026-01-08,INR,262701675790,RE,H,-136420,-136420,Fixed Staff & GMI-Dec-25,0016080001,,,2026-01-31,C005,116400,0,CI,C1,0.0,100,2,194C,Cont. Cos - 2%-New Sec-393(1)6(i)
1001,DIM00398AJ,MAHINDRA LOGISTICS LIMITED,27AAFCM2530H1ZO,2026-02-04,2610565377,3400839037,2026,3190920187,001,,0000,000,2026-02-03,2026-01-15,INR,262701704454,RE,H,-32611.68,-32611.68,CLMS-DEC-25,0016080001,,,2026-02-03,C005,27826,0,CI,C1,0.0,100,2,194C,Cont. Cos - 2%-New Sec-393(1)6(i)
1001,DIM00398AJ,MAHINDRA LOGISTICS LIMITED,27AAFCM2530H1ZO,2026-02-04,2610565377,3400839037,2026,3190919837,001,,0000,000,2026-02-03,2026-01-15,INR,262701704449,RE,H,-150072.82,-150072.82,CLMS-DEC-25,0016080001,,,2026-02-03,C005,128049,0,CI,C1,0.0,100,2,194C,Cont. Cos - 2%-New Sec-393(1)6(i)
1001,DIM00398AJ,MAHINDRA LOGISTICS LIMITED,27AAFCM2530H1ZO,2026-02-04,2610565377,3400839037,2026,3190919940,001,,0000,000,2026-02-03,2026-01-15,INR,262701704500,RE,H,-30014.8,-30014.8,CLMS-DEC-25,0016080001,,,2026-02-03,C005,25610,0,CI,C1,0.0,100,2,194C,Cont. Cos - 2%-New Sec-393(1)6(i)
1001,DIM00398AJ,MAHINDRA LOGISTICS LIMITED,27AAFCM2530H1ZO,2026-02-04,2610565377,3400839037,2026,3190919783,001,,0000,000,2026-02-03,2026-01-15,INR,262701704484,RE,H,-137290.74,-137290.74,CLMS-DEC-25,0016080001,,,2026-02-03,C005,117143,0,CI,C1,0.0,100,2,194C,Cont. Cos - 2%-New Sec-393(1)6(i)
1001,DIM00398AJ,MAHINDRA LOGISTICS LIMITED,27AAFCM2530H1ZO,2026-02-04,2610565377,3400839023,2026,3190919758,001,,0000,000,2026-02-03,2026-01-15,INR,262701704432,RE,H,-1013300.38,-1013300.38,CLMS-DEC-25,0016080001,,,2026-02-03,C005,864591,0,CI,C1,0.0,100,2,194C,Cont. Cos - 2%-New Sec-393(1)6(i)
1001,DIM00398AJ,MAHINDRA LOGISTICS LIMITED,27AAFCM2530H1ZO,2026-02-04,2610565377,3400839037,2026,3190919794,001,,0000,000,2026-02-03,2026-01-15,INR,262701704470,RE,H,-129663.3,-129663.3,CLMS-DEC-25,0016080001,,,2026-02-03,C005,110635,0,CI,C1,0.0,100,2,194C,Cont. Cos - 2%-New Sec-393(1)6(i)
1001,DIM00398AJ,MAHINDRA LOGISTICS LIMITED,27AAFCM2530H1ZO,2026-02-04,2610565377,3400839037,2026,3190919782,001,,0000,000,2026-02-03,2026-01-15,INR,262701704482,RE,H,-138068.08,-138068.08,CLMS-DEC-25,0016080001,,,2026-02-03,C005,117806,0,CI,C1,0.0,100,2,194C,Cont. Cos - 2%-New Sec-393(1)6(i)
1001,DIM00398AJ,MAHINDRA LOGISTICS LIMITED,27AAFCM2530H1ZO,2026-02-04,2610565377,3400839037,2026,3190919779,001,,0000,000,2026-02-03,2026-01-15,INR,262701704472,RE,H,-507955.8,-507955.8,CLMS-DEC-25,0016080001,,,2026-02-03,C005,433410,0,CI,C1,0.0,100,2,194C,Cont. Cos - 2%-New Sec-393(1)6(i)
1001,DIM00398AJ,MAHINDRA LOGISTICS LIMITED,27AAFCM2530H1ZO,2026-02-04,2610565377,3400839037,2026,3190919826,001,,0000,000,2026-02-03,2026-01-15,INR,262701704467,RE,H,-312348.8,-312348.8,CLMS-DEC-25,0016080001,,,2026-02-03,C005,266510,0,CI,C1,0.0,100,2,194C,Cont. Cos - 2%-New Sec-393(1)6(i)
1001,DIM00398AJ,MAHINDRA LOGISTICS LIMITED,27AAFCM2530H1ZO,2026-02-04,2610565377,3400839037,2026,3190919829,001,,0000,000,2026-02-03,2026-01-15,INR,262701704468,RE,H,-163280.24,-163280.24,CLMS-DEC-25,0016080001,,,2026-02-03,C005,139318,0,CI,C1,0.0,100,2,194C,Cont. Cos - 2%-New Sec-393(1)6(i)
1001,DIM00398AJ,MAHINDRA LOGISTICS LIMITED,27AAFCM2530H1ZO,2026-02-04,2610565377,3400839037,2026,3190919801,001,,0000,000,2026-02-03,2026-01-15,INR,262701704423,RE,H,-41559.98,-41559.98,CLMS-DEC-25,0016080001,,,2026-02-03,C005,35461,0,CI,C1,0.0,100,2,194C,Cont. Cos - 2%-New Sec-393(1)6(i)
1001,DIM00398AJ,MAHINDRA LOGISTICS LIMITED,27AAFCM2530H1ZO,2026-02-04,2610565377,3400839037,2026,3190919812,001,,0000,000,2026-02-03,2026-01-15,INR,262701704436,RE,H,-392995.78,-392995.78,CLMS-DEC-25,0016080001,,,2026-02-03,C005,335321,0,CI,C1,0.0,100,2,194C,Cont. Cos - 2%-New Sec-393(1)6(i)
1001,DIM00398AJ,MAHINDRA LOGISTICS LIMITED,27AAFCM2530H1ZO,2026-02-04,2610565377,3400839037,2026,3190919807,001,,0000,000,2026-02-03,2026-01-15,INR,262701704473,RE,H,-150072.82,-150072.82,CLMS-DEC-25,0016080001,,,2026-02-03,C005,128049,0,CI,C1,0.0,100,2,194C,Cont. Cos - 2%-New Sec-393(1)6(i)
1001,DIM00398AJ,MAHINDRA LOGISTICS LIMITED,27AAFCM2530H1ZO,2026-02-04,2610565377,3400839023,2026,3190919776,001,,0000,000,2026-02-03,2026-01-15,INR,262701704426,RE,H,-5405826.4,-5405826.4,CLMS-DEC-25,0016080001,,,2026-02-03,C005,4612480,0,CI,C1,0.0,100,2,194C,Cont. Cos - 2%-New Sec-393(1)6(i)
1001,DIM00398AJ,MAHINDRA LOGISTICS LIMITED,27AAFCM2530H1ZO,2026-02-04,2610565377,3400839037,2026,3190919898,001,,0000,000,2026-02-03,2026-01-15,INR,262701704445,RE,H,-31214.12,-31214.12,CLMS-DEC-25,0016080001,,,2026-02-03,C005,26634,0,CI,C1,0.0,100,2,194C,Cont. Cos - 2%-New Sec-393(1)6(i)
1001,DIM00398AJ,MAHINDRA LOGISTICS LIMITED,27AAFCM2530H1ZO,2026-02-04,2610565377,3400839037,2026,3190919922,001,,0000,000,2026-02-03,2026-01-15,INR,262701704427,RE,H,-37217.08,-37217.08,CLMS-DEC-25,0016080001,,,2026-02-03,C005,31756,0,CI,C1,0.0,100,2,194C,Cont. Cos - 2%-New Sec-393(1)6(i)
1001,DIM00398AJ,MAHINDRA LOGISTICS LIMITED,27AAFCM2530H1ZO,2026-02-04,2610565377,3400839037,2026,3190920281,001,,0000,000,2026-02-03,2026-01-15,INR,262701704506,RE,H,-31214.12,-31214.12,CLMS-DEC-25,0016080001,,,2026-02-03,C005,26634,0,CI,C1,0.0,100,2,194C,Cont. Cos - 2%-New Sec-393(1)6(i)
1001,DIM00398AJ,MAHINDRA LOGISTICS LIMITED,27AAFCM2530H1ZO,2026-02-04,2610565377,3400839037,2026,3190919799,001,,0000,000,2026-02-03,2026-01-15,INR,262701704463,RE,H,-108053.28,-108053.28,CLMS-DEC-25,0016080001,,,2026-02-03,C005,92196,0,CI,C1,0.0,100,2,194C,Cont. Cos - 2%-New Sec-393(1)6(i)
1001,DIM00398AJ,MAHINDRA LOGISTICS LIMITED,27AAFCM2530H1ZO,2026-02-04,2610565377,3400839037,2026,3190919981,001,,0000,000,2026-02-03,2026-01-15,INR,262701704447,RE,H,-180047.32,-180047.32,CLMS-DEC-25,0016080001,,,2026-02-03,C005,153624,0,CI,C1,0.0,100,2,194C,Cont. Cos - 2%-New Sec-393(1)6(i)
1001,DIM00398AJ,MAHINDRA LOGISTICS LIMITED,27AAFCM2530H1ZO,2026-02-04,2610565377,3400839037,2026,3190920182,001,,0000,000,2026-02-03,2026-01-15,INR,262701704465,RE,H,-2400.82,-2400.82,CLMS-DEC-25,0016080001,,,2026-02-03,C005,2049,0,CI,C1,0.0,100,2,194C,Cont. Cos - 2%-New Sec-393(1)6(i)
1001,DIM00398AJ,MAHINDRA LOGISTICS LIMITED,27AAFCM2530H1ZO,2026-02-04,2610565377,3400838899,2026,3190922164,001,,0000,000,2026-02-03,2025-12-19,INR,262701621496,RE,H,-5872022.49,-5872022.49,Warehouse Service-1.31.L SQ.-OCT-25,0016080001,,,2026-02-03,C005,5010258.89,0,CI,C1,0.0,100,2,194C,Cont. Cos - 2%-New Sec-393(1)6(i)
1001,DIM00398AJ,MAHINDRA LOGISTICS LIMITED,27AAFCM2530H1ZO,2026-02-04,2610565377,3400839037,2026,3190919831,001,,0000,000,2026-02-03,2026-01-15,INR,262701704441,RE,H,-58828.1,-58828.1,CLMS-DEC-25,0016080001,,,2026-02-03,C005,50195,0,CI,C1,0.0,100,2,194C,Cont. Cos - 2%-New Sec-393(1)6(i)
1001,DIM00398AJ,MAHINDRA LOGISTICS LIMITED,27AAFCM2530H1ZO,2026-02-04,2610565377,3400839037,2026,3190919816,001,,0000,000,2026-02-03,2026-01-15,INR,262701704483,RE,H,-195979.24,-195979.24,CLMS-DEC-25,0016080001,,,2026-02-03,C005,167218,0,CI,C1,0.0,100,2,194C,Cont. Cos - 2%-New Sec-393(1)6(i)
1001,DIM00398AJ,MAHINDRA LOGISTICS LIMITED,27AAFCM2530H1ZO,2026-02-04,2610565377,3400839037,2026,3190919823,001,,0000,000,2026-02-03,2026-01-15,INR,262701704509,RE,H,-84200.92,-84200.92,CLMS-DEC-25,0016080001,,,2026-02-03,C005,71844,0,CI,C1,0.0,100,2,194C,Cont. Cos - 2%-New Sec-393(1)6(i)
1001,DIM00398AJ,MAHINDRA LOGISTICS LIMITED,27AAFCM2530H1ZO,2026-02-04,2610565377,3400839023,2026,3190919767,001,,0000,000,2026-02-03,2026-01-15,INR,262701704451,RE,H,-654801.9,-654801.9,CLMS-DEC-25,0016080001,,,2026-02-03,C005,558705,0,CI,C1,0.0,100,2,194C,Cont. Cos - 2%-New Sec-393(1)6(i)
1001,DIM00398AJ,MAHINDRA LOGISTICS LIMITED,27AAFCM2530H1ZO,2026-02-04,2610565377,3400839023,2026,3190919768,001,,0000,000,2026-02-03,2026-01-15,INR,262701704489,RE,H,-2246407.4,-2246407.4,CLMS-DEC-25,0016080001,,,2026-02-03,C005,1916730,0,CI,C1,0.0,100,2,194C,Cont. Cos - 2%-New Sec-393(1)6(i)
1001,DIM00398AJ,MAHINDRA LOGISTICS LIMITED,27AAFCM2530H1ZO,2026-02-04,2610565377,3400839037,2026,3190920269,001,,0000,000,2026-02-03,2026-01-15,INR,262701704435,RE,H,-24011.84,-24011.84,CLMS-DEC-25,0016080001,,,2026-02-03,C005,20488,0,CI,C1,0.0,100,2,194C,Cont. Cos - 2%-New Sec-393(1)6(i)
1001,DIM00398AJ,MAHINDRA LOGISTICS LIMITED,27AAFCM2530H1ZO,2026-02-04,2610565377,3400839037,2026,3190919769,001,,0000,000,2026-02-03,2026-01-15,INR,262701704474,RE,H,-537864.22,-537864.22,CLMS-DEC-25,0016080001,,,2026-02-03,C005,458929,0,CI,C1,0.0,100,2,194C,Cont. Cos - 2%-New Sec-393(1)6(i)
1001,DIM00398AJ,MAHINDRA LOGISTICS LIMITED,27AAFCM2530H1ZO,2026-02-04,2610565377,3400839037,2026,3190920123,001,,0000,000,2026-02-03,2026-01-15,INR,262701704491,RE,H,-12005.92,-12005.92,CLMS-DEC-25,0016080001,,,2026-02-03,C005,10244,0,CI,C1,0.0,100,2,194C,Cont. Cos - 2%-New Sec-393(1)6(i)
1001,DIM00398AJ,MAHINDRA LOGISTICS LIMITED,27AAFCM2530H1ZO,2026-02-04,2610565377,3400839037,2026,3190920116,001,,0000,000,2026-02-03,2026-01-15,INR,262701704476,RE,H,-36303.68,-36303.68,CLMS-DEC-25,0016080001,,,2026-02-03,C005,30976,0,CI,C1,0.0,100,2,194C,Cont. Cos - 2%-New Sec-393(1)6(i)
1001,DIM00398AJ,MAHINDRA LOGISTICS LIMITED,27AAFCM2530H1ZO,2026-02-04,2610565377,3400839023,2026,3190919786,001,,0000,000,2026-02-03,2026-01-15,INR,262701704458,RE,H,-1408289.16,-1408289.16,CLMS-DEC-25,0016080001,,,2026-02-03,C005,1201612,0,CI,C1,0.0,100,2,194C,Cont. Cos - 2%-New Sec-393(1)6(i)
1001,DIM00398AJ,MAHINDRA LOGISTICS LIMITED,27AAFCM2530H1ZO,2026-02-04,2610565377,3400839037,2026,3190919820,001,,0000,000,2026-02-03,2026-01-15,INR,262701704456,RE,H,-95822.98,-95822.98,CLMS-DEC-25,0016080001,,,2026-02-03,C005,81761,0,CI,C1,0.0,100,2,194C,Cont. Cos - 2%-New Sec-393(1)6(i)
1001,DIM00398AJ,MAHINDRA LOGISTICS LIMITED,27AAFCM2530H1ZO,2026-02-04,2610565377,3400839037,2026,3190920109,001,,0000,000,2026-02-03,2026-01-15,INR,262701704453,RE,H,-54026.64,-54026.64,CLMS-DEC-25,0016080001,,,2026-02-03,C005,46098,0,CI,C1,0.0,100,2,194C,Cont. Cos - 2%-New Sec-393(1)6(i)
1001,DIM00398AJ,MAHINDRA LOGISTICS LIMITED,27AAFCM2530H1ZO,2026-02-04,2610565377,3400839037,2026,3190920263,001,,0000,000,2026-02-03,2026-01-15,INR,262701704513,RE,H,-287316.18,-287316.18,CLMS-DEC-25,0016080001,,,2026-02-03,C005,245151,0,CI,C1,0.0,100,2,194C,Cont. Cos - 2%-New Sec-393(1)6(i)
1001,DIM00398AJ,MAHINDRA LOGISTICS LIMITED,27AAFCM2530H1ZO,2026-02-04,2610565377,3400814287,2026,3190919750,001,,0000,000,2026-02-03,2026-01-15,INR,262701704532,RE,H,-31224.23,-31224.23,CLMS-DEC-25,0016080001,,,2026-02-03,C005,26642.57,0,CI,C1,0.0,100,2,194C,Cont. Cos - 2%-New Sec-393(1)6(i)
1001,DIM00398AJ,MAHINDRA LOGISTICS LIMITED,27AAFCM2530H1ZO,2026-02-04,2610565377,3400839023,2026,3190919756,001,,0000,000,2026-02-03,2026-01-15,INR,262701704494,RE,H,-828147.98,-828147.98,CLMS-DEC-25,0016080001,,,2026-02-03,C005,706611,0,CI,C1,0.0,100,2,194C,Cont. Cos - 2%-New Sec-393(1)6(i)
1001,DIM00398AJ,MAHINDRA LOGISTICS LIMITED,27AAFCM2530H1ZO,2026-02-04,2610565377,3400839023,2026,3190919761,001,,0000,000,2026-02-03,2026-01-15,INR,262701704430,RE,H,-1158212.48,-1158212.48,CLMS-DEC-25,0016080001,,,2026-02-03,C005,988236,0,CI,C1,0.0,100,2,194C,Cont. Cos - 2%-New Sec-393(1)6(i)
1001,DIM00398AJ,MAHINDRA LOGISTICS LIMITED,27AAFCM2530H1ZO,2026-02-04,2610565377,3400839023,2026,3190919790,001,,0000,000,2026-02-03,2026-01-15,INR,262701704466,RE,H,-988345.82,-988345.82,CLMS-DEC-25,0016080001,,,2026-02-03,C005,843299,0,CI,C1,0.0,100,2,194C,Cont. Cos - 2%-New Sec-393(1)6(i)
1001,DIM00398AJ,MAHINDRA LOGISTICS LIMITED,27AAFCM2530H1ZO,2026-02-04,2610565377,3400839037,2026,3190920275,001,,0000,000,2026-02-03,2026-01-15,INR,262701704505,RE,H,-61229.92,-61229.92,CLMS-DEC-25,0016080001,,,2026-02-03,C005,52244,0,CI,C1,0.0,100,2,194C,Cont. Cos - 2%-New Sec-393(1)6(i)
1001,DIM00398AJ,MAHINDRA LOGISTICS LIMITED,27AAFCM2530H1ZO,2026-02-04,2610565377,3400839037,2026,3190920290,001,,0000,000,2026-02-03,2026-01-15,INR,262701704487,RE,H,-1199.32,-1199.32,CLMS-DEC-25,0016080001,,,2026-02-03,C005,1024,0,CI,C1,0.0,100,2,194C,Cont. Cos - 2%-New Sec-393(1)6(i)
1001,DIM00398AJ,MAHINDRA LOGISTICS LIMITED,27AAFCM2530H1ZO,2026-02-04,2610565377,3400839037,2026,3190919934,001,,0000,000,2026-02-03,2026-01-15,INR,262701704535,RE,H,-57024.08,-57024.08,CLMS-DEC-25,0016080001,,,2026-02-03,C005,48656,0,CI,C1,0.0,100,2,194C,Cont. Cos - 2%-New Sec-393(1)6(i)
1001,DIM00398AJ,MAHINDRA LOGISTICS LIMITED,27AAFCM2530H1ZO,2026-02-04,2610565377,3400839037,2026,3190919992,001,,0000,000,2026-02-03,2026-01-15,INR,262701704475,RE,H,-31214.12,-31214.12,CLMS-DEC-25,0016080001,,,2026-02-03,C005,26634,0,CI,C1,0.0,100,2,194C,Cont. Cos - 2%-New Sec-393(1)6(i)
1001,DIM00398AJ,MAHINDRA LOGISTICS LIMITED,27AAFCM2530H1ZO,2026-02-04,2610565377,3400839037,2026,3190919780,001,,0000,000,2026-02-03,2026-01-15,INR,262701704455,RE,H,-219532.7,-219532.7,CLMS-DEC-25,0016080001,,,2026-02-03,C005,187315,0,CI,C1,0.0,100,2,194C,Cont. Cos - 2%-New Sec-393(1)6(i)
1001,DIM00398AJ,MAHINDRA LOGISTICS LIMITED,27AAFCM2530H1ZO,2026-02-04,2610565377,3400839037,2026,3190920144,001,,0000,000,2026-02-03,2026-01-15,INR,262701704507,RE,H,-33615.94,-33615.94,CLMS-DEC-25,0016080001,,,2026-02-03,C005,28683,0,CI,C1,0.0,100,2,194C,Cont. Cos - 2%-New Sec-393(1)6(i)
1001,DIM00398AJ,MAHINDRA LOGISTICS LIMITED,27AAFCM2530H1ZO,2026-02-04,2610565377,3400818474,2026,3190922025,001,,0000,000,2026-02-03,2026-01-15,INR,262701704529,RE,H,-33615.94,-33615.94,CLMS-DEC-25,0016080001,,,2026-02-03,C005,28683,0,CI,C1,0.0,100,2,194C,Cont. Cos - 2%-New Sec-393(1)6(i)
1001,DIM00398AJ,MAHINDRA LOGISTICS LIMITED,27AAFCM2530H1ZO,2026-02-04,2610565377,3400839023,2026,3190919772,001,,0000,000,2026-02-03,2026-01-15,INR,262701704422,RE,H,-3599460.16,-3599460.16,CLMS-DEC-25,0016080001,,,2026-02-03,C005,3071212,0,CI,C1,0.0,100,2,194C,Cont. Cos - 2%-New Sec-393(1)6(i)
1001,DIM00398AJ,MAHINDRA LOGISTICS LIMITED,27AAFCM2530H1ZO,2026-02-04,2610565377,3400839037,2026,3190920163,001,,0000,000,2026-02-03,2026-01-15,INR,262701704498,RE,H,-97533.6,-97533.6,CLMS-DEC-25,0016080001,,,2026-02-03,C005,83220,0,CI,C1,0.0,100,2,194C,Cont. Cos - 2%-New Sec-393(1)6(i)
1001,DIM00398AJ,MAHINDRA LOGISTICS LIMITED,27AAFCM2530H1ZO,2026-02-04,2610565377,3400839037,2026,3190919765,001,,0000,000,2026-02-03,2026-01-15,INR,262701704425,RE,H,-26412.66,-26412.66,CLMS-DEC-25,0016080001,,,2026-02-03,C005,22537,0,CI,C1,0.0,100,2,194C,Cont. Cos - 2%-New Sec-393(1)6(i)
1001,DIM00398AJ,MAHINDRA LOGISTICS LIMITED,27AAFCM2530H1ZO,2026-02-04,2610565377,3400839037,2026,3190919988,001,,0000,000,2026-02-03,2026-01-15,INR,262701704429,RE,H,-79239.98,-79239.98,CLMS-DEC-25,0016080001,,,2026-02-03,C005,67611,0,CI,C1,0.0,100,2,194C,Cont. Cos - 2%-New Sec-393(1)6(i)
1001,DIM00398AJ,MAHINDRA LOGISTICS LIMITED,27AAFCM2530H1ZO,2026-02-04,2610565377,3400839037,2026,3190920303,001,,0000,000,2026-02-03,2026-01-15,INR,262701704510,RE,H,-100781.38,-100781.38,CLMS-DEC-25,0016080001,,,2026-02-03,C005,85991,0,CI,C1,0.0,100,2,194C,Cont. Cos - 2%-New Sec-393(1)6(i)
1001,DIM00398AJ,MAHINDRA LOGISTICS LIMITED,27AAFCM2530H1ZO,2026-02-04,2610565377,3400839023,2026,3190919810,001,,0000,000,2026-02-03,2026-01-15,INR,262701704438,RE,H,-666160.46,-666160.46,CLMS-DEC-25,0016080001,,,2026-02-03,C005,568397,0,CI,C1,0.0,100,2,194C,Cont. Cos - 2%-New Sec-393(1)6(i)
1001,DIM00398AJ,MAHINDRA LOGISTICS LIMITED,27AAFCM2530H1ZO,2026-02-04,2610565377,3400839023,2026,3190920295,001,,0000,000,2026-02-03,2026-01-15,INR,262701704492,RE,H,-3314056.92,-3314056.92,CLMS-DEC-25,0016080001,,,2026-02-03,C005,2827694,0,CI,C1,0.0,100,2,194C,Cont. Cos - 2%-New Sec-393(1)6(i)
1001,DIM00398AJ,MAHINDRA LOGISTICS LIMITED,27AAFCM2530H1ZO,2026-02-04,2610565377,3400839037,2026,3190920130,001,,0000,000,2026-02-03,2026-01-15,INR,262701704501,RE,H,-65925.18,-65925.18,CLMS-DEC-25,0016080001,,,2026-02-03,C005,56251,0,CI,C1,0.0,100,2,194C,Cont. Cos - 2%-New Sec-393(1)6(i)
1001,DIM00398AJ,MAHINDRA LOGISTICS LIMITED,27AAFCM2530H1ZO,2026-02-04,2610565377,3400839037,2026,3190919966,001,,0000,000,2026-02-03,2026-01-15,INR,262701704461,RE,H,-291142.88,-291142.88,CLMS-DEC-25,0016080001,,,2026-02-03,C005,248416,0,CI,C1,0.0,100,2,194C,Cont. Cos - 2%-New Sec-393(1)6(i)
1001,DIM00398AJ,MAHINDRA LOGISTICS LIMITED,27AAFCM2530H1ZO,2026-02-04,2610565377,3400839037,2026,3190919846,001,,0000,000,2026-02-03,2026-01-15,INR,262701704511,RE,H,-199711.54,-199711.54,CLMS-DEC-25,0016080001,,,2026-02-03,C005,170403,0,CI,C1,0.0,100,2,194C,Cont. Cos - 2%-New Sec-393(1)6(i)
1001,DIM00398AJ,MAHINDRA LOGISTICS LIMITED,27AAFCM2530H1ZO,2026-02-04,2610565377,3400839023,2026,3190922013,001,,0000,000,2026-02-03,2026-01-15,INR,262701704485,RE,H,-10308464.24,-10308464.24,CLMS-DEC-25,0016080001,,,2026-02-03,C005,8795618,0,CI,C1,0.0,100,2,194C,Cont. Cos - 2%-New Sec-393(1)6(i)
1001,DIM00398AJ,MAHINDRA LOGISTICS LIMITED,27AAFCM2530H1ZO,2026-02-04,2610565377,3400839037,2026,3190920254,001,,0000,000,2026-02-03,2026-01-15,INR,262701704503,RE,H,-62430.42,-62430.42,CLMS-DEC-25,0016080001,,,2026-02-03,C005,53269,0,CI,C1,0.0,100,2,194C,Cont. Cos - 2%-New Sec-393(1)6(i)
1001,DIM00398AJ,MAHINDRA LOGISTICS LIMITED,27AAFCM2530H1ZO,2026-02-04,2610565377,3400839037,2026,3190919960,001,,0000,000,2026-02-03,2026-01-15,INR,262701704508,RE,H,-86728,-86728,CLMS-DEC-25,0016080001,,,2026-02-03,C005,74000,0,CI,C1,0.0,100,2,194C,Cont. Cos - 2%-New Sec-393(1)6(i)
1001,DIM00398AJ,MAHINDRA LOGISTICS LIMITED,27AAFCM2530H1ZO,2026-02-04,2610565377,3400839037,2026,3190919764,001,,0000,000,2026-02-03,2026-01-15,INR,262701704480,RE,H,-53161.8,-53161.8,CLMS-DEC-25,0016080001,,,2026-02-03,C005,45360,0,CI,C1,0.0,100,2,194C,Cont. Cos - 2%-New Sec-393(1)6(i)
1001,DIM00398AJ,MAHINDRA LOGISTICS LIMITED,27AAFCM2530H1ZO,2026-02-04,2610565377,3400839037,2026,3190919927,001,,0000,000,2026-02-03,2026-01-15,INR,262701704433,RE,H,-91244.72,-91244.72,CLMS-DEC-25,0016080001,,,2026-02-03,C005,77854,0,CI,C1,0.0,100,2,194C,Cont. Cos - 2%-New Sec-393(1)6(i)
1001,DIM00398AJ,MAHINDRA LOGISTICS LIMITED,27AAFCM2530H1ZO,2026-02-04,2610565377,3400839023,2026,3190919753,001,,0000,000,2026-02-03,2026-01-15,INR,262701704443,RE,H,-1133919.62,-1133919.62,CLMS-DEC-25,0016080001,,,2026-02-03,C005,967509,0,CI,C1,0.0,100,2,194C,Cont. Cos - 2%-New Sec-393(1)6(i)
1001,DIM00398AJ,MAHINDRA LOGISTICS LIMITED,27AAFCM2530H1ZO,2026-02-04,2610565377,3400839037,2026,3190920285,001,,0000,000,2026-02-03,2026-01-15,INR,262701704459,RE,H,-2596.88,-2596.88,CLMS-DEC-25,0016080001,,,2026-02-03,C005,2216,0,CI,C1,0.0,100,2,194C,Cont. Cos - 2%-New Sec-393(1)6(i)
1001,DIM00398AJ,MAHINDRA LOGISTICS LIMITED,27AAFCM2530H1ZO,2026-02-04,2610565377,3400839037,2026,3190920244,001,,0000,000,2026-02-03,2026-01-15,INR,262701704515,RE,H,-105651.46,-105651.46,CLMS-DEC-25,0016080001,,,2026-02-03,C005,90147,0,CI,C1,0.0,100,2,194C,Cont. Cos - 2%-New Sec-393(1)6(i)
1001,DIM00398AJ,MAHINDRA LOGISTICS LIMITED,27AAFCM2530H1ZO,2026-02-04,2610565377,3400839023,2026,3190919762,001,,0000,000,2026-02-03,2026-01-15,INR,262701704439,RE,H,-872166.6,-872166.6,CLMS-DEC-25,0016080001,,,2026-02-03,C005,744170,0,CI,C1,0.0,100,2,194C,Cont. Cos - 2%-New Sec-393(1)6(i)
1001,DIM00398AJ,MAHINDRA LOGISTICS LIMITED,27AAFCM2530H1ZO,2026-02-04,2610565377,3400839037,2026,3190919804,001,,0000,000,2026-02-03,2026-01-15,INR,262701704478,RE,H,-367950.18,-367950.18,CLMS-DEC-25,0016080001,,,2026-02-03,C005,313951,0,CI,C1,0.0,100,2,194C,Cont. Cos - 2%-New Sec-393(1)6(i)
1001,DIM00398AJ,MAHINDRA LOGISTICS LIMITED,27AAFCM2530H1ZO,2026-02-04,2610565377,3400839037,2026,3190920279,001,,0000,000,2026-02-03,2026-01-15,INR,262701704490,RE,H,-5192.58,-5192.58,CLMS-DEC-25,0016080001,,,2026-02-03,C005,4431,0,CI,C1,0.0,100,2,194C,Cont. Cos - 2%-New Sec-393(1)6(i)
1001,DIM00398AJ,MAHINDRA LOGISTICS LIMITED,27AAFCM2530H1ZO,2026-02-04,2610565377,3400839023,2026,3190919760,001,,0000,000,2026-02-03,2026-01-15,INR,262701704469,RE,H,-1687457.98,-1687457.98,CLMS-DEC-25,0016080001,,,2026-02-03,C005,1439811,0,CI,C1,0.0,100,2,194C,Cont. Cos - 2%-New Sec-393(1)6(i)
1001,DIM00398AJ,MAHINDRA LOGISTICS LIMITED,27AAFCM2530H1ZO,2026-02-27,2610603822,3400843955,2026,3191760397,001,,0000,000,2026-02-26,2026-02-15,INR,262701791650,RE,H,-1438594.44,-1438594.44,CROSS DOC- Chakan-Nov-25,0016080001,,,2026-02-26,C005,1227469.86,9820,,,,,,,
1001,DIM00398AJ,MAHINDRA LOGISTICS LIMITED,27AAFCM2530H1ZO,2026-02-27,2610603822,3400843955,2026,3191760446,001,,0000,000,2026-02-26,2026-01-29,INR,262701738739,RE,H,-5780035.41,-5780035.41,Warehouse  131K Service -Dec-25,0016080001,,,2026-02-26,C005,4931771.53,39455,,,,,,,
1001,DIM00398AJ,MAHINDRA LOGISTICS LIMITED,27AAFCM2530H1ZO,2026-02-27,2610603822,3400843990,2026,3191761422,001,,0000,000,2026-02-26,2026-02-16,INR,262701791907,RE,H,-426149.62,-426149.62,Fixed Staff & GMI -JAN-26,0016080001,,,2026-02-26,C005,363609,2909,,,,,,,
1001,DIM00398AJ,MAHINDRA LOGISTICS LIMITED,27AAFCM2530H1ZO,2026-02-27,2610603822,3400843907,2026,3191760491,001,,0000,000,2026-02-26,2025-11-14,INR,262701524722,RE,H,-180709.02,-180709.02,CLMS-OCT-25,0016080001,,,2026-02-26,C005,154189,1234,,,,,,,
1001,DIM00398AJ,MAHINDRA LOGISTICS LIMITED,27AAFCM2530H1ZO,2026-02-27,2610603822,3400843907,2026,3191760475,001,,0000,000,2026-02-26,2025-10-08,INR,262701427693,RE,H,-166184.28,-166184.28,CLMS-SEPT-25,0016080001,,,2026-02-26,C005,141796,1135,,,,,,,
1001,DIM00398AJ,MAHINDRA LOGISTICS LIMITED,27AAFCM2530H1ZO,2026-02-27,2610603822,3400843955,2026,3191760253,001,,0000,000,2026-02-26,2026-02-15,INR,262701791640,RE,H,-1443534.72,-1443534.72,CROSS DOC- Chennai -Oct-25,0016080001,,,2026-02-26,C005,1231685.36,9854,,,,,,,
1001,DIM00398AJ,MAHINDRA LOGISTICS LIMITED,27AAFCM2530H1ZO,2026-02-27,2610603822,3400843955,2026,3191760238,001,,0000,000,2026-02-26,2026-02-09,INR,262701770523,RE,H,-1437554.68,-1437554.68,CROSS DOC- Chennai -Sept-25,0016080001,,,2026-02-26,C005,1226582.78,9813,,,,,,,
1001,DIM00398AJ,MAHINDRA LOGISTICS LIMITED,27AAFCM2530H1ZO,2026-02-27,2610603822,3400843955,2026,3191760461,001,,0000,000,2026-02-26,2026-01-30,INR,262701740230,RE,H,-1005623.62,-1005623.62,Mathadi -Dec-25,0016080001,,,2026-02-26,C005,858041.2,6865,,,,,,,
1001,DIM00398AJ,MAHINDRA LOGISTICS LIMITED,27AAFCM2530H1ZO,2026-02-27,2610603822,3400843374,2026,3191760215,001,,0000,000,2026-02-26,2026-01-15,INR,262701704526,RE,H,-33615.94,-33615.94,CLMS-DEC-25,0016080001,,,2026-02-26,C005,28683,230,,,,,,,
1001,DIM00398AJ,MAHINDRA LOGISTICS LIMITED,27AAFCM2530H1ZO,2026-02-27,2610603822,3400843955,2026,3191760294,001,,0000,000,2026-02-26,2026-02-15,INR,262701791660,RE,H,-1440821.87,-1440821.87,CROSS DOC- Chakan-Dec-25,0016080001,,,2026-02-26,C005,1229370.23,9835,,,,,,,
1001,DIM00398AJ,MAHINDRA LOGISTICS LIMITED,27AAFCM2530H1ZO,2026-02-27,2610603822,3400843374,2026,3191760206,001,,0000,000,2026-02-26,2026-01-15,INR,262701704525,RE,H,-141669.22,-141669.22,CLMS-DEC-25,0016080001,,,2026-02-26,C005,120879,968,,,,,,,
1001,DIM00398AJ,MAHINDRA LOGISTICS LIMITED,27AAFCM2530H1ZO,2026-02-27,2610603822,3400843990,2026,3191802308,001,,0000,000,2026-02-27,2026-02-16,INR,262701791940,RE,H,-222902.2,-222902.2,Fixed Staff & GMI -JAN-26,0016080001,,,2026-02-27,C005,190190,1522,,,,,,,
1001,DIM00398AJ,MAHINDRA LOGISTICS LIMITED,27AAFCM2530H1ZO,2026-02-27,2610603822,,2026,3191802308,001,,0000,000,2026-02-27,2026-02-16,INR,262701791940,RE,H,-222902.2,-222902.2,Fixed Staff & GMI -JAN-26,0016080001,,,2026-02-27,C005,190190,1522,,,,,,,
1001,DIM00398AJ,MAHINDRA LOGISTICS LIMITED,27AAFCM2530H1ZO,2026-02-27,2610603822,,2026,3191802278,001,,0000,000,2026-02-27,2026-02-16,INR,262701791933,RE,H,-991893.68,-991893.68,Fixed Staff & GMI -JAN-26,0016080001,,,2026-02-27,C005,846326,6771,,,,,,,
1001,DIM00398AJ,MAHINDRA LOGISTICS LIMITED,27AAFCM2530H1ZO,2026-02-27,2610603822,3400843990,2026,3191802278,001,,0000,000,2026-02-27,2026-02-16,INR,262701791933,RE,H,-991893.68,-991893.68,Fixed Staff & GMI -JAN-26,0016080001,,,2026-02-27,C005,846326,6771,,,,,,,
1001,DIM00398AJ,MAHINDRA LOGISTICS LIMITED,27AAFCM2530H1ZO,2026-02-27,2610603822,,2026,3191802236,001,,0000,000,2026-02-27,2026-02-16,INR,262701791911,RE,H,-1211.12,-1211.12,Fixed Staff & GMI -JAN-26,0016080001,,,2026-02-27,C005,1034,9,,,,,,,
1001,DIM00398AJ,MAHINDRA LOGISTICS LIMITED,27AAFCM2530H1ZO,2026-02-27,2610603822,3400843990,2026,3191802236,001,,0000,000,2026-02-27,2026-02-16,INR,262701791911,RE,H,-1211.12,-1211.12,Fixed Staff & GMI -JAN-26,0016080001,,,2026-02-27,C005,1034,9,,,,,,,
1001,DIM00398AJ,MAHINDRA LOGISTICS LIMITED,27AAFCM2530H1ZO,2026-02-27,2610603822,,2026,3191802279,001,,0000,000,2026-02-27,2026-02-16,INR,262701791934,RE,H,-356078.96,-356078.96,Fixed Staff & GMI -JAN-26,0016080001,,,2026-02-27,C005,303822,2431,,,,,,,
1001,DIM00398AJ,MAHINDRA LOGISTICS LIMITED,27AAFCM2530H1ZO,2026-02-27,2610603822,3400843990,2026,3191802279,001,,0000,000,2026-02-27,2026-02-16,INR,262701791934,RE,H,-356078.96,-356078.96,Fixed Staff & GMI -JAN-26,0016080001,,,2026-02-27,C005,303822,2431,,,,,,,
1001,DIM00398AJ,MAHINDRA LOGISTICS LIMITED,27AAFCM2530H1ZO,2026-02-27,2610603822,3400843990,2026,3191802302,001,,0000,000,2026-02-27,2026-02-16,INR,262701791929,RE,H,-273454.14,-273454.14,Oth Employment & labour supply services,0016080001,,,2026-02-27,C005,233323,1867,,,,,,,
1001,DIM00398AJ,MAHINDRA LOGISTICS LIMITED,27AAFCM2530H1ZO,2026-02-27,2610603822,,2026,3191802302,001,,0000,000,2026-02-27,2026-02-16,INR,262701791929,RE,H,-273454.14,-273454.14,Oth Employment & labour supply services,0016080001,,,2026-02-27,C005,233323,1867,,,,,,,
1001,DIM00398AJ,MAHINDRA LOGISTICS LIMITED,27AAFCM2530H1ZO,2026-02-27,2610603822,3400843990,2026,3191802259,001,,0000,000,2026-02-27,2026-02-16,INR,262701791917,RE,H,-189945.6,-189945.6,Fixed Staff & GMI -JAN-26,0016080001,,,2026-02-27,C005,162070,1297,,,,,,,
1001,DIM00398AJ,MAHINDRA LOGISTICS LIMITED,27AAFCM2530H1ZO,2026-02-27,2610603822,,2026,3191802259,001,,0000,000,2026-02-27,2026-02-16,INR,262701791917,RE,H,-189945.6,-189945.6,Fixed Staff & GMI -JAN-26,0016080001,,,2026-02-27,C005,162070,1297,,,,,,,
1001,DIM00398AJ,MAHINDRA LOGISTICS LIMITED,27AAFCM2530H1ZO,2026-02-27,2610603822,,2026,3191802269,001,,0000,000,2026-02-27,2026-02-16,INR,262701791936,RE,H,-301637.6,-301637.6,Fixed Staff & GMI -JAN-26,0016080001,,,2026-02-27,C005,257370,2059,,,,,,,
1001,DIM00398AJ,MAHINDRA LOGISTICS LIMITED,27AAFCM2530H1ZO,2026-02-27,2610603822,3400843990,2026,3191802269,001,,0000,000,2026-02-27,2026-02-16,INR,262701791936,RE,H,-301637.6,-301637.6,Fixed Staff & GMI -JAN-26,0016080001,,,2026-02-27,C005,257370,2059,,,,,,,
1001,DIM00398AJ,MAHINDRA LOGISTICS LIMITED,27AAFCM2530H1ZO,2026-02-27,2610603822,3400843990,2026,3191802262,001,,0000,000,2026-02-27,2026-02-16,INR,262701791953,RE,H,-49982.64,-49982.64,Fixed Staff & GMI -JAN-26,0016080001,,,2026-02-27,C005,42648,342,,,,,,,
1001,DIM00398AJ,MAHINDRA LOGISTICS LIMITED,27AAFCM2530H1ZO,2026-02-27,2610603822,,2026,3191802262,001,,0000,000,2026-02-27,2026-02-16,INR,262701791953,RE,H,-49982.64,-49982.64,Fixed Staff & GMI -JAN-26,0016080001,,,2026-02-27,C005,42648,342,,,,,,,
1001,DIM00398AJ,MAHINDRA LOGISTICS LIMITED,27AAFCM2530H1ZO,2026-02-27,2610603822,3400843990,2026,3191802303,001,,0000,000,2026-02-27,2026-02-16,INR,262701791944,RE,H,-134211.88,-134211.88,Oth Employment & labour supply services,0016080001,,,2026-02-27,C005,114516,917,,,,,,,
1001,DIM00398AJ,MAHINDRA LOGISTICS LIMITED,27AAFCM2530H1ZO,2026-02-27,2610603822,,2026,3191802303,001,,0000,000,2026-02-27,2026-02-16,INR,262701791944,RE,H,-134211.88,-134211.88,Oth Employment & labour supply services,0016080001,,,2026-02-27,C005,114516,917,,,,,,,
1001,DIM00398AJ,MAHINDRA LOGISTICS LIMITED,27AAFCM2530H1ZO,2026-02-27,2610603822,3400843990,2026,3191802222,001,,0000,000,2026-02-27,2026-02-16,INR,262701791909,RE,H,-49982.64,-49982.64,Fixed Staff & GMI -JAN-26,0016080001,,,2026-02-27,C005,42648,342,,,,,,,
1001,DIM00398AJ,MAHINDRA LOGISTICS LIMITED,27AAFCM2530H1ZO,2026-02-27,2610603822,,2026,3191802222,001,,0000,000,2026-02-27,2026-02-16,INR,262701791909,RE,H,-49982.64,-49982.64,Fixed Staff & GMI -JAN-26,0016080001,,,2026-02-27,C005,42648,342,,,,,,,
1001,DIM00398AJ,MAHINDRA LOGISTICS LIMITED,27AAFCM2530H1ZO,2026-02-27,2610603822,,2026,3191802293,001,,0000,000,2026-02-27,2026-02-16,INR,262701791931,RE,H,-1367570.42,-1367570.42,Fixed Staff & GMI -JAN-26,0016080001,,,2026-02-27,C005,1166869,9335,,,,,,,
1001,DIM00398AJ,MAHINDRA LOGISTICS LIMITED,27AAFCM2530H1ZO,2026-02-27,2610603822,,2026,3191802223,001,,0000,000,2026-02-27,2026-02-16,INR,262701791932,RE,H,-194633.6,-194633.6,Fixed Staff & GMI -JAN-26,0016080001,,,2026-02-27,C005,166070,1329,,,,,,,
1001,DIM00398AJ,MAHINDRA LOGISTICS LIMITED,27AAFCM2530H1ZO,2026-02-27,2610603822,3400843990,2026,3191802293,001,,0000,000,2026-02-27,2026-02-16,INR,262701791931,RE,H,-1367570.42,-1367570.42,Fixed Staff & GMI -JAN-26,0016080001,,,2026-02-27,C005,1166869,9335,,,,,,,
1001,DIM00398AJ,MAHINDRA LOGISTICS LIMITED,27AAFCM2530H1ZO,2026-02-27,2610603822,3400843990,2026,3191802223,001,,0000,000,2026-02-27,2026-02-16,INR,262701791932,RE,H,-194633.6,-194633.6,Fixed Staff & GMI -JAN-26,0016080001,,,2026-02-27,C005,166070,1329,,,,,,,
1001,DIM00398AJ,MAHINDRA LOGISTICS LIMITED,27AAFCM2530H1ZO,2026-02-27,2610603822,,2026,3191802282,001,,0000,000,2026-02-27,2026-02-16,INR,262701791946,RE,H,-4684299.74,-4684299.74,Fixed Staff & GMI -JAN-26,0016080001,,,2026-02-27,C005,3996843,31975,,,,,,,
1001,DIM00398AJ,MAHINDRA LOGISTICS LIMITED,27AAFCM2530H1ZO,2026-02-27,2610603822,3400843990,2026,3191802282,001,,0000,000,2026-02-27,2026-02-16,INR,262701791946,RE,H,-4684299.74,-4684299.74,Fixed Staff & GMI -JAN-26,0016080001,,,2026-02-27,C005,3996843,31975,,,,,,,
1001,DIM00398AJ,MAHINDRA LOGISTICS LIMITED,27AAFCM2530H1ZO,2026-02-27,2610603822,,2026,3191802295,001,,0000,000,2026-02-27,2026-02-16,INR,262701791941,RE,H,-129543.94,-129543.94,Fixed Staff & GMI -JAN-26,0016080001,,,2026-02-27,C005,110533,885,,,,,,,
1001,DIM00398AJ,MAHINDRA LOGISTICS LIMITED,27AAFCM2530H1ZO,2026-02-27,2610603822,3400843990,2026,3191802295,001,,0000,000,2026-02-27,2026-02-16,INR,262701791941,RE,H,-129543.94,-129543.94,Fixed Staff & GMI -JAN-26,0016080001,,,2026-02-27,C005,110533,885,,,,,,,
1001,DIM00398AJ,MAHINDRA LOGISTICS LIMITED,27AAFCM2530H1ZO,2026-02-27,2610603822,,2026,3191802242,001,,0000,000,2026-02-27,2026-02-16,INR,262701791935,RE,H,-41515.14,-41515.14,Fixed Staff & GMI -JAN-26,0016080001,,,2026-02-27,C005,35423,284,,,,,,,
1001,DIM00398AJ,MAHINDRA LOGISTICS LIMITED,27AAFCM2530H1ZO,2026-02-27,2610603822,,2026,3191802294,001,,0000,000,2026-02-27,2026-02-16,INR,262701791939,RE,H,-626442.44,-626442.44,Fixed Staff & GMI -JAN-26,0016080001,,,2026-02-27,C005,534508,4277,,,,,,,
1001,DIM00398AJ,MAHINDRA LOGISTICS LIMITED,27AAFCM2530H1ZO,2026-02-27,2610603822,3400843990,2026,3191802294,001,,0000,000,2026-02-27,2026-02-16,INR,262701791939,RE,H,-626442.44,-626442.44,Fixed Staff & GMI -JAN-26,0016080001,,,2026-02-27,C005,534508,4277,,,,,,,
1001,DIM00398AJ,MAHINDRA LOGISTICS LIMITED,27AAFCM2530H1ZO,2026-02-27,2610603822,3400843990,2026,3191802242,001,,0000,000,2026-02-27,2026-02-16,INR,262701791935,RE,H,-41515.14,-41515.14,Fixed Staff & GMI -JAN-26,0016080001,,,2026-02-27,C005,35423,284,,,,,,,
1001,DIM00398AJ,MAHINDRA LOGISTICS LIMITED,27AAFCM2530H1ZO,2026-02-27,2610603822,,2026,3191802285,001,,0000,000,2026-02-27,2026-02-16,INR,262701791904,RE,H,-388144.76,-388144.76,Fixed Staff & GMI -JAN-26,0016080001,,,2026-02-27,C005,331182,2650,,,,,,,
1001,DIM00398AJ,MAHINDRA LOGISTICS LIMITED,27AAFCM2530H1ZO,2026-02-27,2610603822,3400843990,2026,3191802280,001,,0000,000,2026-02-27,2026-02-16,INR,262701791937,RE,H,-400814.56,-400814.56,Fixed Staff & GMI -JAN-26,0016080001,,,2026-02-27,C005,341992,2736,,,,,,,
1001,DIM00398AJ,MAHINDRA LOGISTICS LIMITED,27AAFCM2530H1ZO,2026-02-27,2610603822,3400843990,2026,3191802285,001,,0000,000,2026-02-27,2026-02-16,INR,262701791904,RE,H,-388144.76,-388144.76,Fixed Staff & GMI -JAN-26,0016080001,,,2026-02-27,C005,331182,2650,,,,,,,
1001,DIM00398AJ,MAHINDRA LOGISTICS LIMITED,27AAFCM2530H1ZO,2026-02-27,2610603822,,2026,3191802280,001,,0000,000,2026-02-27,2026-02-16,INR,262701791937,RE,H,-400814.56,-400814.56,Fixed Staff & GMI -JAN-26,0016080001,,,2026-02-27,C005,341992,2736,,,,,,,
1001,DIM00398AJ,MAHINDRA LOGISTICS LIMITED,27AAFCM2530H1ZO,2026-02-27,2610603822,,2026,3191802239,001,,0000,000,2026-02-27,2026-02-16,INR,262701791915,RE,H,-218604.14,-218604.14,Fixed Staff & GMI -JAN-26,0016080001,,,2026-02-27,C005,186523,1493,,,,,,,
1001,DIM00398AJ,MAHINDRA LOGISTICS LIMITED,27AAFCM2530H1ZO,2026-02-27,2610603822,3400843990,2026,3191802314,001,,0000,000,2026-02-27,2026-02-16,INR,262701791949,RE,H,-31518.92,-31518.92,Fixed Staff & GMI -JAN-26,0016080001,,,2026-02-27,C005,26894,216,,,,,,,
1001,DIM00398AJ,MAHINDRA LOGISTICS LIMITED,27AAFCM2530H1ZO,2026-02-27,2610603822,3400843990,2026,3191802239,001,,0000,000,2026-02-27,2026-02-16,INR,262701791915,RE,H,-218604.14,-218604.14,Fixed Staff & GMI -JAN-26,0016080001,,,2026-02-27,C005,186523,1493,,,,,,,
1001,DIM00398AJ,MAHINDRA LOGISTICS LIMITED,27AAFCM2530H1ZO,2026-02-27,2610603822,,2026,3191802314,001,,0000,000,2026-02-27,2026-02-16,INR,262701791949,RE,H,-31518.92,-31518.92,Fixed Staff & GMI -JAN-26,0016080001,,,2026-02-27,C005,26894,216,,,,,,,
1001,DIM00398AJ,MAHINDRA LOGISTICS LIMITED,27AAFCM2530H1ZO,2026-02-27,2610603822,3400843990,2026,3191802292,001,,0000,000,2026-02-27,2026-02-16,INR,262701791919,RE,H,-82027.02,-82027.02,Fixed Staff & GMI -JAN-26,0016080001,,,2026-02-27,C005,69989,560,,,,,,,
1001,DIM00398AJ,MAHINDRA LOGISTICS LIMITED,27AAFCM2530H1ZO,2026-02-27,2610603822,,2026,3191802292,001,,0000,000,2026-02-27,2026-02-16,INR,262701791919,RE,H,-82027.02,-82027.02,Fixed Staff & GMI -JAN-26,0016080001,,,2026-02-27,C005,69989,560,,,,,,,
1001,DIM00398AJ,MAHINDRA LOGISTICS LIMITED,27AAFCM2530H1ZO,2026-02-27,2610603822,3400843990,2026,3191802299,001,,0000,000,2026-02-27,2026-02-16,INR,262701791918,RE,H,-312953.68,-312953.68,Oth Employment & labour supply services,0016080001,,,2026-02-27,C005,267026,2137,,,,,,,
1001,DIM00398AJ,MAHINDRA LOGISTICS LIMITED,27AAFCM2530H1ZO,2026-02-27,2610603822,,2026,3191802299,001,,0000,000,2026-02-27,2026-02-16,INR,262701791918,RE,H,-312953.68,-312953.68,Oth Employment & labour supply services,0016080001,,,2026-02-27,C005,267026,2137,,,,,,,
1001,DIM00398AJ,MAHINDRA LOGISTICS LIMITED,27AAFCM2530H1ZO,2026-02-27,2610603822,3400843990,2026,3191802234,001,,0000,000,2026-02-27,2026-02-16,INR,262701791898,RE,H,-4212084.22,-4212084.22,Fixed Staff & GMI -JAN-26,0016080001,,,2026-02-27,C005,3593929,28752,,,,,,,
1001,DIM00398AJ,MAHINDRA LOGISTICS LIMITED,27AAFCM2530H1ZO,2026-02-27,2610603822,3400843990,2026,3191802311,001,,0000,000,2026-02-27,2026-02-16,INR,262701791951,RE,H,-1211.12,-1211.12,Fixed Staff & GMI -JAN-26,0016080001,,,2026-02-27,C005,1034,9,,,,,,,
1001,DIM00398AJ,MAHINDRA LOGISTICS LIMITED,27AAFCM2530H1ZO,2026-02-27,2610603822,,2026,3191802234,001,,0000,000,2026-02-27,2026-02-16,INR,262701791898,RE,H,-4212084.22,-4212084.22,Fixed Staff & GMI -JAN-26,0016080001,,,2026-02-27,C005,3593929,28752,,,,,,,
1001,DIM00398AJ,MAHINDRA LOGISTICS LIMITED,27AAFCM2530H1ZO,2026-02-27,2610603822,,2026,3191802311,001,,0000,000,2026-02-27,2026-02-16,INR,262701791951,RE,H,-1211.12,-1211.12,Fixed Staff & GMI -JAN-26,0016080001,,,2026-02-27,C005,1034,9,,,,,,,
1001,DIM00398AJ,MAHINDRA LOGISTICS LIMITED,27AAFCM2530H1ZO,2026-02-27,2610603822,3400843990,2026,3191802321,001,,0000,000,2026-02-27,2026-02-16,INR,262701791956,RE,H,-129543.94,-129543.94,Fixed Staff & GMI -JAN-26,0016080001,,,2026-02-27,C005,110533,885,,,,,,,
1001,DIM00398AJ,MAHINDRA LOGISTICS LIMITED,27AAFCM2530H1ZO,2026-02-27,2610603822,,2026,3191802321,001,,0000,000,2026-02-27,2026-02-16,INR,262701791956,RE,H,-129543.94,-129543.94,Fixed Staff & GMI -JAN-26,0016080001,,,2026-02-27,C005,110533,885,,,,,,,
1001,DIM00398AJ,MAHINDRA LOGISTICS LIMITED,27AAFCM2530H1ZO,2026-02-27,2610603822,,2026,2610603822,001,,0000,000,2026-02-27,2026-02-27,INR,,KZ,S,51847220.92,51847220.92,,0016080001,,,2026-02-27,,44238271.96,0,,,,,,,
1001,DIM00398AJ,MAHINDRA LOGISTICS LIMITED,27AAFCM2530H1ZO,2026-02-27,2610603822,,2026,3191802240,001,,0000,000,2026-02-27,2026-02-16,INR,262701791921,RE,H,-150331.6,-150331.6,Fixed Staff & GMI -JAN-26,0016080001,,,2026-02-27,C005,128270,1027,,,,,,,
1001,DIM00398AJ,MAHINDRA LOGISTICS LIMITED,27AAFCM2530H1ZO,2026-02-27,2610603822,3400843990,2026,3191802240,001,,0000,000,2026-02-27,2026-02-16,INR,262701791921,RE,H,-150331.6,-150331.6,Fixed Staff & GMI -JAN-26,0016080001,,,2026-02-27,C005,128270,1027,,,,,,,
1001,DIM00398AJ,MAHINDRA LOGISTICS LIMITED,27AAFCM2530H1ZO,2026-02-27,2610603822,3400843990,2026,3191802310,001,,0000,000,2026-02-27,2026-02-16,INR,262701791942,RE,H,-1306471.66,-1306471.66,Fixed Staff & GMI -JAN-26,0016080001,,,2026-02-27,C005,1114737,8918,,,,,,,
1001,DIM00398AJ,MAHINDRA LOGISTICS LIMITED,27AAFCM2530H1ZO,2026-02-27,2610603822,,2026,3191802310,001,,0000,000,2026-02-27,2026-02-16,INR,262701791942,RE,H,-1306471.66,-1306471.66,Fixed Staff & GMI -JAN-26,0016080001,,,2026-02-27,C005,1114737,8918,,,,,,,
1001,DIM00398AJ,MAHINDRA LOGISTICS LIMITED,27AAFCM2530H1ZO,2026-02-27,2610603822,3400843990,2026,3191802257,001,,0000,000,2026-02-27,2026-02-16,INR,262701791914,RE,H,-49362.24,-49362.24,Fixed Staff & GMI -JAN-26,0016080001,,,2026-02-27,C005,42118,337,,,,,,,
1001,DIM00398AJ,MAHINDRA LOGISTICS LIMITED,27AAFCM2530H1ZO,2026-02-27,2610603822,,2026,3191802257,001,,0000,000,2026-02-27,2026-02-16,INR,262701791914,RE,H,-49362.24,-49362.24,Fixed Staff & GMI -JAN-26,0016080001,,,2026-02-27,C005,42118,337,,,,,,,
1001,DIM00398AJ,MAHINDRA LOGISTICS LIMITED,27AAFCM2530H1ZO,2026-02-27,2610603822,,2026,3191802283,001,,0000,000,2026-02-27,2026-02-16,INR,262701791952,RE,H,-1920514.7,-1920514.7,Fixed Staff & GMI -JAN-26,0016080001,,,2026-02-27,C005,1638665,13110,,,,,,,
1001,DIM00398AJ,MAHINDRA LOGISTICS LIMITED,27AAFCM2530H1ZO,2026-02-27,2610603822,3400843990,2026,3191802283,001,,0000,000,2026-02-27,2026-02-16,INR,262701791952,RE,H,-1920514.7,-1920514.7,Fixed Staff & GMI -JAN-26,0016080001,,,2026-02-27,C005,1638665,13110,,,,,,,
1001,DIM00398AJ,MAHINDRA LOGISTICS LIMITED,27AAFCM2530H1ZO,2026-02-27,2610603822,,2026,3191802317,001,,0000,000,2026-02-27,2026-02-16,INR,262701791948,RE,H,-873691.78,-873691.78,Fixed Staff & GMI -JAN-26,0016080001,,,2026-02-27,C005,745471,5964,,,,,,,
1001,DIM00398AJ,MAHINDRA LOGISTICS LIMITED,27AAFCM2530H1ZO,2026-02-27,2610603822,3400843990,2026,3191802317,001,,0000,000,2026-02-27,2026-02-16,INR,262701791948,RE,H,-873691.78,-873691.78,Fixed Staff & GMI -JAN-26,0016080001,,,2026-02-27,C005,745471,5964,,,,,,,
1001,DIM00398AJ,MAHINDRA LOGISTICS LIMITED,27AAFCM2530H1ZO,2026-02-27,2610603822,,2026,3191802265,001,,0000,000,2026-02-27,2026-02-16,INR,262701791926,RE,H,-611762.76,-611762.76,Fixed Staff & GMI -JAN-26,0016080001,,,2026-02-27,C005,521982,4176,,,,,,,
1001,DIM00398AJ,MAHINDRA LOGISTICS LIMITED,27AAFCM2530H1ZO,2026-02-27,2610603822,3400843990,2026,3191802265,001,,0000,000,2026-02-27,2026-02-16,INR,262701791926,RE,H,-611762.76,-611762.76,Fixed Staff & GMI -JAN-26,0016080001,,,2026-02-27,C005,521982,4176,,,,,,,
1001,DIM00398AJ,MAHINDRA LOGISTICS LIMITED,27AAFCM2530H1ZO,2026-02-27,2610603822,3400843990,2026,3191802276,001,,0000,000,2026-02-27,2026-02-16,INR,262701791927,RE,H,-551899.9,-551899.9,Fixed Staff & GMI -JAN-26,0016080001,,,2026-02-27,C005,470905,3768,,,,,,,
1001,DIM00398AJ,MAHINDRA LOGISTICS LIMITED,27AAFCM2530H1ZO,2026-02-27,2610603822,,2026,3191802276,001,,0000,000,2026-02-27,2026-02-16,INR,262701791927,RE,H,-551899.9,-551899.9,Fixed Staff & GMI -JAN-26,0016080001,,,2026-02-27,C005,470905,3768,,,,,,,
1001,DIM00398AJ,MAHINDRA LOGISTICS LIMITED,27AAFCM2530H1ZO,2026-02-27,2610603822,,2026,3191802244,001,,0000,000,2026-02-27,2026-02-16,INR,262701791902,RE,H,-384416.18,-384416.18,Fixed Staff & GMI -JAN-26,0016080001,,,2026-02-27,C005,328001,2625,,,,,,,
1001,DIM00398AJ,MAHINDRA LOGISTICS LIMITED,27AAFCM2530H1ZO,2026-02-27,2610603822,3400843990,2026,3191802244,001,,0000,000,2026-02-27,2026-02-16,INR,262701791902,RE,H,-384416.18,-384416.18,Fixed Staff & GMI -JAN-26,0016080001,,,2026-02-27,C005,328001,2625,,,,,,,
1001,DIM00398AJ,MAHINDRA LOGISTICS LIMITED,27AAFCM2530H1ZO,2026-02-27,2610603822,3400843990,2026,3191802252,001,,0000,000,2026-02-27,2026-02-16,INR,262701791930,RE,H,-45144.6,-45144.6,Fixed Staff & GMI -JAN-26,0016080001,,,2026-02-27,C005,38520,309,,,,,,,
1001,DIM00398AJ,MAHINDRA LOGISTICS LIMITED,27AAFCM2530H1ZO,2026-02-27,2610603822,,2026,3191802252,001,,0000,000,2026-02-27,2026-02-16,INR,262701791930,RE,H,-45144.6,-45144.6,Fixed Staff & GMI -JAN-26,0016080001,,,2026-02-27,C005,38520,309,,,,,,,
1001,DIM00398AJ,MAHINDRA LOGISTICS LIMITED,27AAFCM2530H1ZO,2026-02-27,2610603822,3400843990,2026,3191802296,001,,0000,000,2026-02-27,2026-02-16,INR,262701791943,RE,H,-54650.58,-54650.58,Fixed Staff & GMI -JAN-26,0016080001,,,2026-02-27,C005,46631,374,,,,,,,
1001,DIM00398AJ,MAHINDRA LOGISTICS LIMITED,27AAFCM2530H1ZO,2026-02-27,2610603822,,2026,3191802296,001,,0000,000,2026-02-27,2026-02-16,INR,262701791943,RE,H,-54650.58,-54650.58,Fixed Staff & GMI -JAN-26,0016080001,,,2026-02-27,C005,46631,374,,,,,,,
1001,DIM00398AJ,MAHINDRA LOGISTICS LIMITED,27AAFCM2530H1ZO,2026-02-27,2610603822,,2026,3191802287,001,,0000,000,2026-02-27,2026-02-16,INR,262701791906,RE,H,-141482.42,-141482.42,Fixed Staff & GMI -JAN-26,0016080001,,,2026-02-27,C005,120719,966,,,,,,,
1001,DIM00398AJ,MAHINDRA LOGISTICS LIMITED,27AAFCM2530H1ZO,2026-02-27,2610603822,3400843990,2026,3191802229,001,,0000,000,2026-02-27,2026-02-16,INR,262701791903,RE,H,-2438622.48,-2438622.48,Fixed Staff & GMI -JAN-26,0016080001,,,2026-02-27,C005,2080736,16646,,,,,,,
1001,DIM00398AJ,MAHINDRA LOGISTICS LIMITED,27AAFCM2530H1ZO,2026-02-27,2610603822,3400843990,2026,3191802287,001,,0000,000,2026-02-27,2026-02-16,INR,262701791906,RE,H,-141482.42,-141482.42,Fixed Staff & GMI -JAN-26,0016080001,,,2026-02-27,C005,120719,966,,,,,,,
1001,DIM00398AJ,MAHINDRA LOGISTICS LIMITED,27AAFCM2530H1ZO,2026-02-27,2610603822,,2026,3191802229,001,,0000,000,2026-02-27,2026-02-16,INR,262701791903,RE,H,-2438622.48,-2438622.48,Fixed Staff & GMI -JAN-26,0016080001,,,2026-02-27,C005,2080736,16646,,,,,,,
1001,DIM00398AJ,MAHINDRA LOGISTICS LIMITED,27AAFCM2530H1ZO,2026-02-27,2610603822,3400843990,2026,3191802304,001,,0000,000,2026-02-27,2026-02-16,INR,262701791958,RE,H,-210710.84,-210710.84,Fixed Staff & GMI -JAN-26,0016080001,,,2026-02-27,C005,179788,1439,,,,,,,
1001,DIM00398AJ,MAHINDRA LOGISTICS LIMITED,27AAFCM2530H1ZO,2026-02-27,2610603822,,2026,3191802304,001,,0000,000,2026-02-27,2026-02-16,INR,262701791958,RE,H,-210710.84,-210710.84,Fixed Staff & GMI -JAN-26,0016080001,,,2026-02-27,C005,179788,1439,,,,,,,
1001,DIM00398AJ,MAHINDRA LOGISTICS LIMITED,27AAFCM2530H1ZO,2026-02-27,2610603822,,2026,3191802298,001,,0000,000,2026-02-27,2026-02-16,INR,262701791955,RE,H,-54650.58,-54650.58,Fixed Staff & GMI -JAN-26,0016080001,,,2026-02-27,C005,46631,374,,,,,,,
1001,DIM00398AJ,MAHINDRA LOGISTICS LIMITED,27AAFCM2530H1ZO,2026-02-27,2610603822,3400843990,2026,3191802298,001,,0000,000,2026-02-27,2026-02-16,INR,262701791955,RE,H,-54650.58,-54650.58,Fixed Staff & GMI -JAN-26,0016080001,,,2026-02-27,C005,46631,374,,,,,,,
1001,DIM00398AJ,MAHINDRA LOGISTICS LIMITED,27AAFCM2530H1ZO,2026-02-27,2610603822,3400843990,2026,3191802255,001,,0000,000,2026-02-27,2026-02-16,INR,262701791900,RE,H,-3869791.6,-3869791.6,Oth Employment & labour supply services,0016080001,,,2026-02-27,C005,3301870,26415,,,,,,,
1001,DIM00398AJ,MAHINDRA LOGISTICS LIMITED,27AAFCM2530H1ZO,2026-02-27,2610603822,,2026,3191802255,001,,0000,000,2026-02-27,2026-02-16,INR,262701791900,RE,H,-3869791.6,-3869791.6,Oth Employment & labour supply services,0016080001,,,2026-02-27,C005,3301870,26415,,,,,,,
1001,DIM00398AJ,MAHINDRA LOGISTICS LIMITED,27AAFCM2530H1ZO,2026-02-27,2610603822,,2026,3191802227,001,,0000,000,2026-02-27,2026-02-16,INR,262701791928,RE,H,-312704.34,-312704.34,Fixed Staff & GMI -JAN-26,0016080001,,,2026-02-27,C005,266813,2135,,,,,,,
1001,DIM00398AJ,MAHINDRA LOGISTICS LIMITED,27AAFCM2530H1ZO,2026-02-27,2610603822,3400843990,2026,3191802227,001,,0000,000,2026-02-27,2026-02-16,INR,262701791928,RE,H,-312704.34,-312704.34,Fixed Staff & GMI -JAN-26,0016080001,,,2026-02-27,C005,266813,2135,,,,,,,
1001,DIM00398AJ,MAHINDRA LOGISTICS LIMITED,27AAFCM2530H1ZO,2026-02-27,2610603822,3400843990,2026,3191802289,001,,0000,000,2026-02-27,2026-02-16,INR,262701791908,RE,H,-484248.76,-484248.76,Fixed Staff & GMI -JAN-26,0016080001,,,2026-02-27,C005,413182,3306,,,,,,,
1001,DIM00398AJ,MAHINDRA LOGISTICS LIMITED,27AAFCM2530H1ZO,2026-02-27,2610603822,,2026,3191802289,001,,0000,000,2026-02-27,2026-02-16,INR,262701791908,RE,H,-484248.76,-484248.76,Fixed Staff & GMI -JAN-26,0016080001,,,2026-02-27,C005,413182,3306,,,,,,,
1001,DIM00398AJ,MAHINDRA LOGISTICS LIMITED,27AAFCM2530H1ZO,2026-02-27,2610603822,3400843990,2026,3191802246,001,,0000,000,2026-02-27,2026-02-16,INR,262701791910,RE,H,-1187006.9,-1187006.9,Fixed Staff & GMI -JAN-26,0016080001,,,2026-02-27,C005,1012805,8103,,,,,,,
1001,DIM00398AJ,MAHINDRA LOGISTICS LIMITED,27AAFCM2530H1ZO,2026-02-27,2610603822,,2026,3191802246,001,,0000,000,2026-02-27,2026-02-16,INR,262701791910,RE,H,-1187006.9,-1187006.9,Fixed Staff & GMI -JAN-26,0016080001,,,2026-02-27,C005,1012805,8103,,,,,,,
1001,DIM00398AJ,MAHINDRA LOGISTICS LIMITED,27AAFCM2530H1ZO,2026-02-27,2610603822,3400843990,2026,3191802225,001,,0000,000,2026-02-27,2026-02-16,INR,262701791912,RE,H,-54650.58,-54650.58,Fixed Staff & GMI -JAN-26,0016080001,,,2026-02-27,C005,46631,374,,,,,,,
1001,DIM00398AJ,MAHINDRA LOGISTICS LIMITED,27AAFCM2530H1ZO,2026-02-27,2610603822,,2026,3191802225,001,,0000,000,2026-02-27,2026-02-16,INR,262701791912,RE,H,-54650.58,-54650.58,Fixed Staff & GMI -JAN-26,0016080001,,,2026-02-27,C005,46631,374,,,,,,,
1001,DIM00398AJ,MAHINDRA LOGISTICS LIMITED,27AAFCM2530H1ZO,2026-02-27,2610603822,3400843990,2026,3191802291,001,,0000,000,2026-02-27,2026-02-16,INR,262701791916,RE,H,-452770.14,-452770.14,Fixed Staff & GMI -JAN-26,0016080001,,,2026-02-27,C005,386323,3091,,,,,,,
1001,DIM00398AJ,MAHINDRA LOGISTICS LIMITED,27AAFCM2530H1ZO,2026-02-27,2610603822,,2026,3191802291,001,,0000,000,2026-02-27,2026-02-16,INR,262701791916,RE,H,-452770.14,-452770.14,Fixed Staff & GMI -JAN-26,0016080001,,,2026-02-27,C005,386323,3091,,,,,,,
1001,DIM00398AJ,MAHINDRA LOGISTICS LIMITED,27AAFCM2530H1ZO,2026-02-27,2610603822,3400843990,2026,3191802248,001,,0000,000,2026-02-27,2026-02-16,INR,262701791924,RE,H,-54650.58,-54650.58,Fixed Staff & GMI -JAN-26,0016080001,,,2026-02-27,C005,46631,374,,,,,,,
1001,DIM00398AJ,MAHINDRA LOGISTICS LIMITED,27AAFCM2530H1ZO,2026-02-27,2610603822,,2026,3191802248,001,,0000,000,2026-02-27,2026-02-16,INR,262701791924,RE,H,-54650.58,-54650.58,Fixed Staff & GMI -JAN-26,0016080001,,,2026-02-27,C005,46631,374,,,,,,,
1001,DIM00398AJ,MAHINDRA LOGISTICS LIMITED,27AAFCM2530H1ZO,2026-02-27,2610603822,3400843990,2026,3191802237,001,,0000,000,2026-02-27,2026-02-16,INR,262701791913,RE,H,-220988.26,-220988.26,Fixed Staff & GMI -JAN-26,0016080001,,,2026-02-27,C005,188557,1509,,,,,,,
1001,DIM00398AJ,MAHINDRA LOGISTICS LIMITED,27AAFCM2530H1ZO,2026-02-27,2610603822,,2026,3191802237,001,,0000,000,2026-02-27,2026-02-16,INR,262701791913,RE,H,-220988.26,-220988.26,Fixed Staff & GMI -JAN-26,0016080001,,,2026-02-27,C005,188557,1509,,,,,,,
1001,DIM00398AJ,MAHINDRA LOGISTICS LIMITED,27AAFCM2530H1ZO,2026-02-27,2610603822,3400843990,2026,3191802274,001,,0000,000,2026-02-27,2026-02-16,INR,262701791957,RE,H,-551271.24,-551271.24,Fixed Staff & GMI -JAN-26,0016080001,,,2026-02-27,C005,470368,3763,,,,,,,
1001,DIM00398AJ,MAHINDRA LOGISTICS LIMITED,27AAFCM2530H1ZO,2026-02-27,2610603822,,2026,3191802297,001,,0000,000,2026-02-27,2026-02-16,INR,262701791954,RE,H,-129241.5,-129241.5,Fixed Staff & GMI -JAN-26,0016080001,,,2026-02-27,C005,110275,883,,,,,,,
1001,DIM00398AJ,MAHINDRA LOGISTICS LIMITED,27AAFCM2530H1ZO,2026-02-27,2610603822,3400843990,2026,3191802297,001,,0000,000,2026-02-27,2026-02-16,INR,262701791954,RE,H,-129241.5,-129241.5,Fixed Staff & GMI -JAN-26,0016080001,,,2026-02-27,C005,110275,883,,,,,,,
1001,DIM00398AJ,MAHINDRA LOGISTICS LIMITED,27AAFCM2530H1ZO,2026-02-27,2610603822,,2026,3191802274,001,,0000,000,2026-02-27,2026-02-16,INR,262701791957,RE,H,-551271.24,-551271.24,Fixed Staff & GMI -JAN-26,0016080001,,,2026-02-27,C005,470368,3763,,,,,,,
1001,DIM00398AJ,MAHINDRA LOGISTICS LIMITED,27AAFCM2530H1ZO,2026-02-27,2610603822,,2026,3191802319,001,,0000,000,2026-02-27,2026-02-16,INR,262701791950,RE,H,-4409272.04,-4409272.04,Fixed Staff & GMI -JAN-26,0016080001,,,2026-02-27,C005,3762178,30098,,,,,,,
1001,DIM00398AJ,MAHINDRA LOGISTICS LIMITED,27AAFCM2530H1ZO,2026-02-27,2610603822,3400843990,2026,3191802319,001,,0000,000,2026-02-27,2026-02-16,INR,262701791950,RE,H,-4409272.04,-4409272.04,Fixed Staff & GMI -JAN-26,0016080001,,,2026-02-27,C005,3762178,30098,,,,,,,
1001,DIM00398AJ,MAHINDRA LOGISTICS LIMITED,27AAFCM2530H1ZO,2026-02-27,2610603822,3400843990,2026,3191802271,001,,0000,000,2026-02-27,2026-02-16,INR,262701791938,RE,H,-99965.1,-99965.1,Fixed Staff & GMI -JAN-26,0016080001,,,2026-02-27,C005,85295,683,,,,,,,
1001,DIM00398AJ,MAHINDRA LOGISTICS LIMITED,27AAFCM2530H1ZO,2026-02-27,2610603822,,2026,3191802250,001,,0000,000,2026-02-27,2026-02-16,INR,262701791925,RE,H,-2340246.64,-2340246.64,Fixed Staff & GMI -JAN-26,0016080001,,,2026-02-27,C005,1996798,15975,,,,,,,
1001,DIM00398AJ,MAHINDRA LOGISTICS LIMITED,27AAFCM2530H1ZO,2026-02-27,2610603822,,2026,3191802271,001,,0000,000,2026-02-27,2026-02-16,INR,262701791938,RE,H,-99965.1,-99965.1,Fixed Staff & GMI -JAN-26,0016080001,,,2026-02-27,C005,85295,683,,,,,,,
1001,DIM00398AJ,MAHINDRA LOGISTICS LIMITED,27AAFCM2530H1ZO,2026-02-27,2610603822,3400843990,2026,3191802250,001,,0000,000,2026-02-27,2026-02-16,INR,262701791925,RE,H,-2340246.64,-2340246.64,Fixed Staff & GMI -JAN-26,0016080001,,,2026-02-27,C005,1996798,15975,,,,,,,
1001,DIM00398AJ,MAHINDRA LOGISTICS LIMITED,27AAFCM2530H1ZO,2026-03-04,2610607203,3400843740,2026,3191914914,001,,0000,000,2026-03-02,2026-02-11,INR,262701777573,RE,H,-700.64,-700.64,Supplementary invoice -Aug-24 to Feb-25,0016080001,,,2026-03-02,C005,598,5,,,,,,,
1001,DIM00398AJ,MAHINDRA LOGISTICS LIMITED,27AAFCM2530H1ZO,2026-03-04,2610607203,3400843980,2026,3191912854,001,,0000,000,2026-03-02,2026-02-11,INR,262701779863,RE,H,-63756,-63756,CLMS-JAN-26,0016080001,,,2026-03-02,C005,54400,436,,,,,,,
1001,DIM00398AJ,MAHINDRA LOGISTICS LIMITED,27AAFCM2530H1ZO,2026-03-04,2610607203,3400843740,2026,3191914911,001,,0000,000,2026-03-02,2026-02-11,INR,262701777572,RE,H,-173024.94,-173024.94,Supplementary invoice -Aug-24 to Feb-25,0016080001,,,2026-03-02,C005,147633,1182,,,,,,,
1001,DIM00398AJ,MAHINDRA LOGISTICS LIMITED,27AAFCM2530H1ZO,2026-03-04,2610607203,3400843740,2026,3191916014,001,,0000,000,2026-03-02,2026-02-11,INR,262701777535,RE,H,-58913.24,-58913.24,Supplementary invoice -Aug-24 to Feb-25,0016080001,,,2026-03-02,C005,50268,403,,,,,,,
1001,DIM00398AJ,MAHINDRA LOGISTICS LIMITED,27AAFCM2530H1ZO,2026-03-04,2610607203,3400843980,2026,3191912867,001,,0000,000,2026-03-02,2026-02-11,INR,262701779861,RE,H,-690537.28,-690537.28,CLMS-JAN-26,0016080001,,,2026-03-02,C005,589196,4714,,,,,,,
1001,DIM00398AJ,MAHINDRA LOGISTICS LIMITED,27AAFCM2530H1ZO,2026-03-04,2610607203,3400843740,2026,3191914909,001,,0000,000,2026-03-02,2026-02-11,INR,262701777571,RE,H,-14228.38,-14228.38,Supplementary invoice -Aug-24 to Feb-25,0016080001,,,2026-03-02,C005,12141,98,,,,,,,
1001,DIM00398AJ,MAHINDRA LOGISTICS LIMITED,27AAFCM2530H1ZO,2026-03-04,2610607203,3400843740,2026,3191916169,001,,0000,000,2026-03-02,2026-02-11,INR,262701777597,RE,H,-24716.02,-24716.02,Supplementary invoice -Aug-24 to Feb-25,0016080001,,,2026-03-02,C005,21089,169,,,,,,,
1001,DIM00398AJ,MAHINDRA LOGISTICS LIMITED,27AAFCM2530H1ZO,2026-03-04,2610607203,3400843740,2026,3191914945,001,,0000,000,2026-03-02,2026-02-11,INR,262701777578,RE,H,-7624.08,-7624.08,Supplementary invoice -Aug-24 to Feb-25,0016080001,,,2026-03-02,C005,6506,53,,,,,,,
1001,DIM00398AJ,MAHINDRA LOGISTICS LIMITED,27AAFCM2530H1ZO,2026-03-04,2610607203,3400843980,2026,3191912838,001,,0000,000,2026-03-02,2026-02-11,INR,262701779855,RE,H,-6481.58,-6481.58,CLMS-JAN-26,0016080001,,,2026-03-02,C005,5531,45,,,,,,,
1001,DIM00398AJ,MAHINDRA LOGISTICS LIMITED,27AAFCM2530H1ZO,2026-03-04,2610607203,3400843740,2026,3191914961,001,,0000,000,2026-03-02,2026-02-11,INR,262701777580,RE,H,-24004.76,-24004.76,Supplementary invoice -Aug-24 to Feb-25,0016080001,,,2026-03-02,C005,20482,164,,,,,,,
1001,DIM00398AJ,MAHINDRA LOGISTICS LIMITED,27AAFCM2530H1ZO,2026-03-04,2610607203,3400843740,2026,3191914905,001,,0000,000,2026-03-02,2026-02-11,INR,262701777570,RE,H,-56.82,-56.82,Supplementary invoice -Aug-24 to Feb-25,0016080001,,,2026-03-02,C005,49,1,,,,,,,
1001,DIM00398AJ,MAHINDRA LOGISTICS LIMITED,27AAFCM2530H1ZO,2026-03-04,2610607203,3400843740,2026,3191914870,001,,0000,000,2026-03-02,2026-02-11,INR,262701777557,RE,H,-1120.08,-1120.08,Supplementary invoice -Aug-24 to Feb-25,0016080001,,,2026-03-02,C005,956,8,,,,,,,
1001,DIM00398AJ,MAHINDRA LOGISTICS LIMITED,27AAFCM2530H1ZO,2026-03-04,2610607203,3400843980,2026,3191912877,001,,0000,000,2026-03-02,2026-02-11,INR,262701779870,RE,H,-299090.46,-299090.46,CLMS-JAN-26,0016080001,,,2026-03-02,C005,255197,2042,,,,,,,
1001,DIM00398AJ,MAHINDRA LOGISTICS LIMITED,27AAFCM2530H1ZO,2026-03-04,2610607203,3400843980,2026,3191912833,001,,0000,000,2026-03-02,2026-02-11,INR,262701779875,RE,H,-1846712.92,-1846712.92,CLMS-JAN-26,0016080001,,,2026-03-02,C005,1575694,12606,,,,,,,
1001,DIM00398AJ,MAHINDRA LOGISTICS LIMITED,27AAFCM2530H1ZO,2026-03-04,2610607203,3400843740,2026,3191916067,001,,0000,000,2026-03-02,2026-02-11,INR,262701777598,RE,H,-39256.1,-39256.1,Supplementary invoice -Aug-24 to Feb-25,0016080001,,,2026-03-02,C005,33495,268,,,,,,,
1001,DIM00398AJ,MAHINDRA LOGISTICS LIMITED,27AAFCM2530H1ZO,2026-03-04,2610607203,3400843980,2026,3191912858,001,,0000,000,2026-03-02,2026-02-11,INR,262701779852,RE,H,-431833.62,-431833.62,CLMS-JAN-26,0016080001,,,2026-03-02,C005,368459,2948,,,,,,,
1001,DIM00398AJ,MAHINDRA LOGISTICS LIMITED,27AAFCM2530H1ZO,2026-03-04,2610607203,3400843740,2026,3191914889,001,,0000,000,2026-03-02,2026-02-11,INR,262701777567,RE,H,-64447.02,-64447.02,Supplementary invoice -Aug-24 to Feb-25,0016080001,,,2026-03-02,C005,54989,440,,,,,,,
1001,DIM00398AJ,MAHINDRA LOGISTICS LIMITED,27AAFCM2530H1ZO,2026-03-04,2610607203,3400843740,2026,3191915888,001,,0000,000,2026-03-02,2025-11-24,INR,262701554917,RE,H,-230579.2,-230579.2,Management charge- F25-SLA,0016080001,,,2026-03-02,C005,196740,1574,,,,,,,
1001,DIM00398AJ,MAHINDRA LOGISTICS LIMITED,27AAFCM2530H1ZO,2026-03-04,2610607203,3400843740,2026,3191914969,001,,0000,000,2026-03-02,2026-02-11,INR,262701777576,RE,H,-14574.48,-14574.48,Supplementary invoice -Aug-24 to Feb-25,0016080001,,,2026-03-02,C005,12436,100,,,,,,,
1001,DIM00398AJ,MAHINDRA LOGISTICS LIMITED,27AAFCM2530H1ZO,2026-03-04,2610607203,3400843740,2026,3191914893,001,,0000,000,2026-03-02,2026-02-11,INR,262701777568,RE,H,-43356.92,-43356.92,Supplementary invoice -Aug-24 to Feb-25,0016080001,,,2026-03-02,C005,36994,296,,,,,,,
1001,DIM00398AJ,MAHINDRA LOGISTICS LIMITED,27AAFCM2530H1ZO,2026-03-04,2610607203,3400843740,2026,3191915936,001,,0000,000,2026-03-02,2025-11-24,INR,262701554919,RE,H,-300940.68,-300940.68,Management charge- F25-SLA,0016080001,,,2026-03-02,C005,256776,2055,,,,,,,
1001,DIM00398AJ,MAHINDRA LOGISTICS LIMITED,27AAFCM2530H1ZO,2026-03-04,2610607203,3400843740,2026,3191915026,001,,0000,000,2026-03-02,2026-02-11,INR,262701777575,RE,H,-80936.62,-80936.62,Supplementary invoice -Aug-24 to Feb-25,0016080001,,,2026-03-02,C005,69059,553,,,,,,,
1001,DIM00398AJ,MAHINDRA LOGISTICS LIMITED,27AAFCM2530H1ZO,2026-03-04,2610607203,3400843980,2026,3191912825,001,,0000,000,2026-03-02,2026-02-11,INR,262701779856,RE,H,-34120.34,-34120.34,CLMS-JAN-26,0016080001,,,2026-03-02,C005,29113,233,,,,,,,
1001,DIM00398AJ,MAHINDRA LOGISTICS LIMITED,27AAFCM2530H1ZO,2026-03-04,2610607203,3400843740,2026,3191914883,001,,0000,000,2026-03-02,2026-02-11,INR,262701777564,RE,H,-1261.86,-1261.86,Supplementary invoice -Aug-24 to Feb-25,0016080001,,,2026-03-02,C005,1077,9,,,,,,,
1001,DIM00398AJ,MAHINDRA LOGISTICS LIMITED,27AAFCM2530H1ZO,2026-03-04,2610607203,3400843740,2026,3191914861,001,,0000,000,2026-03-02,2026-02-11,INR,262701777553,RE,H,-29999.46,-29999.46,Supplementary invoice -Aug-24 to Feb-25,0016080001,,,2026-03-02,C005,25597,205,,,,,,,
1001,DIM00398AJ,MAHINDRA LOGISTICS LIMITED,27AAFCM2530H1ZO,2026-03-04,2610607203,3400843740,2026,3191914862,001,,0000,000,2026-03-02,2026-02-11,INR,262701777554,RE,H,-3615.3,-3615.3,Supplementary invoice -Aug-24 to Feb-25,0016080001,,,2026-03-02,C005,3085,25,,,,,,,
1001,DIM00398AJ,MAHINDRA LOGISTICS LIMITED,27AAFCM2530H1ZO,2026-03-04,2610607203,3400843980,2026,3191912824,001,,0000,000,2026-03-02,2026-02-11,INR,262701779850,RE,H,-47525.18,-47525.18,CLMS-JAN-26,0016080001,,,2026-03-02,C005,40551,325,,,,,,,
1001,DIM00398AJ,MAHINDRA LOGISTICS LIMITED,27AAFCM2530H1ZO,2026-03-04,2610607203,3400843740,2026,3191914881,001,,0000,000,2026-03-02,2026-02-11,INR,262701777558,RE,H,-45977.4,-45977.4,Supplementary invoice -Aug-24 to Feb-25,0016080001,,,2026-03-02,C005,39230,314,,,,,,,
1001,DIM00398AJ,MAHINDRA LOGISTICS LIMITED,27AAFCM2530H1ZO,2026-03-04,2610607203,3400843980,2026,3191912841,001,,0000,000,2026-03-02,2026-02-11,INR,262701779845,RE,H,-40213.16,-40213.16,CLMS-JAN-26,0016080001,,,2026-03-02,C005,34312,275,,,,,,,
1001,DIM00398AJ,MAHINDRA LOGISTICS LIMITED,27AAFCM2530H1ZO,2026-03-04,2610607203,3400843740,2026,3191916108,001,,0000,000,2026-03-02,2026-02-11,INR,262701777593,RE,H,-1598.52,-1598.52,Supplementary invoice -Aug-24 to Feb-25,0016080001,,,2026-03-02,C005,1364,11,,,,,,,
1001,DIM00398AJ,MAHINDRA LOGISTICS LIMITED,27AAFCM2530H1ZO,2026-03-04,2610607203,3400843740,2026,3191914886,001,,0000,000,2026-03-02,2026-02-11,INR,262701777565,RE,H,-123195.88,-123195.88,Supplementary invoice -Aug-24 to Feb-25,0016080001,,,2026-03-02,C005,105116,841,,,,,,,
1001,DIM00398AJ,MAHINDRA LOGISTICS LIMITED,27AAFCM2530H1ZO,2026-03-04,2610607203,3400843740,2026,3191914923,001,,0000,000,2026-03-02,2026-02-11,INR,262701777574,RE,H,-35906.84,-35906.84,Supplementary invoice -Aug-24 to Feb-25,0016080001,,,2026-03-02,C005,30638,246,,,,,,,
1001,DIM00398AJ,MAHINDRA LOGISTICS LIMITED,27AAFCM2530H1ZO,2026-03-04,2610607203,3400843740,2026,3191914977,001,,0000,000,2026-03-02,2026-02-11,INR,262701777583,RE,H,-34479.6,-34479.6,Supplementary invoice -Aug-24 to Feb-25,0016080001,,,2026-03-02,C005,29420,236,,,,,,,
1001,DIM00398AJ,MAHINDRA LOGISTICS LIMITED,27AAFCM2530H1ZO,2026-03-04,2610607203,3400843740,2026,3191916130,001,,0000,000,2026-03-02,2026-02-11,INR,262701777585,RE,H,-434415.16,-434415.16,Supplementary invoice -Aug-24 to Feb-25,0016080001,,,2026-03-02,C005,370662,2966,,,,,,,
1001,DIM00398AJ,MAHINDRA LOGISTICS LIMITED,27AAFCM2530H1ZO,2026-03-04,2610607203,3400843740,2026,3191914860,001,,0000,000,2026-03-02,2026-02-11,INR,262701777552,RE,H,-19471.52,-19471.52,Supplementary invoice -Aug-24 to Feb-25,0016080001,,,2026-03-02,C005,16614,133,,,,,,,
1001,DIM00398AJ,MAHINDRA LOGISTICS LIMITED,27AAFCM2530H1ZO,2026-03-04,2610607203,3400843740,2026,3191914949,001,,0000,000,2026-03-02,2026-02-11,INR,262701777577,RE,H,-728.96,-728.96,Supplementary invoice -Aug-24 to Feb-25,0016080001,,,2026-03-02,C005,622,5,,,,,,,
1001,DIM00398AJ,MAHINDRA LOGISTICS LIMITED,27AAFCM2530H1ZO,2026-03-04,2610607203,3400843740,2026,3191915866,001,,0000,000,2026-03-02,2025-11-24,INR,262701554916,RE,H,-164553.9,-164553.9,Management charge- F25 SLA,0016080001,,,2026-03-02,C005,140405,1124,,,,,,,
1001,DIM00398AJ,MAHINDRA LOGISTICS LIMITED,27AAFCM2530H1ZO,2026-03-04,2610607203,3400843740,2026,3191916075,001,,0000,000,2026-03-02,2026-02-11,INR,262701777586,RE,H,-321416.28,-321416.28,Supplementary invoice -Aug-24 to Feb-25,0016080001,,,2026-03-02,C005,274246,2194,,,,,,,
1001,DIM00398AJ,MAHINDRA LOGISTICS LIMITED,27AAFCM2530H1ZO,2026-03-04,2610607203,3400843980,2026,3191912848,001,,0000,000,2026-03-02,2026-02-11,INR,262701779854,RE,H,-2790528.46,-2790528.46,CLMS-JAN-26,0016080001,,,2026-03-02,C005,2380997,19048,,,,,,,
1001,DIM00398AJ,MAHINDRA LOGISTICS LIMITED,27AAFCM2530H1ZO,2026-03-04,2610607203,3400843740,2026,3191915920,001,,0000,000,2026-03-02,2025-11-24,INR,262701554913,RE,H,-80851.48,-80851.48,Management charge- F25-SLA,0016080001,,,2026-03-02,C005,68986,552,,,,,,,
1001,DIM00398AJ,MAHINDRA LOGISTICS LIMITED,27AAFCM2530H1ZO,2026-03-04,2610607203,3400843980,2026,3191912852,001,,0000,000,2026-03-02,2026-02-11,INR,262701779872,RE,H,-1093279.94,-1093279.94,CLMS-JAN-26,0016080001,,,2026-03-02,C005,932833,7463,,,,,,,
1001,DIM00398AJ,MAHINDRA LOGISTICS LIMITED,27AAFCM2530H1ZO,2026-03-04,2610607203,3400843740,2026,3191914924,001,,0000,000,2026-03-02,2026-02-11,INR,262701777551,RE,H,-41252.82,-41252.82,Supplementary invoice -Aug-24 to Feb-25,0016080001,,,2026-03-02,C005,35199,282,,,,,,,
1001,DIM00398AJ,MAHINDRA LOGISTICS LIMITED,27AAFCM2530H1ZO,2026-03-04,2610607203,3400843980,2026,3191912874,001,,0000,000,2026-03-02,2026-02-11,INR,262701779851,RE,H,-518181.3,-518181.3,CLMS-JAN-26,0016080001,,,2026-03-02,C005,442135,3538,,,,,,,
1001,DIM00398AJ,MAHINDRA LOGISTICS LIMITED,27AAFCM2530H1ZO,2026-03-04,2610607203,3400843740,2026,3191914898,001,,0000,000,2026-03-02,2026-02-11,INR,262701777569,RE,H,-7371.2,-7371.2,Supplementary invoice -Aug-24 to Feb-25,0016080001,,,2026-03-02,C005,6290,51,,,,,,,
1001,DIM00398AJ,MAHINDRA LOGISTICS LIMITED,27AAFCM2530H1ZO,2026-03-04,2610607203,3400843740,2026,3191916148,001,,0000,000,2026-03-02,2026-02-11,INR,262701777589,RE,H,-194835.56,-194835.56,Supplementary invoice -Aug-24 to Feb-25,0016080001,,,2026-03-02,C005,166242,1330,,,,,,,
1001,DIM00398AJ,MAHINDRA LOGISTICS LIMITED,27AAFCM2530H1ZO,2026-03-04,2610607203,3400843740,2026,3191916085,001,,0000,000,2026-03-02,2026-02-11,INR,262701777592,RE,H,-64404.54,-64404.54,Supplementary invoice -Aug-24 to Feb-25,0016080001,,,2026-03-02,C005,54953,440,,,,,,,
1001,DIM00398AJ,MAHINDRA LOGISTICS LIMITED,27AAFCM2530H1ZO,2026-03-04,2610607203,3400843740,2026,3191916056,001,,0000,000,2026-03-02,2026-02-11,INR,262701777584,RE,H,-4378.48,-4378.48,Supplementary invoice -Aug-24 to Feb-25,0016080001,,,2026-03-02,C005,3736,30,,,,,,,
1001,DIM00398AJ,MAHINDRA LOGISTICS LIMITED,27AAFCM2530H1ZO,2026-03-04,2610607203,3400843740,2026,3191914966,001,,0000,000,2026-03-02,2026-02-11,INR,262701777582,RE,H,-73025.62,-73025.62,Supplementary invoice -Aug-24 to Feb-25,0016080001,,,2026-03-02,C005,62309,499,,,,,,,
1001,DIM00398AJ,MAHINDRA LOGISTICS LIMITED,27AAFCM2530H1ZO,2026-03-04,2610607203,3400843740,2026,3191914874,001,,0000,000,2026-03-02,2026-02-11,INR,262701777563,RE,H,-954.7,-954.7,Supplementary invoice -Aug-24 to Feb-25,0016080001,,,2026-03-02,C005,815,7,,,,,,,
1001,DIM00398AJ,MAHINDRA LOGISTICS LIMITED,27AAFCM2530H1ZO,2026-03-04,2610607203,3400843980,2026,3191912861,001,,0000,000,2026-03-02,2026-02-11,INR,262701779849,RE,H,-90177.92,-90177.92,CLMS-JAN-26,0016080001,,,2026-03-02,C005,76944,616,,,,,,,
1001,DIM00398AJ,MAHINDRA LOGISTICS LIMITED,27AAFCM2530H1ZO,2026-03-04,2610607203,3400843740,2026,3191914844,001,,0000,000,2026-03-02,2026-02-11,INR,262701777550,RE,H,-98110.16,-98110.16,Supplementary invoice -Aug-24 to Feb-25,0016080001,,,2026-03-02,C005,83712,670,,,,,,,
1001,DIM00398AJ,MAHINDRA LOGISTICS LIMITED,27AAFCM2530H1ZO,2026-03-04,2610607203,3400843740,2026,3191915954,001,,0000,000,2026-03-02,2026-02-11,INR,262701777542,RE,H,-173734.84,-173734.84,Supplementary invoice -Aug-24 to Feb-25,0016080001,,,2026-03-02,C005,148238,1186,,,,,,,
1001,DIM00398AJ,MAHINDRA LOGISTICS LIMITED,27AAFCM2530H1ZO,2026-03-04,2610607203,3400843980,2026,3191912829,001,,0000,000,2026-03-02,2026-02-11,INR,262701779847,RE,H,-1262299.64,-1262299.64,CLMS-JAN-26,0016080001,,,2026-03-02,C005,1077048,8617,,,,,,,
1001,DIM00398AJ,MAHINDRA LOGISTICS LIMITED,27AAFCM2530H1ZO,2026-03-04,2610607203,3400843980,2026,3191912844,001,,0000,000,2026-03-02,2026-02-11,INR,262701779848,RE,H,-1753583.76,-1753583.76,CLMS-JAN-26,0016080001,,,2026-03-02,C005,1496232,11970,,,,,,,
1001,DIM00398AJ,MAHINDRA LOGISTICS LIMITED,27AAFCM2530H1ZO,2026-03-04,2610607203,3400843980,2026,3191912821,001,,0000,000,2026-03-02,2026-02-11,INR,262701779857,RE,H,-247693.74,-247693.74,CLMS-JAN-26,0016080001,,,2026-03-02,C005,211343,1691,,,,,,,
1001,DIM00398AJ,MAHINDRA LOGISTICS LIMITED,27AAFCM2530H1ZO,2026-03-04,2610607203,3400843980,2026,3191912872,001,,0000,000,2026-03-02,2026-02-11,INR,262701779844,RE,H,-5620681.72,-5620681.72,CLMS-JAN-26,0016080001,,,2026-03-02,C005,4795804,38367,,,,,,,
1001,DIM00398AJ,MAHINDRA LOGISTICS LIMITED,27AAFCM2530H1ZO,2026-03-04,2610607203,3400843740,2026,3191914846,001,,0000,000,2026-03-02,2026-02-11,INR,262701777530,RE,H,-3389.74,-3389.74,Supplementary invoice -Aug-24 to Feb-25,0016080001,,,2026-03-02,C005,2893,24,,,,,,,
1001,DIM00398AJ,MAHINDRA LOGISTICS LIMITED,27AAFCM2530H1ZO,2026-03-04,2610607203,3400843740,2026,3191914937,001,,0000,000,2026-03-02,2026-02-11,INR,262701777556,RE,H,-228911.06,-228911.06,Supplementary invoice -Aug-24 to Feb-25,0016080001,,,2026-03-02,C005,195317,1563,,,,,,,
1001,DIM00398AJ,MAHINDRA LOGISTICS LIMITED,27AAFCM2530H1ZO,2026-03-04,2610607203,3400843980,2026,3191912817,001,,0000,000,2026-03-02,2026-02-11,INR,262701779867,RE,H,-1769924.5,-1769924.5,CLMS-JAN-26,0016080001,,,2026-03-02,C005,1510175,12082,,,,,,,
1001,DIM00398AJ,MAHINDRA LOGISTICS LIMITED,27AAFCM2530H1ZO,2026-03-04,2610607203,3400843980,2026,3191912856,001,,0000,000,2026-03-02,2026-02-11,INR,262701779874,RE,H,-225443.44,-225443.44,CLMS-JAN-26,0016080001,,,2026-03-02,C005,192358,1539,,,,,,,
1001,DIM00398AJ,MAHINDRA LOGISTICS LIMITED,27AAFCM2530H1ZO,2026-03-04,2610607203,3400843980,2026,3191912850,001,,0000,000,2026-03-02,2026-02-11,INR,262701779862,RE,H,-52593.68,-52593.68,CLMS-JAN-26,0016080001,,,2026-03-02,C005,44876,360,,,,,,,
1001,DIM00398AJ,MAHINDRA LOGISTICS LIMITED,27AAFCM2530H1ZO,2026-03-04,2610607203,3400843740,2026,3191914892,001,,0000,000,2026-03-02,2026-02-11,INR,262701777566,RE,H,-1625.84,-1625.84,Supplementary invoice -Aug-24 to Feb-25,0016080001,,,2026-03-02,C005,1388,12,,,,,,,
1001,DIM00398AJ,MAHINDRA LOGISTICS LIMITED,27AAFCM2530H1ZO,2026-03-04,2610607203,3400843740,2026,3191914974,001,,0000,000,2026-03-02,2026-02-11,INR,262701777579,RE,H,-2077.14,-2077.14,Supplementary invoice -Aug-24 to Feb-25,0016080001,,,2026-03-02,C005,1773,15,,,,,,,
1001,DIM00398AJ,MAHINDRA LOGISTICS LIMITED,27AAFCM2530H1ZO,2026-03-04,2610607203,3400843740,2026,3191916117,001,,0000,000,2026-03-02,2026-02-11,INR,262701777600,RE,H,-49877.44,-49877.44,Supplementary invoice -Aug-24 to Feb-25,0016080001,,,2026-03-02,C005,42558,341,,,,,,,
1001,DIM00398AJ,MAHINDRA LOGISTICS LIMITED,27AAFCM2530H1ZO,2026-03-04,2610607203,3400843740,2026,3191916097,001,,0000,000,2026-03-02,2026-02-11,INR,262701777594,RE,H,-5981.72,-5981.72,Supplementary invoice -Aug-24 to Feb-25,0016080001,,,2026-03-02,C005,5104,41,,,,,,,
1001,DIM00398AJ,MAHINDRA LOGISTICS LIMITED,27AAFCM2530H1ZO,2026-03-04,2610607203,3400843740,2026,3191914875,001,,0000,000,2026-03-02,2026-02-11,INR,262701777559,RE,H,-363.98,-363.98,Supplementary invoice -Aug-24 to Feb-25,0016080001,,,2026-03-02,C005,311,3,,,,,,,
1001,DIM00398AJ,MAHINDRA LOGISTICS LIMITED,27AAFCM2530H1ZO,2026-03-04,2610607203,3400843740,2026,3191916140,001,,0000,000,2026-03-02,2026-02-11,INR,262701777591,RE,H,-75852.78,-75852.78,Supplementary invoice -Aug-24 to Feb-25,0016080001,,,2026-03-02,C005,64721,518,,,,,,,
1001,DIM00398AJ,MAHINDRA LOGISTICS LIMITED,27AAFCM2530H1ZO,2026-03-04,2610607203,3400843980,2026,3191912835,001,,0000,000,2026-03-02,2026-02-11,INR,262701779853,RE,H,-920857.7,-920857.7,CLMS-JAN-26,0016080001,,,2026-03-02,C005,785715,6286,,,,,,,
1001,DIM00398AJ,MAHINDRA LOGISTICS LIMITED,27AAFCM2530H1ZO,2026-03-04,2610607203,3400843740,2026,3191916159,001,,0000,000,2026-03-02,2026-02-11,INR,262701777608,RE,H,-530536.86,-530536.86,Supplementary invoice -Aug-24 to Feb-25,0016080001,,,2026-03-02,C005,452677,3622,,,,,,,
1001,DIM00398AJ,MAHINDRA LOGISTICS LIMITED,27AAFCM2530H1ZO,2026-03-04,2610607203,3400843980,2026,3191912869,001,,0000,000,2026-03-02,2026-02-11,INR,262701779869,RE,H,-6261.74,-6261.74,CLMS-JAN-26,0016080001,,,2026-03-02,C005,5343,43,,,,,,,
1001,DIM00398AJ,MAHINDRA LOGISTICS LIMITED,27AAFCM2530H1ZO,2026-03-04,2610607203,3400843980,2026,3191912864,001,,0000,000,2026-03-02,2026-02-11,INR,262701779860,RE,H,-129782.48,-129782.48,CLMS-JAN-26,0016080001,,,2026-03-02,C005,110736,886,,,,,,,
1001,DIM00398AJ,MAHINDRA LOGISTICS LIMITED,27AAFCM2530H1ZO,2026-03-04,2610607203,3400843740,2026,3191942751,001,,0000,000,2026-03-03,2025-11-24,INR,262701554907,RE,H,-88207.34,-88207.34,Management charge- F25-SLA,0016080001,,,2026-03-03,C005,75263,603,,,,,,,
1001,DIM00398AJ,MAHINDRA LOGISTICS LIMITED,27AAFCM2530H1ZO,2026-03-04,2610607203,3400843980,2026,3191942917,001,,0000,000,2026-03-03,2026-02-11,INR,262701779926,RE,H,-101389.98,-101389.98,CLMS-JAN-26,0016080001,,,2026-03-03,C005,86511,693,,,,,,,
1001,DIM00398AJ,MAHINDRA LOGISTICS LIMITED,27AAFCM2530H1ZO,2026-03-04,2610607203,3400843980,2026,3191942365,001,,0000,000,2026-03-03,2026-02-11,INR,262701779876,RE,H,-140140.32,-140140.32,CLMS-JAN-26,0016080001,,,2026-03-03,C005,119574,957,,,,,,,
1001,DIM00398AJ,MAHINDRA LOGISTICS LIMITED,27AAFCM2530H1ZO,2026-03-04,2610607203,3400843740,2026,3191942765,001,,0000,000,2026-03-03,2025-11-24,INR,262701554905,RE,H,-9255.64,-9255.64,Management charge- F25-SLA,0016080001,,,2026-03-03,C005,7898,64,,,,,,,
1001,DIM00398AJ,MAHINDRA LOGISTICS LIMITED,27AAFCM2530H1ZO,2026-03-04,2610607203,3400843980,2026,3191942916,001,,0000,000,2026-03-03,2026-02-11,INR,262701779903,RE,H,-75157.04,-75157.04,CLMS-JAN-26,0016080001,,,2026-03-03,C005,64128,514,,,,,,,
1001,DIM00398AJ,MAHINDRA LOGISTICS LIMITED,27AAFCM2530H1ZO,2026-03-04,2610607203,3400843740,2026,3191942824,001,,0000,000,2026-03-03,2025-11-24,INR,262701554910,RE,H,-59938.74,-59938.74,Management charge- F25-SLA,0016080001,,,2026-03-03,C005,51143,410,,,,,,,
1001,DIM00398AJ,MAHINDRA LOGISTICS LIMITED,27AAFCM2530H1ZO,2026-03-04,2610607203,3400843740,2026,3191942811,001,,0000,000,2026-03-03,2026-02-11,INR,262701777621,RE,H,-11351.48,-11351.48,Supplementary invoice -Aug-24 to Feb-25,0016080001,,,2026-03-03,C005,9686,78,,,,,,,
1001,DIM00398AJ,MAHINDRA LOGISTICS LIMITED,27AAFCM2530H1ZO,2026-03-04,2610607203,3400843740,2026,3191942839,001,,0000,000,2026-03-03,2026-02-11,INR,262701777549,RE,H,-55417.3,-55417.3,Supplementary invoice -Aug-24 to Feb-25,0016080001,,,2026-03-03,C005,47285,379,,,,,,,
1001,DIM00398AJ,MAHINDRA LOGISTICS LIMITED,27AAFCM2530H1ZO,2026-03-04,2610607203,3400843980,2026,3191942926,001,,0000,000,2026-03-03,2026-02-11,INR,262701779897,RE,H,-68243.04,-68243.04,CLMS-JAN-26,0016080001,,,2026-03-03,C005,58228,466,,,,,,,
1001,DIM00398AJ,MAHINDRA LOGISTICS LIMITED,27AAFCM2530H1ZO,2026-03-04,2610607203,3400843740,2026,3191942854,001,,0000,000,2026-03-03,2026-02-11,INR,262701777602,RE,H,-20332.82,-20332.82,Supplementary invoice -Aug-24 to Feb-25,0016080001,,,2026-03-03,C005,17349,139,,,,,,,
1001,DIM00398AJ,MAHINDRA LOGISTICS LIMITED,27AAFCM2530H1ZO,2026-03-04,2610607203,3400843740,2026,3191942821,001,,0000,000,2026-03-03,2025-11-24,INR,262701554906,RE,H,-26092.52,-26092.52,Management charge- F25-SLA,0016080001,,,2026-03-03,C005,22264,179,,,,,,,
1001,DIM00398AJ,MAHINDRA LOGISTICS LIMITED,27AAFCM2530H1ZO,2026-03-04,2610607203,3400843980,2026,3191942919,001,,0000,000,2026-03-03,2026-02-11,INR,262701779892,RE,H,-1413.08,-1413.08,CLMS-JAN-26,0016080001,,,2026-03-03,C005,1206,10,,,,,,,
1001,DIM00398AJ,MAHINDRA LOGISTICS LIMITED,27AAFCM2530H1ZO,2026-03-04,2610607203,3400843740,2026,3191942847,001,,0000,000,2026-03-03,2026-02-11,INR,262701777537,RE,H,-56643.58,-56643.58,Supplementary invoice -Aug-24 to Feb-25,0016080001,,,2026-03-03,C005,48331,387,,,,,,,
1001,DIM00398AJ,MAHINDRA LOGISTICS LIMITED,27AAFCM2530H1ZO,2026-03-04,2610607203,3400843740,2026,3191942777,001,,0000,000,2026-03-03,2026-02-11,INR,262701777533,RE,H,-223.38,-223.38,Supplementary invoice -Aug-24 to Feb-25,0016080001,,,2026-03-03,C005,191,2,,,,,,,
1001,DIM00398AJ,MAHINDRA LOGISTICS LIMITED,27AAFCM2530H1ZO,2026-03-04,2610607203,3400843980,2026,3191942381,001,,0000,000,2026-03-03,2026-02-11,INR,262701779879,RE,H,-536797.42,-536797.42,CLMS-JAN-26,0016080001,,,2026-03-03,C005,458019,3665,,,,,,,
1001,DIM00398AJ,MAHINDRA LOGISTICS LIMITED,27AAFCM2530H1ZO,2026-03-04,2610607203,3400843374,2026,3191943926,001,,0000,000,2026-03-03,2026-01-15,INR,262701704524,RE,H,-132455.06,-132455.06,CLMS-DEC-25,0016080001,,,2026-03-03,C005,113017,905,,,,,,,
1001,DIM00398AJ,MAHINDRA LOGISTICS LIMITED,27AAFCM2530H1ZO,2026-03-04,2610607203,3400843980,2026,3191942937,001,,0000,000,2026-03-03,2026-02-11,INR,262701779900,RE,H,-35338.54,-35338.54,CLMS-JAN-26,0016080001,,,2026-03-03,C005,30153,242,,,,,,,
1001,DIM00398AJ,MAHINDRA LOGISTICS LIMITED,27AAFCM2530H1ZO,2026-03-04,2610607203,3400843740,2026,3191942814,001,,0000,000,2026-03-03,2026-02-11,INR,262701777610,RE,H,-1120.08,-1120.08,Supplementary invoice -Aug-24 to Feb-25,0016080001,,,2026-03-03,C005,956,8,,,,,,,
1001,DIM00398AJ,MAHINDRA LOGISTICS LIMITED,27AAFCM2530H1ZO,2026-03-04,2610607203,3400843980,2026,3191942369,001,,0000,000,2026-03-03,2026-02-11,INR,262701779889,RE,H,-2473988.16,-2473988.16,CLMS-JAN-26,0016080001,,,2026-03-03,C005,2110912,16888,,,,,,,
1001,DIM00398AJ,MAHINDRA LOGISTICS LIMITED,27AAFCM2530H1ZO,2026-03-04,2610607203,3400843980,2026,3191942901,001,,0000,000,2026-03-03,2026-02-11,INR,262701779902,RE,H,-148919.7,-148919.7,CLMS-JAN-26,0016080001,,,2026-03-03,C005,127065,1017,,,,,,,
1001,DIM00398AJ,MAHINDRA LOGISTICS LIMITED,27AAFCM2530H1ZO,2026-03-04,2610607203,3400843740,2026,3191942780,001,,0000,000,2026-03-03,2026-02-11,INR,262701777534,RE,H,-755.1,-755.1,Supplementary invoice -Aug-24 to Feb-25,0016080001,,,2026-03-03,C005,645,6,,,,,,,
1001,DIM00398AJ,MAHINDRA LOGISTICS LIMITED,27AAFCM2530H1ZO,2026-03-04,2610607203,3400843980,2026,3191942933,001,,0000,000,2026-03-03,2026-02-11,INR,262701779923,RE,H,-68892.94,-68892.94,CLMS-JAN-26,0016080001,,,2026-03-03,C005,58783,471,,,,,,,
1001,DIM00398AJ,MAHINDRA LOGISTICS LIMITED,27AAFCM2530H1ZO,2026-03-04,2610607203,3400843740,2026,3191942858,001,,0000,000,2026-03-03,2026-02-11,INR,262701777601,RE,H,-22054.24,-22054.24,Supplementary invoice -Aug-24 to Feb-25,0016080001,,,2026-03-03,C005,18818,151,,,,,,,
1001,DIM00398AJ,MAHINDRA LOGISTICS LIMITED,27AAFCM2530H1ZO,2026-03-04,2610607203,3400843740,2026,3191942807,001,,0000,000,2026-03-03,2026-02-11,INR,262701777604,RE,H,-1765.26,-1765.26,Supplementary invoice -Aug-24 to Feb-25,0016080001,,,2026-03-03,C005,1507,13,,,,,,,
1001,DIM00398AJ,MAHINDRA LOGISTICS LIMITED,27AAFCM2530H1ZO,2026-03-04,2610607203,3400843740,2026,3191942876,001,,0000,000,2026-03-03,2026-02-11,INR,262701777617,RE,H,-36834.22,-36834.22,Supplementary invoice -Aug-24 to Feb-25,0016080001,,,2026-03-03,C005,31429,252,,,,,,,
1001,DIM00398AJ,MAHINDRA LOGISTICS LIMITED,27AAFCM2530H1ZO,2026-03-04,2610607203,3400843740,2026,3191942803,001,,0000,000,2026-03-03,2026-02-11,INR,262701777622,RE,H,-2269.66,-2269.66,Supplementary invoice -Aug-24 to Feb-25,0016080001,,,2026-03-03,C005,1937,16,,,,,,,
1001,DIM00398AJ,MAHINDRA LOGISTICS LIMITED,27AAFCM2530H1ZO,2026-03-04,2610607203,3400843740,2026,3191942797,001,,0000,000,2026-03-03,2026-02-11,INR,262701777544,RE,H,-1513.56,-1513.56,Supplementary invoice -Aug-24 to Feb-25,0016080001,,,2026-03-03,C005,1292,11,,,,,,,
1001,DIM00398AJ,MAHINDRA LOGISTICS LIMITED,27AAFCM2530H1ZO,2026-03-04,2610607203,3400843980,2026,3191942378,001,,0000,000,2026-03-03,2026-02-11,INR,262701779921,RE,H,-206735.28,-206735.28,CLMS-JAN-26,0016080001,,,2026-03-03,C005,176396,1412,,,,,,,
1001,DIM00398AJ,MAHINDRA LOGISTICS LIMITED,27AAFCM2530H1ZO,2026-03-04,2610607203,3400843740,2026,3191942758,001,,0000,000,2026-03-03,2025-11-24,INR,262701554915,RE,H,-92019.88,-92019.88,Management charge- F25-SLA,0016080001,,,2026-03-03,C005,78516,629,,,,,,,
1001,DIM00398AJ,MAHINDRA LOGISTICS LIMITED,27AAFCM2530H1ZO,2026-03-04,2610607203,3400843980,2026,3191942897,001,,0000,000,2026-03-03,2026-02-11,INR,262701779898,RE,H,-62148.04,-62148.04,CLMS-JAN-26,0016080001,,,2026-03-03,C005,53028,425,,,,,,,
1001,DIM00398AJ,MAHINDRA LOGISTICS LIMITED,27AAFCM2530H1ZO,2026-03-04,2610607203,3400843740,2026,3191942784,001,,0000,000,2026-03-03,2026-02-11,INR,262701777536,RE,H,-475.08,-475.08,Supplementary invoice -Aug-24 to Feb-25,0016080001,,,2026-03-03,C005,406,4,,,,,,,
1001,DIM00398AJ,MAHINDRA LOGISTICS LIMITED,27AAFCM2530H1ZO,2026-03-04,2610607203,3400843740,2026,3191942810,001,,0000,000,2026-03-03,2026-02-11,INR,262701777611,RE,H,-3558.66,-3558.66,Supplementary invoice -Aug-24 to Feb-25,0016080001,,,2026-03-03,C005,3037,25,,,,,,,
1001,DIM00398AJ,MAHINDRA LOGISTICS LIMITED,27AAFCM2530H1ZO,2026-03-04,2610607203,3400843740,2026,3191942755,001,,0000,000,2026-03-03,2025-11-24,INR,262701554909,RE,H,-51537.32,-51537.32,Management charge- F25-SLA,0016080001,,,2026-03-03,C005,43974,352,,,,,,,
1001,DIM00398AJ,MAHINDRA LOGISTICS LIMITED,27AAFCM2530H1ZO,2026-03-04,2610607203,3400843740,2026,3191942397,001,,0000,000,2026-03-03,2026-02-11,INR,262701777603,RE,H,-284421.58,-284421.58,Supplementary invoice -Aug-24 to Feb-25,0016080001,,,2026-03-03,C005,242681,1942,,,,,,,
1001,DIM00398AJ,MAHINDRA LOGISTICS LIMITED,27AAFCM2530H1ZO,2026-03-04,2610607203,3400843740,2026,3191942833,001,,0000,000,2026-03-03,2026-02-11,INR,262701777548,RE,H,-25057.58,-25057.58,Supplementary invoice -Aug-24 to Feb-25,0016080001,,,2026-03-03,C005,21381,172,,,,,,,
1001,DIM00398AJ,MAHINDRA LOGISTICS LIMITED,27AAFCM2530H1ZO,2026-03-04,2610607203,3400843980,2026,3191942953,001,,0000,000,2026-03-03,2026-02-11,INR,262701779922,RE,H,-19496.48,-19496.48,CLMS-JAN-26,0016080001,,,2026-03-03,C005,16636,134,,,,,,,
1001,DIM00398AJ,MAHINDRA LOGISTICS LIMITED,27AAFCM2530H1ZO,2026-03-04,2610607203,3400843980,2026,3191942923,001,,0000,000,2026-03-03,2026-02-11,INR,262701779920,RE,H,-2437.4,-2437.4,CLMS-JAN-26,0016080001,,,2026-03-03,C005,2080,17,,,,,,,
1001,DIM00398AJ,MAHINDRA LOGISTICS LIMITED,27AAFCM2530H1ZO,2026-03-04,2610607203,3400843980,2026,3191942867,001,,0000,000,2026-03-03,2026-02-11,INR,262701779894,RE,H,-105985.76,-105985.76,CLMS-JAN-26,0016080001,,,2026-03-03,C005,90432,724,,,,,,,
1001,DIM00398AJ,MAHINDRA LOGISTICS LIMITED,27AAFCM2530H1ZO,2026-03-04,2610607203,3400843740,2026,3191942795,001,,0000,000,2026-03-03,2026-02-11,INR,262701777560,RE,H,-1513.56,-1513.56,Supplementary invoice -Aug-24 to Feb-25,0016080001,,,2026-03-03,C005,1292,11,,,,,,,
1001,DIM00398AJ,MAHINDRA LOGISTICS LIMITED,27AAFCM2530H1ZO,2026-03-04,2610607203,3400843740,2026,3191942773,001,,0000,000,2026-03-03,2025-11-24,INR,262701554914,RE,H,-48550.68,-48550.68,Management charge- F25-SLA,0016080001,,,2026-03-03,C005,41426,332,,,,,,,
1001,DIM00398AJ,MAHINDRA LOGISTICS LIMITED,27AAFCM2530H1ZO,2026-03-04,2610607203,3400843740,2026,3191942771,001,,0000,000,2026-03-03,2025-11-24,INR,262701554908,RE,H,-82959.3,-82959.3,Management charge- F25-SLA,0016080001,,,2026-03-03,C005,70785,567,,,,,,,
1001,DIM00398AJ,MAHINDRA LOGISTICS LIMITED,27AAFCM2530H1ZO,2026-03-04,2610607203,3400843740,2026,3191942743,001,,0000,000,2026-03-03,2025-11-24,INR,262701554912,RE,H,-62342.92,-62342.92,Management charge- F25-SLA,0016080001,,,2026-03-03,C005,53194,426,,,,,,,
1001,DIM00398AJ,MAHINDRA LOGISTICS LIMITED,27AAFCM2530H1ZO,2026-03-04,2610607203,3400843980,2026,3191942881,001,,0000,000,2026-03-03,2026-02-11,INR,262701779881,RE,H,-39570.52,-39570.52,CLMS-JAN-26,0016080001,,,2026-03-03,C005,33764,271,,,,,,,
1001,DIM00398AJ,MAHINDRA LOGISTICS LIMITED,27AAFCM2530H1ZO,2026-03-04,2610607203,3400806720,2026,3191943924,001,,0000,000,2026-03-03,2026-01-15,INR,262701704517,RE,H,-189686.95,-189686.95,CLMS-DEC-25,0016080001,,,2026-03-03,C005,161849.11,1295,,,,,,,
1001,DIM00398AJ,MAHINDRA LOGISTICS LIMITED,27AAFCM2530H1ZO,2026-03-04,2610607203,3400843980,2026,3191942948,001,,0000,000,2026-03-03,2026-02-11,INR,262701779899,RE,H,-34120.34,-34120.34,CLMS-JAN-26,0016080001,,,2026-03-03,C005,29113,233,,,,,,,
1001,DIM00398AJ,MAHINDRA LOGISTICS LIMITED,27AAFCM2530H1ZO,2026-03-04,2610607203,3400843980,2026,3191942893,001,,0000,000,2026-03-03,2026-02-11,INR,262701779890,RE,H,-8089.54,-8089.54,CLMS-JAN-26,0016080001,,,2026-03-03,C005,6903,56,,,,,,,
1001,DIM00398AJ,MAHINDRA LOGISTICS LIMITED,27AAFCM2530H1ZO,2026-03-04,2610607203,3400843740,2026,3191942769,001,,0000,000,2026-03-03,2026-02-11,INR,262701777539,RE,H,-1513.56,-1513.56,Supplementary invoice -Aug-24 to Feb-25,0016080001,,,2026-03-03,C005,1292,11,,,,,,,
1001,DIM00398AJ,MAHINDRA LOGISTICS LIMITED,27AAFCM2530H1ZO,2026-03-04,2610607203,3400843740,2026,3191942804,001,,0000,000,2026-03-03,2026-02-11,INR,262701777599,RE,H,-3081.4,-3081.4,Supplementary invoice -Aug-24 to Feb-25,0016080001,,,2026-03-03,C005,2630,22,,,,,,,
1001,DIM00398AJ,MAHINDRA LOGISTICS LIMITED,27AAFCM2530H1ZO,2026-03-04,2610607203,3400843740,2026,3191942860,001,,0000,000,2026-03-03,2026-02-11,INR,262701777619,RE,H,-97660.04,-97660.04,Supplementary invoice -Aug-24 to Feb-25,0016080001,,,2026-03-03,C005,83328,667,,,,,,,
1001,DIM00398AJ,MAHINDRA LOGISTICS LIMITED,27AAFCM2530H1ZO,2026-03-04,2610607203,3400843740,2026,3191942788,001,,0000,000,2026-03-03,2026-02-11,INR,262701777609,RE,H,-616.86,-616.86,Supplementary invoice -Aug-24 to Feb-25,0016080001,,,2026-03-03,C005,527,5,,,,,,,
1001,DIM00398AJ,MAHINDRA LOGISTICS LIMITED,27AAFCM2530H1ZO,2026-03-04,2610607203,3400843740,2026,3191942836,001,,0000,000,2026-03-03,2026-02-11,INR,262701777538,RE,H,-53869.52,-53869.52,Supplementary invoice -Aug-24 to Feb-25,0016080001,,,2026-03-03,C005,45964,368,,,,,,,
1001,DIM00398AJ,MAHINDRA LOGISTICS LIMITED,27AAFCM2530H1ZO,2026-03-04,2610607203,3400843740,2026,3191942852,001,,0000,000,2026-03-03,2026-02-11,INR,262701777547,RE,H,-98880.42,-98880.42,Supplementary invoice -Aug-24 to Feb-25,0016080001,,,2026-03-03,C005,84369,675,,,,,,,
1001,DIM00398AJ,MAHINDRA LOGISTICS LIMITED,27AAFCM2530H1ZO,2026-03-04,2610607203,3400843740,2026,3191942831,001,,0000,000,2026-03-03,2026-02-11,INR,262701777531,RE,H,-74969.06,-74969.06,Supplementary invoice -Aug-24 to Feb-25,0016080001,,,2026-03-03,C005,63967,512,,,,,,,
1001,DIM00398AJ,MAHINDRA LOGISTICS LIMITED,27AAFCM2530H1ZO,2026-03-04,2610607203,3400843740,2026,3191942793,001,,0000,000,2026-03-03,2026-02-11,INR,262701777555,RE,H,-756.28,-756.28,Supplementary invoice -Aug-24 to Feb-25,0016080001,,,2026-03-03,C005,646,6,,,,,,,
1001,DIM00398AJ,MAHINDRA LOGISTICS LIMITED,27AAFCM2530H1ZO,2026-03-04,2610607203,3400843980,2026,3191942385,001,,0000,000,2026-03-03,2026-02-11,INR,262701779877,RE,H,-824521.06,-824521.06,CLMS-JAN-26,0016080001,,,2026-03-03,C005,703517,5629,,,,,,,
1001,DIM00398AJ,MAHINDRA LOGISTICS LIMITED,27AAFCM2530H1ZO,2026-03-04,2610607203,3400843740,2026,3191942790,001,,0000,000,2026-03-03,2026-02-11,INR,262701777615,RE,H,-140.6,-140.6,Supplementary invoice -Aug-24 to Feb-25,0016080001,,,2026-03-03,C005,120,1,,,,,,,
1001,DIM00398AJ,MAHINDRA LOGISTICS LIMITED,27AAFCM2530H1ZO,2026-03-04,2610607203,3400843740,2026,3191942762,001,,0000,000,2026-03-03,2026-02-11,INR,262701777532,RE,H,-23300.76,-23300.76,Supplementary invoice -Aug-24 to Feb-25,0016080001,,,2026-03-03,C005,19882,160,,,,,,,
1001,DIM00398AJ,MAHINDRA LOGISTICS LIMITED,27AAFCM2530H1ZO,2026-03-04,2610607203,3400843980,2026,3191942944,001,,0000,000,2026-03-03,2026-02-11,INR,262701779895,RE,H,-34120.34,-34120.34,CLMS-JAN-26,0016080001,,,2026-03-03,C005,29113,233,,,,,,,
1001,DIM00398AJ,MAHINDRA LOGISTICS LIMITED,27AAFCM2530H1ZO,2026-03-04,2610607203,3400843740,2026,3191942864,001,,0000,000,2026-03-03,2026-02-11,INR,262701777595,RE,H,-22457.16,-22457.16,Supplementary invoice -Aug-24 to Feb-25,0016080001,,,2026-03-03,C005,19162,154,,,,,,,
1001,DIM00398AJ,MAHINDRA LOGISTICS LIMITED,27AAFCM2530H1ZO,2026-03-04,2610607203,3400843980,2026,3191942383,001,,0000,000,2026-03-03,2026-02-11,INR,262701779891,RE,H,-4163980.3,-4163980.3,CLMS-JAN-26,0016080001,,,2026-03-03,C005,3552885,28424,,,,,,,
1001,DIM00398AJ,MAHINDRA LOGISTICS LIMITED,27AAFCM2530H1ZO,2026-03-04,2610607203,3400843980,2026,3191942930,001,,0000,000,2026-03-03,2026-02-11,INR,262701779904,RE,H,-212980.32,-212980.32,CLMS-JAN-26,0016080001,,,2026-03-03,C005,181724,1454,,,,,,,
1001,DIM00398AJ,MAHINDRA LOGISTICS LIMITED,27AAFCM2530H1ZO,2026-03-04,2610607203,3400843980,2026,3191942875,001,,0000,000,2026-03-03,2026-02-11,INR,262701779883,RE,H,-6336.26,-6336.26,CLMS-JAN-26,0016080001,,,2026-03-03,C005,5407,44,,,,,,,
1001,DIM00398AJ,MAHINDRA LOGISTICS LIMITED,27AAFCM2530H1ZO,2026-03-04,2610607203,3400843980,2026,3191942371,001,,0000,000,2026-03-03,2026-02-11,INR,262701779882,RE,H,-394752.6,-394752.6,CLMS-JAN-26,0016080001,,,2026-03-03,C005,336820,2695,,,,,,,
1001,DIM00398AJ,MAHINDRA LOGISTICS LIMITED,27AAFCM2530H1ZO,2026-03-04,2610607203,3400843740,2026,3191942798,001,,0000,000,2026-03-03,2026-02-11,INR,262701777613,RE,H,-4540.32,-4540.32,Supplementary invoice -Aug-24 to Feb-25,0016080001,,,2026-03-03,C005,3874,31,,,,,,,
1001,DIM00398AJ,MAHINDRA LOGISTICS LIMITED,27AAFCM2530H1ZO,2026-03-04,2610607203,3400843740,2026,3191942779,001,,0000,000,2026-03-03,2026-02-11,INR,262701777543,RE,H,-111.1,-111.1,Supplementary invoice -Aug-24 to Feb-25,0016080001,,,2026-03-03,C005,95,1,,,,,,,
1001,DIM00398AJ,MAHINDRA LOGISTICS LIMITED,27AAFCM2530H1ZO,2026-03-04,2610607203,3400843980,2026,3191942391,001,,0000,000,2026-03-03,2026-02-11,INR,262701779906,RE,H,-168169.02,-168169.02,CLMS-JAN-26,0016080001,,,2026-03-03,C005,143489,1148,,,,,,,
1001,DIM00398AJ,MAHINDRA LOGISTICS LIMITED,27AAFCM2530H1ZO,2026-03-04,2610607203,3400843980,2026,3191942363,001,,0000,000,2026-03-03,2026-02-11,INR,262701779905,RE,H,-310484.42,-310484.42,CLMS-JAN-26,0016080001,,,2026-03-03,C005,264919,2120,,,,,,,
1001,DIM00398AJ,MAHINDRA LOGISTICS LIMITED,27AAFCM2530H1ZO,2026-03-04,2610607203,3400843740,2026,3191942738,001,,0000,000,2026-03-03,2025-11-24,INR,262701554911,RE,H,-5591.96,-5591.96,Management charge- F25-SLA,0016080001,,,2026-03-03,C005,4772,39,,,,,,,
1001,DIM00398AJ,MAHINDRA LOGISTICS LIMITED,27AAFCM2530H1ZO,2026-03-04,2610607203,3400843980,2026,3191942390,001,,0000,000,2026-03-03,2026-02-11,INR,262701779885,RE,H,-209172.5,-209172.5,CLMS-JAN-26,0016080001,,,2026-03-03,C005,178475,1428,,,,,,,
1001,DIM00398AJ,MAHINDRA LOGISTICS LIMITED,27AAFCM2530H1ZO,2026-03-04,2610607203,3400843740,2026,3191942850,001,,0000,000,2026-03-03,2026-02-11,INR,262701777545,RE,H,-22445.36,-22445.36,Supplementary invoice -Aug-24 to Feb-25,0016080001,,,2026-03-03,C005,19152,154,,,,,,,
1001,DIM00398AJ,MAHINDRA LOGISTICS LIMITED,27AAFCM2530H1ZO,2026-03-04,2610607203,3400843740,2026,3191942782,001,,0000,000,2026-03-03,2026-02-11,INR,262701777540,RE,H,-1514.74,-1514.74,Supplementary invoice -Aug-24 to Feb-25,0016080001,,,2026-03-03,C005,1293,11,,,,,,,
1001,DIM00398AJ,MAHINDRA LOGISTICS LIMITED,27AAFCM2530H1ZO,2026-03-04,2610607203,3400843980,2026,3191942941,001,,0000,000,2026-03-03,2026-02-11,INR,262701779901,RE,H,-77153.58,-77153.58,CLMS-JAN-26,0016080001,,,2026-03-03,C005,65831,527,,,,,,,
1001,DIM00398AJ,MAHINDRA LOGISTICS LIMITED,27AAFCM2530H1ZO,2026-03-04,2610607203,3400843980,2026,3191942374,001,,0000,000,2026-03-03,2026-02-11,INR,262701779893,RE,H,-1398493.9,-1398493.9,CLMS-JAN-26,0016080001,,,2026-03-03,C005,1193255,9547,,,,,,,
1001,DIM00398AJ,MAHINDRA LOGISTICS LIMITED,27AAFCM2530H1ZO,2026-03-04,2610607203,3400843740,2026,3191942829,001,,0000,000,2026-03-03,2026-02-11,INR,262701777546,RE,H,-46301.26,-46301.26,Supplementary invoice -Aug-24 to Feb-25,0016080001,,,2026-03-03,C005,39507,317,,,,,,,
1001,DIM00398AJ,MAHINDRA LOGISTICS LIMITED,27AAFCM2530H1ZO,2026-03-04,2610607203,3400843980,2026,3191942905,001,,0000,000,2026-03-03,2026-02-11,INR,262701779896,RE,H,-70036.62,-70036.62,CLMS-JAN-26,0016080001,,,2026-03-03,C005,59759,479,,,,,,,
1001,DIM00398AJ,MAHINDRA LOGISTICS LIMITED,27AAFCM2530H1ZO,2026-03-04,2610607203,3400843980,2026,3191942886,001,,0000,000,2026-03-03,2026-02-11,INR,262701779880,RE,H,-32901.14,-32901.14,CLMS-JAN-26,0016080001,,,2026-03-03,C005,28073,225,,,,,,,
1001,DIM00398AJ,MAHINDRA LOGISTICS LIMITED,27AAFCM2530H1ZO,2026-03-04,2610607203,3400844793,2026,3191943922,001,,0000,000,2026-03-03,2026-01-15,INR,262701704516,RE,H,-174073.82,-174073.82,CLMS-DEC-25,0016080001,,,2026-03-03,C005,148527.82,1189,,,,,,,
1001,DIM00398AJ,MAHINDRA LOGISTICS LIMITED,27AAFCM2530H1ZO,2026-03-04,2610607203,3400843980,2026,3191942368,001,,0000,000,2026-03-03,2026-02-11,INR,262701779884,RE,H,-163293.22,-163293.22,CLMS-JAN-26,0016080001,,,2026-03-03,C005,139329,1115,,,,,,,
1001,DIM00398AJ,MAHINDRA LOGISTICS LIMITED,27AAFCM2530H1ZO,2026-03-04,2610607203,3400843980,2026,3191942387,001,,0000,000,2026-03-03,2026-02-11,INR,262701779886,RE,H,-167558.24,-167558.24,CLMS-JAN-26,0016080001,,,2026-03-03,C005,142968,1144,,,,,,,
1001,DIM00398AJ,MAHINDRA LOGISTICS LIMITED,27AAFCM2530H1ZO,2026-03-04,2610607203,3400843740,2026,3191942871,001,,0000,000,2026-03-03,2026-02-11,INR,262701777618,RE,H,-16982.2,-16982.2,Supplementary invoice -Aug-24 to Feb-25,0016080001,,,2026-03-03,C005,14490,116,,,,,,,
1001,DIM00398AJ,MAHINDRA LOGISTICS LIMITED,27AAFCM2530H1ZO,2026-03-04,2610607203,3400843740,2026,3191942843,001,,0000,000,2026-03-03,2026-02-11,INR,262701777541,RE,H,-95210.84,-95210.84,Supplementary invoice -Aug-24 to Feb-25,0016080001,,,2026-03-03,C005,81238,650,,,,,,,
1001,DIM00398AJ,MAHINDRA LOGISTICS LIMITED,27AAFCM2530H1ZO,2026-03-20,2610635314,3400843740,2026,3192253020,001,,0000,000,2026-03-12,2026-02-11,INR,262701777623,RE,H,-1513.56,-1513.56,Supplementary invoice -Aug-24 to Feb-25,0016080001,,,2026-03-12,C005,1292,0,,,,,,,
1001,DIM00398AJ,MAHINDRA LOGISTICS LIMITED,27AAFCM2530H1ZO,2026-03-18,2610627904,3400843740,2026,3192253020,001,,0000,000,2026-03-12,2026-02-11,INR,262701777623,RE,H,-1513.56,-1513.56,Supplementary invoice -Aug-24 to Feb-25,0016080001,,,2026-03-12,C005,1292,11,,,,,,,
1001,DIM00398AJ,MAHINDRA LOGISTICS LIMITED,27AAFCM2530H1ZO,2026-03-20,2610635314,3400843993,2026,3192253028,001,,0000,000,2026-03-12,2026-02-11,INR,262701779912,RE,H,-115767.04,-115767.04,CLMS-JAN-26,0016080001,,,2026-03-12,C005,98778,0,,,,,,,
1001,DIM00398AJ,MAHINDRA LOGISTICS LIMITED,27AAFCM2530H1ZO,2026-03-18,2610627904,3400843993,2026,3192253028,001,,0000,000,2026-03-12,2026-02-11,INR,262701779912,RE,H,-115767.04,-115767.04,CLMS-JAN-26,0016080001,,,2026-03-12,C005,98778,791,,,,,,,
1001,DIM00398AJ,MAHINDRA LOGISTICS LIMITED,27AAFCM2530H1ZO,2026-03-18,2610627904,3400821555,2026,3192253045,001,,0000,000,2026-03-12,2026-02-11,INR,262701779924,RE,H,-38157.44,-38157.44,CLMS-JAN-26,0016080001,,,2026-03-12,C005,32558,261,,,,,,,
1001,DIM00398AJ,MAHINDRA LOGISTICS LIMITED,27AAFCM2530H1ZO,2026-03-20,2610635314,3400821555,2026,3192253045,001,,0000,000,2026-03-12,2026-02-11,INR,262701779924,RE,H,-38157.44,-38157.44,CLMS-JAN-26,0016080001,,,2026-03-12,C005,32558,0,,,,,,,
1001,DIM00398AJ,MAHINDRA LOGISTICS LIMITED,27AAFCM2530H1ZO,2026-03-18,2610627904,3400846345,2026,3192254258,001,,0000,000,2026-03-12,2026-02-16,INR,262701791959,RE,H,-41609.72,-41609.72,Fixed Staff & GMI -JAN-26,0016080001,,,2026-03-12,C005,35504,285,,,,,,,
1001,DIM00398AJ,MAHINDRA LOGISTICS LIMITED,27AAFCM2530H1ZO,2026-03-20,2610635314,3400846345,2026,3192254258,001,,0000,000,2026-03-12,2026-02-16,INR,262701791959,RE,H,-41609.72,-41609.72,Fixed Staff & GMI -JAN-26,0016080001,,,2026-03-12,C005,35504,0,,,,,,,
1001,DIM00398AJ,MAHINDRA LOGISTICS LIMITED,27AAFCM2530H1ZO,2026-03-20,2610635314,3400846345,2026,3192254199,001,,0000,000,2026-03-12,2026-02-11,INR,262701779909,RE,H,-90720.26,-90720.26,CLMS-JAN-26,0016080001,,,2026-03-12,C005,77407,0,,,,,,,
1001,DIM00398AJ,MAHINDRA LOGISTICS LIMITED,27AAFCM2530H1ZO,2026-03-18,2610627904,3400846345,2026,3192254199,001,,0000,000,2026-03-12,2026-02-11,INR,262701779909,RE,H,-90720.26,-90720.26,CLMS-JAN-26,0016080001,,,2026-03-12,C005,77407,620,,,,,,,
1001,DIM00398AJ,MAHINDRA LOGISTICS LIMITED,27AAFCM2530H1ZO,2026-03-18,2610627904,3400818474,2026,3192253052,001,,0000,000,2026-03-12,2026-02-11,INR,262701779918,RE,H,-34108.54,-34108.54,CLMS-JAN-26,0016080001,,,2026-03-12,C005,29103,233,,,,,,,
1001,DIM00398AJ,MAHINDRA LOGISTICS LIMITED,27AAFCM2530H1ZO,2026-03-20,2610635314,3400818474,2026,3192253052,001,,0000,000,2026-03-12,2026-02-11,INR,262701779918,RE,H,-34108.54,-34108.54,CLMS-JAN-26,0016080001,,,2026-03-12,C005,29103,0,,,,,,,
1001,DIM00398AJ,MAHINDRA LOGISTICS LIMITED,27AAFCM2530H1ZO,2026-03-20,2610635314,3400843740,2026,3192252990,001,,0000,000,2026-03-12,2026-02-11,INR,262701777614,RE,H,-40773.2,-40773.2,Supplementary invoice -Aug-24 to Feb-25,0016080001,,,2026-03-12,C005,34790,0,,,,,,,
1001,DIM00398AJ,MAHINDRA LOGISTICS LIMITED,27AAFCM2530H1ZO,2026-03-18,2610627904,3400843740,2026,3192252990,001,,0000,000,2026-03-12,2026-02-11,INR,262701777614,RE,H,-40773.2,-40773.2,Supplementary invoice -Aug-24 to Feb-25,0016080001,,,2026-03-12,C005,34790,279,,,,,,,
1001,DIM00398AJ,MAHINDRA LOGISTICS LIMITED,27AAFCM2530H1ZO,2026-03-20,2610635314,3400846345,2026,3192254253,001,,0000,000,2026-03-12,2026-02-11,INR,262701779908,RE,H,-19608.58,-19608.58,CLMS-JAN-26,0016080001,,,2026-03-12,C005,16731,0,,,,,,,
1001,DIM00398AJ,MAHINDRA LOGISTICS LIMITED,27AAFCM2530H1ZO,2026-03-18,2610627904,3400846345,2026,3192254253,001,,0000,000,2026-03-12,2026-02-11,INR,262701779908,RE,H,-19608.58,-19608.58,CLMS-JAN-26,0016080001,,,2026-03-12,C005,16731,134,,,,,,,
1001,DIM00398AJ,MAHINDRA LOGISTICS LIMITED,27AAFCM2530H1ZO,2026-03-20,2610635314,3400847393,2026,3192439214,001,,0000,000,2026-03-17,2026-02-11,INR,262701780408,RE,H,-2029.76,-2029.76,Fixed Staff & GMI -SEPT-25,0016080001,,,2026-03-17,C005,1732,0,,,,,,,
1001,DIM00398AJ,MAHINDRA LOGISTICS LIMITED,27AAFCM2530H1ZO,2026-03-18,2610627904,3400847393,2026,3192439214,001,,0000,000,2026-03-17,2026-02-11,INR,262701780408,RE,H,-2029.76,-2029.76,Fixed Staff & GMI -SEPT-25,0016080001,,,2026-03-17,C005,1732,14,,,,,,,
1001,DIM00398AJ,MAHINDRA LOGISTICS LIMITED,27AAFCM2530H1ZO,2026-03-18,2610627904,3400847393,2026,3192439239,001,,0000,000,2026-03-17,2025-11-08,INR,262701504111,RE,H,-104633.04,-104633.04,Fixed Staff & GMI -OCT-25,0016080001,,,2026-03-17,C005,89278,715,,,,,,,
1001,DIM00398AJ,MAHINDRA LOGISTICS LIMITED,27AAFCM2530H1ZO,2026-03-20,2610635314,3400847393,2026,3192439239,001,,0000,000,2026-03-17,2025-11-08,INR,262701504111,RE,H,-104633.04,-104633.04,Fixed Staff & GMI -OCT-25,0016080001,,,2026-03-17,C005,89278,0,,,,,,,
1001,DIM00398AJ,MAHINDRA LOGISTICS LIMITED,27AAFCM2530H1ZO,2026-03-20,2610635314,3400847393,2026,3192439193,001,,0000,000,2026-03-17,2026-02-11,INR,262701780491,RE,H,-2029.76,-2029.76,Fixed Staff & GMI -NOV-25,0016080001,,,2026-03-17,C005,1732,0,,,,,,,
1001,DIM00398AJ,MAHINDRA LOGISTICS LIMITED,27AAFCM2530H1ZO,2026-03-18,2610627904,3400847393,2026,3192439193,001,,0000,000,2026-03-17,2026-02-11,INR,262701780491,RE,H,-2029.76,-2029.76,Fixed Staff & GMI -NOV-25,0016080001,,,2026-03-17,C005,1732,14,,,,,,,
1001,DIM00398AJ,MAHINDRA LOGISTICS LIMITED,27AAFCM2530H1ZO,2026-03-20,2610635314,3400847393,2026,3192439223,001,,0000,000,2026-03-17,2025-12-10,INR,262701598071,RE,H,-103419.56,-103419.56,Fixed Staff & GMI -NOV-25,0016080001,,,2026-03-17,C005,88242,0,,,,,,,
1001,DIM00398AJ,MAHINDRA LOGISTICS LIMITED,27AAFCM2530H1ZO,2026-03-18,2610627904,3400847393,2026,3192439223,001,,0000,000,2026-03-17,2025-12-10,INR,262701598071,RE,H,-103419.56,-103419.56,Fixed Staff & GMI -NOV-25,0016080001,,,2026-03-17,C005,88242,706,,,,,,,
1001,DIM00398AJ,MAHINDRA LOGISTICS LIMITED,27AAFCM2530H1ZO,2026-03-18,2610627904,3400847393,2026,3192439206,001,,0000,000,2026-03-17,2026-01-08,INR,262701675855,RE,H,-93383.22,-93383.22,Fixed Staff & GMI -DEC-25,0016080001,,,2026-03-17,C005,79679,638,,,,,,,
1001,DIM00398AJ,MAHINDRA LOGISTICS LIMITED,27AAFCM2530H1ZO,2026-03-20,2610635314,3400847393,2026,3192439206,001,,0000,000,2026-03-17,2026-01-08,INR,262701675855,RE,H,-93383.22,-93383.22,Fixed Staff & GMI -DEC-25,0016080001,,,2026-03-17,C005,79679,0,,,,,,,
1001,DIM00398AJ,MAHINDRA LOGISTICS LIMITED,27AAFCM2530H1ZO,2026-03-18,2610627904,3400847393,2026,3192439246,001,,0000,000,2026-03-17,2026-02-11,INR,262701780444,RE,H,-4059.52,-4059.52,Fixed Staff & GMI -OCT-25,0016080001,,,2026-03-17,C005,3464,28,,,,,,,
1001,DIM00398AJ,MAHINDRA LOGISTICS LIMITED,27AAFCM2530H1ZO,2026-03-20,2610635314,3400847393,2026,3192439246,001,,0000,000,2026-03-17,2026-02-11,INR,262701780444,RE,H,-4059.52,-4059.52,Fixed Staff & GMI -OCT-25,0016080001,,,2026-03-17,C005,3464,0,,,,,,,
1001,DIM00398AJ,MAHINDRA LOGISTICS LIMITED,27AAFCM2530H1ZO,2026-03-20,2610635314,3400847393,2026,3192439200,001,,0000,000,2026-03-17,2026-02-16,INR,262701791961,RE,H,-104633.04,-104633.04,Fixed Staff & GMI -JAN-26,0016080001,,,2026-03-17,C005,89278,0,,,,,,,
1001,DIM00398AJ,MAHINDRA LOGISTICS LIMITED,27AAFCM2530H1ZO,2026-03-18,2610627904,3400847393,2026,3192439200,001,,0000,000,2026-03-17,2026-02-16,INR,262701791961,RE,H,-104633.04,-104633.04,Fixed Staff & GMI -JAN-26,0016080001,,,2026-03-17,C005,89278,715,,,,,,,
1001,DIM00398AJ,MAHINDRA LOGISTICS LIMITED,27AAFCM2530H1ZO,2026-03-18,2610635255,,2026,2610635255,001,,0000,000,2026-03-18,2026-03-18,INR,,KZ,H,-1866577,-1866577,,0016080001,,,2026-03-18,,1592650,0,,,,,,,
1001,DIM00398AJ,MAHINDRA LOGISTICS LIMITED,27AAFCM2530H1ZO,2026-03-18,2610627904,3400843740,2026,3192474458,001,,0000,000,2026-03-18,2026-02-11,INR,262701777588,RE,H,-196.24,-196.24,Supplementary invoice -Aug-24 to Feb-25,0016080001,,,2026-03-18,C005,168,2,,,,,,,
1001,DIM00398AJ,MAHINDRA LOGISTICS LIMITED,27AAFCM2530H1ZO,2026-03-18,2610627904,,2026,3192474458,001,,0000,000,2026-03-18,2026-02-11,INR,262701777588,RE,H,-196.24,-196.24,Supplementary invoice -Aug-24 to Feb-25,0016080001,,,2026-03-18,C005,168,2,,,,,,,
1001,DIM00398AJ,MAHINDRA LOGISTICS LIMITED,27AAFCM2530H1ZO,2026-03-20,2610635314,3400843740,2026,3192474458,001,,0000,000,2026-03-18,2026-02-11,INR,262701777588,RE,H,-196.24,-196.24,Supplementary invoice -Aug-24 to Feb-25,0016080001,,,2026-03-18,C005,168,0,,,,,,,
1001,DIM00398AJ,MAHINDRA LOGISTICS LIMITED,27AAFCM2530H1ZO,2026-03-18,2610627904,,2026,2610627904,001,,0000,000,2026-03-18,2026-03-18,INR,,KZ,S,1866577,1866577,,0016080001,,,2026-03-18,,1592650,0,,,,,,,
1001,DIM00398AJ,MAHINDRA LOGISTICS LIMITED,27AAFCM2530H1ZO,2026-03-20,2610635314,3400843740,2026,3192474462,001,,0000,000,2026-03-18,2026-02-11,INR,262701777587,RE,H,-3026.94,-3026.94,Supplementary invoice -Aug-24 to Feb-25,0016080001,,,2026-03-18,C005,2583,0,,,,,,,
1001,DIM00398AJ,MAHINDRA LOGISTICS LIMITED,27AAFCM2530H1ZO,2026-03-18,2610627904,,2026,3192474462,001,,0000,000,2026-03-18,2026-02-11,INR,262701777587,RE,H,-3026.94,-3026.94,Supplementary invoice -Aug-24 to Feb-25,0016080001,,,2026-03-18,C005,2583,21,,,,,,,
1001,DIM00398AJ,MAHINDRA LOGISTICS LIMITED,27AAFCM2530H1ZO,2026-03-18,2610627904,3400843740,2026,3192474462,001,,0000,000,2026-03-18,2026-02-11,INR,262701777587,RE,H,-3026.94,-3026.94,Supplementary invoice -Aug-24 to Feb-25,0016080001,,,2026-03-18,C005,2583,21,,,,,,,
1001,DIM00398AJ,MAHINDRA LOGISTICS LIMITED,27AAFCM2530H1ZO,2026-03-18,2610627904,3400843740,2026,3192474465,001,,0000,000,2026-03-18,2026-02-11,INR,262701777581,RE,H,-26800.06,-26800.06,Supplementary invoice -Aug-24 to Feb-25,0016080001,,,2026-03-18,C005,22867,183,,,,,,,
1001,DIM00398AJ,MAHINDRA LOGISTICS LIMITED,27AAFCM2530H1ZO,2026-03-18,2610627904,,2026,3192474465,001,,0000,000,2026-03-18,2026-02-11,INR,262701777581,RE,H,-26800.06,-26800.06,Supplementary invoice -Aug-24 to Feb-25,0016080001,,,2026-03-18,C005,22867,183,,,,,,,
1001,DIM00398AJ,MAHINDRA LOGISTICS LIMITED,27AAFCM2530H1ZO,2026-03-20,2610635314,3400843740,2026,3192474465,001,,0000,000,2026-03-18,2026-02-11,INR,262701777581,RE,H,-26800.06,-26800.06,Supplementary invoice -Aug-24 to Feb-25,0016080001,,,2026-03-18,C005,22867,0,,,,,,,
1001,DIM00398AJ,MAHINDRA LOGISTICS LIMITED,27AAFCM2530H1ZO,2026-03-20,2610635314,,2026,2610635314,001,,0000,000,2026-03-20,2026-03-20,INR,,KZ,S,1866577,1866577,,0016080001,,,2026-03-20,,1592650,0,,,,,,,
1001,DIM00398AJ,MAHINDRA LOGISTICS LIMITED,27AAFCM2530H1ZO,2026-03-25,2610639832,3400848696,2026,3192535872,001,,0000,000,2026-03-20,2025-06-17,INR,262701170851,RE,H,-233212.66,-233212.66,Export Container Charges -DEC-24,0016080001,,,2026-03-20,C005,198987,1592,,,,,,,
1001,DIM00398AJ,MAHINDRA LOGISTICS LIMITED,27AAFCM2530H1ZO,2026-03-25,2610639832,3400847937,2026,3192535832,001,,0000,000,2026-03-20,2026-02-11,INR,262701777620,RE,H,-990713.42,-990713.42,Supplementary invoice -Aug-24 to Feb-25,0016080001,,,2026-03-20,C005,845319,6763,,,,,,,
1001,DIM00398AJ,MAHINDRA LOGISTICS LIMITED,27AAFCM2530H1ZO,2026-03-25,2610639832,3400847938,2026,3192536117,001,,0000,000,2026-03-20,2026-02-28,INR,262701829318,RE,H,-3599656.5,-3599656.5,CHAKAN - F26 Fixed Fees - Dec-25,0016080001,,,2026-03-20,C005,3071380.08,24572,,,,,,,
1001,DIM00398AJ,MAHINDRA LOGISTICS LIMITED,27AAFCM2530H1ZO,2026-03-25,2610639832,3400825626,2026,3192535285,001,,0000,000,2026-03-20,2025-09-18,INR,262701385902,RE,H,-218694.08,-218694.08,Warehouse  Rent,0016080001,,,2026-03-20,C005,186599.22,1493,,,,,,,
1001,DIM00398AJ,MAHINDRA LOGISTICS LIMITED,27AAFCM2530H1ZO,2026-03-25,2610639832,3400847937,2026,3192535927,001,,0000,000,2026-03-20,2026-02-17,INR,262701799154,RE,H,-635696.72,-635696.72,Supplementary invoice -Aug-24 to Feb-25,0016080001,,,2026-03-20,C005,542404,4340,,,,,,,
1001,DIM00398AJ,MAHINDRA LOGISTICS LIMITED,27AAFCM2530H1ZO,2026-03-25,2610639832,3400825626,2026,3192535233,001,,0000,000,2026-03-20,2025-09-18,INR,262701385866,RE,H,-45574.58,-45574.58,Warehouse  Rent,0016080001,,,2026-03-20,C005,38886.94,312,,,,,,,
1001,DIM00398AJ,MAHINDRA LOGISTICS LIMITED,27AAFCM2530H1ZO,2026-03-25,2610639832,3400847393,2026,3192535891,001,,0000,000,2026-03-20,2026-02-11,INR,262701779925,RE,H,-315869.52,-315869.52,CLMS-JAN-26,0016080001,,,2026-03-20,C005,269514,2157,,,,,,,
1001,DIM00398AJ,MAHINDRA LOGISTICS LIMITED,27AAFCM2530H1ZO,2026-03-25,2610639832,3400825626,2026,3192535216,001,,0000,000,2026-03-20,2025-09-17,INR,262701381624,RE,H,-906326.67,-906326.67,Warehouse  Rent,0016080001,,,2026-03-20,C005,773316.67,6187,,,,,,,
1001,DIM00398AJ,MAHINDRA LOGISTICS LIMITED,27AAFCM2530H1ZO,2026-03-25,2610639832,3400847938,2026,3192536026,001,,0000,000,2026-03-20,2026-03-06,INR,262701844554,RE,H,-1172961.3,-1172961.3,Mathadi Mgmt fee-Jan-26,0016080001,,,2026-03-20,C005,1000820.6,8007,,,,,,,
1001,DIM00398AJ,MAHINDRA LOGISTICS LIMITED,27AAFCM2530H1ZO,2026-03-25,2610639832,3400825626,2026,3192535265,001,,0000,000,2026-03-20,2025-09-18,INR,262701385882,RE,H,-220517.67,-220517.67,Warehouse  Rent,0016080001,,,2026-03-20,C005,188155.65,1506,,,,,,,
1001,DIM00398AJ,MAHINDRA LOGISTICS LIMITED,27AAFCM2530H1ZO,2026-03-25,2610639832,3400825626,2026,3192535323,001,,0000,000,2026-03-20,2025-09-17,INR,262701381640,RE,H,-916856.99,-916856.99,Warehouse  Rent,0016080001,,,2026-03-20,C005,782301.69,6259,,,,,,,
1001,DIM00398AJ,MAHINDRA LOGISTICS LIMITED,27AAFCM2530H1ZO,2026-03-25,2610639832,3400847393,2026,3192535904,001,,0000,000,2026-03-20,2026-01-15,INR,262701704539,RE,H,-244756.66,-244756.66,CLMS-DEC-25,0016080001,,,2026-03-20,C005,208837,1671,,,,,,,
1001,DIM00398AJ,MAHINDRA LOGISTICS LIMITED,27AAFCM2530H1ZO,2026-03-25,2610639832,3400847938,2026,3192536108,001,,0000,000,2026-03-20,2026-02-28,INR,262701829322,RE,H,-3599656.5,-3599656.5,CHAKAN - F26 Fixed Fees - Jan'26,0016080001,,,2026-03-20,C005,3071380.08,24572,,,,,,,
1001,DIM00398AJ,MAHINDRA LOGISTICS LIMITED,27AAFCM2530H1ZO,2026-03-25,2610639832,3400825626,2026,3192535298,001,,0000,000,2026-03-20,2025-09-17,INR,262701381643,RE,H,-922733.4,-922733.4,Warehouse  Rent,0016080001,,,2026-03-20,C005,787315.6,6299,,,,,,,
1001,DIM00398AJ,MAHINDRA LOGISTICS LIMITED,27AAFCM2530H1ZO,2026-03-25,2610639832,3400847938,2026,3192536130,001,,0000,000,2026-03-20,2026-02-28,INR,262701829326,RE,H,-3599656.5,-3599656.5,CHAKAN - F26 Fixed Fees - Feb-26,0016080001,,,2026-03-20,C005,3071380.08,24572,,,,,,,
1001,DIM00398AJ,MAHINDRA LOGISTICS LIMITED,27AAFCM2530H1ZO,2026-03-25,2610639832,3400847393,2026,3192535918,001,,0000,000,2026-03-20,2025-11-08,INR,262701504053,RE,H,-268523.88,-268523.88,CLMS-OCT-25,0016080001,,,2026-03-20,C005,229116,1833,,,,,,,
1001,DIM00398AJ,MAHINDRA LOGISTICS LIMITED,27AAFCM2530H1ZO,2026-03-25,2610639832,3400825626,2026,3192534283,001,,0000,000,2026-03-20,2025-09-17,INR,262701381654,RE,H,-141593.91,-141593.91,Warehouse  Rent,0016080001,,,2026-03-20,C005,120814.33,967,,,,,,,
1001,DIM00398AJ,MAHINDRA LOGISTICS LIMITED,27AAFCM2530H1ZO,2026-03-25,2610639832,3400825626,2026,3192535307,001,,0000,000,2026-03-20,2025-09-18,INR,262701385872,RE,H,-215545.24,-215545.24,Warehouse  Rent,0016080001,,,2026-03-20,C005,183912.92,1472,,,,,,,
1001,DIM00398AJ,MAHINDRA LOGISTICS LIMITED,27AAFCM2530H1ZO,2026-03-25,2610639832,3400825626,2026,3192535275,001,,0000,000,2026-03-20,2025-09-18,INR,262701385892,RE,H,-212921.87,-212921.87,Warehouse  Rent,0016080001,,,2026-03-20,C005,181674.47,1454,,,,,,,
1001,DIM00398AJ,MAHINDRA LOGISTICS LIMITED,27AAFCM2530H1ZO,2026-03-25,2610639832,3400825626,2026,3192535250,001,,0000,000,2026-03-20,2025-09-18,INR,262701385858,RE,H,-22002.54,-22002.54,Warehouse  Rent,0016080001,,,2026-03-20,C005,18774.18,151,,,,,,,
1001,DIM00398AJ,MAHINDRA LOGISTICS LIMITED,27AAFCM2530H1ZO,2026-03-25,2610639832,3400848696,2026,3192535858,001,,0000,000,2026-03-20,2025-06-17,INR,262701173666,RE,H,-38667.74,-38667.74,Export Container Charges -APR-25 TO MAY-25,0016080001,,,2026-03-20,C005,32993,264,,,,,,,
1001,DIM00398AJ,MAHINDRA LOGISTICS LIMITED,27AAFCM2530H1ZO,2026-03-25,2610639832,3400847938,2026,3192669834,001,,0000,000,2026-03-24,2026-03-12,INR,262701862303,RE,H,-14644337.42,-14644337.42,Warehouse Service-NOV-25,0016080001,,,2026-03-24,C005,12495169,99962,,,,,,,
1001,DIM00398AJ,MAHINDRA LOGISTICS LIMITED,27AAFCM2530H1ZO,2026-03-25,2610639832,3400847938,2026,3192669852,001,,0000,000,2026-03-24,2026-03-12,INR,262701862299,RE,H,-14491751.68,-14491751.68,Warehouse Service-AUG-25,0016080001,,,2026-03-24,C005,12364976,98920,,,,,,,
1001,DIM00398AJ,MAHINDRA LOGISTICS LIMITED,27AAFCM2530H1ZO,2026-03-25,2610639832,3400842272,2026,3192670618,001,,0000,000,2026-03-24,2026-01-15,INR,262701704519,RE,H,-128462.8,-128462.8,CLMS-DEC-25,0016080001,,,2026-03-24,C005,109610,877,,,,,,,
1001,DIM00398AJ,MAHINDRA LOGISTICS LIMITED,27AAFCM2530H1ZO,2026-03-25,2610639832,3400843999,2026,3192670433,001,,0000,000,2026-03-24,2025-11-08,INR,262701504039,RE,H,-1504506.62,-1504506.62,CLMS-OCT-25,0016080001,,,2026-03-24,C005,1283709,10270,,,,,,,
1001,DIM00398AJ,MAHINDRA LOGISTICS LIMITED,27AAFCM2530H1ZO,2026-03-25,2610639832,3400847938,2026,3192669814,001,,0000,000,2026-03-24,2026-03-12,INR,262701862302,RE,H,-14863914.96,-14863914.96,Warehouse Service-OCT-25,0016080001,,,2026-03-24,C005,12682522,101461,,,,,,,
1001,DIM00398AJ,MAHINDRA LOGISTICS LIMITED,27AAFCM2530H1ZO,2026-03-25,2610639832,3400843740,2026,3192670705,001,,0000,000,2026-03-24,2026-02-11,INR,262701777606,RE,H,-3924.82,-3924.82,Supplementary invoice -Aug-24 to Feb-25,0016080001,,,2026-03-24,C005,3349,27,,,,,,,
1001,DIM00398AJ,MAHINDRA LOGISTICS LIMITED,27AAFCM2530H1ZO,2026-03-25,2610639832,3400843740,2026,3192670668,001,,0000,000,2026-03-24,2026-02-11,INR,262701777605,RE,H,-23216.8,-23216.8,Supplementary invoice -Aug-24 to Feb-25,0016080001,,,2026-03-24,C005,19810,159,,,,,,,
1001,DIM00398AJ,MAHINDRA LOGISTICS LIMITED,27AAFCM2530H1ZO,2026-03-25,2610639832,3400847938,2026,3192669844,001,,0000,000,2026-03-24,2026-03-12,INR,262701862298,RE,H,-14555480.36,-14555480.36,Warehouse Service-JULY-25,0016080001,,,2026-03-24,C005,12419352,99355,,,,,,,
1001,DIM00398AJ,MAHINDRA LOGISTICS LIMITED,27AAFCM2530H1ZO,2026-03-25,2610639832,3400843740,2026,3192670998,001,,0000,000,2026-03-24,2026-02-11,INR,262701777561,RE,H,-362899.56,-362899.56,Supplementary invoice -Aug-24 to Feb-25,0016080001,,,2026-03-24,C005,309642,2478,,,,,,,
1001,DIM00398AJ,MAHINDRA LOGISTICS LIMITED,27AAFCM2530H1ZO,2026-03-25,2610639832,3400847938,2026,3192669827,001,,0000,000,2026-03-24,2026-03-12,INR,262701862305,RE,H,-14855966.02,-14855966.02,Warehouse Service-JAN-26,0016080001,,,2026-03-24,C005,12675739,101406,,,,,,,
1001,DIM00398AJ,MAHINDRA LOGISTICS LIMITED,27AAFCM2530H1ZO,2026-03-25,2610639832,3400843740,2026,3192670717,001,,0000,000,2026-03-24,2026-02-11,INR,262701777607,RE,H,-755.1,-755.1,Supplementary invoice -Aug-24 to Feb-25,0016080001,,,2026-03-24,C005,645,6,,,,,,,
1001,DIM00398AJ,MAHINDRA LOGISTICS LIMITED,27AAFCM2530H1ZO,2026-03-25,2610639832,3400847938,2026,3192669865,001,,0000,000,2026-03-24,2026-03-12,INR,262701862304,RE,H,-14785526.84,-14785526.84,Warehouse Service-DEC-25,0016080001,,,2026-03-24,C005,12615638,100926,,,,,,,
1001,DIM00398AJ,MAHINDRA LOGISTICS LIMITED,27AAFCM2530H1ZO,2026-03-25,2610639832,3400844002,2026,3192670769,001,,0000,000,2026-03-24,2026-01-15,INR,262701704522,RE,H,-121545.44,-121545.44,CLMS-DEC-25,0016080001,,,2026-03-24,C005,103708,830,,,,,,,
1001,DIM00398AJ,MAHINDRA LOGISTICS LIMITED,27AAFCM2530H1ZO,2026-03-25,2610639832,3400843999,2026,3192670447,001,,0000,000,2026-03-24,2025-10-08,INR,262701427683,RE,H,-1456728.74,-1456728.74,CLMS-SEPT-25,0016080001,,,2026-03-24,C005,1242943,9944,,,,,,,
1001,DIM00398AJ,MAHINDRA LOGISTICS LIMITED,27AAFCM2530H1ZO,2026-03-25,2610639832,3400847938,2026,3192669839,001,,0000,000,2026-03-24,2026-03-12,INR,262701862300,RE,H,-14668014.78,-14668014.78,Warehouse Service-SEPT-25,0016080001,,,2026-03-24,C005,12515371,100123,,,,,,,
1001,DIM00398AJ,MAHINDRA LOGISTICS LIMITED,27AAFCM2530H1ZO,2026-03-30,2610650006,3400843990,2026,3192711956,001,,0000,000,2026-03-25,2026-02-16,INR,262701791947,RE,H,-24635.78,-24635.78,Fixed Staff & GMI-JAN-26,0016080001,,,2026-03-25,C005,21021,169,,,,,,,
1001,DIM00398AJ,MAHINDRA LOGISTICS LIMITED,27AAFCM2530H1ZO,2026-03-30,2610650006,3400838918,2026,3192713813,001,,0000,000,2026-03-25,2026-01-15,INR,262701704387,RE,H,-13951.9,-13951.9,Fixed Staff & GMI-DEC-25,0016080001,,,2026-03-25,C005,11905,96,,,,,,,
1001,DIM00398AJ,MAHINDRA LOGISTICS LIMITED,27AAFCM2530H1ZO,2026-03-30,2610650006,3400838918,2026,3192713820,001,,0000,000,2026-03-25,2026-01-08,INR,262701675821,RE,H,-25539.56,-25539.56,Fixed Staff & GMI-DEC-25,0016080001,,,2026-03-25,C005,21792,175,,,,,,,
1001,DIM00398AJ,MAHINDRA LOGISTICS LIMITED,27AAFCM2530H1ZO,2026-03-30,2610650006,3400838918,2026,3192713356,001,,0000,000,2026-03-25,2026-01-08,INR,262701675783,RE,H,-15865.84,-15865.84,Fixed Staff & GMI-DEC-25,0016080001,,,2026-03-25,C005,13538,109,,,,,,,
1001,DIM00398AJ,MAHINDRA LOGISTICS LIMITED,27AAFCM2530H1ZO,2026-03-30,2610650006,3400838918,2026,3192713748,001,,0000,000,2026-03-25,2026-01-15,INR,262701704379,RE,H,-20998.06,-20998.06,Fixed Staff & GMI-DEC-25,0016080001,,,2026-03-25,C005,17917,144,,,,,,,
1001,DIM00398AJ,MAHINDRA LOGISTICS LIMITED,27AAFCM2530H1ZO,2026-03-30,2610650006,3400838918,2026,3192713370,001,,0000,000,2026-03-25,2026-01-08,INR,262701675841,RE,H,-4835.86,-4835.86,Fixed Staff & GMI-DEC-25,0016080001,,,2026-03-25,C005,4127,34,,,,,,,
1001,DIM00398AJ,MAHINDRA LOGISTICS LIMITED,27AAFCM2530H1ZO,2026-03-30,2610650006,3400843990,2026,3192711983,001,,0000,000,2026-03-25,2026-02-16,INR,262701791905,RE,H,-24680.62,-24680.62,Fixed Staff & GMI-JAN-26,0016080001,,,2026-03-25,C005,21059,169,,,,,,,
1001,DIM00398AJ,MAHINDRA LOGISTICS LIMITED,27AAFCM2530H1ZO,2026-03-30,2610650006,3400838918,2026,3192713186,001,,0000,000,2026-03-25,2026-01-08,INR,262701675779,RE,H,-5288.34,-5288.34,Fixed Staff & GMI-DEC-25,0016080001,,,2026-03-25,C005,4513,37,,,,,,,
1001,DIM00398AJ,MAHINDRA LOGISTICS LIMITED,27AAFCM2530H1ZO,2026-03-30,2610650006,3400838918,2026,3192713408,001,,0000,000,2026-03-25,2026-01-08,INR,262701675797,RE,H,-20140.3,-20140.3,Fixed Staff & GMI-DEC-25,0016080001,,,2026-03-25,C005,17185,138,,,,,,,
1001,DIM00398AJ,MAHINDRA LOGISTICS LIMITED,27AAFCM2530H1ZO,2026-03-30,2610650006,3400838918,2026,3192713755,001,,0000,000,2026-03-25,2026-01-08,INR,262701675781,RE,H,-31280.2,-31280.2,Fixed Staff & GMI-DEC-25,0016080001,,,2026-03-25,C005,26690,214,,,,,,,
1001,DIM00398AJ,MAHINDRA LOGISTICS LIMITED,27AAFCM2530H1ZO,2026-03-30,2610650006,3400843990,2026,3192712004,001,,0000,000,2026-03-25,2026-02-16,INR,262701791901,RE,H,-8362.48,-8362.48,Fixed Staff & GMI-JAN-26,0016080001,,,2026-03-25,C005,7136,58,,,,,,,
1001,DIM00398AJ,MAHINDRA LOGISTICS LIMITED,27AAFCM2530H1ZO,2026-03-30,2610650006,3400838918,2026,3192713850,001,,0000,000,2026-03-25,2026-01-15,INR,262701704365,RE,H,-446592.36,-446592.36,Fixed Staff & GMI-DEC-25,0016080001,,,2026-03-25,C005,381052,3049,,,,,,,
1001,DIM00398AJ,MAHINDRA LOGISTICS LIMITED,27AAFCM2530H1ZO,2026-03-30,2610650006,3400838918,2026,3192713138,001,,0000,000,2026-03-25,2026-01-08,INR,262701675814,RE,H,-86520.14,-86520.14,Fixed Staff & GMI-DEC-25,0016080001,,,2026-03-25,C005,73823,591,,,,,,,
1001,DIM00398AJ,MAHINDRA LOGISTICS LIMITED,27AAFCM2530H1ZO,2026-03-30,2610650006,3400838918,2026,3192712039,001,,0000,000,2026-03-25,2026-01-08,INR,262701675795,RE,H,-14661.98,-14661.98,Fixed Staff & GMI-DEC-25,0016080001,,,2026-03-25,C005,12511,101,,,,,,,
1001,DIM00398AJ,MAHINDRA LOGISTICS LIMITED,27AAFCM2530H1ZO,2026-03-30,2610650006,3400843990,2026,3192711990,001,,0000,000,2026-03-25,2026-02-16,INR,262701791899,RE,H,-16001.72,-16001.72,Fixed Staff & GMI-JAN-26,0016080001,,,2026-03-25,C005,13654,110,,,,,,,
1001,DIM00398AJ,MAHINDRA LOGISTICS LIMITED,27AAFCM2530H1ZO,2026-03-30,2610650006,3400838918,2026,3192713282,001,,0000,000,2026-03-25,2026-01-08,INR,262701675819,RE,H,-24749.06,-24749.06,Fixed Staff & GMI-DEC-25,0016080001,,,2026-03-25,C005,21117,169,,,,,,,
1001,DIM00398AJ,MAHINDRA LOGISTICS LIMITED,27AAFCM2530H1ZO,2026-03-30,2610650006,3400838918,2026,3192713742,001,,0000,000,2026-03-25,2026-01-08,INR,262701675816,RE,H,-24680.62,-24680.62,Fixed Staff & GMI-DEC-25,0016080001,,,2026-03-25,C005,21059,169,,,,,,,
1001,DIM00398AJ,MAHINDRA LOGISTICS LIMITED,27AAFCM2530H1ZO,2026-03-30,2610650006,3400838918,2026,3192713308,001,,0000,000,2026-03-25,2026-01-08,INR,262701675791,RE,H,-14594.54,-14594.54,Fixed Staff & GMI-DEC-25,0016080001,,,2026-03-25,C005,12453,100,,,,,,,
1001,DIM00398AJ,MAHINDRA LOGISTICS LIMITED,27AAFCM2530H1ZO,2026-03-30,2610650006,3400838918,2026,3192713909,001,,0000,000,2026-03-25,2026-01-08,INR,262701675769,RE,H,-35665.76,-35665.76,Fixed Staff & GMI-DEC-25,0016080001,,,2026-03-25,C005,30432,244,,,,,,,
1001,DIM00398AJ,MAHINDRA LOGISTICS LIMITED,27AAFCM2530H1ZO,2026-03-30,2610650006,3400838918,2026,3192714058,001,,0000,000,2026-03-25,2026-01-08,INR,262701675787,RE,H,-8035.08,-8035.08,Fixed Staff & GMI-DEC-25,0016080001,,,2026-03-25,C005,6856,55,,,,,,,
1001,DIM00398AJ,MAHINDRA LOGISTICS LIMITED,27AAFCM2530H1ZO,2026-03-30,2610650006,3400838918,2026,3192713828,001,,0000,000,2026-03-25,2026-01-08,INR,262701675803,RE,H,-52241.5,-52241.5,Fixed Staff & GMI-DEC-25,0016080001,,,2026-03-25,C005,44575,357,,,,,,,
1001,DIM00398AJ,MAHINDRA LOGISTICS LIMITED,27AAFCM2530H1ZO,2026-03-30,2610650006,3400838918,2026,3192713833,001,,0000,000,2026-03-25,2026-01-08,INR,262701675765,RE,H,-188969.66,-188969.66,Fixed Staff & GMI-DEC-25,0016080001,,,2026-03-25,C005,161237,1290,,,,,,,
1001,DIM00398AJ,MAHINDRA LOGISTICS LIMITED,27AAFCM2530H1ZO,2026-03-30,2610650006,3400838918,2026,3192713268,001,,0000,000,2026-03-25,2026-01-08,INR,262701675826,RE,H,-127931.26,-127931.26,Fixed Staff & GMI-DEC-25,0016080001,,,2026-03-25,C005,109157,874,,,,,,,
1001,DIM00398AJ,MAHINDRA LOGISTICS LIMITED,27AAFCM2530H1ZO,2026-03-30,2610650006,3400843990,2026,3192711898,001,,0000,000,2026-03-25,2026-02-16,INR,262701791922,RE,H,-151807.22,-151807.22,Fixed Staff & GMI-JAN-26,0016080001,,,2026-03-25,C005,129529,1037,,,,,,,
1001,DIM00398AJ,MAHINDRA LOGISTICS LIMITED,27AAFCM2530H1ZO,2026-03-30,2610650006,3400838918,2026,3192713761,001,,0000,000,2026-03-25,2026-01-08,INR,262701675839,RE,H,-212355.38,-212355.38,Fixed Staff & GMI-DEC-25,0016080001,,,2026-03-25,C005,181191,1450,,,,,,,
1001,DIM00398AJ,MAHINDRA LOGISTICS LIMITED,27AAFCM2530H1ZO,2026-03-30,2610650006,3400838918,2026,3192713902,001,,0000,000,2026-03-25,2026-01-08,INR,262701675771,RE,H,-12189.18,-12189.18,Fixed Staff & GMI-DEC-25,0016080001,,,2026-03-25,C005,10401,84,,,,,,,
1001,DIM00398AJ,MAHINDRA LOGISTICS LIMITED,27AAFCM2530H1ZO,2026-03-30,2610650006,3400838918,2026,3192711875,001,,0000,000,2026-03-25,2026-01-15,INR,262701704367,RE,H,-340422.34,-340422.34,Fixed Staff & GMI-DEC-25,0016080001,,,2026-03-25,C005,290463,2324,,,,,,,
1001,DIM00398AJ,MAHINDRA LOGISTICS LIMITED,27AAFCM2530H1ZO,2026-03-30,2610650006,3400838918,2026,3192713806,001,,0000,000,2026-03-25,2026-01-08,INR,262701675851,RE,H,-12340.4,-12340.4,Fixed Staff & GMI-DEC-25,0016080001,,,2026-03-25,C005,10530,85,,,,,,,
1001,DIM00398AJ,MAHINDRA LOGISTICS LIMITED,27AAFCM2530H1ZO,2026-03-30,2610650006,3400838918,2026,3192712020,001,,0000,000,2026-03-25,2026-01-15,INR,262701704378,RE,H,-163766.94,-163766.94,Fixed Staff & GMI-JAN-26,0016080001,,,2026-03-25,C005,139733,1118,,,,,,,
1001,DIM00398AJ,MAHINDRA LOGISTICS LIMITED,27AAFCM2530H1ZO,2026-03-30,2610650006,3400838918,2026,3192713297,001,,0000,000,2026-03-25,2026-01-08,INR,262701675775,RE,H,-9306.38,-9306.38,Fixed Staff & GMI-DEC-25,0016080001,,,2026-03-25,C005,7941,64,,,,,,,
1001,DIM00398AJ,MAHINDRA LOGISTICS LIMITED,27AAFCM2530H1ZO,2026-03-30,2610650006,3400843990,2026,3192711969,001,,0000,000,2026-03-25,2026-02-16,INR,262701791923,RE,H,-147529.22,-147529.22,Fixed Staff & GMI-JAN-26,0016080001,,,2026-03-25,C005,125879,1008,,,,,,,
1001,DIM00398AJ,MAHINDRA LOGISTICS LIMITED,27AAFCM2530H1ZO,2026-03-30,2610650006,3400838918,2026,3192713957,001,,0000,000,2026-03-25,2026-01-08,INR,262701675768,RE,H,-13690.76,-13690.76,Fixed Staff & GMI-DEC-25,0016080001,,,2026-03-25,C005,11682,94,,,,,,,
1001,DIM00398AJ,MAHINDRA LOGISTICS LIMITED,27AAFCM2530H1ZO,2026-03-30,2610650006,3400838918,2026,3192713772,001,,0000,000,2026-03-25,2026-01-08,INR,262701675808,RE,H,-4835.86,-4835.86,Fixed Staff & GMI-DEC-25,0016080001,,,2026-03-25,C005,4127,34,,,,,,,
1001,DIM00398AJ,MAHINDRA LOGISTICS LIMITED,27AAFCM2530H1ZO,2026-03-30,2610650006,3400838918,2026,3192713533,001,,0000,000,2026-03-25,2026-01-08,INR,262701675793,RE,H,-5288.34,-5288.34,Fixed Staff & GMI-DEC-25,0016080001,,,2026-03-25,C005,4513,37,,,,,,,
1001,DIM00398AJ,MAHINDRA LOGISTICS LIMITED,27AAFCM2530H1ZO,2026-03-30,2610650006,3400838918,2026,3192713151,001,,0000,000,2026-03-25,2026-01-08,INR,262701675799,RE,H,-5288.34,-5288.34,Fixed Staff & GMI-DEC-25,0016080001,,,2026-03-25,C005,4513,37,,,,,,,
1001,DIM00398AJ,MAHINDRA LOGISTICS LIMITED,27AAFCM2530H1ZO,2026-03-30,2610650006,3400843990,2026,3192711913,001,,0000,000,2026-03-25,2026-02-16,INR,262701791920,RE,H,-64386.84,-64386.84,Fixed Staff & GMI-JAN-26,0016080001,,,2026-03-25,C005,54938,440,,,,,,,
1001,DIM00398AJ,MAHINDRA LOGISTICS LIMITED,27AAFCM2530H1ZO,2026-03-30,2610650006,3400838918,2026,3192713347,001,,0000,000,2026-03-25,2026-01-08,INR,262701675789,RE,H,-16358.44,-16358.44,Fixed Staff & GMI-DEC-25,0016080001,,,2026-03-25,C005,13958,112,,,,,,,
1001,DIM00398AJ,MAHINDRA LOGISTICS LIMITED,27AAFCM2530H1ZO,2026-03-30,2610650006,3400838918,2026,3192713381,001,,0000,000,2026-03-25,2026-01-08,INR,262701675823,RE,H,-9672.72,-9672.72,Fixed Staff & GMI-DEC-25,0016080001,,,2026-03-25,C005,8254,67,,,,,,,
1001,DIM00398AJ,MAHINDRA LOGISTICS LIMITED,27AAFCM2530H1ZO,2026-03-30,2610650006,3400838918,2026,3192713724,001,,0000,000,2026-03-25,2026-01-15,INR,262701704374,RE,H,-39003.4,-39003.4,Fixed Staff & GMI-DEC-25,0016080001,,,2026-03-25,C005,33280,267,,,,,,,
1001,DIM00398AJ,MAHINDRA LOGISTICS LIMITED,27AAFCM2530H1ZO,2026-03-30,2610650006,3400838918,2026,3192713798,001,,0000,000,2026-03-25,2026-01-15,INR,262701704376,RE,H,-197514.04,-197514.04,Fixed Staff & GMI-DEC-25,0016080001,,,2026-03-25,C005,168528,1349,,,,,,,
1001,DIM00398AJ,MAHINDRA LOGISTICS LIMITED,27AAFCM2530H1ZO,2026-03-30,2610650006,3400838918,2026,3192711501,001,,0000,000,2026-03-25,2026-01-08,INR,262701675849,RE,H,-42579.58,-42579.58,Fixed Staff & GMI-DEC-25,0016080001,,,2026-03-25,C005,36331,291,,,,,,,
1001,DIM00398AJ,MAHINDRA LOGISTICS LIMITED,27AAFCM2530H1ZO,2026-03-25,2610639832,,2026,2610639832,001,,0000,000,2026-03-25,2026-03-25,INR,,KZ,S,125197049.25,125197049.25,,0016080001,,,2026-03-25,,106823437.51,0,,,,,,,
1001,DIM00398AJ,MAHINDRA LOGISTICS LIMITED,27AAFCM2530H1ZO,2026-03-30,2610650006,3400838918,2026,3192713251,001,,0000,000,2026-03-25,2026-01-15,INR,262701704372,RE,H,-81327.74,-81327.74,Fixed Staff & GMI-DEC-25,0016080001,,,2026-03-25,C005,69393,556,,,,,,,
1001,DIM00398AJ,MAHINDRA LOGISTICS LIMITED,27AAFCM2530H1ZO,2026-03-30,2610650006,3400843740,2026,3192714093,001,,0000,000,2026-03-25,2026-02-11,INR,262701777562,RE,H,-37064.68,-37064.68,Supplementary invoice -Aug-24 to Feb-25,0016080001,,,2026-03-25,C005,31626,254,,,,,,,
1001,DIM00398AJ,MAHINDRA LOGISTICS LIMITED,27AAFCM2530H1ZO,2026-03-30,2610650006,3400838918,2026,3192713393,001,,0000,000,2026-03-25,2026-01-15,INR,262701704370,RE,H,-126339.82,-126339.82,Fixed Staff & GMI-DEC-25,0016080001,,,2026-03-25,C005,107799,863,,,,,,,
1001,DIM00398AJ,MAHINDRA LOGISTICS LIMITED,27AAFCM2530H1ZO,2026-03-30,2610650006,3400838918,2026,3192713733,001,,0000,000,2026-03-25,2026-01-15,INR,262701704382,RE,H,-398644.38,-398644.38,Fixed Staff & GMI-DEC-25,0016080001,,,2026-03-25,C005,340141,2722,,,,,,,
1001,DIM00398AJ,MAHINDRA LOGISTICS LIMITED,27AAFCM2530H1ZO,2026-03-30,2610650006,3400838918,2026,3192711829,001,,0000,000,2026-03-25,2026-01-08,INR,262701675763,RE,H,-27021.08,-27021.08,Fixed Staff & GMI-DEC-25,0016080001,,,2026-03-25,C005,23056,185,,,,,,,
1001,DIM00398AJ,MAHINDRA LOGISTICS LIMITED,27AAFCM2530H1ZO,2026-03-30,2610650006,3400839037,2026,3192795979,001,,0000,000,2026-03-27,2026-01-15,INR,262701704440,RE,H,-151088.88,-151088.88,CLMS-DEC-25,0016080001,,,2026-03-27,C005,128916,1032,,,,,,,
1001,DIM00398AJ,MAHINDRA LOGISTICS LIMITED,27AAFCM2530H1ZO,2026-03-30,2610650006,3400839037,2026,3192795954,001,,0000,000,2026-03-27,2026-01-15,INR,262701704428,RE,H,-280412.98,-280412.98,CLMS-DEC-25,0016080001,,,2026-03-27,C005,239261,1915,,,,,,,
1001,DIM00398AJ,MAHINDRA LOGISTICS LIMITED,27AAFCM2530H1ZO,2026-03-30,2610650006,3400839037,2026,3192795940,001,,0000,000,2026-03-27,2026-01-15,INR,262701704460,RE,H,-292288.92,-292288.92,CLMS-DEC-25,0016080001,,,2026-03-27,C005,249394,1996,,,,,,,
1001,DIM00398AJ,MAHINDRA LOGISTICS LIMITED,27AAFCM2530H1ZO,2026-03-30,2610650006,3400839037,2026,3192796364,001,,0000,000,2026-03-27,2026-01-15,INR,262701704486,RE,H,-18884.34,-18884.34,CLMS-DEC-25,0016080001,,,2026-03-27,C005,16113,129,,,,,,,
1001,DIM00398AJ,MAHINDRA LOGISTICS LIMITED,27AAFCM2530H1ZO,2026-03-30,2610650006,3400839037,2026,3192795965,001,,0000,000,2026-03-27,2026-01-15,INR,262701704424,RE,H,-279299.98,-279299.98,CLMS-DEC-25,0016080001,,,2026-03-27,C005,238311,1907,,,,,,,
1001,DIM00398AJ,MAHINDRA LOGISTICS LIMITED,27AAFCM2530H1ZO,2026-03-30,2610650006,3400839037,2026,3192796325,001,,0000,000,2026-03-27,2026-01-15,INR,262701704448,RE,H,-34399.18,-34399.18,CLMS-DEC-25,0016080001,,,2026-03-27,C005,29351,235,,,,,,,
1001,DIM00398AJ,MAHINDRA LOGISTICS LIMITED,27AAFCM2530H1ZO,2026-03-30,2610650006,3400843980,2026,3192795860,001,,0000,000,2026-03-27,2026-02-11,INR,262701779846,RE,H,-38458.7,-38458.7,CLMS-JAN-26,0016080001,,,2026-03-27,C005,32815,263,,,,,,,
1001,DIM00398AJ,MAHINDRA LOGISTICS LIMITED,27AAFCM2530H1ZO,2026-03-30,2610650006,3400839037,2026,3192796280,001,,0000,000,2026-03-27,2026-01-15,INR,262701704444,RE,H,-82538.68,-82538.68,CLMS-DEC-25,0016080001,,,2026-03-27,C005,70426,564,,,,,,,
1001,DIM00398AJ,MAHINDRA LOGISTICS LIMITED,27AAFCM2530H1ZO,2026-03-30,2610650006,3400839037,2026,3192796307,001,,0000,000,2026-03-27,2026-01-15,INR,262701704452,RE,H,-64530.98,-64530.98,CLMS-DEC-25,0016080001,,,2026-03-27,C005,55061,441,,,,,,,
1001,DIM00398AJ,MAHINDRA LOGISTICS LIMITED,27AAFCM2530H1ZO,2026-03-30,2610650006,3400843980,2026,3192795870,001,,0000,000,2026-03-27,2026-02-11,INR,262701779888,RE,H,-33422.24,-33422.24,CLMS-JAN-26,0016080001,,,2026-03-27,C005,28518,229,,,,,,,
1001,DIM00398AJ,MAHINDRA LOGISTICS LIMITED,27AAFCM2530H1ZO,2026-03-30,2610650006,3400839037,2026,3192796296,001,,0000,000,2026-03-27,2026-01-15,INR,262701704434,RE,H,-79239.98,-79239.98,CLMS-DEC-25,0016080001,,,2026-03-27,C005,67611,541,,,,,,,
1001,DIM00398AJ,MAHINDRA LOGISTICS LIMITED,27AAFCM2530H1ZO,2026-03-30,2610650006,3400839037,2026,3192796726,001,,0000,000,2026-03-27,2026-01-15,INR,262701704512,RE,H,-14185.72,-14185.72,CLMS-DEC-25,0016080001,,,2026-03-27,C005,12104,97,,,,,,,
1001,DIM00398AJ,MAHINDRA LOGISTICS LIMITED,27AAFCM2530H1ZO,2026-03-30,2610650006,3400839037,2026,3192796396,001,,0000,000,2026-03-27,2026-01-15,INR,262701704499,RE,H,-7594.4,-7594.4,CLMS-DEC-25,0016080001,,,2026-03-27,C005,6480,52,,,,,,,
1001,DIM00398AJ,MAHINDRA LOGISTICS LIMITED,27AAFCM2530H1ZO,2026-03-30,2610650006,3400839037,2026,3192796229,001,,0000,000,2026-03-27,2026-01-15,INR,262701704471,RE,H,-133212.34,-133212.34,CLMS-DEC-25,0016080001,,,2026-03-27,C005,113663,910,,,,,,,
1001,DIM00398AJ,MAHINDRA LOGISTICS LIMITED,27AAFCM2530H1ZO,2026-03-30,2610650006,3400839037,2026,3192796317,001,,0000,000,2026-03-27,2026-01-15,INR,262701704437,RE,H,-42607.9,-42607.9,CLMS-DEC-25,0016080001,,,2026-03-27,C005,36355,291,,,,,,,
1001,DIM00398AJ,MAHINDRA LOGISTICS LIMITED,27AAFCM2530H1ZO,2026-03-30,2610650006,3400843980,2026,3192795781,001,,0000,000,2026-03-27,2026-02-11,INR,262701779865,RE,H,-169705,-169705,CLMS-JAN-26,0016080001,,,2026-03-27,C005,144800,1159,,,,,,,
1001,DIM00398AJ,MAHINDRA LOGISTICS LIMITED,27AAFCM2530H1ZO,2026-03-30,2610650006,3400839037,2026,3192796193,001,,0000,000,2026-03-27,2026-01-15,INR,262701704493,RE,H,-144152.46,-144152.46,CLMS-DEC-25,0016080001,,,2026-03-27,C005,122997,984,,,,,,,
1001,DIM00398AJ,MAHINDRA LOGISTICS LIMITED,27AAFCM2530H1ZO,2026-03-30,2610650006,3400843980,2026,3192795889,001,,0000,000,2026-03-27,2026-02-11,INR,262701779843,RE,H,-9829.84,-9829.84,CLMS-JAN-26,0016080001,,,2026-03-27,C005,8388,68,,,,,,,
1001,DIM00398AJ,MAHINDRA LOGISTICS LIMITED,27AAFCM2530H1ZO,2026-03-30,2610650006,3400839037,2026,3192796255,001,,0000,000,2026-03-27,2026-01-15,INR,262701704464,RE,H,-113024.84,-113024.84,CLMS-DEC-25,0016080001,,,2026-03-27,C005,96438,772,,,,,,,
1001,DIM00398AJ,MAHINDRA LOGISTICS LIMITED,27AAFCM2530H1ZO,2026-03-30,2610650006,3400843980,2026,3192795811,001,,0000,000,2026-03-27,2026-02-11,INR,262701779866,RE,H,-111145.12,-111145.12,CLMS-JAN-26,0016080001,,,2026-03-27,C005,94834,759,,,,,,,
1001,DIM00398AJ,MAHINDRA LOGISTICS LIMITED,27AAFCM2530H1ZO,2026-03-30,2610650006,3400839037,2026,3192796537,001,,0000,000,2026-03-27,2026-01-15,INR,262701704457,RE,H,-6785.2,-6785.2,CLMS-DEC-25,0016080001,,,2026-03-27,C005,5790,47,,,,,,,
1001,DIM00398AJ,MAHINDRA LOGISTICS LIMITED,27AAFCM2530H1ZO,2026-03-30,2610650006,3400843980,2026,3192795842,001,,0000,000,2026-03-27,2026-02-11,INR,262701779864,RE,H,-65568.28,-65568.28,CLMS-JAN-26,0016080001,,,2026-03-27,C005,55946,448,,,,,,,
1001,DIM00398AJ,MAHINDRA LOGISTICS LIMITED,27AAFCM2530H1ZO,2026-03-30,2610650006,3400839037,2026,3192796348,001,,0000,000,2026-03-27,2026-01-15,INR,262701704496,RE,H,-20943.6,-20943.6,CLMS-DEC-25,0016080001,,,2026-03-27,C005,17870,143,,,,,,,
1001,DIM00398AJ,MAHINDRA LOGISTICS LIMITED,27AAFCM2530H1ZO,2026-03-30,2610650006,3400843980,2026,3192795754,001,,0000,000,2026-03-27,2026-02-11,INR,262701779873,RE,H,-352579.48,-352579.48,CLMS-JAN-26,0016080001,,,2026-03-27,C005,300836,2407,,,,,,,
1001,DIM00398AJ,MAHINDRA LOGISTICS LIMITED,27AAFCM2530H1ZO,2026-03-30,2610650006,3400839037,2026,3192796595,001,,0000,000,2026-03-27,2026-01-15,INR,262701704497,RE,H,-2791.94,-2791.94,CLMS-DEC-25,0016080001,,,2026-03-27,C005,2383,20,,,,,,,
1001,DIM00398AJ,MAHINDRA LOGISTICS LIMITED,27AAFCM2530H1ZO,2026-03-30,2610650006,3400839037,2026,3192796705,001,,0000,000,2026-03-27,2026-01-15,INR,262701704504,RE,H,-17002.44,-17002.44,CLMS-DEC-25,0016080001,,,2026-03-27,C005,14508,117,,,,,,,
1001,DIM00398AJ,MAHINDRA LOGISTICS LIMITED,27AAFCM2530H1ZO,2026-03-30,2610650006,3400839037,2026,3192796669,001,,0000,000,2026-03-27,2026-01-15,INR,262701704477,RE,H,-2561.48,-2561.48,CLMS-DEC-25,0016080001,,,2026-03-27,C005,2186,18,,,,,,,
1001,DIM00398AJ,MAHINDRA LOGISTICS LIMITED,27AAFCM2530H1ZO,2026-03-30,2610650006,3400839023,2026,3192795929,001,,0000,000,2026-03-27,2026-01-15,INR,262701704488,RE,H,-714744,-714744,CLMS-DEC-25,0016080001,,,2026-03-27,C005,609850,4879,,,,,,,
1001,DIM00398AJ,MAHINDRA LOGISTICS LIMITED,27AAFCM2530H1ZO,2026-03-30,2610650006,3400839037,2026,3192796583,001,,0000,000,2026-03-27,2026-01-15,INR,262701704481,RE,H,-3601.14,-3601.14,CLMS-DEC-25,0016080001,,,2026-03-27,C005,3073,25,,,,,,,
1001,DIM00398AJ,MAHINDRA LOGISTICS LIMITED,27AAFCM2530H1ZO,2026-03-30,2610650006,3400839037,2026,3192796374,001,,0000,000,2026-03-27,2026-01-15,INR,262701704479,RE,H,-18763.98,-18763.98,CLMS-DEC-25,0016080001,,,2026-03-27,C005,16011,129,,,,,,,
1001,DIM00398AJ,MAHINDRA LOGISTICS LIMITED,27AAFCM2530H1ZO,2026-03-30,2610650006,3400839037,2026,3192796406,001,,0000,000,2026-03-27,2026-01-15,INR,262701704450,RE,H,-7203.46,-7203.46,CLMS-DEC-25,0016080001,,,2026-03-27,C005,6147,50,,,,,,,
1001,DIM00398AJ,MAHINDRA LOGISTICS LIMITED,27AAFCM2530H1ZO,2026-03-30,2610650006,3400839037,2026,3192796386,001,,0000,000,2026-03-27,2026-01-15,INR,262701704431,RE,H,-11195.54,-11195.54,CLMS-DEC-25,0016080001,,,2026-03-27,C005,9553,77,,,,,,,
1001,DIM00398AJ,MAHINDRA LOGISTICS LIMITED,27AAFCM2530H1ZO,2026-03-30,2610650006,3400843980,2026,3192795832,001,,0000,000,2026-03-27,2026-02-11,INR,262701779868,RE,H,-92310.52,-92310.52,CLMS-JAN-26,0016080001,,,2026-03-27,C005,78764,631,,,,,,,
1001,DIM00398AJ,MAHINDRA LOGISTICS LIMITED,27AAFCM2530H1ZO,2026-03-30,2610650006,3400839037,2026,3192796683,001,,0000,000,2026-03-27,2026-01-15,INR,262701704446,RE,H,-4802.64,-4802.64,CLMS-DEC-25,0016080001,,,2026-03-27,C005,4098,33,,,,,,,
1001,DIM00398AJ,MAHINDRA LOGISTICS LIMITED,27AAFCM2530H1ZO,2026-03-30,2610650006,3400839037,2026,3192796340,001,,0000,000,2026-03-27,2026-01-15,INR,262701704442,RE,H,-25799.52,-25799.52,CLMS-DEC-25,0016080001,,,2026-03-27,C005,22014,177,,,,,,,
1001,DIM00398AJ,MAHINDRA LOGISTICS LIMITED,27AAFCM2530H1ZO,2026-03-30,2610650006,3400843980,2026,3192795877,001,,0000,000,2026-03-27,2026-02-11,INR,262701779858,RE,H,-21934.88,-21934.88,CLMS-JAN-26,0016080001,,,2026-03-27,C005,18716,150,,,,,,,
1001,DIM00398AJ,MAHINDRA LOGISTICS LIMITED,27AAFCM2530H1ZO,2026-03-30,2610650006,3400839037,2026,3192796548,001,,0000,000,2026-03-27,2026-01-15,INR,262701704495,RE,H,-4300.6,-4300.6,CLMS-DEC-25,0016080001,,,2026-03-27,C005,3670,30,,,,,,,
1001,DIM00398AJ,MAHINDRA LOGISTICS LIMITED,27AAFCM2530H1ZO,2026-03-30,2610650006,3400843980,2026,3192795773,001,,0000,000,2026-03-27,2026-02-11,INR,262701779878,RE,H,-332681.44,-332681.44,CLMS-JAN-26,0016080001,,,2026-03-27,C005,283858,2271,,,,,,,
1001,DIM00398AJ,MAHINDRA LOGISTICS LIMITED,27AAFCM2530H1ZO,2026-03-30,2610650006,3400843980,2026,3192795793,001,,0000,000,2026-03-27,2026-02-11,INR,262701779871,RE,H,-157810.18,-157810.18,CLMS-JAN-26,0016080001,,,2026-03-27,C005,134651,1078,,,,,,,
1001,DIM00398AJ,MAHINDRA LOGISTICS LIMITED,27AAFCM2530H1ZO,2026-03-30,2610650006,3400839037,2026,3192796266,001,,0000,000,2026-03-27,2026-01-15,INR,262701704462,RE,H,-101206.72,-101206.72,CLMS-DEC-25,0016080001,,,2026-03-27,C005,86354,691,,,,,,,
1001,DIM00398AJ,MAHINDRA LOGISTICS LIMITED,27AAFCM2530H1ZO,2026-03-30,2610650006,3400839037,2026,3192796692,001,,0000,000,2026-03-27,2026-01-15,INR,262701704502,RE,H,-57627.78,-57627.78,CLMS-DEC-25,0016080001,,,2026-03-27,C005,49171,394,,,,,,,
1001,DIM00398AJ,MAHINDRA LOGISTICS LIMITED,27AAFCM2530H1ZO,2026-03-30,2610650006,3400850657,2026,3192832609,001,,0000,000,2026-03-28,2026-03-13,INR,262701867382,RE,H,-2662165.61,-2662165.61,Warehouse Services -CKN 40K WH-NOV-25,0016080001,,,2026-03-28,C005,2271472.55,18172,,,,,,,
1001,DIM00398AJ,MAHINDRA LOGISTICS LIMITED,27AAFCM2530H1ZO,2026-03-30,2610650006,3400850650,2026,3192836947,001,,0000,000,2026-03-28,2026-03-14,INR,262701870193,RE,H,-48197.32,-48197.32,Fixed Staff & GMI-FEB-26,0016080001,,,2026-03-28,C005,41124,329,,,,,,,
1001,DIM00398AJ,MAHINDRA LOGISTICS LIMITED,27AAFCM2530H1ZO,2026-03-30,2610650006,3400850650,2026,3192836651,001,,0000,000,2026-03-28,2026-03-14,INR,262701870190,RE,H,-141482.42,-141482.42,Fixed Staff & GMI-FEB-26,0016080001,,,2026-03-28,C005,120719,966,,,,,,,
1001,DIM00398AJ,MAHINDRA LOGISTICS LIMITED,27AAFCM2530H1ZO,2026-03-30,2610650006,3400850650,2026,3192836635,001,,0000,000,2026-03-28,2026-03-14,INR,262701870194,RE,H,-1207685.82,-1207685.82,Fixed Staff & GMI-FEB-26,0016080001,,,2026-03-28,C005,1030449,8244,,,,,,,
1001,DIM00398AJ,MAHINDRA LOGISTICS LIMITED,27AAFCM2530H1ZO,2026-03-30,2610650006,3400850650,2026,3192835746,001,,0000,000,2026-03-28,2026-03-14,INR,262701870220,RE,H,-301637.6,-301637.6,Fixed Staff & GMI-FEB-26,0016080001,,,2026-03-28,C005,257370,2059,,,,,,,
1001,DIM00398AJ,MAHINDRA LOGISTICS LIMITED,27AAFCM2530H1ZO,2026-03-30,2610650006,3400850657,2026,3192832706,001,,0000,000,2026-03-28,2026-03-13,INR,262701867379,RE,H,-1675632.67,-1675632.67,Warehouse Services -CKN 40K WH-AUG-25,0016080001,,,2026-03-28,C005,1429720.91,11438,,,,,,,
1001,DIM00398AJ,MAHINDRA LOGISTICS LIMITED,27AAFCM2530H1ZO,2026-03-30,2610650006,3400850657,2026,3192832742,001,,0000,000,2026-03-28,2026-03-13,INR,262701867385,RE,H,-1279614.2,-1279614.2,Warehouse Services -CKN -80K WH-AUG-25,0016080001,,,2026-03-28,C005,1091821.36,8735,,,,,,,
1001,DIM00398AJ,MAHINDRA LOGISTICS LIMITED,27AAFCM2530H1ZO,2026-03-30,2610650006,3400850650,2026,3192836517,001,,0000,000,2026-03-28,2026-03-14,INR,262701870231,RE,H,-761062.78,-761062.78,Fixed Staff & GMI-FEB-26,0016080001,,,2026-03-28,C005,649371,5195,,,,,,,
1001,DIM00398AJ,MAHINDRA LOGISTICS LIMITED,27AAFCM2530H1ZO,2026-03-30,2610650006,3400850657,2026,3192832513,001,,0000,000,2026-03-28,2026-03-13,INR,262701867381,RE,H,-2748441.45,-2748441.45,Warehouse Services -CKN 40K WH-OCT-25,0016080001,,,2026-03-28,C005,2345086.83,18761,,,,,,,
1001,DIM00398AJ,MAHINDRA LOGISTICS LIMITED,27AAFCM2530H1ZO,2026-03-30,2610650006,3400850650,2026,3192836700,001,,0000,000,2026-03-28,2026-03-14,INR,262701870221,RE,H,-396375.9,-396375.9,Fixed Staff & GMI-FEB-26,0016080001,,,2026-03-28,C005,338205,2706,,,,,,,
1001,DIM00398AJ,MAHINDRA LOGISTICS LIMITED,27AAFCM2530H1ZO,2026-03-30,2610650006,3400850650,2026,3192836403,001,,0000,000,2026-03-28,2026-03-14,INR,262701870200,RE,H,-466714.78,-466714.78,Fixed Staff & GMI-FEB-26,0016080001,,,2026-03-28,C005,398221,3186,,,,,,,
1001,DIM00398AJ,MAHINDRA LOGISTICS LIMITED,27AAFCM2530H1ZO,2026-03-30,2610650006,3400850650,2026,3192835957,001,,0000,000,2026-03-28,2026-03-14,INR,262701870213,RE,H,-273506.06,-273506.06,Fixed Staff & GMI-FEB-26,0016080001,,,2026-03-28,C005,233367,1867,,,,,,,
1001,DIM00398AJ,MAHINDRA LOGISTICS LIMITED,27AAFCM2530H1ZO,2026-03-30,2610650006,3400850650,2026,3192835889,001,,0000,000,2026-03-28,2026-03-14,INR,262701870201,RE,H,-206444.64,-206444.64,Fixed Staff & GMI-FEB-26,0016080001,,,2026-03-28,C005,176148,1410,,,,,,,
1001,DIM00398AJ,MAHINDRA LOGISTICS LIMITED,27AAFCM2530H1ZO,2026-03-30,2610650006,3400850650,2026,3192836582,001,,0000,000,2026-03-28,2026-03-14,INR,262701870206,RE,H,-157012.6,-157012.6,Fixed Staff & GMI-FEB-26,0016080001,,,2026-03-28,C005,133970,1072,,,,,,,
1001,DIM00398AJ,MAHINDRA LOGISTICS LIMITED,27AAFCM2530H1ZO,2026-03-30,2610650006,3400850650,2026,3192831486,001,,0000,000,2026-03-28,2026-03-14,INR,262701870191,RE,H,-399087.42,-399087.42,Fixed Staff & GMI-FEB-26,0016080001,,,2026-03-28,C005,340519,2725,,,,,,,
1001,DIM00398AJ,MAHINDRA LOGISTICS LIMITED,27AAFCM2530H1ZO,2026-03-30,2610650006,3400850650,2026,3192835813,001,,0000,000,2026-03-28,2026-03-14,INR,262701870199,RE,H,-218604.14,-218604.14,Fixed Staff & GMI-FEB-26,0016080001,,,2026-03-28,C005,186523,1493,,,,,,,
1001,DIM00398AJ,MAHINDRA LOGISTICS LIMITED,27AAFCM2530H1ZO,2026-03-30,2610650006,3400850650,2026,3192836539,001,,0000,000,2026-03-28,2026-03-14,INR,262701870210,RE,H,-630198.16,-630198.16,Fixed Staff & GMI-FEB-26,0016080001,,,2026-03-28,C005,537712,4302,,,,,,,
1001,DIM00398AJ,MAHINDRA LOGISTICS LIMITED,27AAFCM2530H1ZO,2026-03-30,2610650006,3400850650,2026,3192836782,001,,0000,000,2026-03-28,2026-03-14,INR,262701870238,RE,H,-49982.64,-49982.64,Fixed Staff & GMI-FEB-26,0016080001,,,2026-03-28,C005,42648,342,,,,,,,
1001,DIM00398AJ,MAHINDRA LOGISTICS LIMITED,27AAFCM2530H1ZO,2026-03-30,2610650006,3400850650,2026,3192836693,001,,0000,000,2026-03-28,2026-03-14,INR,262701870235,RE,H,-49982.64,-49982.64,Fixed Staff & GMI-FEB-26,0016080001,,,2026-03-28,C005,42648,342,,,,,,,
1001,DIM00398AJ,MAHINDRA LOGISTICS LIMITED,27AAFCM2530H1ZO,2026-03-30,2610650006,3400850650,2026,3192836586,001,,0000,000,2026-03-28,2026-03-14,INR,262701870203,RE,H,-89494.98,-89494.98,Fixed Staff & GMI-FEB-26,0016080001,,,2026-03-28,C005,76361,611,,,,,,,
1001,DIM00398AJ,MAHINDRA LOGISTICS LIMITED,27AAFCM2530H1ZO,2026-03-30,2610650006,3400850650,2026,3192836787,001,,0000,000,2026-03-28,2026-03-14,INR,262701870224,RE,H,-214106.3,-214106.3,Fixed Staff & GMI-FEB-26,0016080001,,,2026-03-28,C005,182685,1462,,,,,,,
1001,DIM00398AJ,MAHINDRA LOGISTICS LIMITED,27AAFCM2530H1ZO,2026-03-30,2610650006,3400850657,2026,3192837024,001,,0000,000,2026-03-28,2026-02-28,INR,262701829330,RE,H,-75161.67,-75161.67,Fixed Fees Count change Apr- 25 to Nov-25,0016080001,,,2026-03-28,C005,64131.93,514,,,,,,,
1001,DIM00398AJ,MAHINDRA LOGISTICS LIMITED,27AAFCM2530H1ZO,2026-03-30,2610650006,3400850650,2026,3192836591,001,,0000,000,2026-03-28,2026-03-14,INR,262701870208,RE,H,-54650.58,-54650.58,Fixed Staff & GMI-FEB-26,0016080001,,,2026-03-28,C005,46631,374,,,,,,,
1001,DIM00398AJ,MAHINDRA LOGISTICS LIMITED,27AAFCM2530H1ZO,2026-03-30,2610650006,3400850650,2026,3192836846,001,,0000,000,2026-03-28,2026-03-14,INR,262701870219,RE,H,-41515.14,-41515.14,Fixed Staff & GMI-FEB-26,0016080001,,,2026-03-28,C005,35423,284,,,,,,,
1001,DIM00398AJ,MAHINDRA LOGISTICS LIMITED,27AAFCM2530H1ZO,2026-03-30,2610650006,3400850650,2026,3192836548,001,,0000,000,2026-03-28,2026-03-14,INR,262701870207,RE,H,-149948.74,-149948.74,Fixed Staff & GMI-FEB-26,0016080001,,,2026-03-28,C005,127943,1024,,,,,,,
1001,DIM00398AJ,MAHINDRA LOGISTICS LIMITED,27AAFCM2530H1ZO,2026-03-30,2610650006,3400850650,2026,3192834793,001,,0000,000,2026-03-28,2026-03-14,INR,262701870232,RE,H,-67429.12,-67429.12,Fixed Staff & GMI-FEB-26,0016080001,,,2026-03-28,C005,57534,461,,,,,,,
1001,DIM00398AJ,MAHINDRA LOGISTICS LIMITED,27AAFCM2530H1ZO,2026-03-30,2610650006,3400850650,2026,3192836574,001,,0000,000,2026-03-28,2026-03-14,INR,262701870211,RE,H,-514326.1,-514326.1,Fixed Staff & GMI-FEB-26,0016080001,,,2026-03-28,C005,438845,3511,,,,,,,
1001,DIM00398AJ,MAHINDRA LOGISTICS LIMITED,27AAFCM2530H1ZO,2026-03-30,2610650006,3400850650,2026,3192836913,001,,0000,000,2026-03-28,2026-03-14,INR,262701870215,RE,H,-1445523.94,-1445523.94,Fixed Staff & GMI-FEB-26,0016080001,,,2026-03-28,C005,1233383,9868,,,,,,,
1001,DIM00398AJ,MAHINDRA LOGISTICS LIMITED,27AAFCM2530H1ZO,2026-03-30,2610650006,3400850657,2026,3192832629,001,,0000,000,2026-03-28,2026-03-13,INR,262701867384,RE,H,-2705090.61,-2705090.61,Warehouse Services -CKN 40K WH-JAN-26,0016080001,,,2026-03-28,C005,2308097.97,18465,,,,,,,
1001,DIM00398AJ,MAHINDRA LOGISTICS LIMITED,27AAFCM2530H1ZO,2026-03-30,2610650006,3400850650,2026,3192834805,001,,0000,000,2026-03-28,2026-03-14,INR,262701870230,RE,H,-4794108.66,-4794108.66,Fixed Staff & GMI-FEB-26,0016080001,,,2026-03-28,C005,4090537,32725,,,,,,,
1001,DIM00398AJ,MAHINDRA LOGISTICS LIMITED,27AAFCM2530H1ZO,2026-03-30,2610650006,3400850650,2026,3192834933,001,,0000,000,2026-03-28,2026-03-14,INR,262701870227,RE,H,-54650.58,-54650.58,Fixed Staff & GMI-FEB-26,0016080001,,,2026-03-28,C005,46631,374,,,,,,,
1001,DIM00398AJ,MAHINDRA LOGISTICS LIMITED,27AAFCM2530H1ZO,2026-03-30,2610650006,3400850650,2026,3192834905,001,,0000,000,2026-03-28,2026-03-14,INR,262701870234,RE,H,-1920670.64,-1920670.64,Fixed Staff & GMI-FEB-26,0016080001,,,2026-03-28,C005,1638798,13111,,,,,,,
1001,DIM00398AJ,MAHINDRA LOGISTICS LIMITED,27AAFCM2530H1ZO,2026-03-30,2610650006,3400850657,2026,3192832718,001,,0000,000,2026-03-28,2026-03-13,INR,262701867392,RE,H,-113589.68,-113589.68,Warehouse Services -CKN 131K WH-HIKE-AUG025 TO DEC,0016080001,,,2026-03-28,C005,96920.06,776,,,,,,,
1001,DIM00398AJ,MAHINDRA LOGISTICS LIMITED,27AAFCM2530H1ZO,2026-03-30,2610650006,3400850650,2026,3192834900,001,,0000,000,2026-03-28,2026-03-14,INR,262701870239,RE,H,-54650.58,-54650.58,Fixed Staff & GMI-FEB-26,0016080001,,,2026-03-28,C005,46631,374,,,,,,,
1001,DIM00398AJ,MAHINDRA LOGISTICS LIMITED,27AAFCM2530H1ZO,2026-03-30,2610650006,3400850650,2026,3192835686,001,,0000,000,2026-03-28,2026-03-14,INR,262701870242,RE,H,-213936.2,-213936.2,Fixed Staff & GMI-FEB-26,0016080001,,,2026-03-28,C005,182540,1461,,,,,,,
1001,DIM00398AJ,MAHINDRA LOGISTICS LIMITED,27AAFCM2530H1ZO,2026-03-30,2610650006,3400850650,2026,3192835758,001,,0000,000,2026-03-28,2026-03-14,INR,262701870209,RE,H,-2342850.6,-2342850.6,Fixed Staff & GMI-FEB-26,0016080001,,,2026-03-28,C005,1999020,15993,,,,,,,
1001,DIM00398AJ,MAHINDRA LOGISTICS LIMITED,27AAFCM2530H1ZO,2026-03-30,2610650006,3400850650,2026,3192836720,001,,0000,000,2026-03-28,2026-03-14,INR,262701870214,RE,H,-48197.32,-48197.32,Fixed Staff & GMI-FEB-26,0016080001,,,2026-03-28,C005,41124,329,,,,,,,
1001,DIM00398AJ,MAHINDRA LOGISTICS LIMITED,27AAFCM2530H1ZO,2026-03-30,2610650006,3400850650,2026,3192836707,001,,0000,000,2026-03-28,2026-03-14,INR,262701870226,RE,H,-1278253.98,-1278253.98,Fixed Staff & GMI-FEB-26,0016080001,,,2026-03-28,C005,1090661,8726,,,,,,,
1001,DIM00398AJ,MAHINDRA LOGISTICS LIMITED,27AAFCM2530H1ZO,2026-03-30,2610650006,3400847937,2026,3192831626,001,,0000,000,2026-03-28,2026-02-11,INR,262701777612,RE,H,-674957.54,-674957.54,Supplementary invoice -Aug-24 to Feb-25,0016080001,,,2026-03-28,C005,575903,4608,,,,,,,
1001,DIM00398AJ,MAHINDRA LOGISTICS LIMITED,27AAFCM2530H1ZO,2026-03-30,2610650006,3400850650,2026,3192836795,001,,0000,000,2026-03-28,2026-03-14,INR,262701870228,RE,H,-132932.32,-132932.32,Fixed Staff & GMI-FEB-26,0016080001,,,2026-03-28,C005,113424,908,,,,,,,
1001,DIM00398AJ,MAHINDRA LOGISTICS LIMITED,27AAFCM2530H1ZO,2026-03-30,2610650006,3400850650,2026,3192835519,001,,0000,000,2026-03-28,2026-03-14,INR,262701870236,RE,H,-126488.68,-126488.68,Fixed Staff & GMI-FEB-26,0016080001,,,2026-03-28,C005,107926,864,,,,,,,
1001,DIM00398AJ,MAHINDRA LOGISTICS LIMITED,27AAFCM2530H1ZO,2026-03-30,2610650006,3400850650,2026,3192835539,001,,0000,000,2026-03-28,2026-03-14,INR,262701870216,RE,H,-196765.02,-196765.02,Fixed Staff & GMI-FEB-26,0016080001,,,2026-03-28,C005,167889,1344,,,,,,,
1001,DIM00398AJ,MAHINDRA LOGISTICS LIMITED,27AAFCM2530H1ZO,2026-03-30,2610650006,3400850657,2026,3192832264,001,,0000,000,2026-03-28,2026-03-13,INR,262701867387,RE,H,-2797971.91,-2797971.91,Warehouse Services -CKN 80K WH-OCT-25,0016080001,,,2026-03-28,C005,2387348.23,19099,,,,,,,
1001,DIM00398AJ,MAHINDRA LOGISTICS LIMITED,27AAFCM2530H1ZO,2026-03-30,2610650006,3400850650,2026,3192834914,001,,0000,000,2026-03-28,2026-03-14,INR,262701870229,RE,H,-282698.98,-282698.98,Fixed Staff & GMI-FEB-26,0016080001,,,2026-03-28,C005,241211,1930,,,,,,,
1001,DIM00398AJ,MAHINDRA LOGISTICS LIMITED,27AAFCM2530H1ZO,2026-03-30,2610650006,3400850657,2026,3192832580,001,,0000,000,2026-03-28,2026-03-13,INR,262701867391,RE,H,-5867666.32,-5867666.32,Warehouse Services -CKN 131K WH-JAN-26,0016080001,,,2026-03-28,C005,5006541.8,40053,,,,,,,
1001,DIM00398AJ,MAHINDRA LOGISTICS LIMITED,27AAFCM2530H1ZO,2026-03-30,2610650006,3400850650,2026,3192835869,001,,0000,000,2026-03-28,2026-03-14,INR,262701870233,RE,H,-4752349.08,-4752349.08,Fixed Staff & GMI-FEB-26,0016080001,,,2026-03-28,C005,4054906,32440,,,,,,,
1001,DIM00398AJ,MAHINDRA LOGISTICS LIMITED,27AAFCM2530H1ZO,2026-03-30,2610650006,3400850657,2026,3192832699,001,,0000,000,2026-03-28,2026-03-13,INR,262701867383,RE,H,-2788072.67,-2788072.67,Warehouse Services -CKN 40K WH-DEC-25,0016080001,,,2026-03-28,C005,2378902.27,19032,,,,,,,
1001,DIM00398AJ,MAHINDRA LOGISTICS LIMITED,27AAFCM2530H1ZO,2026-03-30,2610650006,3400850650,2026,3192836510,001,,0000,000,2026-03-28,2026-03-14,INR,262701870202,RE,H,-312762.16,-312762.16,Fixed Staff & GMI-FEB-26,0016080001,,,2026-03-28,C005,266862,2135,,,,,,,
1001,DIM00398AJ,MAHINDRA LOGISTICS LIMITED,27AAFCM2530H1ZO,2026-03-30,2610650006,3400850650,2026,3192831453,001,,0000,000,2026-03-28,2026-03-14,INR,262701870189,RE,H,-13662.44,-13662.44,Fixed Staff & GMI-FEB-26,0016080001,,,2026-03-28,C005,11658,94,,,,,,,
1001,DIM00398AJ,MAHINDRA LOGISTICS LIMITED,27AAFCM2530H1ZO,2026-03-30,2610650006,3400850657,2026,3192832656,001,,0000,000,2026-03-28,2026-03-13,INR,262701867388,RE,H,-2774593.54,-2774593.54,Warehouse Services -CKN 80K WH-NOV-25,0016080001,,,2026-03-28,C005,2367401.3,18940,,,,,,,
1001,DIM00398AJ,MAHINDRA LOGISTICS LIMITED,27AAFCM2530H1ZO,2026-03-30,2610650006,3400850650,2026,3192835564,001,,0000,000,2026-03-28,2026-03-14,INR,262701870225,RE,H,-129543.94,-129543.94,Fixed Staff & GMI-FEB-26,0016080001,,,2026-03-28,C005,110533,885,,,,,,,
1001,DIM00398AJ,MAHINDRA LOGISTICS LIMITED,27AAFCM2530H1ZO,2026-03-30,2610650006,3400850650,2026,3192836534,001,,0000,000,2026-03-28,2026-03-14,INR,262701870218,RE,H,-356094.3,-356094.3,Fixed Staff & GMI-FEB-26,0016080001,,,2026-03-28,C005,303835,2431,,,,,,,
1001,DIM00398AJ,MAHINDRA LOGISTICS LIMITED,27AAFCM2530H1ZO,2026-03-30,2610650006,3400850650,2026,3192835912,001,,0000,000,2026-03-28,2026-03-14,INR,262701870197,RE,H,-213936.2,-213936.2,Fixed Staff & GMI-FEB-26,0016080001,,,2026-03-28,C005,182540,1461,,,,,,,
1001,DIM00398AJ,MAHINDRA LOGISTICS LIMITED,27AAFCM2530H1ZO,2026-03-30,2610650006,3400850650,2026,3192836410,001,,0000,000,2026-03-28,2026-03-14,INR,262701870188,RE,H,-387578.82,-387578.82,Fixed Staff & GMI-FEB-26,0016080001,,,2026-03-28,C005,330699,2646,,,,,,,
1001,DIM00398AJ,MAHINDRA LOGISTICS LIMITED,27AAFCM2530H1ZO,2026-03-30,2610650006,3400850657,2026,3192832196,001,,0000,000,2026-03-28,2026-03-13,INR,262701867380,RE,H,-2512185.03,-2512185.03,Warehouse Services -CKN 40K WH-SEPT-25,0016080001,,,2026-03-28,C005,2143503.41,17149,,,,,,,
1001,DIM00398AJ,MAHINDRA LOGISTICS LIMITED,27AAFCM2530H1ZO,2026-03-30,2610650006,3400850650,2026,3192831474,001,,0000,000,2026-03-28,2026-03-14,INR,262701870185,RE,H,-3832284.06,-3832284.06,Fixed Staff & GMI-FEB-26,0016080001,,,2026-03-28,C005,3269867,26159,,,,,,,
1001,DIM00398AJ,MAHINDRA LOGISTICS LIMITED,27AAFCM2530H1ZO,2026-03-30,2610650006,3400850650,2026,3192831482,001,,0000,000,2026-03-28,2026-03-14,INR,262701870184,RE,H,-4398358.88,-4398358.88,Fixed Staff & GMI-FEB-26,0016080001,,,2026-03-28,C005,3752866,30023,,,,,,,
1001,DIM00398AJ,MAHINDRA LOGISTICS LIMITED,27AAFCM2530H1ZO,2026-03-30,2610650006,3400850650,2026,3192836941,001,,0000,000,2026-03-28,2026-03-14,INR,262701870212,RE,H,-310749.1,-310749.1,Fixed Staff & GMI-FEB-26,0016080001,,,2026-03-28,C005,265145,2122,,,,,,,
1001,DIM00398AJ,MAHINDRA LOGISTICS LIMITED,27AAFCM2530H1ZO,2026-03-30,2610650006,3400850650,2026,3192836566,001,,0000,000,2026-03-28,2026-03-14,INR,262701870217,RE,H,-984860.5,-984860.5,Fixed Staff & GMI-FEB-26,0016080001,,,2026-03-28,C005,840325,6723,,,,,,,
1001,DIM00398AJ,MAHINDRA LOGISTICS LIMITED,27AAFCM2530H1ZO,2026-03-30,2610650006,3400850657,2026,3192832644,001,,0000,000,2026-03-28,2026-03-13,INR,262701867390,RE,H,-2682203.39,-2682203.39,Warehouse Services -CKN 80K WH-JAN-26,0016080001,,,2026-03-28,C005,2288569.83,18309,,,,,,,
1001,DIM00398AJ,MAHINDRA LOGISTICS LIMITED,27AAFCM2530H1ZO,2026-03-30,2610650006,3400850657,2026,3192832210,001,,0000,000,2026-03-28,2026-03-13,INR,262701867386,RE,H,-2822142.43,-2822142.43,Warehouse Services -CKN 80K WH-SEPT-25,0016080001,,,2026-03-28,C005,2407971.55,19264,,,,,,,
1001,DIM00398AJ,MAHINDRA LOGISTICS LIMITED,27AAFCM2530H1ZO,2026-03-30,2610650006,3400850650,2026,3192835933,001,,0000,000,2026-03-28,2026-03-14,INR,262701870223,RE,H,-621122.24,-621122.24,Fixed Staff & GMI-FEB-26,0016080001,,,2026-03-28,C005,529968,4240,,,,,,,
1001,DIM00398AJ,MAHINDRA LOGISTICS LIMITED,27AAFCM2530H1ZO,2026-03-30,2610650006,3400850650,2026,3192835803,001,,0000,000,2026-03-28,2026-03-14,INR,262701870204,RE,H,-123064.9,-123064.9,Fixed Staff & GMI-FEB-26,0016080001,,,2026-03-28,C005,105005,841,,,,,,,
1001,DIM00398AJ,MAHINDRA LOGISTICS LIMITED,27AAFCM2530H1ZO,2026-03-30,2610650006,3400850650,2026,3192835486,001,,0000,000,2026-03-28,2026-03-14,INR,262701870240,RE,H,-129543.94,-129543.94,Fixed Staff & GMI-FEB-26,0016080001,,,2026-03-28,C005,110533,885,,,,,,,
1001,DIM00398AJ,MAHINDRA LOGISTICS LIMITED,27AAFCM2530H1ZO,2026-03-30,2610650006,3400850650,2026,3192836606,001,,0000,000,2026-03-28,2026-03-14,INR,262701870196,RE,H,-54650.58,-54650.58,Fixed Staff & GMI-FEB-26,0016080001,,,2026-03-28,C005,46631,374,,,,,,,
1001,DIM00398AJ,MAHINDRA LOGISTICS LIMITED,27AAFCM2530H1ZO,2026-03-30,2610650006,3400850657,2026,3192832231,001,,0000,000,2026-03-28,2026-03-13,INR,262701867389,RE,H,-2692592.69,-2692592.69,Warehouse Services -CKN 80K WH-DEC-25,0016080001,,,2026-03-28,C005,2297434.49,18380,,,,,,,
1001,DIM00398AJ,MAHINDRA LOGISTICS LIMITED,27AAFCM2530H1ZO,2026-03-30,2610650006,3400850650,2026,3192835900,001,,0000,000,2026-03-28,2026-03-14,INR,262701870192,RE,H,-537272.32,-537272.32,Fixed Staff & GMI-FEB-26,0016080001,,,2026-03-28,C005,458424,3668,,,,,,,
1001,DIM00398AJ,MAHINDRA LOGISTICS LIMITED,27AAFCM2530H1ZO,2026-03-30,2610650006,3400850650,2026,3192836555,001,,0000,000,2026-03-28,2026-03-14,INR,262701870205,RE,H,-147283.42,-147283.42,Fixed Staff & GMI-FEB-26,0016080001,,,2026-03-28,C005,125669,1006,,,,,,,
1001,DIM00398AJ,MAHINDRA LOGISTICS LIMITED,27AAFCM2530H1ZO,2026-03-30,2610650006,3400850650,2026,3192835699,001,,0000,000,2026-03-28,2026-03-14,INR,262701870241,RE,H,-570884.54,-570884.54,Fixed Staff & GMI-FEB-26,0016080001,,,2026-03-28,C005,487103,3897,,,,,,,
1001,DIM00398AJ,MAHINDRA LOGISTICS LIMITED,27AAFCM2530H1ZO,2026-03-30,2610650006,3400850650,2026,3192831439,001,,0000,000,2026-03-28,2026-03-14,INR,262701870186,RE,H,-387880.08,-387880.08,Fixed Staff & GMI-FEB-26,0016080001,,,2026-03-28,C005,330956,2648,,,,,,,
1001,DIM00398AJ,MAHINDRA LOGISTICS LIMITED,27AAFCM2530H1ZO,2026-03-30,2610650006,3400850650,2026,3192836809,001,,0000,000,2026-03-28,2026-03-14,INR,262701870222,RE,H,-96395.82,-96395.82,Fixed Staff & GMI-FEB-26,0016080001,,,2026-03-28,C005,82249,658,,,,,,,
1001,DIM00398AJ,MAHINDRA LOGISTICS LIMITED,27AAFCM2530H1ZO,2026-03-30,2610650006,3400850650,2026,3192835950,001,,0000,000,2026-03-28,2026-03-14,INR,262701870198,RE,H,-54650.58,-54650.58,Fixed Staff & GMI-FEB-26,0016080001,,,2026-03-28,C005,46631,374,,,,,,,
1001,DIM00398AJ,MAHINDRA LOGISTICS LIMITED,27AAFCM2530H1ZO,2026-03-30,2610650006,3400850650,2026,3192836528,001,,0000,000,2026-03-28,2026-03-14,INR,262701870237,RE,H,-11710.56,-11710.56,Fixed Staff & GMI-FEB-26,0016080001,,,2026-03-28,C005,9992,80,,,,,,,
1001,DIM00398AJ,MAHINDRA LOGISTICS LIMITED,27AAFCM2530H1ZO,2026-03-30,2610650006,3400850650,2026,3192836736,001,,0000,000,2026-03-28,2026-03-14,INR,262701870195,RE,H,-2726.86,-2726.86,Fixed Staff & GMI-FEB-26,0016080001,,,2026-03-28,C005,2327,19,,,,,,,
1001,DIM00398AJ,MAHINDRA LOGISTICS LIMITED,27AAFCM2530H1ZO,2026-03-30,2610650006,3400850650,2026,3192831464,001,,0000,000,2026-03-28,2026-03-14,INR,262701870187,RE,H,-2468743.66,-2468743.66,Fixed Staff & GMI-FEB-26,0016080001,,,2026-03-28,C005,2106437,16852,,,,,,,
1001,DIM00398AJ,MAHINDRA LOGISTICS LIMITED,27AAFCM2530H1ZO,2026-04-08,2610109229,3400850265,2026,3192903866,001,,0000,000,2026-03-30,2026-02-13,INR,262701864538,RE,H,-4620757.86,-4620757.86,CLMS-FEB-26,0016080001,,,2026-03-30,C005,3942627,31542,,,,,,,
1001,DIM00398AJ,MAHINDRA LOGISTICS LIMITED,27AAFCM2530H1ZO,2026-04-08,2610109229,3400850265,2026,3192903846,001,,0000,000,2026-03-30,2026-02-13,INR,262701864539,RE,H,-24275.34,-24275.34,CLMS-FEB-26,0016080001,,,2026-03-30,C005,20713,166,,,,,,,
1001,DIM00398AJ,MAHINDRA LOGISTICS LIMITED,27AAFCM2530H1ZO,2026-04-08,2610109229,3400850265,2026,3192903562,001,,0000,000,2026-03-30,2026-02-13,INR,262701864557,RE,H,-227039.6,-227039.6,CLMS-FEB-26,0016080001,,,2026-03-30,C005,193720,1550,,,,,,,
1001,DIM00398AJ,MAHINDRA LOGISTICS LIMITED,27AAFCM2530H1ZO,2026-04-08,2610109229,3400848804,2026,3192904812,001,,0000,000,2026-03-30,2026-02-15,INR,262701791659,RE,H,-210250.1,-210250.1,Warehouse  Rent,0016080001,,,2026-03-30,C005,179395,1436,,,,,,,
1001,DIM00398AJ,MAHINDRA LOGISTICS LIMITED,27AAFCM2530H1ZO,2026-04-08,2610109229,3400850265,2026,3192903855,001,,0000,000,2026-03-30,2026-02-13,INR,262701864543,RE,H,-6865.44,-6865.44,CLMS-FEB-26,0016080001,,,2026-03-30,C005,5858,47,,,,,,,
1001,DIM00398AJ,MAHINDRA LOGISTICS LIMITED,27AAFCM2530H1ZO,2026-04-08,2610109229,3400850265,2026,3192903611,001,,0000,000,2026-03-30,2026-02-13,INR,262701864556,RE,H,-132262.36,-132262.36,CLMS-FEB-26,0016080001,,,2026-03-30,C005,112852,903,,,,,,,
1001,DIM00398AJ,MAHINDRA LOGISTICS LIMITED,27AAFCM2530H1ZO,2026-04-08,2610109229,3400850265,2026,3192903810,001,,0000,000,2026-03-30,2026-02-13,INR,262701864544,RE,H,-5808933.04,-5808933.04,CLMS-FEB-26,0016080001,,,2026-03-30,C005,4956428,39652,,,,,,,
1001,DIM00398AJ,MAHINDRA LOGISTICS LIMITED,27AAFCM2530H1ZO,2026-04-08,2610109229,3400850265,2026,3192899567,001,,0000,000,2026-03-30,2026-02-13,INR,262701864548,RE,H,-24716.02,-24716.02,CLMS-FEB-26,0016080001,,,2026-03-30,C005,21089,169,,,,,,,
1001,DIM00398AJ,MAHINDRA LOGISTICS LIMITED,27AAFCM2530H1ZO,2026-04-08,2610109229,3400850265,2026,3192903790,001,,0000,000,2026-03-30,2026-02-13,INR,262701864541,RE,H,-2415470.76,-2415470.76,CLMS-FEB-26,0016080001,,,2026-03-30,C005,2060982,16488,,,,,,,
1001,DIM00398AJ,MAHINDRA LOGISTICS LIMITED,27AAFCM2530H1ZO,2026-04-08,2610109229,3400850265,2026,3192903631,001,,0000,000,2026-03-30,2026-02-13,INR,262701864573,RE,H,-19223.54,-19223.54,CLMS-FEB-26,0016080001,,,2026-03-30,C005,16403,132,,,,,,,
1001,DIM00398AJ,MAHINDRA LOGISTICS LIMITED,27AAFCM2530H1ZO,2026-04-08,2610109229,3400850265,2026,3192903734,001,,0000,000,2026-03-30,2026-02-13,INR,262701864558,RE,H,-270719.02,-270719.02,CLMS-FEB-26,0016080001,,,2026-03-30,C005,230989,1848,,,,,,,
1001,DIM00398AJ,MAHINDRA LOGISTICS LIMITED,27AAFCM2530H1ZO,2026-04-08,2610109229,3400848804,2026,3192904890,001,,0000,000,2026-03-30,2026-02-15,INR,262701791649,RE,H,-209926.24,-209926.24,Warehouse  Rent,0016080001,,,2026-03-30,C005,179118,1433,,,,,,,
1001,DIM00398AJ,MAHINDRA LOGISTICS LIMITED,27AAFCM2530H1ZO,2026-04-08,2610109229,3400850265,2026,3192903440,001,,0000,000,2026-03-30,2026-02-13,INR,262701864574,RE,H,-66476.78,-66476.78,CLMS-FEB-26,0016080001,,,2026-03-30,C005,56721,454,,,,,,,
1001,DIM00398AJ,MAHINDRA LOGISTICS LIMITED,27AAFCM2530H1ZO,2026-03-30,2610650006,,2026,2610650006,001,,0000,000,2026-03-30,2026-03-30,INR,,KZ,S,99961349.24,99961349.24,,0016080001,,,2026-03-30,,85291331.54,0,,,,,,,
1001,DIM00398AJ,MAHINDRA LOGISTICS LIMITED,27AAFCM2530H1ZO,2026-04-08,2610109229,3400850265,2026,3192903522,001,,0000,000,2026-03-30,2026-02-13,INR,262701864555,RE,H,-168002.46,-168002.46,CLMS-FEB-26,0016080001,,,2026-03-30,C005,143347,1147,,,,,,,
1001,DIM00398AJ,MAHINDRA LOGISTICS LIMITED,27AAFCM2530H1ZO,2026-04-08,2610109229,3400850265,2026,3192899540,001,,0000,000,2026-03-30,2026-02-13,INR,262701864549,RE,H,-59520.48,-59520.48,CLMS-FEB-26,0016080001,,,2026-03-30,C005,50786,407,,,,,,,
1001,DIM00398AJ,MAHINDRA LOGISTICS LIMITED,27AAFCM2530H1ZO,2026-04-08,2610109229,3400850265,2026,3192903798,001,,0000,000,2026-03-30,2026-02-13,INR,262701864540,RE,H,-15944.9,-15944.9,CLMS-FEB-26,0016080001,,,2026-03-30,C005,13605,109,,,,,,,
1001,DIM00398AJ,MAHINDRA LOGISTICS LIMITED,27AAFCM2530H1ZO,2026-04-08,2610109229,3400850265,2026,3192899661,001,,0000,000,2026-03-30,2026-02-13,INR,262701864579,RE,H,-105458.76,-105458.76,JBM Manpower-FEB-26,0016080001,,,2026-03-30,C005,89982,720,,,,,,,
1001,DIM00398AJ,MAHINDRA LOGISTICS LIMITED,27AAFCM2530H1ZO,2026-04-08,2610109229,3400850265,2026,3192899528,001,,0000,000,2026-03-30,2026-02-13,INR,262701864576,RE,H,-63715.7,-63715.7,CLMS-FEB-26,0016080001,,,2026-03-30,C005,54365,435,,,,,,,
1001,DIM00398AJ,MAHINDRA LOGISTICS LIMITED,27AAFCM2530H1ZO,2026-04-08,2610109229,3400850265,2026,3192903757,001,,0000,000,2026-03-30,2026-02-13,INR,262701864545,RE,H,-7521.24,-7521.24,CLMS-FEB-26,0016080001,,,2026-03-30,C005,6418,52,,,,,,,
1001,DIM00398AJ,MAHINDRA LOGISTICS LIMITED,27AAFCM2530H1ZO,2026-04-08,2610109229,3400850265,2026,3192903624,001,,0000,000,2026-03-30,2026-02-13,INR,262701864546,RE,H,-1294250.8,-1294250.8,CLMS-FEB-26,0016080001,,,2026-03-30,C005,1104310,8835,,,,,,,
1001,DIM00398AJ,MAHINDRA LOGISTICS LIMITED,27AAFCM2530H1ZO,2026-04-08,2610109229,3400850265,2026,3192903745,001,,0000,000,2026-03-30,2026-02-13,INR,262701864551,RE,H,-65912.02,-65912.02,CLMS-FEB-26,0016080001,,,2026-03-30,C005,56239,450,,,,,,,
1001,DIM00398AJ,MAHINDRA LOGISTICS LIMITED,27AAFCM2530H1ZO,2026-04-08,2610109229,3400848804,2026,3192904993,001,,0000,000,2026-03-30,2026-01-28,INR,262701737466,RE,H,-928434.4,-928434.4,Warehouse  Rent,0016080001,,,2026-03-30,C005,792180,6338,,,,,,,
1001,DIM00398AJ,MAHINDRA LOGISTICS LIMITED,27AAFCM2530H1ZO,2026-04-08,2610109229,3400850265,2026,3192899583,001,,0000,000,2026-03-30,2026-02-13,INR,262701864554,RE,H,-68635.34,-68635.34,CLMS-FEB-26,0016080001,,,2026-03-30,C005,58563,469,,,,,,,
1001,DIM00398AJ,MAHINDRA LOGISTICS LIMITED,27AAFCM2530H1ZO,2026-04-08,2610109229,3400850265,2026,3192903538,001,,0000,000,2026-03-30,2026-02-13,INR,262701864575,RE,H,-22041.26,-22041.26,CLMS-FEB-26,0016080001,,,2026-03-30,C005,18807,151,,,,,,,
1001,DIM00398AJ,MAHINDRA LOGISTICS LIMITED,27AAFCM2530H1ZO,2026-04-08,2610109229,,2026,5001527879,001,V,0000,000,2026-03-30,2026-03-30,INR,16487229542026,TP,S,134027,134027,heavy transit damages,0016080001,,,2026-03-30,,0,0,,,,,,,
1001,DIM00398AJ,MAHINDRA LOGISTICS LIMITED,27AAFCM2530H1ZO,2026-04-08,2610109229,3400850265,2026,3192903547,001,,0000,000,2026-03-30,2026-02-13,INR,262701864559,RE,H,-199431.52,-199431.52,CLMS-FEB-26,0016080001,,,2026-03-30,C005,170164,1362,,,,,,,
1001,DIM00398AJ,MAHINDRA LOGISTICS LIMITED,27AAFCM2530H1ZO,2026-04-08,2610109229,3400850265,2026,3192903912,001,,0000,000,2026-03-30,2026-02-13,INR,262701864542,RE,H,-10268.16,-10268.16,CLMS-FEB-26,0016080001,,,2026-03-30,C005,8762,71,,,,,,,
1001,DIM00398AJ,MAHINDRA LOGISTICS LIMITED,27AAFCM2530H1ZO,2026-04-08,2610109229,3400850265,2026,3192903692,001,,0000,000,2026-03-30,2026-02-13,INR,262701864552,RE,H,-34649.7,-34649.7,CLMS-FEB-26,0016080001,,,2026-03-30,C005,29565,237,,,,,,,
1001,DIM00398AJ,MAHINDRA LOGISTICS LIMITED,27AAFCM2530H1ZO,2026-04-08,2610109229,3400848804,2026,3192904965,001,,0000,000,2026-03-30,2025-12-19,INR,262701626017,RE,H,-927803.56,-927803.56,Warehouse  Rent,0016080001,,,2026-03-30,C005,791642,6334,,,,,,,
1001,DIM00398AJ,MAHINDRA LOGISTICS LIMITED,27AAFCM2530H1ZO,2026-04-08,2610109229,3400841289,2026,3192903969,001,,0000,000,2026-03-30,2026-03-13,INR,262701864571,RE,H,-17147.29,-17147.29,CLMS-FEB-26,0016080001,,,2026-03-30,C005,14631.61,118,,,,,,,
1001,DIM00398AJ,MAHINDRA LOGISTICS LIMITED,27AAFCM2530H1ZO,2026-04-08,2610109229,3400848804,2026,3192904933,001,,0000,000,2026-03-30,2025-12-19,INR,262701626025,RE,H,-916797.18,-916797.18,Warehouse  Rent,0016080001,,,2026-03-30,C005,782251,6259,,,,,,,
1001,DIM00398AJ,MAHINDRA LOGISTICS LIMITED,27AAFCM2530H1ZO,2026-04-08,2610109229,3400850265,2026,3192903605,001,,0000,000,2026-03-30,2026-02-13,INR,262701864547,RE,H,-116855.08,-116855.08,CLMS-FEB-26,0016080001,,,2026-03-30,C005,99706,798,,,,,,,
1001,DIM00398AJ,MAHINDRA LOGISTICS LIMITED,27AAFCM2530H1ZO,2026-04-08,2610109229,3400850265,2026,3192899549,001,,0000,000,2026-03-30,2026-02-13,INR,262701864553,RE,H,-32956.6,-32956.6,CLMS-FEB-26,0016080001,,,2026-03-30,C005,28120,225,,,,,,,
1001,DIM00398AJ,MAHINDRA LOGISTICS LIMITED,27AAFCM2530H1ZO,2026-04-08,2610109229,3400850265,2026,3192903767,001,,0000,000,2026-03-30,2026-02-13,INR,262701864550,RE,H,-65912.02,-65912.02,CLMS-FEB-26,0016080001,,,2026-03-30,C005,56239,450,,,,,,,