Company_Code,Vendor_Number,Clearing_Date,Clearing_Document_Number,Assignment_Number,Fiscal_Year,Accounting_Document_Number,Line_Item_Number,Posting_Date,Document_Date,Currency_Key,Reference_Document_Number,Document_Type,Debit_Credit_Indicator,Amount_Local_Currency,Amount_Document_Currency,Line_Item_Text,GL_Account,special_gl_transaction_type,special_gl_indicator,Baseline_Date_For_Payment,Payment_Terms,Withholding_Tax_Base_Amount,Withholding_Tax_Amount,withholding_tax_type,withholding_tax_code,tax_base_percentage,tds_rate,tds_description,Classification,Document_Status,TDS_InitialObservation,Potential_Missed_TDS_Flag,Initial_Observation,Clearing_Group_ID,TDS_CASE_ID
1001,DIS02167AB,2025-09-15,2610353728,,2026,3185948669,001,2025-09-15,2025-07-31,INR,SIS/0266/2025-26,RE,H,-46380,-46380,CLMS-JULY-25,0016060001,,,2025-09-15,C005,39641.44,397,,,,,,INVOICE,CLEARED,NO_TDS_FOUND,Y,Potential missed TDS candidate,1001|2026|2610353728,dc2dece4649f4751d1f0fce8c71317c2e832e0589aea36a9cb8dc4789ba057a3
1001,DIS02167AB,2025-07-15,2610263603,6500007731,2026,3183821185,001,2025-07-11,2025-05-31,INR,SIS/0139/2025-26,RE,H,-974329.98,-974329.98,"Job based,Job Based,K Block 3 Shift CK01-MAY-25",0016060001,,,2025-07-11,C005,832761,8328,CI,C3,100,1,Ind/HUF - 1%-New Sec-393(1)6(i),INVOICE,CLEARED,TDS_EXISTS,N,TDS exists on invoice,1001|2026|2610263603,f2fc3b8d40f8f6321e59ceb902b6e7448e038d2b87c6b0a635bded37495d512e
1001,DIS02167AB,2026-03-13,2610623269,3400845441,2026,3192173244,001,2026-03-10,2026-01-31,INR,SIS/0812/2025-26,RE,H,-2106,-2106,CLMS-JAN-26,0016060001,,,2026-03-10,C005,1800.82,19,,,,,,INVOICE,CLEARED,NO_TDS_FOUND,Y,Potential missed TDS candidate,1001|2026|2610623269,911f8b5d117112e543ad99fef465420c7f3b9c45de0080de2f2a5e0f5f025cf7
1001,DIS02167AB,2026-03-04,2610607836,,2026,2610607836,001,2026-03-04,2026-03-04,INR,,KZ,S,49398.96,49398.96,,0016060001,,,2026-03-04,,42222,0,,,,,,PAYMENT,CLEARED,NO_TDS_FOUND,N,Review Required,1001|2026|2610607836,9b3d3af180ddfb6e65760c52b912d74cb59b50a62165159c66559c2a4d7c5cf8
1001,DIS02167AB,2026-01-02,2610520911,,2026,2610520911,001,2026-01-02,2026-01-02,INR,,KZ,S,17817.22,17817.22,,0016060001,,,2026-01-02,,15229,0,,,,,,PAYMENT,CLEARED,NO_TDS_FOUND,N,Review Required,1001|2026|2610520911,102f838d5e64141928dd0d9d9f89f7f3adcc37da91fc4edd05ada625487b29ff
1001,DIS02167AB,2025-09-15,2610353728,,2026,3185948650,001,2025-09-15,2025-07-31,INR,SIS/0266/2025-26,RE,H,-1603069,-1603069,CLMS-JULY-25,0016060001,,,2025-09-15,C005,1370144.9,13702,,,,,,INVOICE,CLEARED,NO_TDS_FOUND,Y,Potential missed TDS candidate,1001|2026|2610353728,41af4bc846b50d41f436c9fc59555774adfeb5152ef499f15cbdf5029660f1d9
1001,DIS02167AB,2025-12-01,2610472096,3400826398,2026,3188866237,001,2025-11-29,2025-10-31,INR,SIS/0533/2025-26,RE,H,-25463,-25463,CLMS-OCT-25,0016060001,,,2025-11-29,C005,21763.48,218,,,,,,INVOICE,CLEARED,NO_TDS_FOUND,Y,Potential missed TDS candidate,1001|2026|2610472096,ffd3c25f518535cef9775a410ea76ad4ab3829466eef660580771bc4b9209d7c
1001,DIS02167AB,2026-02-05,2610567171,S05774,2026,2511049574,004,2026-02-04,2025-12-31,INR,SIS/0662/2025-26,KR,H,-17081.68,-17081.68, HSK MACHINERY RENTAL CHG MONTH OF DEC-25-Hire & s,0016060001,,,2026-02-04,Z006,14726,295,,,,,,INVOICE,CLEARED,NO_TDS_FOUND,Y,Potential missed TDS candidate,1001|2026|2610567171,ba81a86a0cc2fd0f857d4cc01f21e54a2cd53f513ce763e6e95f681b58bc5a38
1001,DIS02167AB,2025-12-26,2610510262,3400832171,2026,3189709936,001,2025-12-24,2025-10-31,INR,SIS/0512/2025-26,RE,H,-59580,-59580,R & M Hsk M/C Oct'25,0016060001,,,2025-12-24,C005,51362.66,1028,,,,,,INVOICE,CLEARED,NO_TDS_FOUND,Y,Potential missed TDS candidate,1001|2026|2610510262,23fb918205b35aedec3de31cf6509595f76a78edbd78737504afbe15b160164e
1001,DIS02167AB,2026-03-20,2610630516,3400815096,2026,3192474496,001,2026-03-18,2025-08-12,INR,SIS/0307/2025-26,RE,H,-12783.86,-12783.86,OT-JULY-25,0016060001,,,2026-03-18,C005,10927,110,,,,,,INVOICE,CLEARED,NO_TDS_FOUND,Y,Potential missed TDS candidate,1001|2026|2610630516,5efe111e7397d73d1979d634f29b289028b09c3a33eeb80e441172cd75f87b30
1001,DIS02167AB,2026-01-05,2610522565,S05774,2026,2510953353,004,2026-01-02,2025-11-30,INR,SIS/0593/2025-26,KR,H,-179774.72,-179774.72,MT POOL VEHICLE DRIVER SALARY NOV -25-Hire & servi,0016060001,,,2026-01-02,Z006,153654,1537,,,,,,INVOICE,CLEARED,NO_TDS_FOUND,Y,Potential missed TDS candidate,1001|2026|2610522565,95019199cb3cce250844f629c5b8c0a30af0919d08817fd05655f1601046157c
1001,DIS02167AB,2026-03-27,2610643032,S05774,2026,2511220268,004,2026-03-26,2026-02-28,INR,SIS/0892/2025-26,KR,H,-27781.1,-27781.1,MT IT STAFF SALARY  FEB - 26-Hire & service charge,0016060001,,,2026-03-26,Z006,23745,238,,,,,,INVOICE,CLEARED,NO_TDS_FOUND,Y,Potential missed TDS candidate,1001|2026|2610643032,9abf9c8c0139ecf2422062a1e8e339a3e2b2a98bc0209145fc9691522849d4ee
1001,DIS02167AB,2025-08-12,2610306875,3400804049,2026,3184763764,001,2025-08-08,2025-06-30,INR,SIS/0191/2025-26,RE,H,-103457,-103457,Hk Machine June'25,0016060001,,,2025-08-08,C005,89187.16,1784,,,,,,INVOICE,CLEARED,NO_TDS_FOUND,Y,Potential missed TDS candidate,1001|2026|2610306875,e6c359416ab8ea9c4f67688ed49dd33c70bd5aa4a2bc04eca41d2879ff52a598
1001,DIS02167AB,2026-01-30,2610560242,3400834822,2026,3190699430,001,2026-01-27,2025-10-31,INR,SIS/0553/2025-26,RE,H,-12663.32,-12663.32,MANPOWER CHG. OCT 25 (OT-MAINT. DEPT),0016060001,,,2026-01-27,C005,10824,109,CI,C3,100,1,Ind/HUF - 1%-New Sec-393(1)6(i),INVOICE,CLEARED,TDS_EXISTS,N,TDS exists on invoice,1001|2026|2610560242,aefbd8a15e6e43c16588dc386d129104241ea7c95dde1dfd7d0f29d9826244df
1001,DIS02167AB,2026-03-13,2610623269,3400845441,2026,3192173154,001,2026-03-10,2026-01-31,INR,SIS/0772/2025-26,RE,H,-25463,-25463,CLMS-JAN-26,0016060001,,,2026-03-10,C005,21763.48,218,,,,,,INVOICE,CLEARED,NO_TDS_FOUND,Y,Potential missed TDS candidate,1001|2026|2610623269,17187239b7e41208fb5eef5be4b93b803f4ac216e7bf66744a39ad99865b9997
1001,DIS02167AB,2026-01-13,2610534695,3400831800,2026,3190135357,001,2026-01-10,2025-11-30,INR,SIS/0609/2025-26,RE,H,-71332,-71332,CLMS-NOV-25,0016060001,,,2026-01-10,C005,60967.76,610,,,,,,INVOICE,CLEARED,NO_TDS_FOUND,Y,Potential missed TDS candidate,1001|2026|2610534695,aea248646b596a8e531df4456a779f3cdbc56bf59a3ed3a2cf8968f0809845d6
1001,DIS02167AB,2026-03-17,2610625957,3400831404,2026,3192402175,001,2026-03-16,2026-02-28,INR,SIS/0859/2025-26,RE,H,-74061,-74061,EV08--FEB-26 General cleaning services,0016060001,,,2026-03-16,C005,63300,633,,,,,,INVOICE,CLEARED,NO_TDS_FOUND,Y,Potential missed TDS candidate,1001|2026|2610625957,ce974dc44c5d27d0aad2289d2ab00dd6a1f900556b58448ecf40415eba79bab7
1001,DIS02167AB,2026-03-05,2610609329,S05774,2026,2511150036,004,2026-03-04,2026-01-31,INR,SIS/0787/2025-26,KR,H,-1568789.28,-1568789.28,HSK MANPOWER SALARY JAN -26-Hire & service charges,0016060001,,,2026-03-04,Z006,1340846,13409,,,,,,INVOICE,CLEARED,NO_TDS_FOUND,Y,Potential missed TDS candidate,1001|2026|2610609329,8be9b2af597ec18d996fd3d8a8d700a50883a95d31b40b1185806e081bd11ca0
1001,DIS02167AB,2025-12-05,2610477122,S05774,2026,2510864760,004,2025-12-04,2025-10-31,INR,SIS/0558/2025-26,KR,H,-27374.46,-27374.46,IT DEPT MANPOWER CHG OCT -25-Hire & service charge,0016060001,,,2025-12-04,Z006,23397,234,,,,,,INVOICE,CLEARED,NO_TDS_FOUND,Y,Potential missed TDS candidate,1001|2026|2610477122,b147aec27f99c4241b829a6bbe7ff0934175eab2c02e1be2bc95a685e5e6f862
1001,DIS02167AB,2025-11-20,2610455000,3400823382,2026,3188217798,001,2025-11-12,2025-09-30,INR,SIS/0459/2025-26,RE,H,-184356,-184356,HK & Ment. Person  Bill Sep 25,0016060001,,,2025-11-12,Z006,157569.4,1576,,,,,,INVOICE,CLEARED,NO_TDS_FOUND,Y,Potential missed TDS candidate,1001|2026|2610455000,30495ca7abc6b9b79529be18bb6ec9ef6120e1f28bd946de4173449fb2c55107
1001,DIS02167AB,2026-02-20,2610590235,,2026,2610590235,001,2026-02-20,2026-02-20,INR,,KZ,S,21913.4,21913.4,,0016060001,,,2026-02-20,,18730,0,,,,,,PAYMENT,CLEARED,NO_TDS_FOUND,N,Review Required,1001|2026|2610590235,db9aa2c20caa32c878d26de23804b83355ac6fd548994facf619033a7376d5af
1001,DIS02167AB,2025-09-15,2610353728,,2026,3185948801,001,2025-09-15,2025-07-31,INR,SIS/0267/2025-26,RE,H,-22734,-22734,CLMS-JULY-25,0016060001,,,2025-09-15,C005,19431.24,195,,,,,,INVOICE,CLEARED,NO_TDS_FOUND,Y,Potential missed TDS candidate,1001|2026|2610353728,54c2d170eeb938cdafe6e4b38446c93a75e509c4eab2c55c501b9ead7448a213
1001,DIS02167AB,2026-01-13,2610534695,3400831800,2026,3190135368,001,2026-01-10,2025-11-30,INR,SIS/0609/2025-26,RE,H,-64103,-64103,CLMS-NOV-25,0016060001,,,2026-01-10,C005,54788.98,548,,,,,,INVOICE,CLEARED,NO_TDS_FOUND,Y,Potential missed TDS candidate,1001|2026|2610534695,f312a2e32e817d51b566c1a161b5ea58ac10fcad6e3e5da5478597d4d1d99c3c
1001,DIS02167AB,2026-02-17,2610582696,6500010234,2026,3191395531,001,2026-02-16,2026-01-03,INR,SIS0680/2025-26,RE,H,-326370.79,-326370.79,CLMS-DEC-25,0016060001,,,2026-02-16,C005,278949.83,2790,CI,C3,100,1,Ind/HUF - 1%-New Sec-393(1)6(i),INVOICE,CLEARED,TDS_EXISTS,N,TDS exists on invoice,1001|2026|2610582696,b3943fad3ac261015c772e99a77feb871e524a688d1252d61f14c5e6e4c69a48
1001,DIS02167AB,2026-03-13,2610623269,3400845441,2026,3192173088,001,2026-03-10,2026-01-31,INR,SIS/0740/2025-26,RE,H,-7162,-7162,Rent Hsk M/C Jan'26,0016060001,,,2026-03-10,C005,6174.5,124,,,,,,INVOICE,CLEARED,NO_TDS_FOUND,Y,Potential missed TDS candidate,1001|2026|2610623269,a11875b9cefe9e5170248cb695c90080a4a81a34589e8a8ec7d4cec129cd50b8
1001,DIS02167AB,2025-10-15,2610400283,3400817587,2026,3187366530,001,2025-10-15,2025-08-31,INR,SIS/0351/2025-26,RE,H,-1583111,-1583111,CLMS-AUG-25,0016060001,,,2025-10-15,C005,1353086.34,13531,,,,,,INVOICE,CLEARED,NO_TDS_FOUND,Y,Potential missed TDS candidate,1001|2026|2610400283,5b2aa8afb5b711f3aec0af84ef8a79a99323e3b47d0befd7b7e3958e5f69c7a8
1001,DIS02167AB,2026-01-05,2610522565,,2026,2610522565,001,2026-01-05,2026-01-05,INR,,KZ,S,2528220,2528220,,0016060001,,,2026-01-05,,2161000,0,,,,,,PAYMENT,CLEARED,NO_TDS_FOUND,N,Review Required,1001|2026|2610522565,3b59915eda23b18486a0ea866f7b0b2505137ad8b2391d1a5e7b2481339d638c
1001,DIS02167AB,2025-12-23,2610505741,3400830340,2026,3189513084,001,2025-12-18,2025-10-31,INR,SIS/0530/2025-26,RE,H,-58770.76,-58770.76,MT-VE-OCT-25,0016060001,,,2025-12-18,C005,50232,503,CI,C3,100,1,Ind/HUF - 1%-New Sec-393(1)6(i),INVOICE,CLEARED,TDS_EXISTS,N,TDS exists on invoice,1001|2026|2610505741,21dd0b77f1006a4854a1f9e453a3479f131d316410a18154284655d5effb04b0
1001,DIS02167AB,2025-12-05,2610477122,S05774,2026,2510864762,004,2025-12-04,2025-10-27,INR,SIS/0497/2025-26,KR,H,-4292.42,-4292.42,REIMBURSMENT OF WC POLICY-Hire & service charges,0016060001,,,2025-12-04,Z006,3669,37,,,,,,INVOICE,CLEARED,NO_TDS_FOUND,Y,Potential missed TDS candidate,1001|2026|2610477122,7639b667eb44ccabb0d93c719699e5a988d123d8fe4dacaa85422ce10c39fbf1
1001,DIS02167AB,2025-12-19,2610500031,S05774,2026,2510909755,004,2025-12-18,2025-10-31,INR,SIS/0557/2025-26,KR,H,-1470542.32,-1470542.32,HSK MANPOWER SALARY OCT -25-Hire & service charges,0016060001,,,2025-12-18,Z006,1256874,12569,,,,,,INVOICE,CLEARED,NO_TDS_FOUND,Y,Potential missed TDS candidate,1001|2026|2610500031,bb9f14e74e9a77b3bb451cb4ac19a6f7b094a5fa360f93f6bbd0770e7e67f9a7
1001,DIS02167AB,2026-01-30,2610560242,,2026,2610560242,001,2026-01-30,2026-01-30,INR,,KZ,S,884370.04,884370.04,,0016060001,,,2026-01-30,,755878,0,,,,,,PAYMENT,CLEARED,NO_TDS_FOUND,N,Review Required,1001|2026|2610560242,0a8c87ef2b86fa5b61ef947173bcbe8345b35c1662c38537dd52c98a40046f89
1001,DIS02167AB,2025-11-28,2610466636,,2026,3188823742,001,2025-11-28,2025-09-30,INR,SIS/0443/2025-26,RE,H,-71905,-71905,CLMS-SEPT-25,0016060001,,,2025-11-28,C005,61457.56,615,,,,,,INVOICE,CLEARED,NO_TDS_FOUND,Y,Potential missed TDS candidate,1001|2026|2610466636,3cb1a4e6a67cbf1f51dd4d75c436385fe94443d62aa62cc0ffa2b0450aec0ff1
1001,DIS02167AB,2026-02-10,2610575596,,2026,3191168429,001,2026-02-10,2025-12-31,INR,SIS/0683/2025-26,RE,H,-382556.96,-382556.96,"Job based,Job Based,K Block 2 Shift CK01",0016060001,,,2026-02-10,C005,326972,3270,CI,C3,100,1,Ind/HUF - 1%-New Sec-393(1)6(i),INVOICE,CLEARED,TDS_EXISTS,N,TDS exists on invoice,1001|2026|2610575596,1ebeff54a1ea9fb2ee1a65f31b5d0140393d0426dffc00091473bbcfbf782f34
1001,DIS02167AB,2025-12-10,2610485632,3400826952,2026,3188823735,001,2025-11-28,2025-10-27,INR,SIS/0499/2025-26,RE,H,-3054,-3054,Reimbursement of WC Policy,0016060001,,,2025-11-28,C005,2611.02,27,,,,,,INVOICE,CLEARED,NO_TDS_FOUND,Y,Potential missed TDS candidate,1001|2026|2610485632,b9fcce3656ea429f8a20a6110b13f61c7680c3a13d5f4b61bb2c041c9faa677d
1001,DIS02167AB,2025-10-01,2610382349,S05774,2026,2510644703,004,2025-10-01,2025-08-31,INR,SIS/0361/2025-26,KR,H,-1693597.6,-1693597.6,HSK MANPOWER CHG MONTH OF AUG -2025-Hire & service,0016060001,,,2025-10-01,Z006,1447520,14476,,,,,,INVOICE,CLEARED,NO_TDS_FOUND,Y,Potential missed TDS candidate,1001|2026|2610382349,656fa5c8d28c7d50b33c5059c2fc1124ef3a463e1c0379da0d522c90d550500f
1001,DIS02167AB,2026-02-24,2610595104,,2026,2610595104,001,2026-02-24,2026-02-24,INR,,KZ,S,663852.64,663852.64,,0016060001,,,2026-02-24,,567396.3,0,,,,,,PAYMENT,CLEARED,NO_TDS_FOUND,N,Review Required,1001|2026|2610595104,916630ec524da78d961eac0cd2b4d0793dc5b4c58df994ad80fc57b0863eaeba
1001,DIS02167AB,2025-11-07,2610431960,,2026,2610431960,001,2025-11-07,2025-11-07,INR,,KZ,S,2680702.9,2680702.9,,0016060001,,,2025-11-07,,2291205,0,,,,,,PAYMENT,CLEARED,NO_TDS_FOUND,N,Review Required,1001|2026|2610431960,9ccaaf31dc0fd625a817a5c7bdb084b022da00b37de52958a6afea51232f315e
1001,DIS02167AB,2025-11-28,2610466636,3400824757,2026,3188823729,001,2025-11-28,2025-10-16,INR,SIS/0486/2025-26,RE,H,-889534,-889534,Bonus Mar-Apr-25,0016060001,,,2025-11-28,C005,760285.52,7603,,,,,,INVOICE,CLEARED,NO_TDS_FOUND,Y,Potential missed TDS candidate,1001|2026|2610466636,763ebe5e5d27489076de5b01fcad11d4f4e352257d04aed09b338a84bf6522f5
1001,DIS02167AB,2026-03-27,2610642011,3400829964,2026,3192709035,001,2026-03-25,2025-10-31,INR,SIS/0544/2025-26,RE,H,-18304,-18304,OT-OCT-25,0016060001,,,2026-03-25,C005,15644.9,157,,,,,,INVOICE,CLEARED,NO_TDS_FOUND,Y,Potential missed TDS candidate,1001|2026|2610642011,85b3d34a4fcfbcd77d118a652ba96783125105567812915415666b37bfe6bdb8
1001,DIS02167AB,2025-10-31,2610423766,S05774,2026,2510735725,004,2025-10-30,2025-09-30,INR,SIS/0464/2025-26,KR,H,-26321.46,-26321.46,IT SUPPORT MANPOWER CHARGES SEPT -25-Hire & servic,0016060001,,,2025-10-30,Z006,22497,225,,,,,,INVOICE,CLEARED,NO_TDS_FOUND,Y,Potential missed TDS candidate,1001|2026|2610423766,2713a80900994505fcc75d832c1a4a94f5845a5564e91bc21776cf007f5a1081
1001,DIS02167AB,2026-03-30,2610652242,3400848749,2026,3192877555,001,2026-03-29,2026-02-28,INR,SIS/0894/2025-26,RE,H,-83637.3,-83637.3,VE Uitility Manpower Salary Feb -26,0016060001,,,2026-03-29,C005,71485,715,,,,,,INVOICE,CLEARED,NO_TDS_FOUND,Y,Potential missed TDS candidate,1001|2026|2610652242,502c671567210a6e38258387fb76839bb944a4216821076b101db08136a8f90b
1001,DIS02167AB,2026-03-27,2610643032,,2026,2610643032,001,2026-03-27,2026-03-27,INR,,KZ,S,85924.74,85924.74,,0016060001,,,2026-03-27,,73443,0,,,,,,PAYMENT,CLEARED,NO_TDS_FOUND,N,Review Required,1001|2026|2610643032,8bbbe45023e33406e68261cafce9177c1a2db363bfa3da2cb414968cbb65c864
1001,DIS02167AB,2025-10-15,2610400283,,2026,3187366505,001,2025-10-15,2025-08-31,INR,SIS/0350/2025-26,RE,H,-22192,-22192,CLMS-AUG-25,0016060001,,,2025-10-15,C005,18967.76,190,,,,,,INVOICE,CLEARED,NO_TDS_FOUND,Y,Potential missed TDS candidate,1001|2026|2610400283,64e28a4982f7040aedad67a6227fd75d53eb867ad35ca5096b648c86d1449443
1001,DIS02167AB,2025-08-12,2610306875,3400804049,2026,3184836722,001,2025-08-11,2025-06-30,INR,SIS/0212/2025-26,RE,H,-90976.44,-90976.44,CLMS-JUNE-25,0016060001,,,2025-08-11,C005,77758,778,CI,C3,100,1,Ind/HUF - 1%-New Sec-393(1)6(i),INVOICE,CLEARED,TDS_EXISTS,N,TDS exists on invoice,1001|2026|2610306875,0909bf9be08e741737c067af986f690aa9d83404f21170860aac809777760b3a
1001,DIS02167AB,2025-10-10,2610394536,3400805855,2026,3187103635,001,2025-10-08,2025-06-12,INR,SIS/0149/2025-26,RE,H,-26494.1,-26494.1,OT - MAY-25,0016060001,,,2025-10-08,C005,22645,227,CI,C3,100,1,Ind/HUF - 1%-New Sec-393(1)6(i),INVOICE,CLEARED,TDS_EXISTS,N,TDS exists on invoice,1001|2026|2610394536,702658c0bc2a35066693715ca700491ef7a4d4d9c753d3598a0cc1970a0f70cc
1001,DIS02167AB,2025-12-10,2610485632,3400826953,2026,3188823747,001,2025-11-28,2025-10-31,INR,SIS/0542/2025-26,RE,H,-11333,-11333,Pending HK Person Salary - Sopan Magar,0016060001,,,2025-11-28,Z006,9686.52,97,,,,,,INVOICE,CLEARED,NO_TDS_FOUND,Y,Potential missed TDS candidate,1001|2026|2610485632,a242400bacb2f9c8c86e239e0edb6c5c56986b4f9f266fc7c4837a3b1f1a4299
1001,DIS02167AB,2025-09-15,2610353728,,2026,3185948774,001,2025-09-15,2025-07-31,INR,SIS/0267/2025-26,RE,H,-1091845,-1091845,CLMS-JULY-25,0016060001,,,2025-09-15,C005,933201.64,9333,,,,,,INVOICE,CLEARED,NO_TDS_FOUND,Y,Potential missed TDS candidate,1001|2026|2610353728,00ece52ad3d4345037ecde09dcd285b6e76598800100c05293d048cb98d33e30
1001,DIS02167AB,2026-01-05,2610522565,S05774,2026,2510953334,004,2026-01-02,2025-11-30,INR,SIS/0620/2025-26,KR,H,-1511389.48,-1511389.48,HSK MANPOWER SALARY NOV -25-Hire & service charges,0016060001,,,2026-01-02,Z006,1291786,12918,,,,,,INVOICE,CLEARED,NO_TDS_FOUND,Y,Potential missed TDS candidate,1001|2026|2610522565,3eb8c52a61d9ad2ee5d57a1888541fb0a56ba5e0026b7a9aee288363a5616125
1001,DIS02167AB,2025-08-12,2610306875,,2026,2610306875,001,2025-08-12,2025-08-12,INR,,KZ,S,1255235.94,1255235.94,,0016060001,,,2025-08-12,,1074107.32,0,,,,,,PAYMENT,CLEARED,NO_TDS_FOUND,N,Review Required,1001|2026|2610306875,baef4e13a222f41c214322c37c5af3d0172c87b3a1aace971ae8faf2084ed1e8
1001,DIS02167AB,2026-02-05,2610567171,,2026,2610567171,001,2026-02-05,2026-02-05,INR,,KZ,S,17081.68,17081.68,,0016060001,,,2026-02-05,,14726,0,,,,,,PAYMENT,CLEARED,NO_TDS_FOUND,N,Review Required,1001|2026|2610567171,a3ea5ff32f6c9a99c06f5358d1eec7e4f93a70c6c8ba534b0ffa8a948137142e
1001,DIS02167AB,2025-11-28,2610466636,,2026,3188823737,001,2025-11-28,2025-09-30,INR,SIS/0443/2025-26,RE,H,-1183772,-1183772,CLMS-SEPT-25,0016060001,,,2025-11-28,C005,1011771.04,10118,,,,,,INVOICE,CLEARED,NO_TDS_FOUND,Y,Potential missed TDS candidate,1001|2026|2610466636,3a5c345efb495f4aa48a69c4131c9d791ec56a28f3b7295bb7b17dd2866088fe
1001,DIS02167AB,2025-10-10,2610394536,3400815876,2026,3187064490,001,2025-10-07,2025-08-31,INR,SIS/0365/2025-26,RE,H,-26984.52,-26984.52,MANPOWER CHG FOR AUG 25,0016060001,,,2025-10-07,C005,23064,231,CI,C3,100,1,Ind/HUF - 1%-New Sec-393(1)6(i),INVOICE,CLEARED,TDS_EXISTS,N,TDS exists on invoice,1001|2026|2610394536,34bbb0a217db9e88fc4c5a0795a3cb27c5e4123fee63ab3680a04741289aea92
1001,DIS02167AB,2025-10-15,2610400283,3400810601,2026,3187366458,001,2025-10-15,2025-08-31,INR,SIS/0320/2025-26,RE,H,-104349,-104349,MACHINE RENTAL -AUG-25,0016060001,,,2025-10-15,C005,89187.16,892,,,,,,INVOICE,CLEARED,NO_TDS_FOUND,Y,Potential missed TDS candidate,1001|2026|2610400283,26ed950cdad79f9fa73260b8a7565d754fc1b8976202dea87fe04d127bc5a08a
1001,DIS02167AB,2025-09-15,2610353728,3400810601,2026,3185948774,001,2025-09-15,2025-07-31,INR,SIS/0267/2025-26,RE,H,-1091845,-1091845,CLMS-JULY-25,0016060001,,,2025-09-15,C005,933201.64,9333,,,,,,INVOICE,CLEARED,NO_TDS_FOUND,Y,Potential missed TDS candidate,1001|2026|2610353728,00ece52ad3d4345037ecde09dcd285b6e76598800100c05293d048cb98d33e30
1001,DIS02167AB,2026-02-02,2610561882,S05774,2026,2511022060,004,2026-01-30,2025-12-31,INR,SIS/0663/2025-26,KR,H,-171447.66,-171447.66,POOL VEHICLE DRIVER SALARY DEC-25-Hire & service c,0016060001,,,2026-01-30,Z006,146537,1466,,,,,,INVOICE,CLEARED,NO_TDS_FOUND,Y,Potential missed TDS candidate,1001|2026|2610561882,092f9047592ca14bca6a943be99e127b6372be8152cac4bdc4418a197eeda277
1001,DIS02167AB,2025-12-10,2610485632,3400826951,2026,3188825263,001,2025-11-28,2025-10-31,INR,SIS/0541/2025-26,RE,H,-203315,-203315,HK & Ment. Person Bill Oct 25,0016060001,,,2025-11-28,Z006,173773.86,1738,,,,,,INVOICE,CLEARED,NO_TDS_FOUND,Y,Potential missed TDS candidate,1001|2026|2610485632,a55da8f15ce5261564d956448d80621974c79c5e1ac548d8897b431c55a0c9ac
1001,DIS02167AB,2026-03-20,2610630516,3400829964,2026,3192474609,001,2026-03-18,2025-10-31,INR,SIS/0537/2025-26,RE,H,-797,-797,OT-OCT-25,0016060001,,,2026-03-18,C005,681.24,7,,,,,,INVOICE,CLEARED,NO_TDS_FOUND,Y,Potential missed TDS candidate,1001|2026|2610630516,32fa98aafab1246478ca9bf8310898a3a3bc5853da6b0b95266e79ac6bfdc124
1001,DIS02167AB,2025-11-28,2610466636,,2026,3188823752,001,2025-11-28,2025-09-30,INR,SIS/0444/2025-26,RE,H,-842141,-842141,CLMS-SEPT-25,0016060001,,,2025-11-28,C005,719778.78,7198,,,,,,INVOICE,CLEARED,NO_TDS_FOUND,Y,Potential missed TDS candidate,1001|2026|2610466636,042bd990cf287d8d140b14d8c741d88aabbcb117fc1862d31e48f53710de0bd0
1001,DIS02167AB,2025-10-15,2610400283,3400817587,2026,3187366505,001,2025-10-15,2025-08-31,INR,SIS/0350/2025-26,RE,H,-22192,-22192,CLMS-AUG-25,0016060001,,,2025-10-15,C005,18967.76,190,,,,,,INVOICE,CLEARED,NO_TDS_FOUND,Y,Potential missed TDS candidate,1001|2026|2610400283,64e28a4982f7040aedad67a6227fd75d53eb867ad35ca5096b648c86d1449443
1001,DIS02167AB,2025-07-31,2610289587,,2026,2610289587,001,2025-07-31,2025-07-31,INR,,KZ,S,1833003.6,1833003.6,,0016060001,,,2025-07-31,,1566670,0,,,,,,PAYMENT,CLEARED,NO_TDS_FOUND,N,Review Required,1001|2026|2610289587,de096bc824b1ac51af787072770748572decd4ea28f522e25fe76e112a393b04
1001,DIS02167AB,2025-12-01,2610472096,3400826398,2026,3188866229,001,2025-11-29,2025-10-31,INR,SIS/0533/2025-26,RE,H,-77039,-77039,CLMS-OCT-25,0016060001,,,2025-11-29,C005,65845.72,659,,,,,,INVOICE,CLEARED,NO_TDS_FOUND,Y,Potential missed TDS candidate,1001|2026|2610472096,c60f02db0456bb832c02f127225b7878bb9ffac051724686fb9fb1301dc191f2
1001,DIS02167AB,2026-03-20,2610630516,3400818828,2026,3192474561,001,2026-03-18,2025-08-31,INR,SIS/0358/2025-26,RE,H,-24064.24,-24064.24,OT-AUG-25,0016060001,,,2026-03-18,C005,20568,206,,,,,,INVOICE,CLEARED,NO_TDS_FOUND,Y,Potential missed TDS candidate,1001|2026|2610630516,ee226d9c77869527c164832c6418cd7545bd07a4295e26bb9d24d90bb4c922d2
1001,DIS02167AB,2025-10-15,2610400283,,2026,3187366451,001,2025-10-15,2025-08-31,INR,SIS/0320/2025-26,RE,H,-60094,-60094,MACHINE RENTAL -AUG-25,0016060001,,,2025-10-15,C005,51362.66,514,,,,,,INVOICE,CLEARED,NO_TDS_FOUND,Y,Potential missed TDS candidate,1001|2026|2610400283,1bec770a331a710299732aa5f27daf7b1804b35fe564b9969b459b97233ed6ba
1001,DIS02167AB,2026-03-20,2610630516,3400818828,2026,3192474550,001,2026-03-18,2025-08-31,INR,SIS/0359/2025-26,RE,H,-9336.4,-9336.4,OT-AUG-25,0016060001,,,2026-03-18,C005,7980,80,,,,,,INVOICE,CLEARED,NO_TDS_FOUND,Y,Potential missed TDS candidate,1001|2026|2610630516,6728e966ed2882875607e551804fbeba22d917532f612f2739517f97bd4c6a55
1001,DIS02167AB,2025-10-15,2610400283,,2026,3187366502,001,2025-10-15,2025-08-31,INR,SIS/0350/2025-26,RE,H,-1121090,-1121090,CLMS-AUG-25,0016060001,,,2025-10-15,C005,958196.54,9582,,,,,,INVOICE,CLEARED,NO_TDS_FOUND,Y,Potential missed TDS candidate,1001|2026|2610400283,f9ff5da43fae536b77fb63c3cdbcaea703600ef9b968288d465df23a03250727
1001,DIS02167AB,2025-09-15,2610353728,,2026,3185948797,001,2025-09-15,2025-07-31,INR,SIS/0267/2025-26,RE,H,-45568,-45568,CLMS-JULY-25,0016060001,,,2025-09-15,C005,38947.36,390,,,,,,INVOICE,CLEARED,NO_TDS_FOUND,Y,Potential missed TDS candidate,1001|2026|2610353728,bee38b40cbc1af16d7238ca006b107c956580452df3bb136aa4ca4f3cd3f12ac
1001,DIS02167AB,2026-02-27,2610603200,,2026,3191802207,001,2026-02-27,2026-01-31,INR,SIS/0776/2025-26,RE,H,-92313,-92313,EV08-JAN-26,0016060001,,,2026-02-27,C005,78900,789,,,,,,INVOICE,CLEARED,NO_TDS_FOUND,Y,Potential missed TDS candidate,1001|2026|2610603200,ece1e7d2b58372745d699f00ae30ffac53547a1553d542b428d0b0e487ed18ab
1001,DIS02167AB,2026-03-20,2610630516,3400818828,2026,3192474705,001,2026-03-18,2025-08-31,INR,SIS/0355/2025-26,RE,H,-9009,-9009,OT-AUG-25,0016060001,,,2026-03-18,C005,7700,77,,,,,,INVOICE,CLEARED,NO_TDS_FOUND,Y,Potential missed TDS candidate,1001|2026|2610630516,7302e499419ee21a13826539dd733c7517b12870f8c69e300a4a9fb00a0b36cd
1001,DIS02167AB,2025-07-31,2610289587,S05774,2026,2510461477,007,2025-07-29,2025-06-30,INR,SIS/0199/2025-26,KR,H,-1833003.6,-1833003.6,HSK MANPOWER SALARY JUNE -25-Hire & service charge,0016060001,,,2025-07-29,Z006,1566670,15667,,,,,,INVOICE,CLEARED,NO_TDS_FOUND,Y,Potential missed TDS candidate,1001|2026|2610289587,cf7c96760dd3dff0e30faa14aaec83ae1ed1dfb1838a377be76b7dc3a73cc7cb
1001,DIS02167AB,2026-01-05,2610522565,S05774,2026,2510953325,004,2026-01-02,2025-11-30,INR,SIS/0621/2025-26,KR,H,-337866.5,-337866.5,UTILITY MANPOWER SALARY NOV -25-Hire & service cha,0016060001,,,2026-01-02,Z006,288775,2888,,,,,,INVOICE,CLEARED,NO_TDS_FOUND,Y,Potential missed TDS candidate,1001|2026|2610522565,fce45f0d00912ba10396de650bec35fd0ba5b030a4b719b4d48cb30e32417cd7
1001,DIS02167AB,2026-03-24,2610639567,,2026,2610639567,001,2026-03-24,2026-03-24,INR,,KZ,S,274242,274242,,0016060001,,,2026-03-24,,234395.8,0,,,,,,PAYMENT,CLEARED,NO_TDS_FOUND,N,Review Required,1001|2026|2610639567,14f740e2dc2088ec189ee3dcfb8c379337b52d7d6e116e551edd26328bb33666
1001,DIS02167AB,2026-01-30,2610560242,3400834822,2026,3190698701,001,2026-01-27,2025-08-31,INR,SIS/0375/2025-26,RE,H,-3727.48,-3727.48,MANPOWER CHG. AUG 25 (VE-OT),0016060001,,,2026-01-27,C005,3186,32,CI,C3,100,1,Ind/HUF - 1%-New Sec-393(1)6(i),INVOICE,CLEARED,TDS_EXISTS,N,TDS exists on invoice,1001|2026|2610560242,6e4c4e64eacaa1fbc74045095205105de082e831be21f654282a92e5378ed60b
1001,DIS02167AB,2025-11-28,2610466636,,2026,3188823729,001,2025-11-28,2025-10-16,INR,SIS/0486/2025-26,RE,H,-889534,-889534,Bonus Mar-Apr-25,0016060001,,,2025-11-28,C005,760285.52,7603,,,,,,INVOICE,CLEARED,NO_TDS_FOUND,Y,Potential missed TDS candidate,1001|2026|2610466636,763ebe5e5d27489076de5b01fcad11d4f4e352257d04aed09b338a84bf6522f5
1001,DIS02167AB,2026-03-13,2610623269,3400845441,2026,3192173195,001,2026-03-10,2026-01-31,INR,SIS/0809/2025-26,RE,H,-20441,-20441,CLMS-JAN-26,0016060001,,,2026-03-10,C005,17471.04,175,,,,,,INVOICE,CLEARED,NO_TDS_FOUND,Y,Potential missed TDS candidate,1001|2026|2610623269,9dd76c76b87880a92048df055e1414feefac838e63d2d507bdf95331891f2b5e
1001,DIS02167AB,2026-03-13,2610623269,3400845441,2026,3192173157,001,2026-03-10,2026-01-31,INR,SIS/0773/2025-26,RE,H,-1655628,-1655628,CLMS-JAN-26,0016060001,,,2026-03-10,C005,1415066.94,14151,,,,,,INVOICE,CLEARED,NO_TDS_FOUND,Y,Potential missed TDS candidate,1001|2026|2610623269,68e1d5741c25bdec0d615e83ea05faed31aef0d4b148693c23d6900ee1c695d3
1001,DIS02167AB,2025-10-15,2610399431,S05774,2026,2510694673,004,2025-10-14,2025-09-30,INR,SIS/0453/2025-26,KR,H,-180625.58,-180625.58, POOL VEHICLE DRIVER SALARY SEPT -25-Hire & servic,0016060001,,,2025-10-14,Z006,154381,1544,,,,,,INVOICE,CLEARED,NO_TDS_FOUND,Y,Potential missed TDS candidate,1001|2026|2610399431,70cbe841b2bca5d007d28274c0706d1c19bbdbaa4747688c2906e9a60934cb79
1001,DIS02167AB,2026-01-13,2610534695,3400826663,2026,3190135269,001,2026-01-10,2025-12-31,INR,SIS/0689/2025-26,RE,H,-18274.6,-18274.6,"M/C, Repair and Maintainance",0016060001,,,2026-01-10,C005,15620,157,CI,C3,100,1,Ind/HUF - 1%-New Sec-393(1)6(i),INVOICE,CLEARED,TDS_EXISTS,N,TDS exists on invoice,1001|2026|2610534695,ec79da3067f9f4cbf3c8aeb21e1a6de6cf4b85cb8e1d68fa7590470fdfcb50dc
1001,DIS02167AB,2025-10-15,2610399431,S05774,2026,2510694676,004,2025-10-14,2025-09-30,INR,SIS/0417/2025-26,KR,H,-17228.68,-17228.68, HSK MACHINERY RENTAL CHG MONTH OF SEPT-25-Hire &,0016060001,,,2025-10-14,Z006,14726,148,,,,,,INVOICE,CLEARED,NO_TDS_FOUND,Y,Potential missed TDS candidate,1001|2026|2610399431,be8401a95a03720132f5016df4a141dec7e87f191dc94f3d765bd89b94ba602a
1001,DIS02167AB,2026-02-10,2610571523,,2026,2610571523,001,2026-02-10,2026-02-10,INR,,KZ,S,18057.64,18057.64,,0016060001,,,2026-02-10,,15434.44,0,,,,,,PAYMENT,CLEARED,NO_TDS_FOUND,N,Review Required,1001|2026|2610571523,852d447a5920e849741741f621833ba83d0a9fabcf2f0a387ad2523f107d4dd5
1001,DIS02167AB,2025-09-30,2610378827,3400814502,2026,3186255988,001,2025-09-25,2025-08-11,INR,SIS/0302/2025-26,RE,H,-423.16,-423.16,MANPOWER CHG FOR MOTNH JUY25-OT,0016060001,,,2025-09-25,C005,362,4,CI,C3,100,1,Ind/HUF - 1%-New Sec-393(1)6(i),INVOICE,CLEARED,TDS_EXISTS,N,TDS exists on invoice,1001|2026|2610378827,ffbe68693e50f7f4e999b9d8135fcc37307e6be7cdf7ad4e4bc313fc4372dfad
1001,DIS02167AB,2026-02-10,2610575596,6500011467,2026,3191168429,001,2026-02-10,2025-12-31,INR,SIS/0683/2025-26,RE,H,-382556.96,-382556.96,"Job based,Job Based,K Block 2 Shift CK01",0016060001,,,2026-02-10,C005,326972,3270,CI,C3,100,1,Ind/HUF - 1%-New Sec-393(1)6(i),INVOICE,CLEARED,TDS_EXISTS,N,TDS exists on invoice,1001|2026|2610575596,1ebeff54a1ea9fb2ee1a65f31b5d0140393d0426dffc00091473bbcfbf782f34
1001,DIS02167AB,2026-01-05,2610522565,S05774,2026,2510953322,004,2026-01-02,2025-11-30,INR,SIS/0623/2025-26,KR,H,-27374.46,-27374.46,IT SUPPORT MANPOWER CHG NOV -25-Hire & service cha,0016060001,,,2026-01-02,Z006,23397,234,,,,,,INVOICE,CLEARED,NO_TDS_FOUND,Y,Potential missed TDS candidate,1001|2026|2610522565,74241e7e241ea2d70b23e3a5ac53655b4896018235760b3af2e4cd1615416f16
1001,DIS02167AB,2026-04-25,2610136970,3400851414,2026,3192944088,001,2026-03-31,2026-03-25,INR,SIS/0925/2025-26,RE,H,-171900,-171900,manpower charges for the month of march 26,0016060001,,,2026-03-31,Z006,146923.68,1470,,,,,,INVOICE,CLEARED,NO_TDS_FOUND,Y,Potential missed TDS candidate,1001|2026|2610136970,c835e3fa54bd347fe2a680d65eeab3d7e0c963e6ef5b7189720a43c224d35ca1
1001,DIS02167AB,2025-12-23,2610505741,6500011355,2026,3189641561,001,2025-12-22,2025-11-30,INR,SIS/0636/2025-26,RE,H,-912659.18,-912659.18,"Job based,Job Based,K Block 3 Shift CK01",0016060001,,,2025-12-22,C005,780051,7801,CI,C3,100,1,Ind/HUF - 1%-New Sec-393(1)6(i),INVOICE,CLEARED,TDS_EXISTS,N,TDS exists on invoice,1001|2026|2610505741,db82e2fa8604fdffae001826b85c05a788c2d82052b608da549083832ce0c07b
1001,DIS02167AB,2025-10-10,2610394536,3400815614,2026,3187123277,001,2025-10-08,2025-08-31,INR,SIS/0371/2025-26,RE,H,-101562.08,-101562.08,"MANPOWER CHARGES FOR THE
MONTH OF AUGUSI2025",0016060001,,,2025-10-08,C005,86806,869,CI,C3,100,1,Ind/HUF - 1%-New Sec-393(1)6(i),INVOICE,CLEARED,TDS_EXISTS,N,TDS exists on invoice,1001|2026|2610394536,362076b7da9a5dc50b86b2a4f1c96c813c26241230823af21ce430f4f5b4d687
1001,DIS02167AB,2026-03-30,2610652242,3400848749,2026,3192877588,001,2026-03-29,2026-02-28,INR,SIS/0888/2025-26,RE,H,-47221.98,-47221.98,VE Ambulance Driver Salary Feb-26,0016060001,,,2026-03-29,C005,40361,404,,,,,,INVOICE,CLEARED,NO_TDS_FOUND,Y,Potential missed TDS candidate,1001|2026|2610652242,8ba867d8dfc413c4c0d2faaa882a630a9934102dbb9f629f7f46cd8942e7e513
1001,DIS02167AB,2026-02-24,2610595104,3400838539,2026,3191509026,001,2026-02-19,2025-12-31,INR,SIS/0710/2025-26,RE,H,-638820.18,-638820.18,VE HSK Salary Dec -25,0016060001,,,2026-02-19,C005,546001,5461,CI,C3,100,1,Ind/HUF - 1%-New Sec-393(1)6(i),INVOICE,CLEARED,TDS_EXISTS,N,TDS exists on invoice,1001|2026|2610595104,9c17c7f38b536d263466a841378d8e9f6d234cd0b5d5e54f5f8c552ca2bb37b7
1001,DIS02167AB,2026-02-17,2610582696,3400838336,2026,3191395645,001,2026-02-16,2025-12-31,INR,SIS/0678/2025-26,RE,H,-71834,-71834,CLMS-DEC-25,0016060001,,,2026-02-16,C005,61396.54,614,,,,,,INVOICE,CLEARED,NO_TDS_FOUND,Y,Potential missed TDS candidate,1001|2026|2610582696,8ea6ec239c3e771493a8204395f990986b7a658d4bf73a3aa41a1989a278315d
1001,DIS02167AB,2025-08-28,2610326021,S05774,2026,2510538390,004,2025-08-26,2025-07-31,INR,SIS/0280/2025-26,KR,H,-347695.68,-347695.68,UTILITY MANPOWER CHG JULY -25-Hire & service charg,0016060001,,,2025-08-26,Z006,297176,2972,,,,,,INVOICE,CLEARED,NO_TDS_FOUND,Y,Potential missed TDS candidate,1001|2026|2610326021,25462385b40bd13c0f4a3d72618292471d2fa7f6db93f59eb95b002a2447a9f3
1001,DIS02167AB,2025-12-05,2610477122,S05774,2026,2510864764,004,2025-12-04,2025-10-31,INR,SIS/0514/2025-26,KR,H,-17228.68,-17228.68, HSK MACHINERY RENTAL CHG MONTH OF OCT-25-Hire & s,0016060001,,,2025-12-04,Z006,14726,148,,,,,,INVOICE,CLEARED,NO_TDS_FOUND,Y,Potential missed TDS candidate,1001|2026|2610477122,81c13a48389d57dfd28cc3aa1c697900f4e8ec5f557b0596e75c20cfbb380cea
1001,DIS02167AB,2025-10-15,2610399431,S05774,2026,2510694692,004,2025-10-14,2025-09-30,INR,SIS/0421/2025-26,KR,H,-938224.36,-938224.36,HSK STAFF BONUS YEAR 2024-25-Hire & service charge,0016060001,,,2025-10-14,Z006,801902,8020,,,,,,INVOICE,CLEARED,NO_TDS_FOUND,Y,Potential missed TDS candidate,1001|2026|2610399431,eb41b5aa70a1e29d62f24a9a44c94f096a7c16f5c52176e3116af60806e71546
1001,DIS02167AB,2025-12-01,2610472096,,2026,2610472096,001,2025-12-01,2025-12-01,INR,,KZ,S,5056084.6,5056084.6,,0016060001,,,2025-12-01,,4321443.14,0,,,,,,PAYMENT,CLEARED,NO_TDS_FOUND,N,Review Required,1001|2026|2610472096,a991e88de6ee20687abd4b800cd1745adcbbbb17b23a33a186392389ae9bb147
1001,DIS02167AB,2025-12-31,2610516245,3400826663,2026,3189642940,001,2025-12-22,2025-11-30,INR,SIS/0604/2025-26,RE,H,-611548.36,-611548.36,EV08-NOV-25 General cleaning services,0016060001,,,2025-12-22,C005,522690.98,5227,CI,C3,100,1,Ind/HUF - 1%-New Sec-393(1)6(i),INVOICE,CLEARED,TDS_EXISTS,N,TDS exists on invoice,1001|2026|2610516245,e7b302614345890da6deb4bceea5d6b0f8d0cecda75305ca14c7f5a34f8724fc
1001,DIS02167AB,2025-10-15,2610400283,,2026,3187366432,001,2025-10-15,2025-08-31,INR,SIS/0352/2025-26,RE,H,-143100,-143100,CLMS-AUG-25,0016060001,,,2025-10-15,C005,122308.38,1224,,,,,,INVOICE,CLEARED,NO_TDS_FOUND,Y,Potential missed TDS candidate,1001|2026|2610400283,70bf98aa7a8a9b16bb4a23b01e1db6f06d3689ab4707c53d48d393d14f433267
1001,DIS02167AB,2026-01-13,2610534695,3400826663,2026,3190135270,001,2026-01-10,2025-12-31,INR,SIS/0690/2025-26,RE,H,-3726.3,-3726.3,"M/C, Repair and Maintainance",0016060001,,,2026-01-10,C005,3185,32,CI,C3,100,1,Ind/HUF - 1%-New Sec-393(1)6(i),INVOICE,CLEARED,TDS_EXISTS,N,TDS exists on invoice,1001|2026|2610534695,5a4b950d4722d24edbe32904a9762a77230913e43d3afbaee643917e2d7c27a0
1001,DIS02167AB,2026-03-13,2610623269,3400845441,2026,3192173230,001,2026-03-10,2026-01-31,INR,SIS/0810/2025-26,RE,H,-32121,-32121,CLMS-JAN-26,0016060001,,,2026-03-10,C005,27454.1,275,,,,,,INVOICE,CLEARED,NO_TDS_FOUND,Y,Potential missed TDS candidate,1001|2026|2610623269,071e599bfee8468a1c8bf3e679598c18f2abaf1aaea91230b5951a311988ca7d
1001,DIS02167AB,2026-03-27,2610643032,S05774,2026,2511220135,004,2026-03-26,2026-02-28,INR,SIS/0898/2025-26,KR,H,-2236.16,-2236.16,HSK MANPOWER CHARGES FEB -26-Hire & service charge,0016060001,,,2026-03-26,Z006,1912,20,,,,,,INVOICE,CLEARED,NO_TDS_FOUND,Y,Potential missed TDS candidate,1001|2026|2610643032,4e543f91664ea90f3a652a2d24479fd8b3aeb1066a4de28724139ce041cb9d0b
1001,DIS02167AB,2026-02-02,2610561882,S05774,2026,2511022058,004,2026-01-30,2025-12-31,INR,SIS/0706/2025-26,KR,H,-27461.96,-27461.96,IT SUPPORT MANPOWER SALARY DEC -25-Hire & service,0016060001,,,2026-01-30,Z006,23472,235,,,,,,INVOICE,CLEARED,NO_TDS_FOUND,Y,Potential missed TDS candidate,1001|2026|2610561882,7d2705f72a1412b9acc655acd159ff22ff7628f15826fc9248aa2440bb1ec8ea
1001,DIS02167AB,2025-10-31,2610423766,S05774,2026,2510735716,004,2025-10-30,2025-09-30,INR,SIS/0466/2025-26,KR,H,-5955.2,-5955.2,HSK MANPOWER OT CHARGES SEPT -25-Hire & service ch,0016060001,,,2025-10-30,Z006,5090,51,,,,,,INVOICE,CLEARED,NO_TDS_FOUND,Y,Potential missed TDS candidate,1001|2026|2610423766,f32815f79453753786fa75664bc51c8ca1d4a4ccc3caea4ee3471ba50a71462f
1001,DIS02167AB,2026-03-27,2610641752,S05774,2026,2511214759,007,2026-03-25,2026-02-28,INR,SIS/0890/2025-26,KR,H,-321025.58,-321025.58,UTILITY MANPOWER CHARGES FEB -26-Hire & service ch,0016060001,,,2026-03-25,Z006,274381,2744,,,,,,INVOICE,CLEARED,NO_TDS_FOUND,Y,Potential missed TDS candidate,1001|2026|2610641752,eef8fe3f0054ac7a582ed97550ae9cb7c26cdfc889c90fb14416a53ef759af6d
1001,DIS02167AB,2025-11-28,2610466636,,2026,3188823726,001,2025-11-28,2025-09-22,INR,SIS/0393/2025-26,RE,H,-268444,-268444,GRAIUITY Charges-FY-24-25,0016060001,,,2025-11-28,C005,229439.8,2295,,,,,,INVOICE,CLEARED,NO_TDS_FOUND,Y,Potential missed TDS candidate,1001|2026|2610466636,cd3b27df1b844eefebd8d45f442ad029fd04b6a191db2fb61cbb9325590139ff
1001,DIS02167AB,2025-10-15,2610400283,3400810601,2026,3187366465,001,2025-10-15,2025-08-31,INR,SIS/0320/2025-26,RE,H,-7224,-7224,MACHINE RENTAL -AUG-25,0016060001,,,2025-10-15,C005,6174.5,62,,,,,,INVOICE,CLEARED,NO_TDS_FOUND,Y,Potential missed TDS candidate,1001|2026|2610400283,e7238372ad48efafe5dd012983f963bfe52c5dd80ec4c3d663b6c4e857e65cc2
1001,DIS02167AB,2026-03-20,2610630516,3400826398,2026,3192474533,001,2026-03-18,2025-09-30,INR,SIS/0478/2025-26,RE,H,-25257.84,-25257.84,OT-SEPT-25,0016060001,,,2026-03-18,C005,21588,216,,,,,,INVOICE,CLEARED,NO_TDS_FOUND,Y,Potential missed TDS candidate,1001|2026|2610630516,201c44d2c9dc3449f64d708fbd56eb9acd4aae75dcb968f4f85a3a2bc554679d
1001,DIS02167AB,2025-09-15,2610353728,,2026,3185948613,001,2025-09-15,2025-07-31,INR,SIS/0268/2025-26,RE,H,-139350,-139350,CLMS-JULY-25,0016060001,,,2025-09-15,C005,119103.28,1192,,,,,,INVOICE,CLEARED,NO_TDS_FOUND,Y,Potential missed TDS candidate,1001|2026|2610353728,d47c6bd0b7cdf70ab2dafd0f6ba2161645f241366235bcfeaff733afb0c2705f
1001,DIS02167AB,2026-01-27,1066850370,3400837613,2026,3190688164,001,2026-01-27,2025-12-31,INR,SIS/0661/2025-26,RE,S,58617,58617,General cleaning services-Dec-25,0016060001,,,2026-01-27,C005,50100,501,CI,C3,100,1,Ind/HUF - 1%-New Sec-393(1)6(i),OTHER,CLEARED,TDS_EXISTS,N,TDS exists on invoice,1001|2026|1066850370,7f9d5517921157fbdd29d8356a268a1673659f61a9195a0c0d0ffd71855f6c9e
1001,DIS02167AB,2025-09-25,2610371226,,2026,2610371226,001,2025-09-25,2025-09-25,INR,,KZ,S,452767.58,452767.58,,0016060001,,,2025-09-25,,386981,0,,,,,,PAYMENT,CLEARED,NO_TDS_FOUND,N,Review Required,1001|2026|2610371226,11d30bbd32b33d4b1cc28903e366aa64eba8d6580992ca6e52e7e36a446f55a6
1001,DIS02167AB,2026-03-30,2610648518,,2026,2610648518,001,2026-03-30,2026-03-30,INR,,KZ,S,712869.2,712869.2,,0016060001,,,2026-03-30,,609290,0,,,,,,PAYMENT,CLEARED,NO_TDS_FOUND,N,Review Required,1001|2026|2610648518,e904ccbe616e5323b899c76be679667d43ad10561e220ae45a77a80f1d6d0547
1001,DIS02167AB,2026-02-20,2610589332,S05774,2026,2511091214,004,2026-02-17,2026-01-28,INR,SIS/0733/2025-26,KR,H,-89189.58,-89189.58,LEAVE WITH WAGES YEAR 2025-Hire & service charges,0016060001,,,2026-02-17,Z006,76231,763,,,,,,INVOICE,CLEARED,NO_TDS_FOUND,Y,Potential missed TDS candidate,1001|2026|2610589332,369a9e80d4e7f995b7e1db775457ef57ccf983705d09c2ce5fafa8324155e2e1
1001,DIS02167AB,2025-10-31,2610423766,S05774,2026,2510735719,004,2025-10-30,2025-09-30,INR,SIS/0465/2025-26,KR,H,-7787.08,-7787.08,UTILITY MANPOWER OT CHARGES SEPT -25-Hire & servic,0016060001,,,2025-10-30,Z006,6656,67,,,,,,INVOICE,CLEARED,NO_TDS_FOUND,Y,Potential missed TDS candidate,1001|2026|2610423766,86edaa46b5f97d68fba967e4f12c2a58068df8eee6cb812dbb6522a0c7fba8ad
1001,DIS02167AB,2026-03-13,2610623269,3400844512,2026,3192255704,001,2026-03-12,2026-01-28,INR,SIS/0739/2025-26,RE,H,-21784.6,-21784.6,Leave With Wages Utility Year 2025,0016060001,,,2026-03-12,C005,18620,187,,,,,,INVOICE,CLEARED,NO_TDS_FOUND,Y,Potential missed TDS candidate,1001|2026|2610623269,fa18edb2f3d980c7a1104585a4a9a47d64e5dfd765786714386a42f3364de814
1001,DIS02167AB,2025-10-15,2610400283,3400817587,2026,3187366513,001,2025-10-15,2025-08-31,INR,SIS/0350/2025-26,RE,H,-49713,-49713,CLMS-AUG-25,0016060001,,,2025-10-15,C005,42489.8,425,,,,,,INVOICE,CLEARED,NO_TDS_FOUND,Y,Potential missed TDS candidate,1001|2026|2610400283,2454d58fe96361a2572dcedcaa89cbdf6e19c3aea17374b055ad2a96059642cb
1001,DIS02167AB,2025-11-07,2610431960,S05774,2026,2510779070,004,2025-11-06,2025-09-30,INR,SIS/0461/2025-26,KR,H,-1666400.32,-1666400.32,HSK MANPOWER SALARY MONTH OF SEPT -25-Hire & servi,0016060001,,,2025-11-06,Z006,1424274,14243,,,,,,INVOICE,CLEARED,NO_TDS_FOUND,Y,Potential missed TDS candidate,1001|2026|2610431960,f48ea14db8fa48799da67e7981ca46e3ba17f475a78b8999019eedaa21dad494
1001,DIS02167AB,2025-09-05,2610339149,,2026,2610339149,001,2025-09-05,2025-09-05,INR,,KZ,S,12285,12285,,0016060001,,,2025-09-05,,10500,0,,,,,,PAYMENT,CLEARED,NO_TDS_FOUND,N,Review Required,1001|2026|2610339149,2ae34f89d4e23cff705bf00463d7f3642f491e04a5299354749b7f6f33ef00be
1001,DIS02167AB,2025-11-28,2610466636,3400824757,2026,3188823753,001,2025-11-28,2025-09-30,INR,SIS/0444/2025-26,RE,H,-221895,-221895,CLMS-SEPT-25,0016060001,,,2025-11-28,C005,189654.1,1897,,,,,,INVOICE,CLEARED,NO_TDS_FOUND,Y,Potential missed TDS candidate,1001|2026|2610466636,f646d318b15e87b5dc52616f8600035ca662011b81e9781f11633d02168a9be9
1001,DIS02167AB,2026-02-20,2610589332,S05774,2026,2511091211,004,2026-02-17,2026-01-28,INR,SIS/0735/2025-26,KR,H,-10291.28,-10291.28,LEAVE WITH WAGES YEAR 2025-Hire & service charges,0016060001,,,2026-02-17,Z006,8796,88,,,,,,INVOICE,CLEARED,NO_TDS_FOUND,Y,Potential missed TDS candidate,1001|2026|2610589332,80592d7b81a0d57e07935ea03eb642f54cc4368b52966844537621c8acb4e891
1001,DIS02167AB,2026-03-20,2610630516,3400815096,2026,3192474641,001,2026-03-18,2025-08-12,INR,SIS/0305/2025-26,RE,H,-86431,-86431,OT-JULY-25,0016060001,,,2026-03-18,C005,73872.86,739,,,,,,INVOICE,CLEARED,NO_TDS_FOUND,Y,Potential missed TDS candidate,1001|2026|2610630516,7a4d42e822823da503f3e92362630e979961457343c22be726728823e6765298
1001,DIS02167AB,2026-01-30,2610560242,3400834822,2026,3190698179,001,2026-01-27,2025-11-30,INR,SIS/0596/2025-26,RE,H,-49148.44,-49148.44,MANPOWER CHG. NOV 25(VE),0016060001,,,2026-01-27,C005,42008,421,CI,C3,100,1,Ind/HUF - 1%-New Sec-393(1)6(i),INVOICE,CLEARED,TDS_EXISTS,N,TDS exists on invoice,1001|2026|2610560242,4598596a0a02c311beee8682648673d59c9cc288735d913d8d8cc3798132499d
1001,DIS02167AB,2026-03-05,2610609329,S05774,2026,2511150252,004,2026-03-04,2026-01-31,INR,SIS/0797/2025-26,KR,H,-6435,-6435,POOL VEHICLE DRIVER FUEL & OTHER EXP JAN - 26-Hire,0016060001,,,2026-03-04,Z006,5500,55,,,,,,INVOICE,CLEARED,NO_TDS_FOUND,Y,Potential missed TDS candidate,1001|2026|2610609329,1e7b831d5a8f4048f76bcc723b53e898277dcc514d2d70bacae993b496bd179e
1001,DIS02167AB,2025-11-28,2610466208,,2026,2610466208,001,2025-11-28,2025-11-28,INR,,KZ,S,77288.8,77288.8,,0016060001,,,2025-11-28,,66060,0,,,,,,PAYMENT,CLEARED,NO_TDS_FOUND,N,Review Required,1001|2026|2610466208,75152ba01ab3cf911182c1e26c9d5ce98a854fd039488d14cf3303f848f236b7
1001,DIS02167AB,2026-01-30,2610557324,3400834589,2026,3190697993,001,2026-01-27,2025-11-30,INR,SIS/0588/2025-26,RE,H,-48050.42,-48050.42,MANPOWER CHG. NOV 25 ((PRC) ChimbaLI),0016060001,,,2026-01-27,C005,41069,411,CI,C3,100,1,Ind/HUF - 1%-New Sec-393(1)6(i),INVOICE,CLEARED,TDS_EXISTS,N,TDS exists on invoice,1001|2026|2610557324,e3653c5af9d84050371fb1afb6af17fa5715f28b47a84a1e7bf0c62224af1706
1001,DIS02167AB,2025-10-10,2610394536,3400805855,2026,3187103600,001,2025-10-08,2025-05-31,INR,SIS/0145/2025-26,RE,H,-18027,-18027,OT - MAY-25,0016060001,,,2025-10-08,C005,15408.38,155,,,,,,INVOICE,CLEARED,NO_TDS_FOUND,Y,Potential missed TDS candidate,1001|2026|2610394536,5791a4c9bb618d829991db08192a2eeaa01b57f5dc0962adf6740618da8c03e2
1001,DIS02167AB,2025-10-15,2610400283,,2026,3187366513,001,2025-10-15,2025-08-31,INR,SIS/0350/2025-26,RE,H,-49713,-49713,CLMS-AUG-25,0016060001,,,2025-10-15,C005,42489.8,425,,,,,,INVOICE,CLEARED,NO_TDS_FOUND,Y,Potential missed TDS candidate,1001|2026|2610400283,2454d58fe96361a2572dcedcaa89cbdf6e19c3aea17374b055ad2a96059642cb
1001,DIS02167AB,2025-10-15,2610400283,3400817587,2026,3187366534,001,2025-10-15,2025-08-31,INR,SIS/0351/2025-26,RE,H,-840597,-840597,CLMS-AUG-25,0016060001,,,2025-10-15,C005,718459.2,7185,,,,,,INVOICE,CLEARED,NO_TDS_FOUND,Y,Potential missed TDS candidate,1001|2026|2610400283,350570dc1d34cfd0973101a9648adf69e89715176d9012e737e2b84756f1e820
1001,DIS02167AB,2025-11-07,2610431960,3400821519,2026,3188011861,001,2025-11-06,2025-09-30,INR,SIS/0471/2025-26,RE,H,-2151.02,-2151.02,"I\,IANPOWER CHARGES SEP 25",0016060001,,,2025-11-06,C005,1839,19,CI,C3,100,1,Ind/HUF - 1%-New Sec-393(1)6(i),INVOICE,CLEARED,TDS_EXISTS,N,TDS exists on invoice,1001|2026|2610431960,2e1f4317aaaafd794724ba1491574ab83274e86319f3baf496cbe6cac2284ab8
1001,DIS02167AB,2026-02-10,2610575596,,2026,3191168426,001,2026-02-10,2026-01-28,INR,SIS/0731/2025-26,RE,H,-974329.98,-974329.98,"Job based,Job Based,K Block 3 Shift CK01",0016060001,,,2026-02-10,C005,832761,8328,CI,C3,100,1,Ind/HUF - 1%-New Sec-393(1)6(i),INVOICE,CLEARED,TDS_EXISTS,N,TDS exists on invoice,1001|2026|2610575596,7c3a7440ef5a36497ae2301f257ea4d826844f3350b138471a33e1d61293099a
1001,DIS02167AB,2026-02-20,2610589332,S05774,2026,2511091213,004,2026-02-17,2026-01-28,INR,SIS/0734/2025-26,KR,H,-111144.1,-111144.1,LEAVE WITH WAGES YEAR 2025-Hire & service charges,0016060001,,,2026-02-17,Z006,94995,950,,,,,,INVOICE,CLEARED,NO_TDS_FOUND,Y,Potential missed TDS candidate,1001|2026|2610589332,aa7a23d06ffe6e327f07f3d4fb0d2ca4aac1dc630f32d42afbce04433140d370
1001,DIS02167AB,2026-02-02,2610561882,S05774,2026,2511022117,004,2026-01-30,2025-12-31,INR,SIS/0703/2025-26,KR,H,-1550198.08,-1550198.08,HSK MANPOWER SALARY DEC -25-Hire & service charges,0016060001,,,2026-01-30,Z006,1324956,13250,,,,,,INVOICE,CLEARED,NO_TDS_FOUND,Y,Potential missed TDS candidate,1001|2026|2610561882,eea51b4280731803b19100c8387590d879a4d10cdd8fa2aeb5fd0d537b3a2920
1001,DIS02167AB,2026-03-24,2610639567,,2026,3192671246,001,2026-03-24,2026-02-28,INR,SIS/0876/2025-26,RE,H,-186042,-186042,manpower charges for the month of Feb - 2026,0016060001,,,2026-03-24,Z006,159011.02,1591,,,,,,INVOICE,CLEARED,NO_TDS_FOUND,Y,Potential missed TDS candidate,1001|2026|2610639567,7996a1449ce1c9069ebb43e4806c381ea1066c8764bdde215b3dd68488defcc9
1001,DIS02167AB,2025-10-15,2610399431,S05774,2026,2510694679,004,2025-10-14,2025-09-30,INR,SIS/0430/2025-26,KR,H,-12878.44,-12878.44, POOL VEHICLE DRIVER WC POLICY COMPENSATION-Hire &,0016060001,,,2025-10-14,Z006,11008,111,,,,,,INVOICE,CLEARED,NO_TDS_FOUND,Y,Potential missed TDS candidate,1001|2026|2610399431,7ef499e0fdfb4036838be5ad2e98b0ff1793ea9a72c7bb573a60d1397685296e
1001,DIS02167AB,2025-10-28,2610415557,,2026,2610415557,002,2025-10-28,2025-10-28,INR,,KZ,S,22672.74,22672.74,,0016060001,,,2025-10-28,,0,0,,,,,,PAYMENT,CLEARED,NO_TDS_FOUND,N,Review Required,1001|2026|2610415557,404a0ce714e0d36ed5be310832e3ee9db2dac756053f0940693478a99e8b0e05
1001,DIS02167AB,2025-10-10,2610394536,,2026,2610394536,001,2025-10-10,2025-10-10,INR,,KZ,S,922991.96,922991.96,,0016060001,,,2025-10-10,,788889.86,0,,,,,,PAYMENT,CLEARED,NO_TDS_FOUND,N,Review Required,1001|2026|2610394536,86e7e70a9f1b3c15dff328d97e4ab2ab749f2d59f19ca980f28fa70a742c0ad4
1001,DIS02167AB,2025-11-28,2610466636,3400824757,2026,3188823741,001,2025-11-28,2025-09-30,INR,SIS/0443/2025-26,RE,H,-48757,-48757,CLMS-SEPT-25,0016060001,,,2025-11-28,C005,41672.86,417,,,,,,INVOICE,CLEARED,NO_TDS_FOUND,Y,Potential missed TDS candidate,1001|2026|2610466636,cdcfa36c16af365a3304264105f9eb11191c993ec89fcf4fc3af5d4437505d06
1001,DIS02167AB,2025-11-28,2610466636,,2026,3188823730,001,2025-11-28,2025-10-16,INR,SIS/0487/2025-26,RE,H,-1739072,-1739072,Bonus Mar-Apr-25,0016060001,,,2025-11-28,C005,1486386.34,14864,,,,,,INVOICE,CLEARED,NO_TDS_FOUND,Y,Potential missed TDS candidate,1001|2026|2610466636,c6592162f2744d5c1c8a9f4ab2cb2f3bc3a6b6614fdfa55e7dcb753f9f5bd3a8
1001,DIS02167AB,2025-10-15,2610400283,,2026,3187366538,001,2025-10-15,2025-08-31,INR,SIS/0351/2025-26,RE,H,-34941,-34941,CLMS-AUG-25,0016060001,,,2025-10-15,C005,29864.3,299,,,,,,INVOICE,CLEARED,NO_TDS_FOUND,Y,Potential missed TDS candidate,1001|2026|2610400283,50ff98ca24ab333e9570647d8f6739a18cbcfe3126f829a8101fc042edef6db5
1001,DIS02167AB,2026-03-27,2610643032,S05774,2026,2511220261,004,2026-03-26,2026-02-28,INR,SIS/0891/2025-26,KR,H,-27781.1,-27781.1,MT ACCOUNTS STAFF SALARY FEB - 26-Hire & service c,0016060001,,,2026-03-26,Z006,23745,238,,,,,,INVOICE,CLEARED,NO_TDS_FOUND,Y,Potential missed TDS candidate,1001|2026|2610643032,cc24339ba102aa70ec5b8623ae6c93892573404fb4c145a99b2b97829c73a1e3
1001,DIS02167AB,2026-02-17,2610582696,3400838336,2026,3191395670,001,2026-02-16,2025-12-31,INR,SIS/0679/2025-26,RE,H,-185708,-185708,CLMS-DEC-25,0016060001,,,2026-02-16,C005,158725.32,1588,,,,,,INVOICE,CLEARED,NO_TDS_FOUND,Y,Potential missed TDS candidate,1001|2026|2610582696,cb6ae40fe2d8dbe51548cec3ef22ced8925da1a25662c88a7c7032e734a0faf0
1001,DIS02167AB,2025-11-28,2610466208,3400823824,2026,3188601541,001,2025-11-22,2025-09-30,INR,SIS/0429/2025-26,RE,H,-47184.22,-47184.22,MANPOWER CHG.SEP 25 (PRC-CHIMBALI),0016060001,,,2025-11-22,C005,40329,404,CI,C3,100,1,Ind/HUF - 1%-New Sec-393(1)6(i),INVOICE,CLEARED,TDS_EXISTS,N,TDS exists on invoice,1001|2026|2610466208,b8e1a47e327c66f7907e9cca90cab4430f07d6b42421f359bad2762ce9bf9197
1001,DIS02167AB,2025-11-18,2610448691,3400820802,2026,3188301110,001,2025-11-14,2025-09-30,INR,SIS/0447/2025-26,RE,H,-25497.74,-25497.74,MANPOWER CHG. SEP 25,0016060001,,,2025-11-14,C005,21793,218,CI,C3,100,1,Ind/HUF - 1%-New Sec-393(1)6(i),INVOICE,CLEARED,TDS_EXISTS,N,TDS exists on invoice,1001|2026|2610448691,7845aca42aaec15e5687594d1b95337c9ff2d87197eb70edee9ff8943ab2e50b
1001,DIS02167AB,2025-12-01,2610472096,3400826398,2026,3188866246,001,2025-11-29,2025-10-31,INR,SIS/0534/2025-26,RE,H,-225238,-225238,CLMS-OCT-25,0016060001,,,2025-11-29,C005,192511.84,1926,,,,,,INVOICE,CLEARED,NO_TDS_FOUND,Y,Potential missed TDS candidate,1001|2026|2610472096,6b5a50a51ecfbe00b057914b72e4eff2e70102fb4d6100685bab0bc401e25d4c
1001,DIS02167AB,2026-01-13,2610534695,3400826663,2026,3190135268,001,2026-01-10,2025-12-31,INR,SIS/0688/2025-26,RE,H,-23729.76,-23729.76,EV08-General cleaning services,0016060001,,,2026-01-10,C005,20282,203,CI,C3,100,1,Ind/HUF - 1%-New Sec-393(1)6(i),INVOICE,CLEARED,TDS_EXISTS,N,TDS exists on invoice,1001|2026|2610534695,6aee2db9c02bee39893f8436fae8a26400199e5a1b6682926fb574804108beba
1001,DIS02167AB,2025-09-19,2610362368,,2026,2610362368,001,2025-09-19,2025-09-19,INR,,KZ,S,199467,199467,,0016060001,,,2025-09-19,,170484.88,0,,,,,,PAYMENT,CLEARED,NO_TDS_FOUND,N,Review Required,1001|2026|2610362368,2f9a960b8c60223617a866d2df693e15f06e0514645dac06553acda1b92ef3d2
1001,DIS02167AB,2026-03-20,2610630516,,2026,2610630516,001,2026-03-20,2026-03-20,INR,,KZ,S,576868.82,576868.82,,0016060001,,,2026-03-20,,493056.2,0,,,,,,PAYMENT,CLEARED,NO_TDS_FOUND,N,Review Required,1001|2026|2610630516,30339c462d106482b2df113e055406f1bdd7a0b49af5970d0c7426456b4b50b6
1001,DIS02167AB,2025-09-09,2610341103,3400810601,2026,3185631229,001,2025-09-05,2025-07-31,INR,SIS/0270/2025-26,RE,H,-103457,-103457,MACHINE RENTAL -JULY-25,0016060001,,,2025-09-05,C005,89187.16,1784,,,,,,INVOICE,CLEARED,NO_TDS_FOUND,Y,Potential missed TDS candidate,1001|2026|2610341103,2f53cafdfb45eba9cb1fe037006177feb2dc3b849713d4d0be5437d118a24a10
1001,DIS02167AB,2025-09-30,2610378827,,2026,2610378827,001,2025-09-30,2025-09-30,INR,,KZ,S,124092.7,124092.7,,0016060001,,,2025-09-30,,106065,0,,,,,,PAYMENT,CLEARED,NO_TDS_FOUND,N,Review Required,1001|2026|2610378827,6e2dd27c219dd3e01fc9c440450f6d993adda646b534eb3409564f82b7c3bb96
1001,DIS02167AB,2026-01-30,2610555961,3400831404,2026,3190688181,001,2026-01-27,2025-12-31,INR,SIS/0687/2025-26,RE,H,-57554.56,-57554.56,General cleaning services-DEC-25,0016060001,,,2026-01-27,C005,49192,492,CI,C3,100,1,Ind/HUF - 1%-New Sec-393(1)6(i),INVOICE,CLEARED,TDS_EXISTS,N,TDS exists on invoice,1001|2026|2610555961,e56aa166c9c15e7f937a2884c5c4e69000ebadb8ca3636222c976c8d4ae8eb5d
1001,DIS02167AB,2025-08-08,2610300834,3400804668,2026,3184643361,001,2025-08-05,2025-06-30,INR,SIS/0204/2025-26,RE,H,-70821.76,-70821.76,MANPOWER CHARGES FOR JUNE25,0016060001,,,2025-08-05,C005,60532,606,CI,C3,100,1,Ind/HUF - 1%-New Sec-393(1)6(i),INVOICE,CLEARED,TDS_EXISTS,N,TDS exists on invoice,1001|2026|2610300834,1e817e2ff0c543d773339e8a4d331cc3d5bb893029726cfb7e8200fa1bbf8d0a
1001,DIS02167AB,2025-12-26,2610510262,3400832171,2026,3189709921,001,2025-12-24,2025-11-30,INR,SIS/0582/2025-26,RE,H,-103457,-103457,R & M Hsk M/C Nov'25,0016060001,,,2025-12-24,C005,89187.16,1784,,,,,,INVOICE,CLEARED,NO_TDS_FOUND,Y,Potential missed TDS candidate,1001|2026|2610510262,23831f38e6e0c29d145025f28840b4fc3ebd16e062fc113d5534d62c55e5cbbe
1001,DIS02167AB,2026-01-27,1066850370,3400837613,2026,3190688159,001,2026-01-27,2025-12-31,INR,SIS/0661/2025-26,RE,H,-58617,-58617,General cleaning services-Dec-25,0016060001,,,2026-01-27,C005,50100,501,CI,C3,100,1,Ind/HUF - 1%-New Sec-393(1)6(i),INVOICE,CLEARED,TDS_EXISTS,N,TDS exists on invoice,1001|2026|1066850370,e73631c0035ad4320c9137c8f9c3fcfd3dbe1ef8b4c7e12a0c2aedd51a96cd45
1001,DIS02167AB,2026-03-17,2610625957,3400845846,2026,3192383960,001,2026-03-15,2026-01-31,INR,SIS/0785/2025-26,RE,H,-47121.5,-47121.5,"MANPOWER CHARGES FOR THE
MONTH OF JANUARY 2026",0016060001,,,2026-03-15,C005,40275,403,,,,,,INVOICE,CLEARED,NO_TDS_FOUND,Y,Potential missed TDS candidate,1001|2026|2610625957,7560ff4d1d1a583a50c42f285c64dbac07fb91e846edaae7916be1d30a58ac3d
1001,DIS02167AB,2026-04-16,2610122643,3400826368,2026,3189554752,001,2025-12-19,2025-10-31,INR,SIS/0539/2025-26,RE,H,-23642.44,-23642.44,"MANPOWER CHARGES FOR THE
MONTH OF OCTOBER 2025",0016060001,,,2025-12-19,C005,20208,203,CI,C3,100,1,Ind/HUF - 1%-New Sec-393(1)6(i),INVOICE,CLEARED,TDS_EXISTS,N,TDS exists on invoice,1001|2026|2610122643,3a4a89d1148c7b5c6afb9d605ac659ce5c0ddac8e23627dcf163f9d03cc3857c
1001,DIS02167AB,2025-10-15,2610399431,S05774,2026,2510694691,004,2025-10-14,2025-09-30,INR,SIS/0422/2025-26,KR,H,-185974.54,-185974.54,HSK STAFF BONUS YEAR 2024-25-Hire & service charge,0016060001,,,2025-10-14,Z006,158953,1590,,,,,,INVOICE,CLEARED,NO_TDS_FOUND,Y,Potential missed TDS candidate,1001|2026|2610399431,cfbac62f73188a6a652780da84ad6eeec921327dfeded1bb4269f1d32a7ffcab
1001,DIS02167AB,2025-09-15,2610353728,3400810601,2026,3185948669,001,2025-09-15,2025-07-31,INR,SIS/0266/2025-26,RE,H,-46380,-46380,CLMS-JULY-25,0016060001,,,2025-09-15,C005,39641.44,397,,,,,,INVOICE,CLEARED,NO_TDS_FOUND,Y,Potential missed TDS candidate,1001|2026|2610353728,dc2dece4649f4751d1f0fce8c71317c2e832e0589aea36a9cb8dc4789ba057a3
1001,DIS02167AB,2025-08-26,2610324267,3400807004,2026,3185273760,001,2025-08-25,2025-05-31,INR,SIS/0119/2025-26,RE,H,-87831.6,-87831.6,MT-MAY-25,0016060001,,,2025-08-25,C005,75070,751,CI,C3,100,1,Ind/HUF - 1%-New Sec-393(1)6(i),INVOICE,CLEARED,TDS_EXISTS,N,TDS exists on invoice,1001|2026|2610324267,1fc14d7327ea38b72f95a2e9703134ebb72c7d2b278b12c4f1d1beb577c2445c
1001,DIS02167AB,2025-10-31,2610423766,S05774,2026,2510735724,004,2025-10-30,2025-09-30,INR,SIS/0462/2025-26,KR,H,-327689.86,-327689.86,UTILITY MANPOWER CHARGES SEPT -25-Hire & service c,0016060001,,,2025-10-30,Z006,280077,2801,,,,,,INVOICE,CLEARED,NO_TDS_FOUND,Y,Potential missed TDS candidate,1001|2026|2610423766,191307742430c245e65394f462962296ddae11dc5d8b23937bc95ee34ebb442d
1001,DIS02167AB,2025-11-07,2610431960,S05774,2026,2510779062,004,2025-11-06,2025-09-30,INR,SIS/0467/2025-26,KR,H,-703.36,-703.36,HSK OT CHG MONTH OF SEPT -2025-Hire & service char,0016060001,,,2025-11-06,Z006,602,7,,,,,,INVOICE,CLEARED,NO_TDS_FOUND,Y,Potential missed TDS candidate,1001|2026|2610431960,88cbcf6ab976c6f4c2be736a9a6ddf61ffafa5dd0c7abeeb9e963d2aeb118897
1001,DIS02167AB,2026-01-27,1066850370,,2026,1066850370,001,2026-01-27,2026-01-27,INR,,AB,S,58617,58617,,0016060001,,,2026-01-27,,50100,0,,,,,,OTHER,CLEARED,NO_TDS_FOUND,N,Review Required,1001|2026|1066850370,518922ce762518e96e44d44683cae83b2e48d83c74cbe55c750b3c63fd4142ec
1001,DIS02167AB,2026-01-12,2610530517,,2026,2610530517,001,2026-01-12,2026-01-12,INR,,KZ,S,45571,45571,,0016060001,,,2026-01-12,,38950,0,,,,,,PAYMENT,CLEARED,NO_TDS_FOUND,N,Review Required,1001|2026|2610530517,181e270cc8331ac0a3d33fb410d70be37064a99b3df2db79acaefdf1797d3bb4
1001,DIS02167AB,2025-07-15,2610263603,,2026,2610263603,001,2025-07-15,2025-07-15,INR,,KZ,S,974329.98,974329.98,,0016060001,,,2025-07-15,,832761,0,,,,,,PAYMENT,CLEARED,NO_TDS_FOUND,N,Review Required,1001|2026|2610263603,0586106d9e816765ccd63e43b4e716295972a6baa56589796556b536cf311e0a
1001,DIS02167AB,2026-03-20,2610630516,3400818828,2026,3192474687,001,2026-03-18,2025-08-31,INR,SIS/0357/2025-26,RE,H,-76072,-76072,OT-AUG-25,0016060001,,,2026-03-18,C005,65019.4,651,,,,,,INVOICE,CLEARED,NO_TDS_FOUND,Y,Potential missed TDS candidate,1001|2026|2610630516,e89147d2886cd5c52166d1a948d2a30bdde8529715ca421fa5b93dad03ad078a
1001,DIS02167AB,2026-03-13,2610623269,3400845441,2026,3192173079,001,2026-03-10,2026-01-31,INR,SIS/0740/2025-26,RE,H,-59580.34,-59580.34,Rent Hsk M/C Jan'26,0016060001,,,2026-03-10,C005,51363,1028,,,,,,INVOICE,CLEARED,NO_TDS_FOUND,Y,Potential missed TDS candidate,1001|2026|2610623269,51fb6cf3873e2056a7cb6fc6353bda54be0c66c5aa85fbe82107284b71c1843d
1001,DIS02167AB,2025-08-28,2610326021,,2026,2610326021,001,2025-08-28,2025-08-28,INR,,KZ,S,730447.74,730447.74,,0016060001,,,2025-08-28,,624443,0,,,,,,PAYMENT,CLEARED,NO_TDS_FOUND,N,Review Required,1001|2026|2610326021,66e1525c30d1adf073986be5daa9a1205c5c5e89a33b24244ad24e61a9e9bb9c
1001,DIS02167AB,2025-09-15,2610353728,,2026,3185948675,001,2025-09-15,2025-07-31,INR,SIS/0269/2025-26,RE,H,-20460.84,-20460.84,CLMS-JULY-25,0016060001,,,2025-09-15,C005,17488,175,CI,C3,100,1,Ind/HUF - 1%-New Sec-393(1)6(i),INVOICE,CLEARED,TDS_EXISTS,N,TDS exists on invoice,1001|2026|2610353728,348129b772cbd915e3411c82ad957fbf5e707547436a0fb55e8bfb9051994b84
1001,DIS02167AB,2025-11-28,2610466636,,2026,3188823731,001,2025-11-28,2025-09-30,INR,SIS/0445/2025-26,RE,H,-23610.4,-23610.4,CLMS-SEPT-25,0016060001,,,2025-11-28,C005,20180,202,CI,C3,100,1,Ind/HUF - 1%-New Sec-393(1)6(i),INVOICE,CLEARED,TDS_EXISTS,N,TDS exists on invoice,1001|2026|2610466636,c40f3dd33d46b880f25bad416018a7046c1c84bd8dc765262f06fe6989737583
1001,DIS02167AB,2025-10-15,2610400283,3400817587,2026,3187366417,001,2025-10-15,2025-08-31,INR,SIS/0353/2025-26,RE,H,-17472.12,-17472.12,CLMS-AUG-25,0016060001,,,2025-10-15,C005,14934,150,CI,C3,100,1,Ind/HUF - 1%-New Sec-393(1)6(i),INVOICE,CLEARED,TDS_EXISTS,N,TDS exists on invoice,1001|2026|2610400283,cfecbafa3b70328c06b859e291faf7d1105d2ab57a00c9427443308d606c9a99
1001,DIS02167AB,2026-01-16,2610537847,3400826398,2026,3190214661,001,2026-01-13,2025-09-20,INR,SIS/0399/2025-26,RE,H,-1462,-1462,MEDICAL CHECK UP EXP.APR-25 TO MAR-26,0016060001,,,2026-01-13,C005,1250,13,,,,,,INVOICE,CLEARED,NO_TDS_FOUND,Y,Potential missed TDS candidate,1001|2026|2610537847,ec8337177e8f7a6359417242cdd6cdbde6e99ef96ba3b35019b2396f547322f7
1001,DIS02167AB,2026-01-05,2610522565,S05774,2026,2510953326,004,2026-01-02,2025-11-30,INR,SIS/0625/2025-26,KR,H,-8884.92,-8884.92,HSK MANPOWER OT CHG NOV -25-Hire & service charges,0016060001,,,2026-01-02,Z006,7594,76,,,,,,INVOICE,CLEARED,NO_TDS_FOUND,Y,Potential missed TDS candidate,1001|2026|2610522565,9864e4f7a6a6468202cee1919a2d5231f87b01fee6135b61d78b004e4a58b304
1001,DIS02167AB,2025-11-07,2610431960,3400821519,2026,3188011855,001,2025-11-06,2025-09-30,INR,SIS/0469/2025-26,RE,H,-100225.34,-100225.34, MANPOWER CHARGES SEP 25,0016060001,,,2025-11-06,C005,85663,857,CI,C3,100,1,Ind/HUF - 1%-New Sec-393(1)6(i),INVOICE,CLEARED,TDS_EXISTS,N,TDS exists on invoice,1001|2026|2610431960,7777bb60be157827e290573df3428cb46c62dd11e8ed30c59c6c51e5fa6f7e37
1001,DIS02167AB,2025-11-28,2610466636,3400824757,2026,3188823726,001,2025-11-28,2025-09-22,INR,SIS/0393/2025-26,RE,H,-268444,-268444,GRAIUITY Charges-FY-24-25,0016060001,,,2025-11-28,C005,229439.8,2295,,,,,,INVOICE,CLEARED,NO_TDS_FOUND,Y,Potential missed TDS candidate,1001|2026|2610466636,cd3b27df1b844eefebd8d45f442ad029fd04b6a191db2fb61cbb9325590139ff
1001,DIS02167AB,2025-09-30,2610378827,3400814502,2026,3186255987,001,2025-09-25,2025-07-31,INR,SIS/0289/2025-26,RE,H,-39102.96,-39102.96,MANPOWER CHG FOR MOTNH JUY25,0016060001,,,2025-09-25,C005,33422,335,CI,C3,100,1,Ind/HUF - 1%-New Sec-393(1)6(i),INVOICE,CLEARED,TDS_EXISTS,N,TDS exists on invoice,1001|2026|2610378827,09288de42700bb70ca95a9caff9c69a8650eb9b86b3da6eb429f7c1ec0d17f00
1001,DIS02167AB,2026-02-02,2610561882,S05774,2026,2511022057,004,2026-01-30,2025-12-31,INR,SIS/0705/2025-26,KR,H,-26446.9,-26446.9,ACCOUNTS SUPPORT MANPOWER SALARY DEC -25-Hire & se,0016060001,,,2026-01-30,Z006,22605,227,,,,,,INVOICE,CLEARED,NO_TDS_FOUND,Y,Potential missed TDS candidate,1001|2026|2610561882,eb5bda7ed65327b1451370fb868d2e4801ead0144fe49c6da921c22c9c70edb6
1001,DIS02167AB,2025-10-10,2610394536,3400810601,2026,3187103689,001,2025-10-08,2025-06-30,INR,SIS/0223/2025-26,RE,H,-6923.24,-6923.24,OT - JUN-25,0016060001,,,2025-10-08,C005,5918,60,CI,C3,100,1,Ind/HUF - 1%-New Sec-393(1)6(i),INVOICE,CLEARED,TDS_EXISTS,N,TDS exists on invoice,1001|2026|2610394536,af2a55dfa846442d97e11868ef71d6f6ad846bcaba7cb4dfdb6a66172e5b791a
1001,DIS02167AB,2025-12-30,2610513386,6500011466,2026,3189766769,001,2025-12-26,2025-12-22,INR,SIS/0645/2025-26,RE,H,-382556.96,-382556.96,"Job based,Job Based,K Block 2 Shift CK01",0016060001,,,2025-12-26,C005,326972,3270,CI,C3,100,1,Ind/HUF - 1%-New Sec-393(1)6(i),INVOICE,CLEARED,TDS_EXISTS,N,TDS exists on invoice,1001|2026|2610513386,272f842ac9afee0924606a3dc48eccb368dd589d4401f6a9b657c116784f86f5
1001,DIS02167AB,2025-09-30,2610378827,3400814502,2026,3186255985,001,2025-09-25,2025-06-30,INR,SIS/0232/2025-26,RE,H,-5344.24,-5344.24,MANPOWER CHG FOR MOTNH JUN25-OT,0016060001,,,2025-09-25,C005,4568,46,CI,C3,100,1,Ind/HUF - 1%-New Sec-393(1)6(i),INVOICE,CLEARED,TDS_EXISTS,N,TDS exists on invoice,1001|2026|2610378827,8fa5fb0c9106a1eebc872a3f639e9ab536189288cea230473230a3a9ce9e6e47
1001,DIS02167AB,2026-02-27,2610600516,3400838539,2026,3191718217,001,2026-02-25,2025-12-31,INR,SIS/0666/2025-26,RE,H,-56267.56,-56267.56,VE Ambulance Driver Salary Dec-25,0016060001,,,2026-02-25,C005,48092,481,,,,,,INVOICE,CLEARED,NO_TDS_FOUND,Y,Potential missed TDS candidate,1001|2026|2610600516,b54d491d7c7c8d5b770e4dde763f827218ed7aacab0151793f98e7004a7ade1e
1001,DIS02167AB,2026-03-27,2610641752,S05774,2026,2511219732,004,2026-03-26,2026-02-28,INR,SIS/0900/2025-26,KR,H,-2574,-2574,POOL VEHICLE DRIVER FUEL & OTHE EXP FEB -26-Hire &,0016060001,,,2026-03-26,Z006,2200,22,,,,,,INVOICE,CLEARED,NO_TDS_FOUND,Y,Potential missed TDS candidate,1001|2026|2610641752,83413ae7e471a62769d1c48b219f60331ef594261093dcc3d99a9aaef53835ac
1001,DIS02167AB,2026-02-20,2610589332,S05774,2026,2511091216,007,2026-02-17,2026-01-28,INR,SIS/0732/2025-26,KR,H,-620349.52,-620349.52,"LEAVE WITH WAGES YEAR 2025-Hire & service charges,",0016060001,,,2026-02-17,Z006,530214,5303,,,,,,INVOICE,CLEARED,NO_TDS_FOUND,Y,Potential missed TDS candidate,1001|2026|2610589332,1423ee8ed5c5c9e381c9c969f9c2b4dec96ae1f268d79531918a1c3582d39615
1001,DIS02167AB,2025-12-26,2610510262,,2026,2610510262,001,2025-12-26,2025-12-26,INR,,KZ,S,340398,340398,,0016060001,,,2025-12-26,,293448.64,0,,,,,,PAYMENT,CLEARED,NO_TDS_FOUND,N,Review Required,1001|2026|2610510262,85028e91b9e3f0585670dc47cb685a95e2d5534d467260b83a5ef2557e55531e
1001,DIS02167AB,2025-09-09,2610341103,,2026,2610341103,001,2025-09-09,2025-09-09,INR,,KZ,S,170198,170198,,0016060001,,,2025-09-09,,146723.32,0,,,,,,PAYMENT,CLEARED,NO_TDS_FOUND,N,Review Required,1001|2026|2610341103,6e77eda53b2be5b02b1beab0a9147da7d497905d8d4b5fd5a2df9c487ebd3bdf
1001,DIS02167AB,2025-10-10,2610394536,3400810601,2026,3187103644,001,2025-10-08,2025-06-30,INR,SIS/0224/2025-26,RE,H,-3969.74,-3969.74,OT - JUN-25,0016060001,,,2025-10-08,C005,3393,34,CI,C3,100,1,Ind/HUF - 1%-New Sec-393(1)6(i),INVOICE,CLEARED,TDS_EXISTS,N,TDS exists on invoice,1001|2026|2610394536,e8a72d76bd79beef57eaebdd3024636f3d363d0c4131e6f41085a894ccb02108
1001,DIS02167AB,2025-12-01,2610472096,3400822880,2026,3188907735,001,2025-11-30,2025-09-30,INR,SIS/0455/2025-26,RE,H,-31640.92,-31640.92,ICV Detp Driver Salary Sept-25,0016060001,,,2025-11-30,C005,27044,271,CI,C3,100,1,Ind/HUF - 1%-New Sec-393(1)6(i),INVOICE,CLEARED,TDS_EXISTS,N,TDS exists on invoice,1001|2026|2610472096,9215c9a0f68035f7142b63beb7badf755cab5ffa865020f9e2a7a94b7c014b7c
1001,DIS02167AB,2026-03-05,2610609329,S05774,2026,2511150060,004,2026-03-04,2026-01-31,INR,SIS/0742/2025-26,KR,H,-17228.68,-17228.68, HSK MACHINERY RENTAL CHG MONTH OF JAN-26-Hire cha,0016060001,,,2026-03-04,Z006,14726,148,,,,,,INVOICE,CLEARED,NO_TDS_FOUND,Y,Potential missed TDS candidate,1001|2026|2610609329,69d57bc041853f630c1da6e5dcda74378d16c20c81da7cef09dd2071c44ca659
1001,DIS02167AB,2026-03-05,2610609329,S05774,2026,2511150152,004,2026-03-04,2026-01-31,INR,SIS/0788/2025-26,KR,H,-305049.86,-305049.86,MT UTILITY  SALARY  JAN - 26-Hire & service charge,0016060001,,,2026-03-04,Z006,260727,2608,,,,,,INVOICE,CLEARED,NO_TDS_FOUND,Y,Potential missed TDS candidate,1001|2026|2610609329,0ec453238f36dfbfc248c62d4381332b2d22d39d113184ae512294e917ccfe96
1001,DIS02167AB,2025-12-01,2610472096,3400826398,2026,3188866207,001,2025-11-29,2025-10-31,INR,SIS/0536/2025-26,RE,H,-20917.04,-20917.04,CLMS-OCT-25,0016060001,,,2025-11-29,C005,17878,179,CI,C3,100,1,Ind/HUF - 1%-New Sec-393(1)6(i),INVOICE,CLEARED,TDS_EXISTS,N,TDS exists on invoice,1001|2026|2610472096,e81851f63da24d91a03cc06265a550c26ee561451f052aead76dd2614e23fb04
1001,DIS02167AB,2026-01-13,2610534695,3400831800,2026,3190135308,001,2026-01-10,2025-11-17,INR,SIS/0569/2024-25,RE,H,-12119.62,-12119.62,REIMBURSEMENT WC POLICY-14.11.25 TO 13.12.26,0016060001,,,2026-01-10,C005,10359,104,CI,C3,100,1,Ind/HUF - 1%-New Sec-393(1)6(i),INVOICE,CLEARED,TDS_EXISTS,N,TDS exists on invoice,1001|2026|2610534695,f7b6bfe3bd9b7a6555276184307711727c9045995f92e8bd2f16667cb3ddf7d0
1001,DIS02167AB,2025-10-15,2610399431,S05774,2026,2510694683,004,2025-10-14,2025-08-31,INR,SIS/0366/2025-26,KR,H,-26321.46,-26321.46,MANPOWER CHARGES AUGUST -25-Hire & service charges,0016060001,,,2025-10-14,Z006,22497,225,,,,,,INVOICE,CLEARED,NO_TDS_FOUND,Y,Potential missed TDS candidate,1001|2026|2610399431,af8cbb86e7fca4470ecda15b23dea9fe3e26a63b3129b128ff6707c4b32f012f
1001,DIS02167AB,2026-02-24,2610595899,,2026,2610595899,001,2026-02-24,2026-02-24,INR,,KZ,S,201576,201576,,0016060001,,,2026-02-24,,172287.34,0,,,,,,PAYMENT,CLEARED,NO_TDS_FOUND,N,Review Required,1001|2026|2610595899,d2e93ecb1b2f6c4dc121396a598deae0b438849d127833245788bfba54190299
1001,DIS02167AB,2026-03-20,2610630516,3400829964,2026,3192474599,001,2026-03-18,2025-10-31,INR,SIS/0537/2025-26,RE,H,-157281,-157281,OT-OCT-25,0016060001,,,2026-03-18,C005,134428.78,1345,,,,,,INVOICE,CLEARED,NO_TDS_FOUND,Y,Potential missed TDS candidate,1001|2026|2610630516,ea8e8d2cdc5f208703db407981dab0d1844ab09ccecd8ed616f37b6197187230
1001,DIS02167AB,2026-01-05,2610522565,S05774,2026,2510953317,004,2026-01-02,2025-11-30,INR,SIS/0622/2025-26,KR,H,-27374.46,-27374.46,ACCOUNTS MANPOWER CHG NOV -25-Hire & service charg,0016060001,,,2026-01-02,Z006,23397,234,,,,,,INVOICE,CLEARED,NO_TDS_FOUND,Y,Potential missed TDS candidate,1001|2026|2610522565,e34ecaea28fd87b05bff7e99433aa4973be823b7822e3d6efe0b2b598dd6b591
1001,DIS02167AB,2025-11-28,2610466636,3400824757,2026,3188823737,001,2025-11-28,2025-09-30,INR,SIS/0443/2025-26,RE,H,-1183772,-1183772,CLMS-SEPT-25,0016060001,,,2025-11-28,C005,1011771.04,10118,,,,,,INVOICE,CLEARED,NO_TDS_FOUND,Y,Potential missed TDS candidate,1001|2026|2610466636,3a5c345efb495f4aa48a69c4131c9d791ec56a28f3b7295bb7b17dd2866088fe
1001,DIS02167AB,2025-12-22,2610504717,3400827582,2026,3189475760,001,2025-12-17,2025-10-31,INR,SIS/0511/2025-26,RE,H,-48276.16,-48276.16,MANPOWER CHG. FOR THE MONTH OF OCT 25,0016060001,,,2025-12-17,C005,41262,413,CI,C3,100,1,Ind/HUF - 1%-New Sec-393(1)6(i),INVOICE,CLEARED,TDS_EXISTS,N,TDS exists on invoice,1001|2026|2610504717,9dc70e82d9b0cc244fa47eb132f6313e6cba5482886164f5a040b1da2dce08b3
1001,DIS02167AB,2026-01-16,2610537847,3400826398,2026,3190214667,001,2026-01-13,2025-09-20,INR,SIS/0399/2025-26,RE,H,-730.5,-730.5,MEDICAL CHECK UP EXP.APR-25 TO MAR-26,0016060001,,,2026-01-13,C005,625,7,,,,,,INVOICE,CLEARED,NO_TDS_FOUND,Y,Potential missed TDS candidate,1001|2026|2610537847,3937383c4a0dbe2284b5398e1e65d368c34b3c9e455ad31190138fc352ce5325
1001,DIS02167AB,2025-10-15,2610400283,,2026,3187366530,001,2025-10-15,2025-08-31,INR,SIS/0351/2025-26,RE,H,-1583111,-1583111,CLMS-AUG-25,0016060001,,,2025-10-15,C005,1353086.34,13531,,,,,,INVOICE,CLEARED,NO_TDS_FOUND,Y,Potential missed TDS candidate,1001|2026|2610400283,5b2aa8afb5b711f3aec0af84ef8a79a99323e3b47d0befd7b7e3958e5f69c7a8
1001,DIS02167AB,2026-03-27,2610641752,S05774,2026,2511214844,004,2026-03-25,2026-02-28,INR,SIS/0885/2025-26,KR,H,-198564.52,-198564.52,POOL VEHICLE DRIVER SALARY FEB -26-Hire & service,0016060001,,,2026-03-25,Z006,169714,1698,,,,,,INVOICE,CLEARED,NO_TDS_FOUND,Y,Potential missed TDS candidate,1001|2026|2610641752,7924d2285ca43ad28ce3741f4b3238e3d6e7db361156ba58d5a017168c5e217c
1001,DIS02167AB,2025-12-19,2610500031,,2026,2610500031,001,2025-12-19,2025-12-19,INR,,KZ,S,1470542.32,1470542.32,,0016060001,,,2025-12-19,,1256874,0,,,,,,PAYMENT,CLEARED,NO_TDS_FOUND,N,Review Required,1001|2026|2610500031,717e47119f35ac5cea4fc1004840a5bfa4556c0153ba6ca4792fdebd46831162
1001,DIS02167AB,2025-10-10,2610394536,3400810601,2026,3187103692,001,2025-10-08,2025-06-30,INR,SIS/0225/2025-26,RE,H,-4399.98,-4399.98,OT - JUN-25,0016060001,,,2025-10-08,C005,3761,38,CI,C3,100,1,Ind/HUF - 1%-New Sec-393(1)6(i),INVOICE,CLEARED,TDS_EXISTS,N,TDS exists on invoice,1001|2026|2610394536,1bdfad96838d6ea10cf4a5d532d098bfa2e3914b88772fcbb243f29481f5c3a9
1001,DIS02167AB,2026-03-17,2610625957,3400847135,2026,3192402160,001,2026-03-16,2026-02-28,INR,SIS/0858/2025-26,RE,H,-643495.49,-643495.49,EV08-FEB-26 General cleaning services,0016060001,,,2026-03-16,C005,549996.17,5500,,,,,,INVOICE,CLEARED,NO_TDS_FOUND,Y,Potential missed TDS candidate,1001|2026|2610625957,e766f450857ba5b1a1f36b6b6e2e4124ecfba787c7b8b1f3430d2f61f9886329
1001,DIS02167AB,2026-03-27,2610643032,S05774,2026,2511220305,004,2026-03-26,2026-02-28,INR,SIS/0897/2025-26,KR,H,-10268.86,-10268.86,HSK MANPOWER OT CHARGES FEB -26-Hire & service cha,0016060001,,,2026-03-26,Z006,8777,88,,,,,,INVOICE,CLEARED,NO_TDS_FOUND,Y,Potential missed TDS candidate,1001|2026|2610643032,b7cf97d5655d34efd1ba12d4c6b3d068d0aa8087eaac6e259b7f3ae576d71baa
1001,DIS02167AB,2026-03-10,1071437053,,2026,1071437053,002,2026-03-10,2026-03-10,INR,,AB,H,-1130871,-1130871,,0016060001,,,2026-03-10,Z006,974888.98,0,,,,,,OTHER,CLEARED,NO_TDS_FOUND,N,Review Required,1001|2026|1071437053,27644a68821f01238e79d76a40496700a052f8ca76e42d3eaed2f078331a2855
1001,DIS02167AB,2026-03-13,2610623269,3400845441,2026,3192173084,001,2026-03-10,2026-01-31,INR,SIS/0740/2025-26,RE,H,-103457,-103457,Rent Hsk M/C Jan'26,0016060001,,,2026-03-10,C005,89187.16,1784,,,,,,INVOICE,CLEARED,NO_TDS_FOUND,Y,Potential missed TDS candidate,1001|2026|2610623269,d00ea878bf1ed4e6a3d4ed353494f4c82bfb878e097f53b1a26fd4bd993c185f
1001,DIS02167AB,2026-03-30,2610652242,,2026,2610652242,001,2026-03-30,2026-03-30,INR,,KZ,S,163567.36,163567.36,,0016060001,,,2026-03-30,,139802,0,,,,,,PAYMENT,CLEARED,NO_TDS_FOUND,N,Review Required,1001|2026|2610652242,79ee98bbac4e40088b81cc4f278d06eb9ac8a255ba9d5bf38b81e2505fb1735f
1001,DIS02167AB,2026-03-13,2610623269,3400826663,2026,3192174426,001,2026-03-10,2026-02-28,INR,SIS/0861/2025-26,RE,H,-19820.38,-19820.38,EV08-General cleaning services,0016060001,,,2026-03-10,C005,16941,170,,,,,,INVOICE,CLEARED,NO_TDS_FOUND,Y,Potential missed TDS candidate,1001|2026|2610623269,ef35530ab5b715d3965ef44f3b40222906db8a98039c8de6773a3cb50385b617
1001,DIS02167AB,2025-09-15,2610353728,3400810601,2026,3185948675,001,2025-09-15,2025-07-31,INR,SIS/0269/2025-26,RE,H,-20460.84,-20460.84,CLMS-JULY-25,0016060001,,,2025-09-15,C005,17488,175,CI,C3,100,1,Ind/HUF - 1%-New Sec-393(1)6(i),INVOICE,CLEARED,TDS_EXISTS,N,TDS exists on invoice,1001|2026|2610353728,348129b772cbd915e3411c82ad957fbf5e707547436a0fb55e8bfb9051994b84
1001,DIS02167AB,2025-12-10,2610482088,3400826663,2026,3188988925,001,2025-12-03,2025-10-31,INR,SIS/0545/2025-26,RE,H,-580830,-580830,EV08- General cleaning services,0016060001,,,2025-12-03,C005,496436.38,4965,,,,,,INVOICE,CLEARED,NO_TDS_FOUND,Y,Potential missed TDS candidate,1001|2026|2610482088,8147004b58dba0552cdb5aeff6bc7112d3dfb9259f572cdd291966547e30a696
1001,DIS02167AB,2026-03-13,2610623269,3400845441,2026,3192173145,001,2026-03-10,2026-01-31,INR,SIS/0772/2025-26,RE,H,-1140620,-1140620,CLMS-JAN-26,0016060001,,,2026-03-10,C005,974888.98,9749,,,,,,INVOICE,CLEARED,NO_TDS_FOUND,Y,Potential missed TDS candidate,1001|2026|2610623269,5506fabe8da8402dd99881f9921da27fa547d30495ec232f12f0d1bdd1eccc36
1001,DIS02167AB,2025-09-15,2610353728,3400810601,2026,3185948660,001,2025-09-15,2025-07-31,INR,SIS/0266/2025-26,RE,H,-778691,-778691,CLMS-JULY-25,0016060001,,,2025-09-15,C005,665548.18,6656,,,,,,INVOICE,CLEARED,NO_TDS_FOUND,Y,Potential missed TDS candidate,1001|2026|2610353728,2c3d0fe752bf6514b4fb56a96c178ab949b76751cac73556c16c96a8dceb8d12
1001,DIS02167AB,2025-10-10,2610394536,3400805855,2026,3187103618,001,2025-10-08,2025-06-10,INR,SIS/0146/2025-26,RE,H,-74093,-74093,OT - MAY-25,0016060001,,,2025-10-08,C005,63327.78,634,,,,,,INVOICE,CLEARED,NO_TDS_FOUND,Y,Potential missed TDS candidate,1001|2026|2610394536,ed10d6f2a11c4fa0a4dea0fc394d6acc2eba5ab220a17898a275f827bbed853b
1001,DIS02167AB,2026-03-27,2610642011,3400826398,2026,3192709058,001,2026-03-25,2025-09-30,INR,SIS/0457/2025-26,RE,H,-22089,-22089,OT-SEPT-25,0016060001,,,2026-03-25,C005,18879.6,189,,,,,,INVOICE,CLEARED,NO_TDS_FOUND,Y,Potential missed TDS candidate,1001|2026|2610642011,2d2928bd715c0e37d84ecb41be960cc66eb441e91b68dfb716051f71b8a3f934
1001,DIS02167AB,2026-01-30,2610555961,3400837613,2026,3190688172,001,2026-01-27,2025-12-31,INR,SIS/0661/2025-26,RE,H,-58116,-58116,General cleaning services-DEC-25,0016060001,,,2026-01-27,C005,50100,1002,,,,,,INVOICE,CLEARED,NO_TDS_FOUND,Y,Potential missed TDS candidate,1001|2026|2610555961,55e553adbffc539bc207a542233e921fb2ca9355b52d418ff4cbad4b761c7713
1001,DIS02167AB,2026-02-17,2610582696,3400838336,2026,3191395621,001,2026-02-16,2025-12-31,INR,SIS/0678/2025-26,RE,H,-1129654,-1129654,CLMS-DEC-25,0016060001,,,2026-02-16,C005,965516.94,9656,,,,,,INVOICE,CLEARED,NO_TDS_FOUND,Y,Potential missed TDS candidate,1001|2026|2610582696,927a53d095c0a2f21716ed95cf872d0aec2e325210c3fe59609759e44b41686f
1001,DIS02167AB,2026-01-16,2610537847,3400826398,2026,3190214670,001,2026-01-13,2025-09-20,INR,SIS/0399/2025-26,RE,H,-730.5,-730.5,MEDICAL CHECK UP EXP.APR-25 TO MAR-26,0016060001,,,2026-01-13,C005,625,7,,,,,,INVOICE,CLEARED,NO_TDS_FOUND,Y,Potential missed TDS candidate,1001|2026|2610537847,21c9f14b1b37d8372b1139725b4cdbf3375ff56be0e664bc72f6da8f19a19c78
1001,DIS02167AB,2025-10-15,2610399431,S05774,2026,2510694675,004,2025-10-14,2025-09-30,INR,SIS/0431/2025-26,KR,H,-4292.42,-4292.42, POOL VEHICLE DRIVER WC POLICY COMPENSATION-Hire &,0016060001,,,2025-10-14,Z006,3669,37,,,,,,INVOICE,CLEARED,NO_TDS_FOUND,Y,Potential missed TDS candidate,1001|2026|2610399431,5ff936d1b404680120ae2fa88932a236736290765d45939057d2ebb2f7a3b87d
1001,DIS02167AB,2026-01-30,2610555961,,2026,2610555961,001,2026-01-30,2026-01-30,INR,,KZ,S,708889.06,708889.06,,0016060001,,,2026-01-30,,606317,0,,,,,,PAYMENT,CLEARED,NO_TDS_FOUND,N,Review Required,1001|2026|2610555961,ac9d52722a7a5880910d0daeec2f5d0fcab27788708aac94aeb78a00a231a872
1001,DIS02167AB,2026-02-17,2610582696,3400838336,2026,2360125553,001,2026-02-16,2026-02-10,INR,20,KG,S,1298,1298,PF & ESIC DIFF. DEBIT DEC-25,0016060001,,,2026-02-16,C005,0,0,,,,,,OTHER,CLEARED,NO_TDS_FOUND,N,Review Required,1001|2026|2610582696,91a2cf6d54d873ed4a338aa53b5e61940448bc79a9b10c3e827435406008271c
1001,DIS02167AB,2026-02-27,2610600516,3400838539,2026,3191715904,001,2026-02-25,2025-12-31,INR,SIS/0711/2025-26,RE,H,-67179.42,-67179.42,MANPOWER CHARGES FOR Dec 25,0016060001,,,2026-02-25,C005,57419,575,CI,C3,100,1,Ind/HUF - 1%-New Sec-393(1)6(i),INVOICE,CLEARED,TDS_EXISTS,N,TDS exists on invoice,1001|2026|2610600516,2458a5155005d729d53626d3a21b5224d14aff7720bf74ea9b0aabc951d4ea7f
1001,DIS02167AB,2026-03-13,2610623269,3400845441,2026,3192173209,001,2026-03-10,2026-01-31,INR,SIS/0809/2025-26,RE,H,-502,-502,CLMS-JAN-26,0016060001,,,2026-03-10,C005,429.6,5,,,,,,INVOICE,CLEARED,NO_TDS_FOUND,Y,Potential missed TDS candidate,1001|2026|2610623269,12932648a6c720f4a15ae9da6b80a304b895491fd450760442775b1413ef4f04
1001,DIS02167AB,2026-01-27,1066850370,,2026,3190688164,001,2026-01-27,2025-12-31,INR,SIS/0661/2025-26,RE,S,58617,58617,General cleaning services-Dec-25,0016060001,,,2026-01-27,C005,50100,501,CI,C3,100,1,Ind/HUF - 1%-New Sec-393(1)6(i),OTHER,CLEARED,TDS_EXISTS,N,TDS exists on invoice,1001|2026|1066850370,7f9d5517921157fbdd29d8356a268a1673659f61a9195a0c0d0ffd71855f6c9e
1001,DIS02167AB,2026-01-30,2610560242,3400831666,2026,3190693935,001,2026-01-27,2025-11-30,INR,SIS/0614/2025-26,RE,H,-22589.44,-22589.44,MANPOWER CHARGES NOV 25 (SCM),0016060001,,,2026-01-27,C005,19308,194,CI,C3,100,1,Ind/HUF - 1%-New Sec-393(1)6(i),INVOICE,CLEARED,TDS_EXISTS,N,TDS exists on invoice,1001|2026|2610560242,f1ba59f10f51df055864c8497c07feb911f05d5c0143eec14b05907de7169253
1001,DIS02167AB,2025-11-28,2610466636,,2026,3188823743,001,2025-11-28,2025-09-30,INR,SIS/0443/2025-26,RE,H,-17942,-17942,CLMS-SEPT-25,0016060001,,,2025-11-28,C005,15335.52,154,,,,,,INVOICE,CLEARED,NO_TDS_FOUND,Y,Potential missed TDS candidate,1001|2026|2610466636,a9346572d42ad2a50b56fafc2f777d03eb86dc039983fcfe4f47be46cc67ab3a
1001,DIS02167AB,2025-09-23,2610368178,6500009405,2026,3186248812,001,2025-09-22,2025-08-31,INR,SIS/0349/2025-26,RE,H,-974329.98,-974329.98,"Job based,Job Based,K Block 3 Shift CK01",0016060001,,,2025-09-22,C005,832761,8328,CI,C3,100,1,Ind/HUF - 1%-New Sec-393(1)6(i),INVOICE,CLEARED,TDS_EXISTS,N,TDS exists on invoice,1001|2026|2610368178,e79964bb6d2e00a2aa18bdc7198fb123646a8d56f16e96c367c98b0ff26ca3e4
1001,DIS02167AB,2026-03-13,2610623269,3400845441,2026,3192173149,001,2026-03-10,2026-01-31,INR,SIS/0772/2025-26,RE,H,-73356,-73356,CLMS-JAN-26,0016060001,,,2026-03-10,C005,62697.36,627,,,,,,INVOICE,CLEARED,NO_TDS_FOUND,Y,Potential missed TDS candidate,1001|2026|2610623269,46584621b8b5f26d05fb423de253a3724e0455d265f3a63d190bbdfe4d99ceb2
1001,DIS02167AB,2026-03-13,2610623269,3400843146,2026,3192255784,001,2026-03-12,2026-01-31,INR,SIS/0794/2025-26,RE,H,-699629.32,-699629.32,MANPOWER CHARGES FOR JAN26,0016060001,,,2026-03-12,C005,597974,5980,,,,,,INVOICE,CLEARED,NO_TDS_FOUND,Y,Potential missed TDS candidate,1001|2026|2610623269,416470101c86b0740ac374e28ae9b27cea7b3540859e9298aebbde9117881f0d
1001,DIS02167AB,2026-03-13,2610623269,3400845441,2026,3192173239,001,2026-03-10,2026-01-31,INR,SIS/0774/2025-26,RE,H,-138191,-138191,CLMS-JAN-26,0016060001,,,2026-03-10,C005,118112.66,1182,,,,,,INVOICE,CLEARED,NO_TDS_FOUND,Y,Potential missed TDS candidate,1001|2026|2610623269,8f1611c3198ebb1c86e2a177fc9c8ed084cef7140efa3f5788b5ddb34e76d3b7
1001,DIS02167AB,2025-08-28,2610326021,S05774,2026,2510538378,004,2025-08-26,2025-07-31,INR,SIS/0281/2025-26,KR,H,-158451.22,-158451.22,MT DRIVER SALARY JULY - 2025-Hire & service charge,0016060001,,,2025-08-26,Z006,135429,1355,,,,,,INVOICE,CLEARED,NO_TDS_FOUND,Y,Potential missed TDS candidate,1001|2026|2610326021,477edcaf3ca49c3c0cce62fd23ebaf0de4d28f7101eea62ffb576f076ea76b18
1001,DIS02167AB,2025-12-23,2610505741,,2026,2610505741,001,2025-12-23,2025-12-23,INR,,KZ,S,2390017.64,2390017.64,,0016060001,,,2025-12-23,,2042752.24,0,,,,,,PAYMENT,CLEARED,NO_TDS_FOUND,N,Review Required,1001|2026|2610505741,94e5aeb9ffec76ca136db2e2a1bfc0bac716bc5c5670719cf0a060d7f824479a
1001,DIS02167AB,2025-08-08,2610300834,,2026,2610300834,001,2025-08-08,2025-08-08,INR,,KZ,S,497835.54,497835.54,,0016060001,,,2025-08-08,,425503,0,,,,,,PAYMENT,CLEARED,NO_TDS_FOUND,N,Review Required,1001|2026|2610300834,a26f5cf3ff14c9affc6402464d971a93225c1ae4c46babae37d4bc836e04242c
1001,DIS02167AB,2025-12-10,2610482088,,2026,2610482088,001,2025-12-10,2025-12-10,INR,,KZ,S,729852,729852,,0016060001,,,2025-12-10,,624233.74,0,,,,,,PAYMENT,CLEARED,NO_TDS_FOUND,N,Review Required,1001|2026|2610482088,a2567317458a08e03f6afdcc104f98c1b872d29b5847f245c69a0c9206875a25
1001,DIS02167AB,2025-10-15,2610400283,3400817587,2026,3187366502,001,2025-10-15,2025-08-31,INR,SIS/0350/2025-26,RE,H,-1121090,-1121090,CLMS-AUG-25,0016060001,,,2025-10-15,C005,958196.54,9582,,,,,,INVOICE,CLEARED,NO_TDS_FOUND,Y,Potential missed TDS candidate,1001|2026|2610400283,f9ff5da43fae536b77fb63c3cdbcaea703600ef9b968288d465df23a03250727
1001,DIS02167AB,2025-11-18,2610448691,,2026,2610448691,001,2025-11-18,2025-11-18,INR,,KZ,S,242110.34,242110.34,,0016060001,,,2025-11-18,,208187.32,0,,,,,,PAYMENT,CLEARED,NO_TDS_FOUND,N,Review Required,1001|2026|2610448691,cd6487f071dae20115c5c6e1e923ed5725af3b40d1183272fae8ebe1fa49f9cd
1001,DIS02167AB,2026-03-10,1071437053,,2026,1071437053,001,2026-03-10,2026-03-10,INR,,AB,S,1130871,1130871,,0016060001,,,2026-03-10,,974888.98,0,,,,,,OTHER,CLEARED,NO_TDS_FOUND,N,Review Required,1001|2026|1071437053,aa769ad9e9ff8970ff736a5b815faa275203cf88a2056e978d1a03d823feeac9
1001,DIS02167AB,2025-08-08,2610300834,3400804668,2026,3184643537,001,2025-08-05,2025-06-30,INR,SIS/0207/2025-26,RE,H,-13262.48,-13262.48,MANPOWER CHARGES FOR JUNE25,0016060001,,,2025-08-05,C005,11336,114,CI,C3,100,1,Ind/HUF - 1%-New Sec-393(1)6(i),INVOICE,CLEARED,TDS_EXISTS,N,TDS exists on invoice,1001|2026|2610300834,cc07c346e097bf67495b6cb34362e549b91c251770ac09184e0cfc4c1aa07e60
1001,DIS02167AB,2025-10-01,2610382349,,2026,2610382349,001,2025-10-01,2025-10-01,INR,,KZ,S,1872425.7,1872425.7,,0016060001,,,2025-10-01,,1600365,0,,,,,,PAYMENT,CLEARED,NO_TDS_FOUND,N,Review Required,1001|2026|2610382349,0f47f70e96ca7d23d1946d36078143a4bf6ea8321ef7484639104cd5d474030b
1001,DIS02167AB,2025-11-28,2610466636,3400824757,2026,3188823748,001,2025-11-28,2025-09-30,INR,SIS/0444/2025-26,RE,H,-1641063,-1641063,CLMS-SEPT-25,0016060001,,,2025-11-28,C005,1402618.58,14027,,,,,,INVOICE,CLEARED,NO_TDS_FOUND,Y,Potential missed TDS candidate,1001|2026|2610466636,4d36eefbb2c8012f8d7effa9af5773810c009ac07c99dc68125fec30e7830f5d
1001,DIS02167AB,2025-10-15,2610400283,,2026,3187366458,001,2025-10-15,2025-08-31,INR,SIS/0320/2025-26,RE,H,-104349,-104349,MACHINE RENTAL -AUG-25,0016060001,,,2025-10-15,C005,89187.16,892,,,,,,INVOICE,CLEARED,NO_TDS_FOUND,Y,Potential missed TDS candidate,1001|2026|2610400283,26ed950cdad79f9fa73260b8a7565d754fc1b8976202dea87fe04d127bc5a08a
1001,DIS02167AB,2025-12-23,2610505741,6500010904,2026,3189641492,001,2025-12-22,2025-11-11,INR,SIS/0564/2025-26,RE,H,-755069.62,-755069.62,"Job based,Job Based,K Block 3 Shift CK01",0016060001,,,2025-12-22,C005,645359,6454,CI,C3,100,1,Ind/HUF - 1%-New Sec-393(1)6(i),INVOICE,CLEARED,TDS_EXISTS,N,TDS exists on invoice,1001|2026|2610505741,24803d11510e39a3642b9803ecbb491e06f2f721762b65479b560b7f4105db5e
1001,DIS02167AB,2025-10-31,2610423766,S05774,2026,2510735727,004,2025-10-30,2025-09-30,INR,SIS/0463/2025-26,KR,H,-26321.46,-26321.46, ACCOUNTS MANPOWER CHARGES SEPT -25-Hire & service,0016060001,,,2025-10-30,Z006,22497,225,,,,,,INVOICE,CLEARED,NO_TDS_FOUND,Y,Potential missed TDS candidate,1001|2026|2610423766,160516b16574e637d9f5db9fd379c9c6551bdfb988289cd6765862e15c37a2d0
1001,DIS02167AB,2025-12-22,2610501949,,2026,2610501949,001,2025-12-22,2025-12-22,INR,,KZ,S,407099.82,407099.82,,0016060001,,,2025-12-22,,347949,0,,,,,,PAYMENT,CLEARED,NO_TDS_FOUND,N,Review Required,1001|2026|2610501949,7c296e0461ffc261281301ef3095df9f760fd606b221ecf9a9eca9ce7bfb4043
1001,DIS02167AB,2025-07-29,2610283823,3400804049,2026,3184380512,001,2025-07-28,2025-05-31,INR,SIS/0140/2025-26,RE,H,-7162,-7162,HSK M/C Rent - May'25,0016060001,,,2025-07-28,C005,6174.5,124,,,,,,INVOICE,CLEARED,NO_TDS_FOUND,Y,Potential missed TDS candidate,1001|2026|2610283823,da2eb03df897388a2c85f762fae3b63efec73c2f1995633335d6de58d97361ac
1001,DIS02167AB,2026-03-24,2610638461,3400846801,2026,3192571960,001,2026-03-21,2026-01-31,INR,SIS/0791/2025-26,RE,H,-31578.2,-31578.2,MANPOWER CHARGES FOR JAN 26,0016060001,,,2026-03-21,C005,26990,270,,,,,,INVOICE,CLEARED,NO_TDS_FOUND,Y,Potential missed TDS candidate,1001|2026|2610638461,cdf9372abf96b37e62a1ae7f371278a9ba7329f5a8ad1460cbbee41f1f2fbb0c
1001,DIS02167AB,2025-12-01,2610472096,3400826665,2026,3188907747,001,2025-11-30,2025-10-31,INR,SIS/0561/2025-26,RE,H,-1710.16,-1710.16,VE HSK Manpower OT Chg Oct -25,0016060001,,,2025-11-30,C005,1462,15,CI,C3,100,1,Ind/HUF - 1%-New Sec-393(1)6(i),INVOICE,CLEARED,TDS_EXISTS,N,TDS exists on invoice,1001|2026|2610472096,01937912e582def9de3820afd22d790046d5b618e59f298a73c1f58385512803
1001,DIS02167AB,2026-01-21,2610547396,3400836502,2026,3190358216,001,2026-01-17,2025-12-31,INR,SIS/0693/2025-26,RE,H,-188097,-188097,Housekeeping & Maintenance bill dec - 2025,0016060001,,,2026-01-17,Z006,160766.94,1608,,,,,,INVOICE,CLEARED,NO_TDS_FOUND,Y,Potential missed TDS candidate,1001|2026|2610547396,3fff727647fa940c45c6287558be4c0d478a8e4ebdd0dd16bf676cad92ca9c43
1001,DIS02167AB,2025-10-15,2610399431,S05774,2026,2510694686,004,2025-10-14,2025-09-30,INR,SIS/0424/2025-26,KR,H,-16687.34,-16687.34,HSK STAFF BONUS YEAR 2024-25-Hire & service charge,0016060001,,,2025-10-14,Z006,14263,143,,,,,,INVOICE,CLEARED,NO_TDS_FOUND,Y,Potential missed TDS candidate,1001|2026|2610399431,5b3f80f17922611bd9504988102a0f0c213181f241109ed05f9fdc740dc1509a
1001,DIS02167AB,2025-12-01,2610472096,3400826398,2026,3188866240,001,2025-11-29,2025-10-31,INR,SIS/0534/2025-26,RE,H,-1749147,-1749147,CLMS-OCT-25,0016060001,,,2025-11-29,C005,1494997.36,14950,,,,,,INVOICE,CLEARED,NO_TDS_FOUND,Y,Potential missed TDS candidate,1001|2026|2610472096,1f91a7e97131e53ab0f3df7213681aeac758f39fd30aa2faf007afc987baf521
1001,DIS02167AB,2025-11-28,2610466636,,2026,3188823725,001,2025-11-28,2025-10-16,INR,SIS/0491/2025-26,RE,H,-96002.72,-96002.72,BONOUS-APR-24 TO MAR-25,0016060001,,,2025-11-28,C005,82054,821,CI,C3,100,1,Ind/HUF - 1%-New Sec-393(1)6(i),INVOICE,CLEARED,TDS_EXISTS,N,TDS exists on invoice,1001|2026|2610466636,0ca9759e3c3ccc3133fcd9d027b592fc6b70fbac0d591a0949e8c362e7b9e962
1001,DIS02167AB,2026-02-20,2610589332,,2026,2610589332,001,2026-02-20,2026-02-20,INR,,KZ,S,841265.76,841265.76,,0016060001,,,2026-02-20,,719032,0,,,,,,PAYMENT,CLEARED,NO_TDS_FOUND,N,Review Required,1001|2026|2610589332,b12c1d9a39490c751833b2b63c568aec48ae26de5f869fe2f017fe95dc6f1ed3
1001,DIS02167AB,2026-01-30,2610560242,3400834822,2026,3190698357,001,2026-01-27,2025-11-30,INR,SIS/0627/2025-26,RE,H,-584343.02,-584343.02,MANPOWER CHG. NOV 25 ( E),0016060001,,,2026-01-27,C005,499439,4995,CI,C3,100,1,Ind/HUF - 1%-New Sec-393(1)6(i),INVOICE,CLEARED,TDS_EXISTS,N,TDS exists on invoice,1001|2026|2610560242,9ba0542f0772c44143feaedd3dddcb437ad6e0d56eb8ec4a1b51cd53da8a454d
1001,DIS02167AB,2026-03-27,2610642011,3400826398,2026,3192708709,001,2026-03-25,2025-09-30,INR,SIS/0477/2025-26,RE,H,-827,-827,OT-SEPT-25,0016060001,,,2026-03-25,C005,707.56,8,,,,,,INVOICE,CLEARED,NO_TDS_FOUND,Y,Potential missed TDS candidate,1001|2026|2610642011,c2bab21177f6b5d6abff3274f32d8e98a4d62bf8845e8557e7bc831aa92c27d6
1001,DIS02167AB,2025-10-28,2610415557,3400816880,2026,3187611415,001,2025-10-24,2025-07-31,INR,SIS/0283/2025-26,RE,H,-31182.36,-31182.36,MANPOWER CHG. FOR THE MONTH OF JUL 25,0016060001,,,2025-10-24,C005,26652,267,CI,C3,100,1,Ind/HUF - 1%-New Sec-393(1)6(i),INVOICE,CLEARED,TDS_EXISTS,N,TDS exists on invoice,1001|2026|2610415557,5dc3dc8ddabf7e67b8be3b9a889db44ff61036536c060840d528b3bd097109ac
1001,DIS02167AB,2026-03-30,2610648518,3400848749,2026,3192844408,001,2026-03-28,2026-02-28,INR,SIS/0893/2025-26,RE,H,-712869.2,-712869.2,VE HSK Salary Feb -26,0016060001,,,2026-03-28,C005,609290,6093,,,,,,INVOICE,CLEARED,NO_TDS_FOUND,Y,Potential missed TDS candidate,1001|2026|2610648518,653af638e995f02ec8761b5739f66b0f1af2826c9e4dcd53b9605d5a9cd01163
1001,DIS02167AB,2026-03-30,2610652242,3400848749,2026,3192877568,001,2026-03-29,2026-02-28,INR,SIS/0896/2025-26,RE,H,-443.22,-443.22,VE Uitility OT Manpower Salary Feb -26,0016060001,,,2026-03-29,C005,379,4,,,,,,INVOICE,CLEARED,NO_TDS_FOUND,Y,Potential missed TDS candidate,1001|2026|2610652242,9a25fa292d25ca3a3826869bcbcbf2f418f06a3c5ffa0262c514d9ab214aedcf
1001,DIS02167AB,2026-01-30,2610557324,,2026,2610557324,001,2026-01-30,2026-01-30,INR,,KZ,S,48050.42,48050.42,,0016060001,,,2026-01-30,,41069,0,,,,,,PAYMENT,CLEARED,NO_TDS_FOUND,N,Review Required,1001|2026|2610557324,633f8618b3dbcbe9bc353e989707c9aa56ae26a412c9b0bbfe5a96f46acc3fb5
1001,DIS02167AB,2025-10-15,2610400283,3400817587,2026,3187366432,001,2025-10-15,2025-08-31,INR,SIS/0352/2025-26,RE,H,-143100,-143100,CLMS-AUG-25,0016060001,,,2025-10-15,C005,122308.38,1224,,,,,,INVOICE,CLEARED,NO_TDS_FOUND,Y,Potential missed TDS candidate,1001|2026|2610400283,70bf98aa7a8a9b16bb4a23b01e1db6f06d3689ab4707c53d48d393d14f433267
1001,DIS02167AB,2025-11-07,2610431960,3400821525,2026,3188011882,001,2025-11-06,2025-09-30,INR,SIS/0473/2025-26,RE,H,-1655.88,-1655.88,MANPOWER CHARGES FO SEP 25,0016060001,,,2025-11-06,C005,1416,15,CI,C3,100,1,Ind/HUF - 1%-New Sec-393(1)6(i),INVOICE,CLEARED,TDS_EXISTS,N,TDS exists on invoice,1001|2026|2610431960,ccdc037a34b0478f7d4c967ad0faa89cf6beadeee4d98c9039d2ad50105209b8
1001,DIS02167AB,2026-02-17,2610582696,,2026,2610582696,002,2026-02-17,2026-02-17,INR,,KZ,H,-1298,-1298,,0016060001,,,2026-02-17,,0,0,,,,,,OTHER,CLEARED,NO_TDS_FOUND,N,Review Required,1001|2026|2610582696,7373578c18df5fccd419dedd640c76df4323ffda2aedc02e065f3843c44d3d51
1001,DIS02167AB,2025-09-15,2610353728,3400810601,2026,3185948797,001,2025-09-15,2025-07-31,INR,SIS/0267/2025-26,RE,H,-45568,-45568,CLMS-JULY-25,0016060001,,,2025-09-15,C005,38947.36,390,,,,,,INVOICE,CLEARED,NO_TDS_FOUND,Y,Potential missed TDS candidate,1001|2026|2610353728,bee38b40cbc1af16d7238ca006b107c956580452df3bb136aa4ca4f3cd3f12ac
1001,DIS02167AB,2025-08-12,2610306875,3400804049,2026,3184763766,001,2025-08-08,2025-06-30,INR,SIS/0191/2025-26,RE,H,-7162,-7162,Hk Machine June'25,0016060001,,,2025-08-08,C005,6174.5,124,,,,,,INVOICE,CLEARED,NO_TDS_FOUND,Y,Potential missed TDS candidate,1001|2026|2610306875,c19dd7eddbf67f3c4fad42b7d1933bf5b6b73a1e0a2b3a770e5584876f72be66
1001,DIS02167AB,2025-12-25,2610508236,,2026,2610508236,001,2025-12-25,2025-12-25,INR,,KZ,S,201204,201204,,0016060001,,,2025-12-25,,171969.4,0,,,,,,PAYMENT,CLEARED,NO_TDS_FOUND,N,Review Required,1001|2026|2610508236,70770ad8f03cac2d4baa6d51a1d1a9ed1b352009c241fb5d69f82555c0f9e2d9
1001,DIS02167AB,2025-12-10,2610482088,3400826663,2026,3188988931,001,2025-12-03,2025-10-31,INR,SIS/0545/2025-26,RE,H,-90906,-90906,EV08- General cleaning services,0016060001,,,2025-12-03,C005,77697.36,777,,,,,,INVOICE,CLEARED,NO_TDS_FOUND,Y,Potential missed TDS candidate,1001|2026|2610482088,16411ac4709b77599c4a737f9b70a713969e0531db416ce4dcbda3ea26c4587a
1001,DIS02167AB,2026-02-17,2610582696,3400838336,2026,3191395678,001,2026-02-16,2025-12-31,INR,SIS/0681/2025-26,RE,H,-137926,-137926,CLMS-DEC-25,0016060001,,,2026-02-16,C005,117885.52,1179,,,,,,INVOICE,CLEARED,NO_TDS_FOUND,Y,Potential missed TDS candidate,1001|2026|2610582696,12ba95a7f82ddf9b22c12f327edae842f92caa69f7d392f620549b0b9e55aa87
1001,DIS02167AB,2025-10-15,2610399431,S05774,2026,2510694687,004,2025-10-14,2025-09-30,INR,SIS/0423/2025-26,KR,H,-100679.18,-100679.18,HSK STAFF BONUS YEAR 2024-25-Hire & service charge,0016060001,,,2025-10-14,Z006,86051,861,,,,,,INVOICE,CLEARED,NO_TDS_FOUND,Y,Potential missed TDS candidate,1001|2026|2610399431,09cc5f7a860d71bbcbe2d42af894c93bf2586345baa790680b049380ab740249
1001,DIS02167AB,2026-01-05,2610522565,S05774,2026,2510953337,004,2026-01-02,2025-10-31,INR,SIS/0554/2025-26,KR,H,-358138.36,-358138.36,UTILITY MANPOWER CHG MONTH OF OCT -2025-Hire & ser,0016060001,,,2026-01-02,Z006,306102,3062,,,,,,INVOICE,CLEARED,NO_TDS_FOUND,Y,Potential missed TDS candidate,1001|2026|2610522565,1005670306ec25a23170e6d1067732c3e9d1eaf56cc3db9b73c1071d34f492b2
1001,DIS02167AB,2025-12-31,2610516245,,2026,2610516245,001,2025-12-31,2025-12-31,INR,,KZ,S,698348.86,698348.86,,0016060001,,,2025-12-31,,597308.36,0,,,,,,PAYMENT,CLEARED,NO_TDS_FOUND,N,Review Required,1001|2026|2610516245,2c9568e936fcc90b4747f76385482926361a6831f43d08fa2ca2c95655f3e297
1001,DIS02167AB,2025-09-02,2610334718,,2026,2610334718,001,2025-09-02,2025-09-02,INR,,KZ,S,31269.86,31269.86,,0016060001,,,2025-09-02,,26727,0,,,,,,PAYMENT,CLEARED,NO_TDS_FOUND,N,Review Required,1001|2026|2610334718,0a51f040a9f5623468f2af973917f41eef5eb444a577ee627119223c290bbc98
1001,DIS02167AB,2025-11-18,2610448691,3400810601,2026,3188411606,001,2025-11-17,2025-09-30,INR,SIS/0414/2025-26,RE,H,-59580,-59580,R & M Hsk M/C Sep'25,0016060001,,,2025-11-17,C005,51362.66,1028,,,,,,INVOICE,CLEARED,NO_TDS_FOUND,Y,Potential missed TDS candidate,1001|2026|2610448691,592c9ba6fffa3bc0cb4b354e9c474eb59486fef2d2de04bf32ea1d5c65696bf3
1001,DIS02167AB,2026-01-16,2610537847,3400826398,2026,3190214740,001,2026-01-13,2025-09-20,INR,SIS/0400/2025-26,RE,H,-67275,-67275,MEDICAL CHECK UP EXP.APR-25 TO MAR-26,0016060001,,,2026-01-13,C005,57500,575,,,,,,INVOICE,CLEARED,NO_TDS_FOUND,Y,Potential missed TDS candidate,1001|2026|2610537847,43d6bcfd9fd89d1480ea834c33c1fcd728e101d732c2935eed305c2fa3ce8df8
1001,DIS02167AB,2026-02-17,2610582696,3400838336,2026,3191395648,001,2026-02-16,2025-12-31,INR,SIS/0678/2025-26,RE,H,-69983,-69983,CLMS-DEC-25,0016060001,,,2026-02-16,C005,59815.12,599,,,,,,INVOICE,CLEARED,NO_TDS_FOUND,Y,Potential missed TDS candidate,1001|2026|2610582696,1024a8ac8dd2c636e2084fd66e79b04ccd65cd316a7e99d58f84b9fddec82a81
1001,DIS02167AB,2026-02-27,2610600516,3400838779,2026,3191718268,001,2026-02-25,2025-11-30,INR,SIS/0595/2025-26,RE,H,-31182.36,-31182.36,ICV Detp Driver Salary Nov-25,0016060001,,,2026-02-25,C005,26652,267,,,,,,INVOICE,CLEARED,NO_TDS_FOUND,Y,Potential missed TDS candidate,1001|2026|2610600516,7af6844149a8973f9e18af37ec288f00296493abe03caaae48605d6dfc0a4017
1001,DIS02167AB,2026-02-17,2610582696,3400838336,2026,3191395655,001,2026-02-16,2025-12-31,INR,SIS/0678/2025-26,RE,H,-21913,-21913,CLMS-DEC-25,0016060001,,,2026-02-16,C005,18729.6,188,,,,,,INVOICE,CLEARED,NO_TDS_FOUND,Y,Potential missed TDS candidate,1001|2026|2610582696,36ab09e814fabb064db61e79f3b7ad22220ef127cbfc4fd2fbf2e4d3659e4fcc
1001,DIS02167AB,2025-11-07,2610431960,3400821519,2026,3188011859,001,2025-11-06,2025-09-30,INR,SIS/0427/2025-26,RE,H,-61219.5,-61219.5,BONUS FOR THE YEAR 2024.25 A,0016060001,,,2025-11-06,C005,52325,524,CI,C3,100,1,Ind/HUF - 1%-New Sec-393(1)6(i),INVOICE,CLEARED,TDS_EXISTS,N,TDS exists on invoice,1001|2026|2610431960,08f2cac41053f545dc9da3b6794529a77f217b1f25b9da3114018196fcdba2a4
1001,DIS02167AB,2025-11-18,2610448691,3400815655,2026,3188301021,001,2025-11-14,2025-08-31,INR,SIS/0354/2025-26,RE,H,-25497.74,-25497.74,"MANPOWER CNARGES FOR THE
IVONTH OF AUGUST 2025",0016060001,,,2025-11-14,C005,21793,218,CI,C3,100,1,Ind/HUF - 1%-New Sec-393(1)6(i),INVOICE,CLEARED,TDS_EXISTS,N,TDS exists on invoice,1001|2026|2610448691,cd26f0f5f82ea7fe1411b41ddc6aaa8c890eb28b4615bcdad9593021aa13cd9d
1001,DIS02167AB,2025-12-30,2610513386,6500011468,2026,3189766766,001,2025-12-26,2025-12-22,INR,SIS/0647/2025-26,RE,H,-382556.96,-382556.96,"Job based,Job Based,K Block 2 Shift CK01",0016060001,,,2025-12-26,C005,326972,3270,CI,C3,100,1,Ind/HUF - 1%-New Sec-393(1)6(i),INVOICE,CLEARED,TDS_EXISTS,N,TDS exists on invoice,1001|2026|2610513386,df70832441dba687f8e5fd382e4bc96ffaf8e205ddfffad0f32d9a2e0416905f
1001,DIS02167AB,2025-11-07,2610431960,3400821525,2026,3188011890,001,2025-11-06,2025-09-30,INR,SIS/0456/2025-26,RE,H,-51655,-51655,I\/ANPOWER CHARGES FOR SEP 25,0016060001,,,2025-11-06,C005,44150,442,CI,C3,100,1,Ind/HUF - 1%-New Sec-393(1)6(i),INVOICE,CLEARED,TDS_EXISTS,N,TDS exists on invoice,1001|2026|2610431960,f34e6d06e22f66189786483b1567653d18af7bd0db873debf6b5db01c0247222
1001,DIS02167AB,2026-02-17,2610582696,3400838336,2026,3191395665,001,2026-02-16,2025-12-31,INR,SIS/0679/2025-26,RE,H,-1532809,-1532809,CLMS-DEC-25,0016060001,,,2026-02-16,C005,1310093.08,13101,,,,,,INVOICE,CLEARED,NO_TDS_FOUND,Y,Potential missed TDS candidate,1001|2026|2610582696,90dd14c245896a590c76036e27ceaada74b3fa053e2e67ae52eddf1684fdd15b
1001,DIS02167AB,2025-08-12,2610306875,6500007731,2026,3184762645,001,2025-08-08,2025-06-30,INR,SIS/0215/2025-26,RE,H,-974329.98,-974329.98,"Job based,Job Based,K Block 3 Shift CK01-JUN-25",0016060001,,,2025-08-08,C005,832761,8328,CI,C3,100,1,Ind/HUF - 1%-New Sec-393(1)6(i),INVOICE,CLEARED,TDS_EXISTS,N,TDS exists on invoice,1001|2026|2610306875,438c321343d9e9c6dd417ec8c7103237f5e934d548c5c0afd07c424a30582f67
1001,DIS02167AB,2025-09-09,2610341103,3400810601,2026,3185631231,001,2025-09-05,2025-07-31,INR,SIS/0270/2025-26,RE,H,-7161,-7161,MACHINE RENTAL -JULY-25,0016060001,,,2025-09-05,C005,6173.5,124,,,,,,INVOICE,CLEARED,NO_TDS_FOUND,Y,Potential missed TDS candidate,1001|2026|2610341103,170e6a6dc6e4c2518c1d81c238d3ce138da59748535c1183296235bc7530f982
1001,DIS02167AB,2025-12-31,2610516245,3400826663,2026,3189643081,001,2025-12-22,2025-10-11,INR,SIS/0482/2025-26,RE,H,-10023.5,-10023.5,Bonous FY- 2024-25,0016060001,,,2025-12-22,C005,8567.38,86,CI,C3,100,1,Ind/HUF - 1%-New Sec-393(1)6(i),INVOICE,CLEARED,TDS_EXISTS,N,TDS exists on invoice,1001|2026|2610516245,be4f4bebefa815d161826361463d5c67169620b75ce3b4bd4f3859604c5d522f
1001,DIS02167AB,2025-11-07,2610431960,3400821525,2026,3188011885,001,2025-11-06,2025-09-30,INR,SIS/0468/2025-26,RE,H,-348630.5,-348630.5,MANPOWER CHARGES FO SEP 25,0016060001,,,2025-11-06,C005,297975,2980,CI,C3,100,1,Ind/HUF - 1%-New Sec-393(1)6(i),INVOICE,CLEARED,TDS_EXISTS,N,TDS exists on invoice,1001|2026|2610431960,78b9f92391baa078a430d4702e1188d5299de0b38a36ed4cec7fa3dfeab167b1
1001,DIS02167AB,2025-12-01,2610472096,3400826398,2026,3188866235,001,2025-11-29,2025-10-31,INR,SIS/0533/2025-26,RE,H,-50632,-50632,CLMS-OCT-25,0016060001,,,2025-11-29,C005,43275.32,433,,,,,,INVOICE,CLEARED,NO_TDS_FOUND,Y,Potential missed TDS candidate,1001|2026|2610472096,a013a42403e64c17c9cc55769cbecb6d671737e4540a99387d02c4873a770c9a
1001,DIS02167AB,2025-11-28,2610466636,3400824757,2026,3188823742,001,2025-11-28,2025-09-30,INR,SIS/0443/2025-26,RE,H,-71905,-71905,CLMS-SEPT-25,0016060001,,,2025-11-28,C005,61457.56,615,,,,,,INVOICE,CLEARED,NO_TDS_FOUND,Y,Potential missed TDS candidate,1001|2026|2610466636,3cb1a4e6a67cbf1f51dd4d75c436385fe94443d62aa62cc0ffa2b0450aec0ff1
1001,DIS02167AB,2026-03-20,2610630516,3400815096,2026,3192474547,001,2026-03-18,2025-08-12,INR,SIS/0306/2025-26,RE,H,-23770.06,-23770.06,OT-JULY-25,0016060001,,,2026-03-18,C005,20317,204,,,,,,INVOICE,CLEARED,NO_TDS_FOUND,Y,Potential missed TDS candidate,1001|2026|2610630516,e6ebe7ba11d78b36422ca14575fb3b66b4c98b53eb6fca17d67f098ebf4adcd6
1001,DIS02167AB,2025-09-11,2610349004,S05774,2026,2510590484,004,2025-09-10,2025-07-31,INR,SIS/0239/2025-26,KR,H,-6645.5,-6645.5,MT DRIVER UNIORM CHARGES-Hire & service charges,0016060001,,,2025-09-10,Z006,6390,64,,,,,,INVOICE,CLEARED,NO_TDS_FOUND,Y,Potential missed TDS candidate,1001|2026|2610349004,da7cbfca514a2b9086f1f9e85885eb909bccdab86f1f48d3ba9428c930251287
1001,DIS02167AB,2026-03-05,2610609329,S05774,2026,2511150277,004,2026-03-04,2026-01-31,INR,SIS/0789/2025-26,KR,H,-193258.04,-193258.04,POOL VEHICLE DRIVER SALARY JAN - 26-Hire & service,0016060001,,,2026-03-04,Z006,165178,1652,,,,,,INVOICE,CLEARED,NO_TDS_FOUND,Y,Potential missed TDS candidate,1001|2026|2610609329,1f69a5ca3c228047f72729111105a17e7e35c101025f838ebc808c8676fcecc5
1001,DIS02167AB,2026-03-23,2610636779,,2026,2610636779,001,2026-03-23,2026-03-23,INR,,KZ,S,7102.96,7102.96,,0016060001,,,2026-03-23,,6072,0,,,,,,PAYMENT,CLEARED,NO_TDS_FOUND,N,Review Required,1001|2026|2610636779,2eb8a00971fd6c8140a2871b8728e31f31705760c62a54374d1138142624cc70
1001,DIS02167AB,2025-12-12,2610487638,,2026,2610487638,001,2025-12-12,2025-12-12,INR,,KZ,S,31182.36,31182.36,,0016060001,,,2025-12-12,,26652,0,,,,,,PAYMENT,CLEARED,NO_TDS_FOUND,N,Review Required,1001|2026|2610487638,2a3a7133ceb643970d1023b3bff1f24431e84986004e2ea9f35ae3182735b83f
1001,DIS02167AB,2026-03-17,2610625957,,2026,2610625957,001,2026-03-17,2026-03-17,INR,,KZ,S,846787.43,846787.43,,0016060001,,,2026-03-17,,724179.17,0,,,,,,PAYMENT,CLEARED,NO_TDS_FOUND,N,Review Required,1001|2026|2610625957,2509f99fe2a3d24815df72b293080c844a7904a530edc8ec5ef62a877436d7a8
1001,DIS02167AB,2026-03-13,2610623269,3400826663,2026,3192174417,001,2026-03-10,2026-01-31,INR,SIS/0779/2025-26,RE,H,-23182.7,-23182.7,EV08-General cleaning services,0016060001,,,2026-03-10,C005,19815,199,,,,,,INVOICE,CLEARED,NO_TDS_FOUND,Y,Potential missed TDS candidate,1001|2026|2610623269,48b61846642c4724fded015fbbcabf772781a7d1a41fe9e5bc7d47c328616df0
1001,DIS02167AB,2025-11-07,2610431960,3400821519,2026,3188011851,001,2025-11-06,2025-09-30,INR,SIS/0426/2025-26,RE,H,-318422.08,-318422.08,BONUS FOR THE YEAR 2024.25,0016060001,,,2025-11-06,C005,272156,2722,CI,C3,100,1,Ind/HUF - 1%-New Sec-393(1)6(i),INVOICE,CLEARED,TDS_EXISTS,N,TDS exists on invoice,1001|2026|2610431960,9c7c365255d037923630e5cc0d1745780cf4966f01584b48a457d4cb2ba07957
1001,DIS02167AB,2025-12-01,2610472096,3400826398,2026,3188866225,001,2025-11-29,2025-10-31,INR,SIS/0533/2025-26,RE,H,-1223227,-1223227,CLMS-OCT-25,0016060001,,,2025-11-29,C005,1045493.08,10455,,,,,,INVOICE,CLEARED,NO_TDS_FOUND,Y,Potential missed TDS candidate,1001|2026|2610472096,ec3734fa68c260239dde46d04cef19ecd14685dd8b21da761f71ebc82b584128
1001,DIS02167AB,2025-12-26,2610510262,3400832171,2026,3189709943,001,2025-12-24,2025-10-31,INR,SIS/0512/2025-26,RE,H,-7162,-7162,R & M Hsk M/C Oct'25,0016060001,,,2025-12-24,C005,6174.5,124,,,,,,INVOICE,CLEARED,NO_TDS_FOUND,Y,Potential missed TDS candidate,1001|2026|2610510262,5635edd0a67ffcc7f924e6e0b39644d21cc82ae6239a5f631020628b73b3ca5b
1001,DIS02167AB,2025-09-18,2610359364,S05774,2026,2510603485,004,2025-09-16,2025-08-31,INR,SIS/0323/2025-26,KR,H,-17081.68,-17081.68, HSK MACHINERY RENTAL CHG MONTH OF AUG-25-Hire & s,0016060001,,,2025-09-16,Z006,14726,295,,,,,,INVOICE,CLEARED,NO_TDS_FOUND,Y,Potential missed TDS candidate,1001|2026|2610359364,e84782ad260b311d7192c732e6e491bc6f7775067b8a7fe6f12a01d548a4062a
1001,DIS02167AB,2026-03-05,2610609329,S05774,2026,2511150230,004,2026-03-04,2026-01-31,INR,SIS/0799/2025-26,KR,H,-7412.48,-7412.48,MT HSK OT CHARGES JAN - 26-Hire & service charges,0016060001,,,2026-03-04,Z006,6336,64,,,,,,INVOICE,CLEARED,NO_TDS_FOUND,Y,Potential missed TDS candidate,1001|2026|2610609329,51f6082b146729616a890b8a3c224de9ea3f1f6b9c8011995aedae744dfd7603
1001,DIS02167AB,2025-09-18,2610359364,S05774,2026,2510606817,004,2025-09-17,2025-08-31,INR,SIS/0362/2025-26,KR,H,-326849.62,-326849.62,UTILITY MANPOWER CHG MONTH OF AUG -2025-Hire & ser,0016060001,,,2025-09-17,Z006,279359,2794,,,,,,INVOICE,CLEARED,NO_TDS_FOUND,Y,Potential missed TDS candidate,1001|2026|2610359364,dd4835525ee37cd767379a941ea9643cd38d476d0e0d3c9bfda9e7097a01a138
1001,DIS02167AB,2026-02-17,2610582696,,2026,2610582696,001,2026-02-17,2026-02-17,INR,,KZ,S,4258297.79,4258297.79,,0016060001,,,2026-02-17,,3639573.79,0,,,,,,PAYMENT,CLEARED,NO_TDS_FOUND,N,Review Required,1001|2026|2610582696,9a15549d4c5959e33822fc90b66a922f1b7481188a6aa3c3d6eb1825dc14f5d3
1001,DIS02167AB,2025-10-15,2610400283,3400817587,2026,3187366538,001,2025-10-15,2025-08-31,INR,SIS/0351/2025-26,RE,H,-34941,-34941,CLMS-AUG-25,0016060001,,,2025-10-15,C005,29864.3,299,,,,,,INVOICE,CLEARED,NO_TDS_FOUND,Y,Potential missed TDS candidate,1001|2026|2610400283,50ff98ca24ab333e9570647d8f6739a18cbcfe3126f829a8101fc042edef6db5
1001,DIS02167AB,2025-11-28,2610466636,3400824757,2026,3188823732,001,2025-11-28,2025-09-30,INR,SIS/0446/2025-26,RE,H,-146121,-146121,CLMS-SEPT-25,0016060001,,,2025-11-28,C005,124889.8,1249,,,,,,INVOICE,CLEARED,NO_TDS_FOUND,Y,Potential missed TDS candidate,1001|2026|2610466636,857a1e010f308b09e62f534dae7bf01ae94dc1f45be09cbcb4a238f503e21b2a
1001,DIS02167AB,2025-10-15,2610400283,,2026,3187366534,001,2025-10-15,2025-08-31,INR,SIS/0351/2025-26,RE,H,-840597,-840597,CLMS-AUG-25,0016060001,,,2025-10-15,C005,718459.2,7185,,,,,,INVOICE,CLEARED,NO_TDS_FOUND,Y,Potential missed TDS candidate,1001|2026|2610400283,350570dc1d34cfd0973101a9648adf69e89715176d9012e737e2b84756f1e820
1001,DIS02167AB,2026-01-30,2610560242,3400834822,2026,3190698514,001,2026-01-27,2025-11-30,INR,SIS/0630/2025-26,RE,H,-1075.6,-1075.6,MANPOWER CHG. NOV 25(OT),0016060001,,,2026-01-27,C005,920,10,CI,C3,100,1,Ind/HUF - 1%-New Sec-393(1)6(i),INVOICE,CLEARED,TDS_EXISTS,N,TDS exists on invoice,1001|2026|2610560242,dda18bd70e37986910941998baccdb862be8dbaec8ff5c3d3fcff602268a0051
1001,DIS02167AB,2026-01-30,2610560242,3400834822,2026,3190699325,001,2026-01-27,2025-10-31,INR,SIS/0552/2025-26,RE,H,-89977.9,-89977.9,MANPOWER CHG. OCT 25 (MAINT. DEPT),0016060001,,,2026-01-27,C005,76905,770,CI,C3,100,1,Ind/HUF - 1%-New Sec-393(1)6(i),INVOICE,CLEARED,TDS_EXISTS,N,TDS exists on invoice,1001|2026|2610560242,d78b13c3f7ed47160107ce591855075b1845286c2f57e327afc92423ce9a92b9
1001,DIS02167AB,2026-01-05,2610522565,S05774,2026,2510953357,004,2026-01-02,2025-10-27,INR,SIS/0496/2025-26,KR,H,-33194.96,-33194.96,UTILITY MANPOWER WC POLICY-Hire & service charges,0016060001,,,2026-01-02,Z006,28372,284,,,,,,INVOICE,CLEARED,NO_TDS_FOUND,Y,Potential missed TDS candidate,1001|2026|2610522565,fe73ff15096b31c0b644abdad6584756a02521224f3afd9151fa54d132867c07
1001,DIS02167AB,2025-08-28,2610326021,S05774,2026,2510538380,004,2025-08-26,2025-07-31,INR,SIS/0290/2025-26,KR,H,-19916.14,-19916.14,OT UTILITY MANPOWER CHG JULY -25-Hire & service ch,0016060001,,,2025-08-26,Z006,17023,171,,,,,,INVOICE,CLEARED,NO_TDS_FOUND,Y,Potential missed TDS candidate,1001|2026|2610326021,3f9f9574b3b814eb657b29fea47bac3516cd3dabc6e0602acf3b01b22845758b
1001,DIS02167AB,2025-12-30,2610513386,6500011471,2026,3189766762,001,2025-12-26,2025-12-22,INR,SIS/0644/2025-26,RE,H,-382556.96,-382556.96,"Job based,Job Based,K Block 2 Shift CK01",0016060001,,,2025-12-26,C005,326972,3270,CI,C3,100,1,Ind/HUF - 1%-New Sec-393(1)6(i),INVOICE,CLEARED,TDS_EXISTS,N,TDS exists on invoice,1001|2026|2610513386,23e312a53c92830adad3acb1350ee21e0ac5797662f937ce6230a57f994578aa
1001,DIS02167AB,2025-10-10,2610394536,3400810601,2026,3187103684,001,2025-10-08,2025-06-30,INR,SIS/0226/2025-26,RE,H,-21788,-21788,OT - JUN-25,0016060001,,,2025-10-08,C005,18622.86,187,,,,,,INVOICE,CLEARED,NO_TDS_FOUND,Y,Potential missed TDS candidate,1001|2026|2610394536,4679c6e29ceb049f1ad0b5a771bef4de3a801b21d12fe55199598cf5ccaf71ef
1001,DIS02167AB,2026-03-13,2610623269,3400845441,2026,3192173158,001,2026-03-10,2026-01-31,INR,SIS/0773/2025-26,RE,H,-842530,-842530,CLMS-JAN-26,0016060001,,,2026-03-10,C005,720111.84,7202,,,,,,INVOICE,CLEARED,NO_TDS_FOUND,Y,Potential missed TDS candidate,1001|2026|2610623269,bd8f195704cc6dc76283c936f23c4a3ef9e1ce6ceeba029568a0d77d3bc83d21
1001,DIS02167AB,2025-10-10,2610394536,3400810601,2026,3187103662,001,2025-10-08,2025-06-30,INR,SIS/0233/2025-26,RE,H,-156470,-156470,OT - JUN-25,0016060001,,,2025-10-08,C005,133735.52,1338,,,,,,INVOICE,CLEARED,NO_TDS_FOUND,Y,Potential missed TDS candidate,1001|2026|2610394536,1d473cb6a8593071c0c5895d27c99c7334af33d3781d273d67e92c6f6d2937ff
1001,DIS02167AB,2025-11-18,2610448691,3400810601,2026,3188411615,001,2025-11-17,2025-09-30,INR,SIS/0414/2025-26,RE,H,-103457,-103457,R & M Hsk M/C Sep'25,0016060001,,,2025-11-17,C005,89187.16,1784,,,,,,INVOICE,CLEARED,NO_TDS_FOUND,Y,Potential missed TDS candidate,1001|2026|2610448691,1f65aa2a3f8e73765e9fe534bb740aea9c6d6ac64e3391221d583baf99d9b0cf
1001,DIS02167AB,2025-08-26,2610324267,3400807004,2026,3185273758,001,2025-08-25,2025-06-30,INR,SIS/0219/2025-26,RE,H,-89636.34,-89636.34,MT-JUNE-25,0016060001,,,2025-08-25,C005,76613,767,CI,C3,100,1,Ind/HUF - 1%-New Sec-393(1)6(i),INVOICE,CLEARED,TDS_EXISTS,N,TDS exists on invoice,1001|2026|2610324267,a3a0f5b67edc71685d7330c7b15b16ddabfff9bc49cc9588702708c4f9143abf
1001,DIS02167AB,2025-12-12,2610487638,3400828804,2026,3189265740,001,2025-12-11,2025-10-31,INR,SIS/0531/2025-26,RE,H,-31182.36,-31182.36,ICV Detp Driver Salary Oct-25,0016060001,,,2025-12-11,C005,26652,267,CI,C3,100,1,Ind/HUF - 1%-New Sec-393(1)6(i),INVOICE,CLEARED,TDS_EXISTS,N,TDS exists on invoice,1001|2026|2610487638,6e64ae4a7be39ed371074288b076ba0b83b8ca46b8177fd1159ae21e0dab15a7
1001,DIS02167AB,2025-08-08,2610300834,3400804668,2026,3184643528,001,2025-08-05,2025-06-30,INR,SIS/0206/2025-26,RE,H,-6030.9,-6030.9,MANPOWER CHARGES FOR JUNE25,0016060001,,,2025-08-05,C005,5155,52,CI,C3,100,1,Ind/HUF - 1%-New Sec-393(1)6(i),INVOICE,CLEARED,TDS_EXISTS,N,TDS exists on invoice,1001|2026|2610300834,0c2297c3b9031d01170c49255a6c13f83f07a2e4aeb601d44417c41deac16562
1001,DIS02167AB,2025-11-28,2610466636,,2026,3188823732,001,2025-11-28,2025-09-30,INR,SIS/0446/2025-26,RE,H,-146121,-146121,CLMS-SEPT-25,0016060001,,,2025-11-28,C005,124889.8,1249,,,,,,INVOICE,CLEARED,NO_TDS_FOUND,Y,Potential missed TDS candidate,1001|2026|2610466636,857a1e010f308b09e62f534dae7bf01ae94dc1f45be09cbcb4a238f503e21b2a
1001,DIS02167AB,2025-10-10,2610394536,3400805855,2026,3187103622,001,2025-10-08,2025-06-10,INR,SIS/0146/2025-26,RE,H,-2790,-2790,OT - MAY-25,0016060001,,,2025-10-08,C005,2384.52,24,,,,,,INVOICE,CLEARED,NO_TDS_FOUND,Y,Potential missed TDS candidate,1001|2026|2610394536,4f311dde60fa93eb820fef963a05e483359640ce32f668fc50407d634191a98b
1001,DIS02167AB,2026-01-13,2610534695,3400831800,2026,3190135320,001,2026-01-10,2025-11-30,INR,SIS/0613/2025-26,RE,H,-147637,-147637,CLMS-NOV-25,0016060001,,,2026-01-10,C005,126185.52,1262,,,,,,INVOICE,CLEARED,NO_TDS_FOUND,Y,Potential missed TDS candidate,1001|2026|2610534695,d29208066cae6cfed3a546552c16642872806bbd7958d8d4f6a535a688927558
1001,DIS02167AB,2026-03-13,2610623269,6500010234,2026,3192173106,001,2026-03-10,2026-01-31,INR,SIS/0811/2025-26,RE,H,-8717.57,-8717.57,CLMS-JAN-26,0016060001,,,2026-03-10,C005,7451.33,75,,,,,,INVOICE,CLEARED,NO_TDS_FOUND,Y,Potential missed TDS candidate,1001|2026|2610623269,f09b9381a86e27c80ff6e02acc1fec6bf05e24d237fc98b93613f61107a9ba68
1001,DIS02167AB,2025-08-08,2610300834,3400804668,2026,3184643341,001,2025-08-05,2025-06-30,INR,SIS/0203/2025-26,RE,H,-360402.66,-360402.66,MANPOWER CHARGES FOR JUNE25,0016060001,,,2025-08-05,C005,308037,3081,CI,C3,100,1,Ind/HUF - 1%-New Sec-393(1)6(i),INVOICE,CLEARED,TDS_EXISTS,N,TDS exists on invoice,1001|2026|2610300834,10d276f7a1757f8282da2cd0a5f77d43398c9e0f3b17b1b5d8826d1759dc2b4f
1001,DIS02167AB,2026-01-27,1066850370,,2026,1066850370,002,2026-01-27,2026-01-27,INR,,AB,H,-58617,-58617,,0016060001,,,2026-01-27,Z006,50100,0,,,,,,OTHER,CLEARED,NO_TDS_FOUND,N,Review Required,1001|2026|1066850370,4730af41652a02bbb0bac3d4e4c7a5ebb41b0441e79932b3935081675d3e6b14
1001,DIS02167AB,2025-09-30,2610378827,3400815614,2026,3186255989,001,2025-09-25,2025-08-31,INR,SIS/0374/2025-26,RE,H,-23342.18,-23342.18,MANPOWER CHG FOR MOTNH AUG25,0016060001,,,2025-09-25,C005,19951,200,CI,C3,100,1,Ind/HUF - 1%-New Sec-393(1)6(i),INVOICE,CLEARED,TDS_EXISTS,N,TDS exists on invoice,1001|2026|2610378827,a16ae621fa49a28336aef5830bc71822a98e476896c78f1e2588868bbf5bec4e
1001,DIS02167AB,2026-01-16,2610537847,3400826398,2026,3190214657,001,2026-01-13,2025-09-20,INR,SIS/0399/2025-26,RE,H,-29980.5,-29980.5,MEDICAL CHECK UP EXP.APR-25 TO MAR-26,0016060001,,,2026-01-13,C005,25625,257,,,,,,INVOICE,CLEARED,NO_TDS_FOUND,Y,Potential missed TDS candidate,1001|2026|2610537847,a037e0dd247ddf26ff909fc6763c664b8f212039c237d968e3340e39b5a0cac7
1001,DIS02167AB,2026-03-24,2610638461,3400846794,2026,3192571952,001,2026-03-21,2026-01-31,INR,SIS/0803/2025-26,RE,H,-1933.54,-1933.54,MANPOWER CHARGES FOR JAN 26,0016060001,,,2026-03-21,C005,1653,17,,,,,,INVOICE,CLEARED,NO_TDS_FOUND,Y,Potential missed TDS candidate,1001|2026|2610638461,01d5e4fbf372b8fb295423105cefab92e08a626d0ddb55a2c81a837c9803e56a
1001,DIS02167AB,2026-03-13,2610623269,3400845441,2026,3192173237,001,2026-03-10,2026-01-31,INR,SIS/0810/2025-26,RE,H,-16427,-16427,CLMS-JAN-26,0016060001,,,2026-03-10,C005,14040.62,141,,,,,,INVOICE,CLEARED,NO_TDS_FOUND,Y,Potential missed TDS candidate,1001|2026|2610623269,cf4df328d19a4893694f417d5dc14b34c7742c35d59af6ac35e6274239c1d3d2
1001,DIS02167AB,2026-03-27,2610642011,6500013264,2026,3192710261,001,2026-03-25,2026-03-17,INR,SIS/0912/2025-26,RE,H,-1014639.52,-1014639.52,"K Block-Jan-26 Manpower,P/F Act,NGR,S-Skilled,Mont",0016060001,,,2026-03-25,C005,867214,8673,,,,,,INVOICE,CLEARED,NO_TDS_FOUND,Y,Potential missed TDS candidate,1001|2026|2610642011,ddcc58cef684614514cffa532aa40f549080f2ef66336c550db34bf46e492e17
1001,DIS02167AB,2026-01-13,2610534695,3400831800,2026,3190135376,001,2026-01-10,2025-11-30,INR,SIS/0609/2025-26,RE,H,-24554,-24554,CLMS-NOV-25,0016060001,,,2026-01-10,C005,20986.34,210,,,,,,INVOICE,CLEARED,NO_TDS_FOUND,Y,Potential missed TDS candidate,1001|2026|2610534695,0fb82f50bbfe44c073de21623061103b9b2fedca81c415f5672632e9d636169e
1001,DIS02167AB,2026-01-21,2610547396,,2026,2610547396,001,2026-01-21,2026-01-21,INR,,KZ,S,188097,188097,,0016060001,,,2026-01-21,,160766.94,0,,,,,,PAYMENT,CLEARED,NO_TDS_FOUND,N,Review Required,1001|2026|2610547396,66ca74e4608957e20195b1c10b533f3900c22aa187e583ed215367521e14d488
1001,DIS02167AB,2025-09-15,2610353296,,2026,2610353296,001,2025-09-15,2025-09-15,INR,,KZ,S,23658.96,23658.96,,0016060001,,,2025-09-15,,20222,0,,,,,,PAYMENT,CLEARED,NO_TDS_FOUND,N,Review Required,1001|2026|2610353296,fc181057fe64b4fe75404db33faafb64aad2d2a6255fd2873a905b6f2a67e042
1001,DIS02167AB,2025-12-10,2610485632,,2026,2610485632,001,2025-12-10,2025-12-10,INR,,KZ,S,217702,217702,,0016060001,,,2025-12-10,,186071.4,0,,,,,,PAYMENT,CLEARED,NO_TDS_FOUND,N,Review Required,1001|2026|2610485632,6c3f234543be4128b1d0ec6dc58dc7b3aad6bacd3ef6734c7334c42cdb7ace93
1001,DIS02167AB,2025-11-28,2610466636,3400824757,2026,3188823752,001,2025-11-28,2025-09-30,INR,SIS/0444/2025-26,RE,H,-842141,-842141,CLMS-SEPT-25,0016060001,,,2025-11-28,C005,719778.78,7198,,,,,,INVOICE,CLEARED,NO_TDS_FOUND,Y,Potential missed TDS candidate,1001|2026|2610466636,042bd990cf287d8d140b14d8c741d88aabbcb117fc1862d31e48f53710de0bd0
1001,DIS02167AB,2026-03-04,2610607836,3400839942,2026,3191805403,001,2026-02-27,2025-12-31,INR,SIS/0667/2025-26,RE,H,-49398.96,-49398.96,MANPOWER CHG. FOR DEC 25 (PRC-CHIMBALI),0016060001,,,2026-02-27,C005,42222,423,,,,,,INVOICE,CLEARED,NO_TDS_FOUND,Y,Potential missed TDS candidate,1001|2026|2610607836,c90a32e64ca0a4ed0665c246b6b968af518abb38b7ba16c5fb073450f7bc1306
1001,DIS02167AB,2026-03-13,2610623269,3400843146,2026,3192255856,001,2026-03-12,2026-01-31,INR,SIS/0795/2025-26,RE,H,-93607.26,-93607.26,MANPOWER CHARGES FOR JAN26,0016060001,,,2026-03-12,C005,80007,801,,,,,,INVOICE,CLEARED,NO_TDS_FOUND,Y,Potential missed TDS candidate,1001|2026|2610623269,b8375df1086b2503329318ba2885a25d32332efcf34f85d70a232e62904c11a2
1001,DIS02167AB,2025-09-05,2610339149,S05774,2026,2510576801,004,2025-09-04,2025-07-31,INR,SIS/0240/2025-26,KR,H,-12285,-12285,POOL VEHICLE DRIVER EXP-Hire & service charges,0016060001,,,2025-09-04,Z006,10500,105,,,,,,INVOICE,CLEARED,NO_TDS_FOUND,Y,Potential missed TDS candidate,1001|2026|2610339149,feae999e489e2a18357eb0b4a64f329c00bc6a3c21a3e42850da7c2cf647c1b1
1001,DIS02167AB,2025-11-20,2610455000,,2026,2610455000,001,2025-11-20,2025-11-20,INR,,KZ,S,348610,348610,,0016060001,,,2025-11-20,,297957.56,0,,,,,,PAYMENT,CLEARED,NO_TDS_FOUND,N,Review Required,1001|2026|2610455000,9728499efb3e1ca5b194d242dc69a631024554e9ad6f3294677ab0cec84d44c2
1001,DIS02167AB,2026-02-27,2610601502,3400837613,2026,3191715696,001,2026-02-25,2026-01-31,INR,SIS/0741/2025-26,RE,H,-58116,-58116,EV08-General cleaning services,0016060001,,,2026-02-25,C005,50100,1002,II,I5,100,2,Plt/Mach/Eqpt Ind/HUF/Firm2%NS393(1)2(i),INVOICE,CLEARED,TDS_EXISTS,N,TDS exists on invoice,1001|2026|2610601502,bccdeb759a5f2de2f4eecbf7e51d7e6eb617a4b49baf547e718e05ecd330c098
1001,DIS02167AB,2025-09-30,2610378827,3400814502,2026,3186255986,001,2025-09-25,2025-07-31,INR,SIS/0288/2025-26,RE,H,-52917.22,-52917.22,MANPOWER CHG FOR MOTNH JUY25-,0016060001,,,2025-09-25,C005,45229,453,CI,C3,100,1,Ind/HUF - 1%-New Sec-393(1)6(i),INVOICE,CLEARED,TDS_EXISTS,N,TDS exists on invoice,1001|2026|2610378827,c1122ae237626eafe680831df28ee640c8931170aa93ef25a144716855faab36
1001,DIS02167AB,2025-11-07,2610431960,3400821525,2026,3188011870,001,2025-11-06,2025-09-30,INR,SIS/0472/2025-26,RE,H,-2396.82,-2396.82,MANpowER cHARGES FoR  SEP 25,0016060001,,,2025-11-06,C005,2049,21,CI,C3,100,1,Ind/HUF - 1%-New Sec-393(1)6(i),INVOICE,CLEARED,TDS_EXISTS,N,TDS exists on invoice,1001|2026|2610431960,9c73d7698555096b8de105f2da75713e0dbac7cfa18b77b9e1b2f926019fbb51
1001,DIS02167AB,2025-12-26,2610510262,3400832171,2026,3189709930,001,2025-12-24,2025-10-31,INR,SIS/0512/2025-26,RE,H,-103457,-103457,R & M Hsk M/C Oct'25,0016060001,,,2025-12-24,C005,89187.16,1784,,,,,,INVOICE,CLEARED,NO_TDS_FOUND,Y,Potential missed TDS candidate,1001|2026|2610510262,21e9ee8df9223206b1d0b6110e96a983851602e769390402c512564198ab1d24
1001,DIS02167AB,2025-10-28,2610415557,,2026,2610415557,001,2025-10-28,2025-10-28,INR,,KZ,S,31182.36,31182.36,,0016060001,,,2025-10-28,,26652,0,,,,,,PAYMENT,CLEARED,NO_TDS_FOUND,N,Review Required,1001|2026|2610415557,1d6ce68ea0b21aefd822355aed4e326c3c071740ab6dce9f166a9dfc3c499001
1001,DIS02167AB,2025-10-10,2610394536,3400817101,2026,3187154203,001,2025-10-09,2025-08-31,INR,SIS/0364/2025-26,RE,H,-56396.54,-56396.54,MT-VE-AUG-25,0016060001,,,2025-10-09,C005,48203,483,CI,C3,100,1,Ind/HUF - 1%-New Sec-393(1)6(i),INVOICE,CLEARED,TDS_EXISTS,N,TDS exists on invoice,1001|2026|2610394536,7e91451b91853026e2291c7abd65eb2984735ebf92a5a5620cbcc6fb37078b4f
1001,DIS02167AB,2026-03-13,2610623269,6500010234,2026,3192173101,001,2026-03-10,2026-01-31,INR,SIS/0775/2025-26,RE,H,-468892.52,-468892.52,CLMS-JAN-26,0016060001,,,2026-03-10,C005,400763.16,4008,,,,,,INVOICE,CLEARED,NO_TDS_FOUND,Y,Potential missed TDS candidate,1001|2026|2610623269,93332208498bb8be622d9a315a9874ebb768b3604d248ffcb6efc27a327e9557
1001,DIS02167AB,2025-08-28,2610326021,S05774,2026,2510538381,004,2025-08-26,2025-07-31,INR,SIS/0287/2025-26,KR,H,-95228.56,-95228.56,UTILITY MANPOWER CHG JULY -25-Hire & service charg,0016060001,,,2025-08-26,Z006,81392,814,,,,,,INVOICE,CLEARED,NO_TDS_FOUND,Y,Potential missed TDS candidate,1001|2026|2610326021,5836f79c91bd0c2646b9999a9185ac9a6eed76087e85755c87cbfda1c690759a
1001,DIS02167AB,2026-03-27,2610642011,,2026,2610642011,001,2026-03-27,2026-03-27,INR,,KZ,S,1133783.52,1133783.52,,0016060001,,,2026-03-27,,969048.52,0,,,,,,PAYMENT,CLEARED,NO_TDS_FOUND,N,Review Required,1001|2026|2610642011,5e9e7e478d07f872f310b687dfe10d51c12b878322abe675a70c06c3a200acbf
1001,DIS02167AB,2025-08-26,2610324267,,2026,2610324267,001,2025-08-26,2025-08-26,INR,,KZ,S,177467.94,177467.94,,0016060001,,,2025-08-26,,151683,0,,,,,,PAYMENT,CLEARED,NO_TDS_FOUND,N,Review Required,1001|2026|2610324267,ede3f97d526ecb03923c42fed8363a708f708fa9b178c12d703d031b9eaafd96
1001,DIS02167AB,2026-01-13,2610534695,3400831800,2026,3190135440,001,2026-01-10,2025-11-30,INR,SIS/0610/2025-26,RE,H,-828886,-828886,CLMS-NOV-25,0016060001,,,2026-01-10,C005,708450,7085,,,,,,INVOICE,CLEARED,NO_TDS_FOUND,Y,Potential missed TDS candidate,1001|2026|2610534695,fc9b30a859fdcf040651e09ee9d21f1a9bab981bf44f7d2fd97d8149dd81883c
1001,DIS02167AB,2025-08-28,2610326021,S05774,2026,2510538374,004,2025-08-26,2025-06-30,INR,SIS/0221/2025-26,KR,H,-55039.74,-55039.74,DRIVER MANPOWER SALARY JUNE -25-Hire & service cha,0016060001,,,2025-08-26,Z006,47043,471,,,,,,INVOICE,CLEARED,NO_TDS_FOUND,Y,Potential missed TDS candidate,1001|2026|2610326021,09752da30569f55fa3490c07f6c0a807b24c29837435e9c71e55fe136fedb4cc
1001,DIS02167AB,2025-12-05,2610477122,S05774,2026,2510864763,004,2025-12-04,2025-10-31,INR,SIS/0529/2025-26,KR,H,-190978.4,-190978.4,MT POOL VEHICLE DRIVER SALARY OCT -25-Hire & servi,0016060001,,,2025-12-04,Z006,163230,1633,,,,,,INVOICE,CLEARED,NO_TDS_FOUND,Y,Potential missed TDS candidate,1001|2026|2610477122,0d1bf58853393702c24f9c701500e02ad9c0ff8bd25206cd8d7be5d99cababb2
1001,DIS02167AB,2026-01-05,2610522565,S05774,2026,2510953324,004,2026-01-02,2025-11-30,INR,SIS/0624/2025-26,KR,H,-13686.64,-13686.64,UTILITY MANPOWER OT CHG NOV -25-Hire & service cha,0016060001,,,2026-01-02,Z006,11698,117,,,,,,INVOICE,CLEARED,NO_TDS_FOUND,Y,Potential missed TDS candidate,1001|2026|2610522565,4c6146c05023f8bb65059315d48558a279c8cf412911c699b83f300f798e906d
1001,DIS02167AB,2026-02-20,2610589332,S05774,2026,2511091209,007,2026-02-17,2026-01-28,INR,SIS/0736/2025-26,KR,H,-10291.28,-10291.28,"LEAVE WITH WAGES YEAR 2025-Hire & service charges,",0016060001,,,2026-02-17,Z006,8796,88,,,,,,INVOICE,CLEARED,NO_TDS_FOUND,Y,Potential missed TDS candidate,1001|2026|2610589332,64e2b110e84838abc86a38875499113654462209ee5f93d592061f0fb1e83429
1001,DIS02167AB,2025-09-25,2610371165,,2026,2610371165,001,2025-09-25,2025-09-25,INR,,KZ,S,1801479.86,1801479.86,,0016060001,,,2025-09-25,,1539727,0,,,,,,PAYMENT,CLEARED,NO_TDS_FOUND,N,Review Required,1001|2026|2610371165,f31a1d21e5ca37a8f0ae62445d24b1d6d9adcd5a51feceb1fa754d9869d4fa8a
1001,DIS02167AB,2025-09-12,2610352267,,2026,2610350634,001,2025-09-12,2025-09-12,INR,,KZ,S,23658.96,23658.96,,0016060001,,,2025-09-12,,20222,0,,,,,,PAYMENT,CLEARED,NO_TDS_FOUND,N,Review Required,1001|2026|2610352267,0caa760d9869404aad53cc58fe9e13b615d56fe4eaf07e5213adb22df9458827
1001,DIS02167AB,2025-09-15,2610353728,3400810601,2026,3185948801,001,2025-09-15,2025-07-31,INR,SIS/0267/2025-26,RE,H,-22734,-22734,CLMS-JULY-25,0016060001,,,2025-09-15,C005,19431.24,195,,,,,,INVOICE,CLEARED,NO_TDS_FOUND,Y,Potential missed TDS candidate,1001|2026|2610353728,54c2d170eeb938cdafe6e4b38446c93a75e509c4eab2c55c501b9ead7448a213
1001,DIS02167AB,2025-09-15,2610353728,3400810601,2026,3185948667,001,2025-09-15,2025-07-31,INR,SIS/0266/2025-26,RE,H,-222054,-222054,CLMS-JULY-25,0016060001,,,2025-09-15,C005,189789.8,1898,,,,,,INVOICE,CLEARED,NO_TDS_FOUND,Y,Potential missed TDS candidate,1001|2026|2610353728,4732c65b985f6b27aab6eb3adef2f82d6fcbbb00a8b59cbc71c458134edc066a
1001,DIS02167AB,2025-09-30,2610378827,3400814496,2026,3186255984,001,2025-09-25,2025-08-11,INR,SIS/0301/2025-26,RE,H,-2962.94,-2962.94,MANPOWER CHG FOR MOTNH JUY25-OT,0016060001,,,2025-09-25,C005,2533,26,CI,C3,100,1,Ind/HUF - 1%-New Sec-393(1)6(i),INVOICE,CLEARED,TDS_EXISTS,N,TDS exists on invoice,1001|2026|2610378827,8dd570a367fb0734132b61904e672e27b2703ff197d9c4c4503c8baf6310abf1
1001,DIS02167AB,2025-11-20,2610455000,3400823384,2026,3188217895,001,2025-11-12,2025-09-23,INR,SIS/0394/2025-26,RE,H,-164254,-164254,Bonus Bill for - 01.04.2024 to 31.03.2025,0016060001,,,2025-11-12,C005,140388.16,1404,,,,,,INVOICE,CLEARED,NO_TDS_FOUND,Y,Potential missed TDS candidate,1001|2026|2610455000,6dafd7b722c1cd7a007fc7518cf13a2ee39d66801155206e374ea4c436ea8744
1001,DIS02167AB,2026-01-05,2610522565,S05774,2026,2510953343,004,2026-01-02,2025-11-30,INR,SIS/0584/2025-26,KR,H,-17081.68,-17081.68, HSK MACHINERY RENTAL CHG MONTH OF NOV-25-Hire & s,0016060001,,,2026-01-02,Z006,14726,295,,,,,,INVOICE,CLEARED,NO_TDS_FOUND,Y,Potential missed TDS candidate,1001|2026|2610522565,27c63c876653dead1adea42a2e79cfe80d2a2ca68b86ef4d946be65b298d97d0
1001,DIS02167AB,2026-03-23,2610636779,S05774,2026,2511201398,004,2026-03-20,2025-12-31,INR,SIS/0708/2025-26,KR,H,-5292.32,-5292.32,HSK MANPOWER CHARGES-Hire & service charges,0016060001,,,2026-03-20,Z006,4524,46,,,,,,INVOICE,CLEARED,NO_TDS_FOUND,Y,Potential missed TDS candidate,1001|2026|2610636779,9a4298ddf17a5adc9e8185b646daa2ab9a5ee8b9a162eb2e1a2a3898c57039d1
1001,DIS02167AB,2025-07-29,2610283823,3400804049,2026,3184380494,001,2025-07-28,2025-05-31,INR,SIS/0140/2025-26,RE,H,-59580,-59580,HSK M/C Rent - May'25,0016060001,,,2025-07-28,C005,51362.66,1028,,,,,,INVOICE,CLEARED,NO_TDS_FOUND,Y,Potential missed TDS candidate,1001|2026|2610283823,4c9d1dc0bdec384ef08a9ad583a5d9d19ae2b66d8551636076224abdfd73e802
1001,DIS02167AB,2025-09-25,2610371226,3400812652,2026,3186249557,001,2025-09-23,2025-07-31,INR,SIS/0282/2025-26,RE,H,-81196.82,-81196.82,MT-VE-Manpower-July-25,0016060001,,,2025-09-23,C005,69399,694,CI,C3,100,1,Ind/HUF - 1%-New Sec-393(1)6(i),INVOICE,CLEARED,TDS_EXISTS,N,TDS exists on invoice,1001|2026|2610371226,b08909d297595a7dde059debf034da87ce5b73832051064cb27319db2d0d9cb9
1001,DIS02167AB,2026-03-17,2610625957,3400847135,2026,3192402172,001,2026-03-16,2026-02-28,INR,SIS/0836/2025-26,RE,H,-58116,-58116,EV08-FEB-26 General cleaning services,0016060001,,,2026-03-16,C005,50100,1002,,,,,,INVOICE,CLEARED,NO_TDS_FOUND,Y,Potential missed TDS candidate,1001|2026|2610625957,6f5ca565a89093175a88f2b4328ebaaeae87ab1fc72c7e9940dbe83640f96561
1001,DIS02167AB,2025-08-12,2610306875,3400804049,2026,3184763755,001,2025-08-08,2025-06-30,INR,SIS/0191/2025-26,RE,H,-59580,-59580,Hk Machine June'25,0016060001,,,2025-08-08,C005,51362.66,1028,,,,,,INVOICE,CLEARED,NO_TDS_FOUND,Y,Potential missed TDS candidate,1001|2026|2610306875,7db5b6fb328166f2c2e77186c76ec84d743e2ed7b797e85d1e323ec8bbe36ef6
1001,DIS02167AB,2025-12-23,2610505741,6500010905,2026,3189641480,001,2025-12-22,2025-11-29,INR,SIS/0572/2025-26,RE,H,-663518.08,-663518.08,"Job based,Job Based,K Block 3 Shift CK01",0016060001,,,2025-12-22,C005,567110.24,5672,CI,C3,100,1,Ind/HUF - 1%-New Sec-393(1)6(i),INVOICE,CLEARED,TDS_EXISTS,N,TDS exists on invoice,1001|2026|2610505741,0d863256fc15d8f0440fb2fb29b8fc5c5520eb277605539a0b6896d348097437
1001,DIS02167AB,2025-11-07,2610431960,3400821525,2026,3188011879,001,2025-11-06,2025-08-31,INR,SIS/0373/2025-26,RE,H,-46273,-46273,MANPOWER CHARGES FOR AUG 25,0016060001,,,2025-11-06,C005,39550,396,CI,C3,100,1,Ind/HUF - 1%-New Sec-393(1)6(i),INVOICE,CLEARED,TDS_EXISTS,N,TDS exists on invoice,1001|2026|2610431960,2fc9cfbba9f65c268c515815933743f3026e7a93da60ce477aa7d55e06b399f4
1001,DIS02167AB,2025-10-15,2610400283,,2026,3187366542,001,2025-10-15,2025-08-31,INR,SIS/0351/2025-26,RE,H,-215011,-215011,CLMS-AUG-25,0016060001,,,2025-10-15,C005,183770.22,1838,,,,,,INVOICE,CLEARED,NO_TDS_FOUND,Y,Potential missed TDS candidate,1001|2026|2610400283,fd3c00c69a5fa3071068983533d88d265185113f03de5655300ac0c1a23e1140
1001,DIS02167AB,2025-10-15,2610400283,,2026,2610400283,001,2025-10-15,2025-10-15,INR,,KZ,S,4270304.12,4270304.12,,0016060001,,,2025-10-15,,3649835.56,0,,,,,,PAYMENT,CLEARED,NO_TDS_FOUND,N,Review Required,1001|2026|2610400283,daae9a4c2b3f38b07456cbc29d523affca82937bab37be87061e7e4e374a0a3a
1001,DIS02167AB,2026-02-27,2610601502,3400837613,2026,3191715753,001,2026-02-25,2026-01-31,INR,SIS/0776/2025-26,RE,H,-568245,-568245,EV08-JAN-26,0016060001,,,2026-02-25,C005,485679.6,4857,,,,,,INVOICE,CLEARED,NO_TDS_FOUND,Y,Potential missed TDS candidate,1001|2026|2610601502,d510f6cb0440d8c080affd47fead0c8b73a99ce70162f94389a8a4a9478ff78a
1001,DIS02167AB,2026-03-05,2610609329,,2026,2610609329,001,2026-03-05,2026-03-05,INR,,KZ,S,2163680.54,2163680.54,,0016060001,,,2026-03-05,,1849303,0,,,,,,PAYMENT,CLEARED,NO_TDS_FOUND,N,Review Required,1001|2026|2610609329,b7782e1cf9c1ce4c003c24afbaa63183a8a6184982675faf01484f1a57d0d60c
1001,DIS02167AB,2025-09-15,2610353728,3400810601,2026,3185948613,001,2025-09-15,2025-07-31,INR,SIS/0268/2025-26,RE,H,-139350,-139350,CLMS-JULY-25,0016060001,,,2025-09-15,C005,119103.28,1192,,,,,,INVOICE,CLEARED,NO_TDS_FOUND,Y,Potential missed TDS candidate,1001|2026|2610353728,d47c6bd0b7cdf70ab2dafd0f6ba2161645f241366235bcfeaff733afb0c2705f
1001,DIS02167AB,2025-10-10,2610394536,3400810601,2026,3187103671,001,2025-10-08,2025-06-30,INR,SIS/0233/2025-26,RE,H,-10315,-10315,OT - JUN-25,0016060001,,,2025-10-08,C005,8816.94,89,,,,,,INVOICE,CLEARED,NO_TDS_FOUND,Y,Potential missed TDS candidate,1001|2026|2610394536,c70269e691d76452e26723a0706730a6503da60a2195b78a6a2b0ae5f62816e6
1001,DIS02167AB,2026-02-10,2610571523,3400826663,2026,3190837826,001,2026-01-31,2026-01-19,INR,SIS/0727/2025-26,RE,H,-18057.64,-18057.64,General cleaning services,0016060001,,,2026-01-31,C005,15434.44,155,CI,C3,100,1,Ind/HUF - 1%-New Sec-393(1)6(i),INVOICE,CLEARED,TDS_EXISTS,N,TDS exists on invoice,1001|2026|2610571523,7036a28ca55c31d8a3118ea000c04b27a01b334d3428177c7b3bd337b5267524
1001,DIS02167AB,2025-09-11,2610349004,S05774,2026,2510590501,004,2025-09-10,2025-08-11,INR,SIS/0300/2025-26,KR,H,-3729.84,-3729.84,HSK OT CHG MONTH OF JULY -2025-Hire & service char,0016060001,,,2025-09-10,Z006,3188,32,,,,,,INVOICE,CLEARED,NO_TDS_FOUND,Y,Potential missed TDS candidate,1001|2026|2610349004,b0a6095ad386a26530c6af5b6d7630bd9f0f12546ccf899eb8f37033b795f8e9
1001,DIS02167AB,2026-03-13,2610623269,,2026,2610623269,001,2026-03-13,2026-03-13,INR,,KZ,S,6006391.95,6006391.95,,0016060001,,,2026-03-13,,5134934.31,0,,,,,,PAYMENT,CLEARED,NO_TDS_FOUND,N,Review Required,1001|2026|2610623269,38a6859d7b0c6da1d1b59efb6a6f5fa8a7c031166ec6ffc519c997b414e87b0a
1001,DIS02167AB,2026-03-13,2610623269,3400845441,2026,3192173238,001,2026-03-10,2026-01-31,INR,SIS/0810/2025-26,RE,H,-3694,-3694,CLMS-JAN-26,0016060001,,,2026-03-10,C005,3157.56,32,,,,,,INVOICE,CLEARED,NO_TDS_FOUND,Y,Potential missed TDS candidate,1001|2026|2610623269,e18876f7ed934b367143b1914b0b8480706c25c916d1d7caa45c7bb407a96ca6
1001,DIS02167AB,2025-11-28,2610466636,3400824757,2026,3188823730,001,2025-11-28,2025-10-16,INR,SIS/0487/2025-26,RE,H,-1739072,-1739072,Bonus Mar-Apr-25,0016060001,,,2025-11-28,C005,1486386.34,14864,,,,,,INVOICE,CLEARED,NO_TDS_FOUND,Y,Potential missed TDS candidate,1001|2026|2610466636,c6592162f2744d5c1c8a9f4ab2cb2f3bc3a6b6614fdfa55e7dcb753f9f5bd3a8
1001,DIS02167AB,2025-11-07,2610431960,3400821519,2026,3188011866,001,2025-11-06,2025-09-30,INR,SIS/0428/2025-26,RE,H,-35641.34,-35641.34,BoNUS FoR THE YEAR 202a.25,0016060001,,,2025-11-06,C005,30463,305,CI,C3,100,1,Ind/HUF - 1%-New Sec-393(1)6(i),INVOICE,CLEARED,TDS_EXISTS,N,TDS exists on invoice,1001|2026|2610431960,79c199ac3f03b5ba89e785b1fd4ba16bc9934604609f4e3d24c327643a838abe
1001,DIS02167AB,2026-03-20,2610630516,3400815096,2026,3192474653,001,2026-03-18,2025-08-12,INR,SIS/0305/2025-26,RE,H,-1645,-1645,OT-JULY-25,0016060001,,,2026-03-18,C005,1406.74,15,,,,,,INVOICE,CLEARED,NO_TDS_FOUND,Y,Potential missed TDS candidate,1001|2026|2610630516,ecec151dc5ad2349b283eae5ae9618b6d09580d1bcbade84ab7582ce2fd6c8c6
1001,DIS02167AB,2026-03-24,2610638461,,2026,2610638461,001,2026-03-24,2026-03-24,INR,,KZ,S,33511.74,33511.74,,0016060001,,,2026-03-24,,28643,0,,,,,,PAYMENT,CLEARED,NO_TDS_FOUND,N,Review Required,1001|2026|2610638461,3fc9593b5b2e404b06c08a8d1abb2424bac7990e3bdf81cddd20d20daa5fe7ea
1001,DIS02167AB,2026-01-16,2610537847,,2026,2610537847,001,2026-01-16,2026-01-16,INR,,KZ,S,103833.5,103833.5,,0016060001,,,2026-01-16,,88749.5,0,,,,,,PAYMENT,CLEARED,NO_TDS_FOUND,N,Review Required,1001|2026|2610537847,4d35c63ac5111f15ca45ebf80ce7f063bc75289bbe00eb39c82dcba925ae58e4
1001,DIS02167AB,2026-03-20,2610630516,3400826398,2026,3192474470,001,2026-03-18,2025-09-30,INR,SIS/0458/2025-26,RE,H,-21121.54,-21121.54,OT-SEPT-25,0016060001,,,2026-03-18,C005,18053,181,,,,,,INVOICE,CLEARED,NO_TDS_FOUND,Y,Potential missed TDS candidate,1001|2026|2610630516,7256a0ea7248b1eba476417054288be48d95c49ba7d191b21e7d56b17c89c26b
1001,DIS02167AB,2025-10-15,2610399431,S05774,2026,2510694685,004,2025-10-14,2025-09-30,INR,SIS/0425/2025-26,KR,H,-16930.78,-16930.78,HSK STAFF BONUS YEAR 2024-25-Hire & service charge,0016060001,,,2025-10-14,Z006,14471,145,,,,,,INVOICE,CLEARED,NO_TDS_FOUND,Y,Potential missed TDS candidate,1001|2026|2610399431,7bb3ab398e958f357668d3cb878d9705be674e193528138e9abd04fe7edda618
1001,DIS02167AB,2025-09-25,2610371165,S05774,2026,2510623259,007,2025-09-24,2025-07-31,INR,SIS/0279/2025-26,KR,H,-1801479.86,-1801479.86,HSK MANPOWER CHG MONTH OF JULY -2025-Hire & servic,0016060001,,,2025-09-24,Z006,1539727,15398,,,,,,INVOICE,CLEARED,NO_TDS_FOUND,Y,Potential missed TDS candidate,1001|2026|2610371165,be37d23ae3a60a42a88c5d494c51b044a4194a039195ff1e5ec1a31675d60d22
1001,DIS02167AB,2026-03-24,2610639567,3400849253,2026,3192670269,001,2026-03-24,2026-02-19,INR,SIS/0822/2025-26,RE,H,-88200,-88200,Leave with Wages bill - Jan 25 to Dec 25,0016060001,,,2026-03-24,Z006,75384.78,754,,,,,,INVOICE,CLEARED,NO_TDS_FOUND,Y,Potential missed TDS candidate,1001|2026|2610639567,9444dc0636dcd3bd7152686fbf9615c8fdc9fa322f507a2856912fd775069851
1001,DIS02167AB,2026-03-17,2610625957,3400826663,2026,3192402148,001,2026-03-16,2026-02-28,INR,SIS/0860/2025-26,RE,H,-23993.44,-23993.44,EV08-FEB-26,0016060001,,,2026-03-16,C005,20508,206,,,,,,INVOICE,CLEARED,NO_TDS_FOUND,Y,Potential missed TDS candidate,1001|2026|2610625957,235625ac73121e57e0855e4484600050bd55ddc8781209cf3cf404af1446b28c
1001,DIS02167AB,2025-11-28,2610466636,3400824757,2026,3188823725,001,2025-11-28,2025-10-16,INR,SIS/0491/2025-26,RE,H,-96002.72,-96002.72,BONOUS-APR-24 TO MAR-25,0016060001,,,2025-11-28,C005,82054,821,CI,C3,100,1,Ind/HUF - 1%-New Sec-393(1)6(i),INVOICE,CLEARED,TDS_EXISTS,N,TDS exists on invoice,1001|2026|2610466636,0ca9759e3c3ccc3133fcd9d027b592fc6b70fbac0d591a0949e8c362e7b9e962
1001,DIS02167AB,2025-09-25,2610371226,3400814502,2026,3186249593,001,2025-09-23,2025-07-31,INR,SIS/0286/2025-26,RE,H,-371570.76,-371570.76,MANPOWER CHG. FOR JUL 25,0016060001,,,2025-09-23,C005,317582,3176,CI,C3,100,1,Ind/HUF - 1%-New Sec-393(1)6(i),INVOICE,CLEARED,TDS_EXISTS,N,TDS exists on invoice,1001|2026|2610371226,a61bca38d77340ac5dcd00a379da96dcb7928f78158c1295b2e4e87eb37d9dbe
1001,DIS02167AB,2026-01-30,2610560242,3400834822,2026,3190699162,001,2026-01-27,2025-10-27,INR,SIS/0498/2025-26,RE,H,-9062.28,-9062.28,"REIMB. OF WORKMEN
COMPENSETION POLICY",0016060001,,,2026-01-27,C005,7746,78,CI,C3,100,1,Ind/HUF - 1%-New Sec-393(1)6(i),INVOICE,CLEARED,TDS_EXISTS,N,TDS exists on invoice,1001|2026|2610560242,d41fc6757a11907359ad1e9821a0babcd414103d8fefdc7b5fa9ae458d720801
1001,DIS02167AB,2026-04-02,2610101166,3400847135,2026,3192929973,001,2026-03-31,2026-03-26,INR,SIS/0931/2025-26,RE,H,-290063.45,-290063.45,EV08-General cleaning services,0016060001,,,2026-03-31,C005,247918.19,2480,,,,,,INVOICE,CLEARED,NO_TDS_FOUND,Y,Potential missed TDS candidate,1001|2026|2610101166,c7f91ccb9a7493f5e6fbe630999058fec76beb9fdcf10ba2c8e60c0827fc4323
1001,DIS02167AB,2025-09-11,2610349004,,2026,2610349004,001,2025-09-11,2025-09-11,INR,,KZ,S,10375.34,10375.34,,0016060001,,,2025-09-11,,9578,0,,,,,,PAYMENT,CLEARED,NO_TDS_FOUND,N,Review Required,1001|2026|2610349004,77e2327572bff95dd13386d151a588f66d72ef7b4b75d0a9f496258eafd75db4
1001,DIS02167AB,2025-07-29,2610283823,,2026,2610283823,001,2025-07-29,2025-07-29,INR,,KZ,S,195719,195719,,0016060001,,,2025-07-29,,168724.32,0,,,,,,PAYMENT,CLEARED,NO_TDS_FOUND,N,Review Required,1001|2026|2610283823,61ce29ee791ac2e2fce42e3145568d8a22fca3ad74ed97a5d119b7e9a68c7fe7
1001,DIS02167AB,2026-03-13,2610623269,3400844512,2026,3192255685,001,2026-03-12,2026-01-28,INR,SIS/0738/2025-26,RE,H,-33515.28,-33515.28,Leave With Wages Utility Year 2025,0016060001,,,2026-03-12,C005,28646,287,,,,,,INVOICE,CLEARED,NO_TDS_FOUND,Y,Potential missed TDS candidate,1001|2026|2610623269,388dd60fc252e35cb454db1da77a7a60cef424f78df6f64331e1045ed7156e83
1001,DIS02167AB,2025-11-11,2610440419,3400822883,2026,3188050968,001,2025-11-07,2025-09-30,INR,SIS/0454/2025-26,RE,H,-50254.54,-50254.54,MT-VE-SEPT-25,0016060001,,,2025-11-07,C005,42953,430,CI,C3,100,1,Ind/HUF - 1%-New Sec-393(1)6(i),INVOICE,CLEARED,TDS_EXISTS,N,TDS exists on invoice,1001|2026|2610440419,2edb3f2ba5cb4f7acb714f42503d38957f66d351f18c0f3a4fdc2c5099330aa1
1001,DIS02167AB,2026-01-13,2610534695,3400831800,2026,3190135347,001,2026-01-10,2025-11-30,INR,SIS/0609/2025-26,RE,H,-1148091,-1148091,CLMS-NOV-25,0016060001,,,2026-01-10,C005,981274.5,9813,,,,,,INVOICE,CLEARED,NO_TDS_FOUND,Y,Potential missed TDS candidate,1001|2026|2610534695,1cc48a7d499b2c579d518315b1d3a7e5edb8db1e59f04d5a178cbf5f6356ec84
1001,DIS02167AB,2026-02-27,2610603200,,2026,2610603200,001,2026-02-27,2026-02-27,INR,,KZ,S,92313,92313,,0016060001,,,2026-02-27,,78900,0,,,,,,PAYMENT,CLEARED,NO_TDS_FOUND,N,Review Required,1001|2026|2610603200,715c12b5fdb7b7f3d5beb8ba782e22051f5a3d70dc106dc9f0746191eb1942e7
1001,DIS02167AB,2025-12-31,2610516245,3400826663,2026,3189763880,001,2025-12-26,2025-11-30,INR,SIS/0606/2025-26,RE,H,-18661,-18661,"EV08-NOV-25 M/C, Repair and Maintainance",0016060001,,,2025-12-26,C005,15950,160,CI,C3,100,1,Ind/HUF - 1%-New Sec-393(1)6(i),INVOICE,CLEARED,TDS_EXISTS,N,TDS exists on invoice,1001|2026|2610516245,9ea0da80baafe9b7bb34e251cb70069c6417ed988bd15cc316eddeead763f56c
1001,DIS02167AB,2026-02-02,2610561882,S05774,2026,2511022038,004,2026-01-30,2025-12-31,INR,SIS/0707/2025-26,KR,H,-11467.36,-11467.36,UTILITY MANPOWER OT SALARY DEC -25-Hire & service,0016060001,,,2026-01-30,Z006,9802,99,,,,,,INVOICE,CLEARED,NO_TDS_FOUND,Y,Potential missed TDS candidate,1001|2026|2610561882,7b2b027754432bd58fd6cacea850148cf6528f5b72c8a0a369cf36e5e069dab7
1001,DIS02167AB,2025-09-15,2610353728,,2026,3185948786,001,2025-09-15,2025-07-31,INR,SIS/0267/2025-26,RE,H,-67356,-67356,CLMS-JULY-25,0016060001,,,2025-09-15,C005,57569.4,576,,,,,,INVOICE,CLEARED,NO_TDS_FOUND,Y,Potential missed TDS candidate,1001|2026|2610353728,79d48be2320be0502ee7c73acf5d540cdccee5014f3c86b0321c5b31339bcfb9
1001,DIS02167AB,2025-07-29,2610283823,3400804049,2026,3184380503,001,2025-07-28,2025-05-31,INR,SIS/0140/2025-26,RE,H,-103457,-103457,HSK M/C Rent - May'25,0016060001,,,2025-07-28,C005,89187.16,1784,,,,,,INVOICE,CLEARED,NO_TDS_FOUND,Y,Potential missed TDS candidate,1001|2026|2610283823,25f9a45570ae868dd13b787d593512791c069fa1ebeff93fb69679010f64b0dc
1001,DIS02167AB,2026-03-20,2610630516,3400829964,2026,3192474537,001,2026-03-18,2025-10-31,INR,SIS/0562/2025-26,RE,H,-27469.04,-27469.04,OT-OCT-25,0016060001,,,2026-03-18,C005,23478,235,,,,,,INVOICE,CLEARED,NO_TDS_FOUND,Y,Potential missed TDS candidate,1001|2026|2610630516,a684190e328bde19bf67ce2602d4fd0ef228ecf01cde222025ee4bbb73be2957
1001,DIS02167AB,2025-10-15,2610400283,3400810601,2026,3187366451,001,2025-10-15,2025-08-31,INR,SIS/0320/2025-26,RE,H,-60094,-60094,MACHINE RENTAL -AUG-25,0016060001,,,2025-10-15,C005,51362.66,514,,,,,,INVOICE,CLEARED,NO_TDS_FOUND,Y,Potential missed TDS candidate,1001|2026|2610400283,1bec770a331a710299732aa5f27daf7b1804b35fe564b9969b459b97233ed6ba
1001,DIS02167AB,2026-03-05,2610609329,S05774,2026,2511150000,004,2026-03-04,2026-01-31,INR,SIS/0800/2025-26,KR,H,-3263.02,-3263.02,HSK MANPOWER SALARY JAN -26-Hire & service charges,0016060001,,,2026-03-04,Z006,2789,28,,,,,,INVOICE,CLEARED,NO_TDS_FOUND,Y,Potential missed TDS candidate,1001|2026|2610609329,6c38fb0e5ad1d13aa927928e6c604cd56627bb73001b541443cdcb410ba85ee2
1001,DIS02167AB,2025-09-16,2610356829,,2026,2610356829,001,2025-09-16,2025-09-16,INR,,KZ,S,880039.78,880039.78,,0016060001,,,2025-09-16,,752171,0,,,,,,PAYMENT,CLEARED,NO_TDS_FOUND,N,Review Required,1001|2026|2610356829,03e4e0dcf92def0ae603358709febb50364b99024950d8c34cde46f8187d466f
1001,DIS02167AB,2026-03-24,2610639567,3400849288,2026,3192671246,001,2026-03-24,2026-02-28,INR,SIS/0876/2025-26,RE,H,-186042,-186042,manpower charges for the month of Feb - 2026,0016060001,,,2026-03-24,Z006,159011.02,1591,,,,,,INVOICE,CLEARED,NO_TDS_FOUND,Y,Potential missed TDS candidate,1001|2026|2610639567,7996a1449ce1c9069ebb43e4806c381ea1066c8764bdde215b3dd68488defcc9
1001,DIS02167AB,2025-10-28,2610415557,MSM intrest F25,2026,2510724369,001,2025-10-27,2025-09-10,INR,SIS/0378/2025-26,KR,H,-22672.74,-22672.74,MSM intrest F25,0016060001,,,2025-09-10,Z006,0,0,,,,,,INVOICE,CLEARED,NO_TDS_FOUND,Y,Potential missed TDS candidate,1001|2026|2610415557,1cb7d4c6be3cb28deab1d149d446eeb92f5b3e5221107e7938efdba229e08fdf
1001,DIS02167AB,2026-02-10,2610575596,6500011465,2026,3191168426,001,2026-02-10,2026-01-28,INR,SIS/0731/2025-26,RE,H,-974329.98,-974329.98,"Job based,Job Based,K Block 3 Shift CK01",0016060001,,,2026-02-10,C005,832761,8328,CI,C3,100,1,Ind/HUF - 1%-New Sec-393(1)6(i),INVOICE,CLEARED,TDS_EXISTS,N,TDS exists on invoice,1001|2026|2610575596,7c3a7440ef5a36497ae2301f257ea4d826844f3350b138471a33e1d61293099a
1001,DIS02167AB,2025-12-22,2610504717,,2026,2610504717,001,2025-12-22,2025-12-22,INR,,KZ,S,48276.16,48276.16,,0016060001,,,2025-12-22,,41262,0,,,,,,PAYMENT,CLEARED,NO_TDS_FOUND,N,Review Required,1001|2026|2610504717,fc8430fee14e9f3ef92685404336c772b38cabc9d6dde8e625f6b9f57409871e
1001,DIS02167AB,2026-01-16,2610537847,3400826398,2026,3190214727,001,2026-01-13,2025-09-20,INR,SIS/0401/2025-26,RE,H,-3655,-3655,MEDICAL CHECK UP EXP.APR-25 TO MAR-26,0016060001,,,2026-01-13,C005,3124.5,32,,,,,,INVOICE,CLEARED,NO_TDS_FOUND,Y,Potential missed TDS candidate,1001|2026|2610537847,b013cbbde7de0448b5d42b9e10ab8d7630442750426478e1459bc8a22a98640a
1001,DIS02167AB,2026-03-05,2610609329,S05774,2026,2511149958,004,2026-03-04,2026-01-31,INR,SIS/0801/2025-26,KR,H,-432.6,-432.6,HSK MANPOWER SALARY JAN -26-Hire & service charges,0016060001,,,2026-03-04,Z006,370,4,,,,,,INVOICE,CLEARED,NO_TDS_FOUND,Y,Potential missed TDS candidate,1001|2026|2610609329,dc93ac8089ca3cb70a6e81be284fe9e8c42be5420823b70a69fbffbed85f9e93
1001,DIS02167AB,2026-03-27,2610643032,S05774,2026,2511220246,004,2026-03-26,2026-02-28,INR,SIS/0899/2025-26,KR,H,-628.84,-628.84,UTILITY MANPOWER OT CHARGES FEB -26-Hire & service,0016060001,,,2026-03-26,Z006,538,6,,,,,,INVOICE,CLEARED,NO_TDS_FOUND,Y,Potential missed TDS candidate,1001|2026|2610643032,c5c9f8a3194122afa3c6e6c7df189fab9864c1dffc3f3edefefcfda3747715a7
1001,DIS02167AB,2025-12-05,2610477122,S05774,2026,2510864759,004,2025-12-04,2025-10-31,INR,SIS/0556/2025-26,KR,H,-27374.46,-27374.46,ACCOUNTS DEPT MANPOWER CHG OCT -25-Hire & service,0016060001,,,2025-12-04,Z006,23397,234,,,,,,INVOICE,CLEARED,NO_TDS_FOUND,Y,Potential missed TDS candidate,1001|2026|2610477122,92af6b8de121283934bbe2160b2716f2183e08d4e5ae54f48ef3031e4b71a2bb
1001,DIS02167AB,2026-01-05,2610522565,S05774,2026,2510953359,004,2026-01-02,2025-10-31,INR,SIS/0555/2025-26,KR,H,-13453.82,-13453.82,UTILITY MANPOWER OT CHG  OCT -2025-Hire & service,0016060001,,,2026-01-02,Z006,11499,115,,,,,,INVOICE,CLEARED,NO_TDS_FOUND,Y,Potential missed TDS candidate,1001|2026|2610522565,26e91b19c0601e3dd4bb9fdb963b715d357dd49b88f3031cf8424aac68696d65
1001,DIS02167AB,2025-12-22,2610501949,3400826663,2026,3189302810,001,2025-12-12,2025-10-11,INR,SIS/0480/2025-26,RE,H,-407099.82,-407099.82,EV08-General cleaning services,0016060001,,,2025-12-12,C005,347949,3480,CI,C3,100,1,Ind/HUF - 1%-New Sec-393(1)6(i),INVOICE,CLEARED,TDS_EXISTS,N,TDS exists on invoice,1001|2026|2610501949,2dbfa12621fa56110077331c21e91069e117092f844931e22458e266c25a3967
1001,DIS02167AB,2026-02-10,2610575596,3400839283,2026,3191045559,001,2026-02-06,2025-11-30,INR,SIS/0594/2025-26,RE,H,-50786.44,-50786.44,MT-VE-NOV-25,0016060001,,,2026-02-06,C005,43408,435,CI,C3,100,1,Ind/HUF - 1%-New Sec-393(1)6(i),INVOICE,CLEARED,TDS_EXISTS,N,TDS exists on invoice,1001|2026|2610575596,afe1eb8c68f82a84db70b3cdd3a4990a13eaac32fe5bda16d62aeddcfbe3a9ae
1001,DIS02167AB,2025-09-09,2610341103,3400810601,2026,3185631230,001,2025-09-05,2025-07-31,INR,SIS/0270/2025-26,RE,H,-59580,-59580,MACHINE RENTAL -JULY-25,0016060001,,,2025-09-05,C005,51362.66,1028,,,,,,INVOICE,CLEARED,NO_TDS_FOUND,Y,Potential missed TDS candidate,1001|2026|2610341103,11a4bbb9f13c9b3795f212500b5d404c5e3d2ad5e4d85c7bd49bd4f6c246114f
1001,DIS02167AB,2026-03-13,2610623269,3400845441,2026,3192173198,001,2026-03-10,2026-01-31,INR,SIS/0809/2025-26,RE,H,-1411,-1411,CLMS-JAN-26,0016060001,,,2026-03-10,C005,1206.74,13,,,,,,INVOICE,CLEARED,NO_TDS_FOUND,Y,Potential missed TDS candidate,1001|2026|2610623269,58063b622c0b74cbe4934fdc554812b3b1c4a080fa9290c9d9d008018a1c5daa
1001,DIS02167AB,2026-02-24,2610595899,3400842663,2026,3191582728,001,2026-02-21,2026-01-31,INR,SIS/0783/2025-26,RE,H,-201576,-201576,manpower charges for the month of Jan 26,0016060001,,,2026-02-21,Z006,172287.34,1723,,,,,,INVOICE,CLEARED,NO_TDS_FOUND,Y,Potential missed TDS candidate,1001|2026|2610595899,a1fcb08875d4d581424a4d4b0813172980f182c989ef00ff62bf6c399d0df773
1001,DIS02167AB,2025-09-15,2610353728,,2026,2610353728,001,2025-09-15,2025-09-15,INR,,KZ,S,4037507.84,4037507.84,,0016060001,,,2025-09-15,,3450865.24,0,,,,,,PAYMENT,CLEARED,NO_TDS_FOUND,N,Review Required,1001|2026|2610353728,d179d26ebbac285bbf75749bd7d21a34e539d515bd03095cfc8bd3eb385ad1dc
1001,DIS02167AB,2026-02-02,2610561882,,2026,2610561882,001,2026-02-02,2026-02-02,INR,,KZ,S,2075857.38,2075857.38,,0016060001,,,2026-02-02,,1774241,0,,,,,,PAYMENT,CLEARED,NO_TDS_FOUND,N,Review Required,1001|2026|2610561882,beaa2629c95c6ac0340337c255e68b4ae7cd3176531347ecfcc0284b554dd026
1001,DIS02167AB,2025-09-15,2610353728,3400810601,2026,3185948650,001,2025-09-15,2025-07-31,INR,SIS/0266/2025-26,RE,H,-1603069,-1603069,CLMS-JULY-25,0016060001,,,2025-09-15,C005,1370144.9,13702,,,,,,INVOICE,CLEARED,NO_TDS_FOUND,Y,Potential missed TDS candidate,1001|2026|2610353728,41af4bc846b50d41f436c9fc59555774adfeb5152ef499f15cbdf5029660f1d9
1001,DIS02167AB,2026-03-13,2610623269,3400845441,2026,3192173164,001,2026-03-10,2026-01-31,INR,SIS/0773/2025-26,RE,H,-190681,-190681,CLMS-JAN-26,0016060001,,,2026-03-10,C005,162975.32,1630,,,,,,INVOICE,CLEARED,NO_TDS_FOUND,Y,Potential missed TDS candidate,1001|2026|2610623269,153f349e7a8ce5d9ab069063577f661fa3e15d0721c52421a6b661e2f798a95e
1001,DIS02167AB,2025-12-26,2610510262,3400832171,2026,3189709924,001,2025-12-24,2025-11-30,INR,SIS/0582/2025-26,RE,H,-7162,-7162,R & M Hsk M/C Nov'25,0016060001,,,2025-12-24,C005,6174.5,124,,,,,,INVOICE,CLEARED,NO_TDS_FOUND,Y,Potential missed TDS candidate,1001|2026|2610510262,ed938758d0d3e601ac9471bc781847687db88d169c6ac6dc3ebc6342d04a5ac9
1001,DIS02167AB,2025-12-26,2610510262,3400832171,2026,3189709908,001,2025-12-24,2025-11-30,INR,SIS/0582/2025-26,RE,H,-59580,-59580,R & M Hsk M/C Nov'25,0016060001,,,2025-12-24,C005,51362.66,1028,,,,,,INVOICE,CLEARED,NO_TDS_FOUND,Y,Potential missed TDS candidate,1001|2026|2610510262,dd92c9dc0470b1ed0e8ae9b6f301f86c2649146a777fb545a973cc81fd3cd516
1001,DIS02167AB,2025-09-15,2610353728,3400810601,2026,3185948786,001,2025-09-15,2025-07-31,INR,SIS/0267/2025-26,RE,H,-67356,-67356,CLMS-JULY-25,0016060001,,,2025-09-15,C005,57569.4,576,,,,,,INVOICE,CLEARED,NO_TDS_FOUND,Y,Potential missed TDS candidate,1001|2026|2610353728,79d48be2320be0502ee7c73acf5d540cdccee5014f3c86b0321c5b31339bcfb9
1001,DIS02167AB,2025-08-22,2610321971,3400808239,2026,3184998226,001,2025-08-16,2025-07-31,INR,SIS/0277/2025-26,RE,H,-205134,-205134,HK & Ment. Person Bill July 25,0016060001,,,2025-08-16,Z006,175328.96,1754,,,,,,INVOICE,CLEARED,NO_TDS_FOUND,Y,Potential missed TDS candidate,1001|2026|2610321971,4c852b2b1cabed8657d8fd90458327d337fdede48ae3073d56fa9991c771c461
1001,DIS02167AB,2026-02-02,2610561882,S05774,2026,2511022037,004,2026-01-30,2025-12-31,INR,SIS/0709/2025-26,KR,H,-2966.48,-2966.48,HSK MANPOWER OT SALARY DEC -25-Hire & service char,0016060001,,,2026-01-30,Z006,2536,26,,,,,,INVOICE,CLEARED,NO_TDS_FOUND,Y,Potential missed TDS candidate,1001|2026|2610561882,e55d2ac5db40925200c84af695d55900dc1a1bcb44fe4c6a695356a5d8a9e940
1001,DIS02167AB,2025-08-28,2610326021,S05774,2026,2510538387,004,2025-08-26,2025-07-31,INR,SIS/0284/2025-26,KR,H,-37034.72,-37034.72,OT UTILITY MANPOWER CHG JULY -25-Hire & service ch,0016060001,,,2025-08-26,Z006,31654,317,,,,,,INVOICE,CLEARED,NO_TDS_FOUND,Y,Potential missed TDS candidate,1001|2026|2610326021,3cf6fe3499b736eb9e5bcc16a2b4c141e741daadc4234db078d408af7b5eff72
1001,DIS02167AB,2025-12-01,2610472096,3400826398,2026,3188866243,001,2025-11-29,2025-10-31,INR,SIS/0534/2025-26,RE,H,-849481,-849481,CLMS-OCT-25,0016060001,,,2025-11-29,C005,726052.46,7261,,,,,,INVOICE,CLEARED,NO_TDS_FOUND,Y,Potential missed TDS candidate,1001|2026|2610472096,30d0f58499195c3aacc125362768e8eeb4dd8e5b2b80e3d6030e8355f25b2279
1001,DIS02167AB,2026-03-13,2610623269,3400845441,2026,3192173205,001,2026-03-10,2026-01-31,INR,SIS/0809/2025-26,RE,H,-1361,-1361,CLMS-JAN-26,0016060001,,,2026-03-10,C005,1163.48,12,,,,,,INVOICE,CLEARED,NO_TDS_FOUND,Y,Potential missed TDS candidate,1001|2026|2610623269,8c3a26009d8b06abb7584e5ec578c5092cff8b43944f2bf3f9c1e16006592d33
1001,DIS02167AB,2026-01-30,2610560242,3400834822,2026,3190698869,001,2026-01-27,2025-11-30,INR,SIS/0628/2025-26,RE,H,-98834.32,-98834.32,MANPOWER CHG. NOV 25(VE-MAINT),0016060001,,,2026-01-27,C005,84474,845,CI,C3,100,1,Ind/HUF - 1%-New Sec-393(1)6(i),INVOICE,CLEARED,TDS_EXISTS,N,TDS exists on invoice,1001|2026|2610560242,79ed056ead864ad59fc7ab8da6a984896be87e20254a1f73a6de374e5011fc72
1001,DIS02167AB,2026-04-02,2610101166,S05774,2026,2511249112,004,2026-03-31,2025-11-30,INR,SIS/0585/2025-26,KR,H,-107388.3,-107388.3,REPAIR & MAIN WORK @ MT-Repair & maintainance,0016060001,,,2026-03-31,Z006,91785,918,,,,,,INVOICE,CLEARED,NO_TDS_FOUND,Y,Potential missed TDS candidate,1001|2026|2610101166,6dd7ff8a819c7aa1f12f92ec00fdf3d29aae3ca2ed6bd10239981eb0cd71f54a
1001,DIS02167AB,2026-02-24,2610595104,3400826663,2026,3191547154,001,2026-02-20,2026-01-31,INR,SIS/0778/2025-26,RE,H,-25032.46,-25032.46,EV08-MANPOWER-JAN-26,0016060001,,,2026-02-20,C005,21395.3,214,CI,C3,100,1,Ind/HUF - 1%-New Sec-393(1)6(i),INVOICE,CLEARED,TDS_EXISTS,N,TDS exists on invoice,1001|2026|2610595104,fe97191eb305f16f1a985f2b55a5af79b0d335c2ee9f1f017191a1805142d716
1001,DIS02167AB,2026-03-13,2610623269,3400845441,2026,3192173151,001,2026-03-10,2026-01-31,INR,SIS/0772/2025-26,RE,H,-69721,-69721,CLMS-JAN-26,0016060001,,,2026-03-10,C005,59590.62,596,,,,,,INVOICE,CLEARED,NO_TDS_FOUND,Y,Potential missed TDS candidate,1001|2026|2610623269,787e84e136b3461ea305f20889b140e0dbe31bbbd8b0d298811b9a5854b88701
1001,DIS02167AB,2025-10-15,2610400283,3400817587,2026,3187366516,001,2025-10-15,2025-08-31,INR,SIS/0350/2025-26,RE,H,-71410,-71410,CLMS-AUG-25,0016060001,,,2025-10-15,C005,61034.7,611,,,,,,INVOICE,CLEARED,NO_TDS_FOUND,Y,Potential missed TDS candidate,1001|2026|2610400283,b36f9d5e60eac9d7b3c8e73742edf8b1ed6c0945e061715e655bf73d4ec86576
1001,DIS02167AB,2025-10-10,2610394536,3400810601,2026,3187103674,001,2025-10-08,2025-06-30,INR,SIS/0233/2025-26,RE,H,-982,-982,OT - JUN-25,0016060001,,,2025-10-08,C005,839.8,9,,,,,,INVOICE,CLEARED,NO_TDS_FOUND,Y,Potential missed TDS candidate,1001|2026|2610394536,b9727750ab9953cfd1c5beadc25517f9c329a65eecd649e111ae31187cd8c04b
1001,DIS02167AB,2025-12-01,2610472096,3400826665,2026,3188907744,001,2025-11-30,2025-10-31,INR,SIS/0560/2025-26,RE,H,-603073.64,-603073.64,VE HSK Manpower Salary Oct -25,0016060001,,,2025-11-30,C005,515448,5155,CI,C3,100,1,Ind/HUF - 1%-New Sec-393(1)6(i),INVOICE,CLEARED,TDS_EXISTS,N,TDS exists on invoice,1001|2026|2610472096,2ac4d03d98e03b4de09f2306b48fe701c0d63851a497ac83835f779997584120
1001,DIS02167AB,2025-11-28,2610466636,,2026,3188823753,001,2025-11-28,2025-09-30,INR,SIS/0444/2025-26,RE,H,-221895,-221895,CLMS-SEPT-25,0016060001,,,2025-11-28,C005,189654.1,1897,,,,,,INVOICE,CLEARED,NO_TDS_FOUND,Y,Potential missed TDS candidate,1001|2026|2610466636,f646d318b15e87b5dc52616f8600035ca662011b81e9781f11633d02168a9be9
1001,DIS02167AB,2025-12-05,2610477122,S05774,2026,2510864761,004,2025-12-04,2025-10-31,INR,SIS/0559/2025-26,KR,H,-93985.4,-93985.4,HSK MANPOWER OT CHG OCT -25-Hire & service charges,0016060001,,,2025-12-04,Z006,80330,804,,,,,,INVOICE,CLEARED,NO_TDS_FOUND,Y,Potential missed TDS candidate,1001|2026|2610477122,7ffedd24a331e221b90507ad7a895247ac50fde2167c8a13543f072440b212fb
1001,DIS02167AB,2025-11-28,2610466636,,2026,2610466636,001,2025-11-28,2025-11-28,INR,,KZ,S,7190259.12,7190259.12,,0016060001,,,2025-11-28,,6145523.9,0,,,,,,PAYMENT,CLEARED,NO_TDS_FOUND,N,Review Required,1001|2026|2610466636,efe42912cb7f90f2d2774c379069c19dae8ba982f2b515d900fa63e93045316b
1001,DIS02167AB,2026-02-27,2610600516,,2026,2610600516,001,2026-02-27,2026-02-27,INR,,KZ,S,190049.84,190049.84,,0016060001,,,2026-02-27,,162438,0,,,,,,PAYMENT,CLEARED,NO_TDS_FOUND,N,Review Required,1001|2026|2610600516,8a506fcec660d3339cf2050e4671fd7802be25c3fed816a4534888fd0cdfcf3c
1001,DIS02167AB,2026-01-30,2610560242,3400831667,2026,3190694017,001,2026-01-27,2025-09-29,INR,SIS/0402/2025-26,RE,H,-730.5,-730.5,"REIMBURSEIIIENT OF IVEDICAL HEATH
CHECK",0016060001,,,2026-01-27,C005,625,7,CI,C3,100,1,Ind/HUF - 1%-New Sec-393(1)6(i),INVOICE,CLEARED,TDS_EXISTS,N,TDS exists on invoice,1001|2026|2610560242,90a35f768bb2e9cab342d0654d2cdc84970e805df6b1d2af670e169a4a40fcd9
1001,DIS02167AB,2025-12-01,2610472096,3400826398,2026,3188866218,001,2025-11-29,2025-10-31,INR,SIS/0535/2025-26,RE,H,-155123,-155123,CLMS-OCT-25,0016060001,,,2025-11-29,C005,132583.88,1326,,,,,,INVOICE,CLEARED,NO_TDS_FOUND,Y,Potential missed TDS candidate,1001|2026|2610472096,14d99aa7b43ff6b8ff468a7cd4ba74730228876008a633a9de3ae90b18bd2b8d
1001,DIS02167AB,2025-10-15,2610399431,S05774,2026,2510694681,004,2025-10-14,2025-08-31,INR,SIS/0367/2025-26,KR,H,-27374.46,-27374.46,IT SUPPORT MANPOWER CHARGES AUGUST -25-Hire & serv,0016060001,,,2025-10-14,Z006,23397,234,,,,,,INVOICE,CLEARED,NO_TDS_FOUND,Y,Potential missed TDS candidate,1001|2026|2610399431,d2079648c19713e8fb608696616cf3db9eff0bd9a23b59fbd35a23dc2e17b5bc
1001,DIS02167AB,2025-11-28,2610466208,3400823829,2026,3188601542,001,2025-11-22,2025-09-24,INR,SIS/0396/2025-26,RE,H,-30104.58,-30104.58,BONUS FOR THE YEAR 2024-25,0016060001,,,2025-11-22,C005,25731,258,CI,C3,100,1,Ind/HUF - 1%-New Sec-393(1)6(i),INVOICE,CLEARED,TDS_EXISTS,N,TDS exists on invoice,1001|2026|2610466208,81a2a6bc44dd83d823ae56514a6efcf21860fca5b8bdd44d43496c83d7a8314c
1001,DIS02167AB,2025-10-15,2610400283,3400817587,2026,3187366542,001,2025-10-15,2025-08-31,INR,SIS/0351/2025-26,RE,H,-215011,-215011,CLMS-AUG-25,0016060001,,,2025-10-15,C005,183770.22,1838,,,,,,INVOICE,CLEARED,NO_TDS_FOUND,Y,Potential missed TDS candidate,1001|2026|2610400283,fd3c00c69a5fa3071068983533d88d265185113f03de5655300ac0c1a23e1140
1001,DIS02167AB,2025-11-28,2610466636,,2026,3188823741,001,2025-11-28,2025-09-30,INR,SIS/0443/2025-26,RE,H,-48757,-48757,CLMS-SEPT-25,0016060001,,,2025-11-28,C005,41672.86,417,,,,,,INVOICE,CLEARED,NO_TDS_FOUND,Y,Potential missed TDS candidate,1001|2026|2610466636,cdcfa36c16af365a3304264105f9eb11191c993ec89fcf4fc3af5d4437505d06
1001,DIS02167AB,2026-02-20,2610590235,3400839096,2026,3191422509,001,2026-02-17,2025-12-31,INR,SIS/0684/2025-26,RE,H,-21913.4,-21913.4,NIANPOWER CHARGES FOR DEC 25 (SCM),0016060001,,,2026-02-17,C005,18730,188,CI,C3,100,1,Ind/HUF - 1%-New Sec-393(1)6(i),INVOICE,CLEARED,TDS_EXISTS,N,TDS exists on invoice,1001|2026|2610590235,11d5e84ddae8b9f54928ba5a5a4a24104dfead16c88962e409319ae461198d5f
1001,DIS02167AB,2026-01-30,2610560242,3400834822,2026,3190699001,001,2026-01-27,2025-11-30,INR,SIS/0629/2025-26,RE,H,-12217.74,-12217.74,MANPOWER CHG.  NOV 25 (MAINT.),0016060001,,,2026-01-27,C005,10443,105,CI,C3,100,1,Ind/HUF - 1%-New Sec-393(1)6(i),INVOICE,CLEARED,TDS_EXISTS,N,TDS exists on invoice,1001|2026|2610560242,0f15bb0eaaf454f16a5e357c8ff558c984c58ddb120ecad4fe43f6caf72428f2
1001,DIS02167AB,2026-03-20,2610630516,3400817587,2026,3192474580,001,2026-03-18,2025-07-31,INR,SIS/0274/2025-26,RE,H,-18191,-18191,OT-JULY-25,0016060001,,,2026-03-18,C005,15548.18,156,,,,,,INVOICE,CLEARED,NO_TDS_FOUND,Y,Potential missed TDS candidate,1001|2026|2610630516,9031411d1ac60140fe2ffdbc4a26fb2b093b4a8cdf92161fe8d67bdb475f9172
1001,DIS02167AB,2025-11-18,2610448691,3400809153,2026,3188300289,001,2025-11-14,2025-07-31,INR,SIS/0273/2025-26,RE,H,-20915.86,-20915.86,"MANPOWER CHG, JUL 25",0016060001,,,2025-11-14,C005,17877,179,CI,C3,100,1,Ind/HUF - 1%-New Sec-393(1)6(i),INVOICE,CLEARED,TDS_EXISTS,N,TDS exists on invoice,1001|2026|2610448691,17a5593c97e48ed283a57af198debcdffeb461ab0deae15dfc2e3190174011e3
1001,DIS02167AB,2025-09-23,2610368178,,2026,2610368178,001,2025-09-23,2025-09-23,INR,,KZ,S,974329.98,974329.98,,0016060001,,,2025-09-23,,832761,0,,,,,,PAYMENT,CLEARED,NO_TDS_FOUND,N,Review Required,1001|2026|2610368178,f02eabc4e819612f8a3417966f072e038655f307bfca63ec0ae9672bc55f695d
1001,DIS02167AB,2025-08-22,2610321971,,2026,2610321971,001,2025-08-22,2025-08-22,INR,,KZ,S,205134,205134,,0016060001,,,2025-08-22,,175328.96,0,,,,,,PAYMENT,CLEARED,NO_TDS_FOUND,N,Review Required,1001|2026|2610321971,4a481120e086ce959ab3b8adc155c57f64edc4e8e7013879bb888efe37a590fb
1001,DIS02167AB,2025-12-01,2610472096,3400826665,2026,3188907739,001,2025-11-30,2025-10-31,INR,SIS/0532/2025-26,RE,H,-43392.84,-43392.84,Pool Vehilce Driver Salary Oct-25,0016060001,,,2025-11-30,C005,37088,371,CI,C3,100,1,Ind/HUF - 1%-New Sec-393(1)6(i),INVOICE,CLEARED,TDS_EXISTS,N,TDS exists on invoice,1001|2026|2610472096,5dc9bed0ae8e46d8b3b33259b6e510dae568ec1995fa3b69e79c2059b361d3d5
1001,DIS02167AB,2025-09-15,2610353728,,2026,3185948660,001,2025-09-15,2025-07-31,INR,SIS/0266/2025-26,RE,H,-778691,-778691,CLMS-JULY-25,0016060001,,,2025-09-15,C005,665548.18,6656,,,,,,INVOICE,CLEARED,NO_TDS_FOUND,Y,Potential missed TDS candidate,1001|2026|2610353728,2c3d0fe752bf6514b4fb56a96c178ab949b76751cac73556c16c96a8dceb8d12
1001,DIS02167AB,2025-10-15,2610400283,,2026,3187366465,001,2025-10-15,2025-08-31,INR,SIS/0320/2025-26,RE,H,-7224,-7224,MACHINE RENTAL -AUG-25,0016060001,,,2025-10-15,C005,6174.5,62,,,,,,INVOICE,CLEARED,NO_TDS_FOUND,Y,Potential missed TDS candidate,1001|2026|2610400283,e7238372ad48efafe5dd012983f963bfe52c5dd80ec4c3d663b6c4e857e65cc2
1001,DIS02167AB,2026-03-30,2610652242,3400848757,2026,3192877600,001,2026-03-29,2026-02-28,INR,SIS/0887/2025-26,RE,H,-31578.2,-31578.2,ICV Detp Driver Salary Feb-26,0016060001,,,2026-03-29,C005,26990,270,,,,,,INVOICE,CLEARED,NO_TDS_FOUND,Y,Potential missed TDS candidate,1001|2026|2610652242,6a08c322cff580d071b0eb1e8da9142e1ff92747b48d8e54295e672fda340842
1001,DIS02167AB,2025-09-16,2610356829,6500008710,2026,3185949423,001,2025-09-15,2025-07-31,INR,SIS/0272/2025-26,RE,H,-880039.78,-880039.78,"Job based,Job Based,K Block 3 Shift CK01",0016060001,,,2025-09-15,C005,752171,7522,CI,C3,100,1,Ind/HUF - 1%-New Sec-393(1)6(i),INVOICE,CLEARED,TDS_EXISTS,N,TDS exists on invoice,1001|2026|2610356829,47834d1c18a5a92ffe70b8e15fea90b9140e4c6aa13a50c0cb7e477abc488c0c
1001,DIS02167AB,2025-09-18,2610359364,S05774,2026,2510606818,004,2025-09-17,2025-08-31,INR,SIS/0368/2025-26,KR,H,-50412.84,-50412.84,UTILITY OT CHG MONTH OF AUG -2025-Hire & service c,0016060001,,,2025-09-17,Z006,43088,431,,,,,,INVOICE,CLEARED,NO_TDS_FOUND,Y,Potential missed TDS candidate,1001|2026|2610359364,3432b797651391a1f023a71e2a3491b284ff16775a0adf18c78a2164147a770d
1001,DIS02167AB,2026-03-24,2610639567,,2026,3192670269,001,2026-03-24,2026-02-19,INR,SIS/0822/2025-26,RE,H,-88200,-88200,Leave with Wages bill - Jan 25 to Dec 25,0016060001,,,2026-03-24,Z006,75384.78,754,,,,,,INVOICE,CLEARED,NO_TDS_FOUND,Y,Potential missed TDS candidate,1001|2026|2610639567,9444dc0636dcd3bd7152686fbf9615c8fdc9fa322f507a2856912fd775069851
1001,DIS02167AB,2025-09-18,2610359364,,2026,2610359364,001,2025-09-18,2025-09-18,INR,,KZ,S,394344.14,394344.14,,0016060001,,,2025-09-18,,337173,0,,,,,,PAYMENT,CLEARED,NO_TDS_FOUND,N,Review Required,1001|2026|2610359364,3f98f96d30934f15b9deb455e6bcd1ae66a80784be4f2fbe5ce986349841d545
1001,DIS02167AB,2025-11-18,2610448691,3400810601,2026,3188411621,001,2025-11-17,2025-09-30,INR,SIS/0414/2025-26,RE,H,-7162,-7162,R & M Hsk M/C Sep'25,0016060001,,,2025-11-17,C005,6174.5,124,,,,,,INVOICE,CLEARED,NO_TDS_FOUND,Y,Potential missed TDS candidate,1001|2026|2610448691,e9964b056d907fde3f86518d8acdb0273dbbae6af8f8c439d12b096bb88c00da
1001,DIS02167AB,2026-01-13,2610534695,3400831800,2026,3190135447,001,2026-01-10,2025-11-30,INR,SIS/0610/2025-26,RE,H,-186439,-186439,CLMS-NOV-25,0016060001,,,2026-01-10,C005,159350,1594,,,,,,INVOICE,CLEARED,NO_TDS_FOUND,Y,Potential missed TDS candidate,1001|2026|2610534695,cbbb2a322284b3b7fa5134ecf9887441969ccd098dad548219d049e98c54691a
1001,DIS02167AB,2026-01-13,2610534695,3400831800,2026,3190135435,001,2026-01-10,2025-11-30,INR,SIS/0610/2025-26,RE,H,-1602304,-1602304,CLMS-NOV-25,0016060001,,,2026-01-10,C005,1369490.62,13695,,,,,,INVOICE,CLEARED,NO_TDS_FOUND,Y,Potential missed TDS candidate,1001|2026|2610534695,d2bab6cb22e5d33540915cd2a951706f38b85b8dcca1d350bebe7ba35308e720
1001,DIS02167AB,2026-03-05,2610609329,S05774,2026,2511150172,004,2026-03-04,2026-01-31,INR,SIS/0792/2025-26,KR,H,-27781.1,-27781.1,MT ACCOUNTS STAFF SALARY  JAN - 26-Hire & service,0016060001,,,2026-03-04,Z006,23745,238,,,,,,INVOICE,CLEARED,NO_TDS_FOUND,Y,Potential missed TDS candidate,1001|2026|2610609329,97dba1ca5a26f1d5ec156b5bc9a97cb31d004c1ad0fd5c7e9d435df9dcfafa42
1001,DIS02167AB,2026-03-27,2610641752,S05774,2026,2511214485,004,2026-03-25,2026-02-28,INR,SIS/0889/2025-26,KR,H,-1585737.76,-1585737.76,HSK MANPOWER CHARGES FEB -26-Hire & service charge,0016060001,,,2026-03-25,Z006,1355332,13554,,,,,,INVOICE,CLEARED,NO_TDS_FOUND,Y,Potential missed TDS candidate,1001|2026|2610641752,b1466b35b845451c8db7a2bf12ffd575f1a49f81f58c59f406cb82c86adb806f
1001,DIS02167AB,2026-02-17,2610582696,3400838336,2026,3191395667,001,2026-02-16,2025-12-31,INR,SIS/0679/2025-26,RE,H,-782100,-782100,CLMS-DEC-25,0016060001,,,2026-02-16,C005,668461.84,6685,,,,,,INVOICE,CLEARED,NO_TDS_FOUND,Y,Potential missed TDS candidate,1001|2026|2610582696,812e3c4b7afd732b8e653a5f78c2cbe3f34ecd3e28072b075f0e8deb96678e8f
1001,DIS02167AB,2025-09-15,2610353728,,2026,3185948667,001,2025-09-15,2025-07-31,INR,SIS/0266/2025-26,RE,H,-222054,-222054,CLMS-JULY-25,0016060001,,,2025-09-15,C005,189789.8,1898,,,,,,INVOICE,CLEARED,NO_TDS_FOUND,Y,Potential missed TDS candidate,1001|2026|2610353728,4732c65b985f6b27aab6eb3adef2f82d6fcbbb00a8b59cbc71c458134edc066a
1001,DIS02167AB,2025-08-08,2610300834,3400804668,2026,3184643376,001,2025-08-05,2025-06-30,INR,SIS/0205/2025-26,RE,H,-47317.74,-47317.74,MANPOWER CHARGES FOR JUNE25,0016060001,,,2025-08-05,C005,40443,405,CI,C3,100,1,Ind/HUF - 1%-New Sec-393(1)6(i),INVOICE,CLEARED,TDS_EXISTS,N,TDS exists on invoice,1001|2026|2610300834,8a05a2089a9a4337cdc71300c58b4ca5c012dbc55b97f7d5c535c49aa5a9afb0
1001,DIS02167AB,2026-01-13,2610534695,6500010234,2026,3190135305,001,2026-01-10,2025-11-30,INR,SIS/0612/2025-26,RE,H,-154820.68,-154820.68,CLMS-NOV-25,0016060001,,,2026-01-10,C005,132326,1324,CI,C3,100,1,Ind/HUF - 1%-New Sec-393(1)6(i),INVOICE,CLEARED,TDS_EXISTS,N,TDS exists on invoice,1001|2026|2610534695,90cf504cfe940965eebd292d3f4ce0ee56abb2cb9c87d6d1cec5125c28bd605a
1001,DIS02167AB,2026-03-23,2610636779,S05774,2026,2511201397,004,2026-03-20,2025-11-30,INR,SIS/0626/2025-26,KR,H,-1810.64,-1810.64,MANPOWER OT CHARGES-Hire & service charges,0016060001,,,2026-03-20,Z006,1548,16,,,,,,INVOICE,CLEARED,NO_TDS_FOUND,Y,Potential missed TDS candidate,1001|2026|2610636779,c6e8f615322d46fe7ca3e5665b879aecc9cc1782052875ff18d606e0d34b6d0a
1001,DIS02167AB,2025-10-15,2610399431,,2026,2610399431,001,2025-10-15,2025-10-15,INR,,KZ,S,1527217.24,1527217.24,,0016060001,,,2025-10-15,,1305318,0,,,,,,PAYMENT,CLEARED,NO_TDS_FOUND,N,Review Required,1001|2026|2610399431,eb26255445d6503968f925692a231cbbe19ada44acd92d11afc6b5d10a91ee39
1001,DIS02167AB,2026-01-13,2610534695,,2026,2610534695,001,2026-01-13,2026-01-13,INR,,KZ,S,4309588.42,4309588.42,,0016060001,,,2026-01-13,,3683412.72,0,,,,,,PAYMENT,CLEARED,NO_TDS_FOUND,N,Review Required,1001|2026|2610534695,23842c02d23eda74ee3dfa20b1331daa23e1d6426160fb47b0e76b60e881cb2b
1001,DIS02167AB,2025-08-12,2610306875,3400804049,2026,3184836676,001,2025-08-11,2025-06-30,INR,SIS/0213/2025-26,RE,H,-19730.52,-19730.52,CLMS-JUNE-25,0016060001,,,2025-08-11,C005,16864,169,CI,C3,100,1,Ind/HUF - 1%-New Sec-393(1)6(i),INVOICE,CLEARED,TDS_EXISTS,N,TDS exists on invoice,1001|2026|2610306875,090afa35f2b69966a8569050628a8ab97d26830eaffa9a14b909733b5037f7e4
1001,DIS02167AB,2025-12-31,2610516245,3400826663,2026,3189642954,001,2025-12-22,2025-11-30,INR,SIS/0583/2025-26,RE,H,-58116,-58116,EV08-NOV-25 General cleaning services,0016060001,,,2025-12-22,C005,50100,1002,II,I5,100,2,Plt/Mach/Eqpt Ind/HUF/Firm2%NS393(1)2(i),INVOICE,CLEARED,TDS_EXISTS,N,TDS exists on invoice,1001|2026|2610516245,24353b0f7c27e5b6d6552ea04c6fc3c83d7a6d9f518f8beb7124fd179a85ec66
1001,DIS02167AB,2026-01-12,2610530517,6500010694,2026,3189842458,001,2025-12-29,2025-11-17,INR,SIS/0567/2025-26,RE,H,-45571,-45571,"Job based,Service Charges",0016060001,,,2025-12-29,C005,38950,390,CI,C3,100,1,Ind/HUF - 1%-New Sec-393(1)6(i),INVOICE,CLEARED,TDS_EXISTS,N,TDS exists on invoice,1001|2026|2610530517,89d1ae10761176affee2f0ca54ff36ddce12d61ae4d28af94748a9096c16d342
1001,DIS02167AB,2025-12-25,2610508236,3400830983,2026,3189674444,001,2025-12-23,2025-11-30,INR,SIS/0616/2025-26,RE,H,-201204,-201204,Oth Employment & labour supply services,0016060001,,,2025-12-23,Z006,171969.4,1720,,,,,,INVOICE,CLEARED,NO_TDS_FOUND,Y,Potential missed TDS candidate,1001|2026|2610508236,418804a5ce18bd5e685a1a923e8148cf9832b83e49344a054ef6f32df6852730
1001,DIS02167AB,2025-10-31,2610423766,,2026,2610423766,001,2025-10-31,2025-10-31,INR,,KZ,S,394075.06,394075.06,,0016060001,,,2025-10-31,,336817,0,,,,,,PAYMENT,CLEARED,NO_TDS_FOUND,N,Review Required,1001|2026|2610423766,33fc31dd5da0a956aa8002ff3905a569ca7d551c2cebd21fa81327b113c28ca3
1001,DIS02167AB,2025-12-30,2610513386,,2026,2610513386,001,2025-12-30,2025-12-30,INR,,KZ,S,1530227.84,1530227.84,,0016060001,,,2025-12-30,,1307888,0,,,,,,PAYMENT,CLEARED,NO_TDS_FOUND,N,Review Required,1001|2026|2610513386,2cd7ebb3f0330cd63f305e60563f6dc331523b6186b099d395bad82f9faf1737
1001,DIS02167AB,2026-03-27,2610642011,3400826398,2026,3192708702,001,2026-03-25,2025-09-30,INR,SIS/0477/2025-26,RE,H,-77924,-77924,OT-SEPT-25,0016060001,,,2026-03-25,C005,66602.46,667,,,,,,INVOICE,CLEARED,NO_TDS_FOUND,Y,Potential missed TDS candidate,1001|2026|2610642011,84e7d83972780e62ff546d42ffd8f71f4bc54760c67fda0fc5b520ac2a3a1577
1001,DIS02167AB,2026-02-10,2610575596,3400839283,2026,3191045571,001,2026-02-06,2025-12-31,INR,SIS/0664/2025-26,RE,H,-58248.3,-58248.3,MT-VE-DEC-25,0016060001,,,2026-02-06,C005,49785,498,CI,C3,100,1,Ind/HUF - 1%-New Sec-393(1)6(i),INVOICE,CLEARED,TDS_EXISTS,N,TDS exists on invoice,1001|2026|2610575596,cb074c5352c25e8ab6264a276ec1a73f77a0a5763e4d7dbf30c1626446cedd0e
1001,DIS02167AB,2025-09-15,2610353296,3400809152,2026,3185777163,001,2025-09-10,2025-06-30,INR,SIS/0216/2025-26,RE,H,-23658.96,-23658.96,MANPOWER CHARGES FOR JUNE25,0016060001,,,2025-09-10,C005,20222,0,CI,C3,100,1,Ind/HUF - 1%-New Sec-393(1)6(i),INVOICE,CLEARED,TDS_EXISTS,N,TDS exists on invoice,1001|2026|2610353296,88bb0e017405a9753e0f6bba6c7e6fe645ad955b5a319c8c69ef237419828b54
1001,DIS02167AB,2026-03-30,2610652242,3400848749,2026,3192877543,001,2026-03-29,2026-02-28,INR,SIS/0895/2025-26,RE,H,-686.66,-686.66,VE HSK OT Salary Feb -26,0016060001,,,2026-03-29,C005,587,6,,,,,,INVOICE,CLEARED,NO_TDS_FOUND,Y,Potential missed TDS candidate,1001|2026|2610652242,fad4415bcf14c7c656f4241bf4343af2aa21809f2ec7219ce5c7cbaf6ddbe994
1001,DIS02167AB,2026-02-27,2610600516,3400838539,2026,3191718229,001,2026-02-25,2025-12-31,INR,SIS/0713/2025-26,RE,H,-2080.04,-2080.04,VE HSK OT Salary Dec -25,0016060001,,,2026-02-25,C005,1778,18,,,,,,INVOICE,CLEARED,NO_TDS_FOUND,Y,Potential missed TDS candidate,1001|2026|2610600516,d5115e5c9b1ebd2a17f2b75388dfa676251f18d9fb66d542a080557c7b7be0e5
1001,DIS02167AB,2026-01-30,2610555961,3400837613,2026,3190688145,001,2026-01-27,2025-12-31,INR,SIS/0686/2025-26,RE,H,-593218.5,-593218.5,General cleaning services-DEC-25,0016060001,,,2026-01-27,C005,507025,5071,CI,C3,100,1,Ind/HUF - 1%-New Sec-393(1)6(i),INVOICE,CLEARED,TDS_EXISTS,N,TDS exists on invoice,1001|2026|2610555961,f5eee61991c04f9817e7bed17e2725b746d9628d9c568a10db49acbdbbe2e062
1001,DIS02167AB,2026-03-05,2610609329,S05774,2026,2511150087,004,2026-03-04,2026-01-31,INR,SIS/0798/2025-26,KR,H,-10879.82,-10879.82,MT UTILITY OT CHARGES JAN - 26-Hire & service char,0016060001,,,2026-03-04,Z006,9299,93,,,,,,INVOICE,CLEARED,NO_TDS_FOUND,Y,Potential missed TDS candidate,1001|2026|2610609329,8ae291504521bc1ebbd7ae87ca401d0305523e048aa7910fdc7676b28a7cb143
1001,DIS02167AB,2026-03-10,1071437053,3400845441,2026,3192173130,001,2026-03-10,2026-01-31,INR,SIS/0772/2025-26,RE,H,-1130871,-1130871,CLMS-JAN-26,0016060001,,,2026-03-10,C005,974888.98,19498,,,,,,INVOICE,CLEARED,NO_TDS_FOUND,Y,Potential missed TDS candidate,1001|2026|1071437053,91d4bc4a2c954acb3bc7457dc8af94251a11d033a53c21769d4e9b7181c67d5a
1001,DIS02167AB,2026-01-02,2610520911,3400822978,2026,3189860637,001,2025-12-31,2025-10-16,INR,SIS/0490/2025-26,RE,H,-17817.22,-17817.22,BONUS FORTHE YEAR 2024.25,0016060001,,,2025-12-31,C005,15229,153,CI,C3,100,1,Ind/HUF - 1%-New Sec-393(1)6(i),INVOICE,CLEARED,TDS_EXISTS,N,TDS exists on invoice,1001|2026|2610520911,59da7c2e952666507f005a312ffa002a2885b3b77ed3ceee44c3d5118379efcb
1001,DIS02167AB,2026-02-02,2610561882,S05774,2026,2511022112,004,2026-01-30,2025-12-31,INR,SIS/0704/2025-26,KR,H,-285868.94,-285868.94,UTILITY MANPOWER SALARY DEC -25-Hire & service cha,0016060001,,,2026-01-30,Z006,244333,2444,,,,,,INVOICE,CLEARED,NO_TDS_FOUND,Y,Potential missed TDS candidate,1001|2026|2610561882,d1b64828f06bb355f3ae6b48657302b0833d562a5f0878778b0d37d29dae3a30
1001,DIS02167AB,2026-03-13,2610623269,3400843146,2026,3192255923,001,2026-03-12,2026-01-31,INR,SIS/0802/2025-26,RE,H,-2627.28,-2627.28,MANPOWER CHARGES FOR JAN26,0016060001,,,2026-03-12,C005,2246,23,,,,,,INVOICE,CLEARED,NO_TDS_FOUND,Y,Potential missed TDS candidate,1001|2026|2610623269,1d072b3cbd2843f751d9ceebfc470c041ddb9affd4ae88d818652c77571d8b1f
1001,DIS02167AB,2025-11-28,2610466636,,2026,3188823748,001,2025-11-28,2025-09-30,INR,SIS/0444/2025-26,RE,H,-1641063,-1641063,CLMS-SEPT-25,0016060001,,,2025-11-28,C005,1402618.58,14027,,,,,,INVOICE,CLEARED,NO_TDS_FOUND,Y,Potential missed TDS candidate,1001|2026|2610466636,4d36eefbb2c8012f8d7effa9af5773810c009ac07c99dc68125fec30e7830f5d
1001,DIS02167AB,2025-11-28,2610466636,3400824757,2026,3188823731,001,2025-11-28,2025-09-30,INR,SIS/0445/2025-26,RE,H,-23610.4,-23610.4,CLMS-SEPT-25,0016060001,,,2025-11-28,C005,20180,202,CI,C3,100,1,Ind/HUF - 1%-New Sec-393(1)6(i),INVOICE,CLEARED,TDS_EXISTS,N,TDS exists on invoice,1001|2026|2610466636,c40f3dd33d46b880f25bad416018a7046c1c84bd8dc765262f06fe6989737583
1001,DIS02167AB,2026-03-20,2610630516,3400846808,2026,3192475601,001,2026-03-18,2026-01-31,INR,SIS/0790/2025-26,RE,H,-58339.34,-58339.34,MT-VE-Manpower-JAN-26,0016060001,,,2026-03-18,C005,49863,499,,,,,,INVOICE,CLEARED,NO_TDS_FOUND,Y,Potential missed TDS candidate,1001|2026|2610630516,95594d475a2ef9a9d9350c3632ecc98ad39e4bf67d165d5bbd5021b76dc04705
1001,DIS02167AB,2026-03-27,2610641752,,2026,2610641752,001,2026-03-27,2026-03-27,INR,,KZ,S,2107901.86,2107901.86,,0016060001,,,2026-03-27,,1801627,0,,,,,,PAYMENT,CLEARED,NO_TDS_FOUND,N,Review Required,1001|2026|2610641752,6756d0f5767e7baf5129fe201c4ae05edc279acc869aca8a289f7c49b997b1f1
1001,DIS02167AB,2025-12-05,2610477122,,2026,2610477122,001,2025-12-05,2025-12-05,INR,,KZ,S,361233.82,361233.82,,0016060001,,,2025-12-05,,308749,0,,,,,,PAYMENT,CLEARED,NO_TDS_FOUND,N,Review Required,1001|2026|2610477122,071eea2c57d2f5877f888b41f8bfcf46a81302221d4677f62a5678888e61cf39
1001,DIS02167AB,2026-02-27,2610603200,3400837613,2026,3191802207,001,2026-02-27,2026-01-31,INR,SIS/0776/2025-26,RE,H,-92313,-92313,EV08-JAN-26,0016060001,,,2026-02-27,C005,78900,789,,,,,,INVOICE,CLEARED,NO_TDS_FOUND,Y,Potential missed TDS candidate,1001|2026|2610603200,ece1e7d2b58372745d699f00ae30ffac53547a1553d542b428d0b0e487ed18ab
1001,DIS02167AB,2026-02-27,2610600516,3400838539,2026,3191718222,001,2026-02-25,2025-12-31,INR,SIS/0712/2025-26,RE,H,-2070.6,-2070.6,VE Uitility Manpower OT Chg Dec -25,0016060001,,,2026-02-25,C005,1770,18,,,,,,INVOICE,CLEARED,NO_TDS_FOUND,Y,Potential missed TDS candidate,1001|2026|2610600516,dfba0f265b3c2cec0b4529c082c4b2c288cd8010323924316c0f2177b7463b4d
1001,DIS02167AB,2025-09-12,2610352267,,2026,2610352267,001,2025-09-12,2025-09-12,INR,,KZ,H,-23658.96,-23658.96,,0016060001,,,2025-09-12,,20222,0,,,,,,OTHER,CLEARED,NO_TDS_FOUND,N,Review Required,1001|2026|2610352267,8a40ce5e2c34d2b1b6b5ebcb9d776ba073614a920795a1d76db1e5c33c1c8158
1001,DIS02167AB,2025-12-30,2610513386,6500011469,2026,3189766777,001,2025-12-26,2025-12-22,INR,SIS/0646/2025-26,RE,H,-382556.96,-382556.96,"Job based,Job Based,K Block 2 Shift CK01",0016060001,,,2025-12-26,C005,326972,3270,CI,C3,100,1,Ind/HUF - 1%-New Sec-393(1)6(i),INVOICE,CLEARED,TDS_EXISTS,N,TDS exists on invoice,1001|2026|2610513386,2341e8575d5652e6636a6e89723619340ad88c4ef8be1ddbf095c4403b25ddb0
1001,DIS02167AB,2025-11-07,2610431960,3400821525,2026,3188011886,001,2025-11-06,2025-09-30,INR,SIS/0470/2025-26,RE,H,-45328.74,-45328.74,IMANPOWER CHARGES FOR SEP 25,0016060001,,,2025-11-06,C005,38743,388,CI,C3,100,1,Ind/HUF - 1%-New Sec-393(1)6(i),INVOICE,CLEARED,TDS_EXISTS,N,TDS exists on invoice,1001|2026|2610431960,ca8d104bf128cb20510fbdcee7bca2674385cca771aba3fa0ee1fff5bc0e1630
1001,DIS02167AB,2026-01-27,1066850370,,2026,3190688159,001,2026-01-27,2025-12-31,INR,SIS/0661/2025-26,RE,H,-58617,-58617,General cleaning services-Dec-25,0016060001,,,2026-01-27,C005,50100,501,CI,C3,100,1,Ind/HUF - 1%-New Sec-393(1)6(i),INVOICE,CLEARED,TDS_EXISTS,N,TDS exists on invoice,1001|2026|1066850370,e73631c0035ad4320c9137c8f9c3fcfd3dbe1ef8b4c7e12a0c2aedd51a96cd45
1001,DIS02167AB,2025-11-28,2610466636,3400824757,2026,3188823743,001,2025-11-28,2025-09-30,INR,SIS/0443/2025-26,RE,H,-17942,-17942,CLMS-SEPT-25,0016060001,,,2025-11-28,C005,15335.52,154,,,,,,INVOICE,CLEARED,NO_TDS_FOUND,Y,Potential missed TDS candidate,1001|2026|2610466636,a9346572d42ad2a50b56fafc2f777d03eb86dc039983fcfe4f47be46cc67ab3a
1001,DIS02167AB,2026-02-27,2610601502,,2026,2610601502,001,2026-02-27,2026-02-27,INR,,KZ,S,626361,626361,,0016060001,,,2026-02-27,,535779.6,0,,,,,,PAYMENT,CLEARED,NO_TDS_FOUND,N,Review Required,1001|2026|2610601502,58d4f28d12dae5b204a4a97d4eec907c43ee4e9f9427a9eec951cf4923b9a74c
1001,DIS02167AB,2026-03-13,2610623269,3400844512,2026,3192255202,001,2026-03-12,2026-01-28,INR,SIS/0737/2025-26,RE,H,-199578.4,-199578.4,Leave With Wages HSK Year 2025,0016060001,,,2026-03-12,C005,170580,1706,,,,,,INVOICE,CLEARED,NO_TDS_FOUND,Y,Potential missed TDS candidate,1001|2026|2610623269,7c5ae6df18eb1dc20a501b4da713bcd70a4fa3d091366fabf8e84e3cb0e613db
1001,DIS02167AB,2026-03-05,2610609329,S05774,2026,2511150198,004,2026-03-04,2026-01-31,INR,SIS/0793/2025-26,KR,H,-23150.66,-23150.66,MT IT STAFF SALARY  JAN - 26-Hire & service charge,0016060001,,,2026-03-04,Z006,19787,198,,,,,,INVOICE,CLEARED,NO_TDS_FOUND,Y,Potential missed TDS candidate,1001|2026|2610609329,17472c8d1b667789cb55488e95e29191cded81e9a7045d42eb2ae0a1858b5658
1001,DIS02167AB,2025-08-28,2610326021,S05774,2026,2510538373,004,2025-08-26,2025-07-31,INR,SIS/0285/2025-26,KR,H,-17081.68,-17081.68, HSK MACHINERY RENTAL CHG MONTH OF JULY-25-Hire &,0016060001,,,2025-08-26,Z006,14726,295,,,,,,INVOICE,CLEARED,NO_TDS_FOUND,Y,Potential missed TDS candidate,1001|2026|2610326021,9be3a368ebaf9b726117b23f2d27df8b6644cffc5ed985c6ff8290f995c6cc31
1001,DIS02167AB,2025-10-01,2610382349,S05774,2026,2510644705,004,2025-10-01,2025-08-31,INR,SIS/0363/2025-26,KR,H,-178828.1,-178828.1,POOL VEHICLE DRIVER  CHG MONTH OF AUG -2025-Hire &,0016060001,,,2025-10-01,Z006,152845,1529,,,,,,INVOICE,CLEARED,NO_TDS_FOUND,Y,Potential missed TDS candidate,1001|2026|2610382349,cbe5e253dc7ad0bad2b9e2603235d09bf6ed6c512ba6d732a0356ead70fa8b8a
1001,DIS02167AB,2025-07-29,2610283823,3400804049,2026,3184380348,001,2025-07-28,2025-04-30,INR,SIS/0077/2025-26,RE,H,-25520,-25520,Machine Rental-Apr-25,0016060001,,,2025-07-28,C005,22000,440,II,I5,100,2,Plt/Mach/Eqpt Ind/HUF/Firm2%NS393(1)2(i),INVOICE,CLEARED,TDS_EXISTS,N,TDS exists on invoice,1001|2026|2610283823,c2e56517d9ebd6a2cbd441ecaa19610e858494b8578f017aad8474afd83dd738
1001,DIS02167AB,2026-02-27,2610600516,3400838779,2026,3191718275,001,2026-02-25,2025-12-31,INR,SIS/0665/2025-26,RE,H,-31269.86,-31269.86,ICV Detp Driver Salary Dec-25,0016060001,,,2026-02-25,C005,26727,268,,,,,,INVOICE,CLEARED,NO_TDS_FOUND,Y,Potential missed TDS candidate,1001|2026|2610600516,511c48f06aa2753e5690e8a74eac40688481bdf1ab03b1a097448771294cee14
1001,DIS02167AB,2026-03-10,1071437053,3400845441,2026,3192173135,001,2026-03-10,2026-01-31,INR,SIS/0772/2025-26,RE,S,1130871,1130871,CLMS-JAN-26,0016060001,,,2026-03-10,C005,974888.98,19498,,,,,,OTHER,CLEARED,NO_TDS_FOUND,Y,Potential missed TDS candidate,1001|2026|1071437053,3bba681e8860ec447c6126c6475aeccfc7bffc1102a91d7fc42a531829599506
1001,DIS02167AB,2025-10-10,2610394536,3400817121,2026,3187123590,001,2025-10-08,2025-08-31,INR,SIS/0372/2025-26,RE,H,-32970.4,-32970.4,MANPOWER CHARGES FOR AUGUST 2025,0016060001,,,2025-10-08,C005,28180,282,CI,C3,100,1,Ind/HUF - 1%-New Sec-393(1)6(i),INVOICE,CLEARED,TDS_EXISTS,N,TDS exists on invoice,1001|2026|2610394536,73ef36caf75faeffc95ba4e4cd76f6b2003d20c3e6a9c68718c57725f31f92a2
1001,DIS02167AB,2026-03-27,2610643032,S05774,2026,2511220125,004,2026-03-26,2026-02-28,INR,SIS/0837/2025-26,KR,H,-17228.68,-17228.68, HSK MACHINERY RENTAL CHG MONTH OF FEB-26-Hire & s,0016060001,,,2026-03-26,Z006,14726,148,,,,,,INVOICE,CLEARED,NO_TDS_FOUND,Y,Potential missed TDS candidate,1001|2026|2610643032,fd5c3f595563bcbca0ff923b658ddbfcca1a106b2e9d325ba6403112ce86f4d6
1001,DIS02167AB,2025-09-19,2610362368,3400814228,2026,3185995706,001,2025-09-17,2025-08-31,INR,SIS/0337/2025-26,RE,H,-199467,-199467,"Bill for the month Aug 25, Security Guards with Le",0016060001,,,2025-09-17,Z006,170484.88,1705,,,,,,INVOICE,CLEARED,NO_TDS_FOUND,Y,Potential missed TDS candidate,1001|2026|2610362368,0d5be1120c12847a416c63d4b41e4b90027f88f675ed2325f10875de1f9866b2
1001,DIS02167AB,2026-03-13,2610623269,3400843146,2026,3192255880,001,2026-03-12,2026-01-31,INR,SIS/0796/2025-26,RE,H,-50584.3,-50584.3,MANPOWER CHARGES FOR JAN26,0016060001,,,2026-03-12,C005,43235,433,,,,,,INVOICE,CLEARED,NO_TDS_FOUND,Y,Potential missed TDS candidate,1001|2026|2610623269,d3b325ffb55e3753ff6f4a2b2aba3c92e3ab0ba38fc514222659e0121951357d
1001,DIS02167AB,2025-11-11,2610440419,,2026,2610440419,001,2025-11-11,2025-11-11,INR,,KZ,S,50254.54,50254.54,,0016060001,,,2025-11-11,,42953,0,,,,,,PAYMENT,CLEARED,NO_TDS_FOUND,N,Review Required,1001|2026|2610440419,cf51e79aaee58e38f6ce841911dc1843de9e1a48be4f28280da3a59d2b562371
1001,DIS02167AB,2025-10-10,2610394536,3400810601,2026,3187103668,001,2025-10-08,2025-06-30,INR,SIS/0233/2025-26,RE,H,-681,-681,OT - JUN-25,0016060001,,,2025-10-08,C005,582.06,6,,,,,,INVOICE,CLEARED,NO_TDS_FOUND,Y,Potential missed TDS candidate,1001|2026|2610394536,b739bb1904d4343c3cde3ccd5faf18f7799fc8600ea22243077af22b1edb4941
1001,DIS02167AB,2025-12-10,2610482088,3400826663,2026,3188988898,001,2025-12-03,2025-10-31,INR,SIS/0513/2025-26,RE,H,-58116,-58116,EV08-General cleaning services,0016060001,,,2025-12-03,C005,50100,1002,II,I5,100,2,Plt/Mach/Eqpt Ind/HUF/Firm2%NS393(1)2(i),INVOICE,CLEARED,TDS_EXISTS,N,TDS exists on invoice,1001|2026|2610482088,48c74864d06bccf706fb6fd1c5792d2c4fb60acc38979c263b26161a82796a5c
1001,DIS02167AB,2026-02-10,2610575596,,2026,2610575596,001,2026-02-10,2026-02-10,INR,,KZ,S,1465921.68,1465921.68,,0016060001,,,2026-02-10,,1252926,0,,,,,,PAYMENT,CLEARED,NO_TDS_FOUND,N,Review Required,1001|2026|2610575596,89aa8d4786bdae4eb6de976e9ecc60b06076ef90922f8abab2370a5a37199b1f
1001,DIS02167AB,2026-01-13,2610534695,3400831800,2026,3190135315,001,2026-01-10,2025-11-30,INR,SIS/0611/2025-26,RE,H,-23571.46,-23571.46,CLMS-NOV-25,0016060001,,,2026-01-10,C005,20147,202,CI,C3,100,1,Ind/HUF - 1%-New Sec-393(1)6(i),INVOICE,CLEARED,TDS_EXISTS,N,TDS exists on invoice,1001|2026|2610534695,1d76b24603f89a5d0107ba3f6ef6665a0100630789e7ee1804be2edbae0b9b6b
1001,DIS02167AB,2025-10-10,2610394536,3400805855,2026,3187103638,001,2025-10-08,2025-06-10,INR,SIS/0147/2025-26,RE,H,-20332.04,-20332.04,OT - MAY-25,0016060001,,,2025-10-08,C005,17378,174,CI,C3,100,1,Ind/HUF - 1%-New Sec-393(1)6(i),INVOICE,CLEARED,TDS_EXISTS,N,TDS exists on invoice,1001|2026|2610394536,b85dc6d13aa32c371dc0c33cbf421250c6e758a555cdf47dd963c0b100e4d8ad
1001,DIS02167AB,2025-10-15,2610400283,,2026,3187366417,001,2025-10-15,2025-08-31,INR,SIS/0353/2025-26,RE,H,-17472.12,-17472.12,CLMS-AUG-25,0016060001,,,2025-10-15,C005,14934,150,CI,C3,100,1,Ind/HUF - 1%-New Sec-393(1)6(i),INVOICE,CLEARED,TDS_EXISTS,N,TDS exists on invoice,1001|2026|2610400283,cfecbafa3b70328c06b859e291faf7d1105d2ab57a00c9427443308d606c9a99
1001,DIS02167AB,2025-10-15,2610400283,,2026,3187366516,001,2025-10-15,2025-08-31,INR,SIS/0350/2025-26,RE,H,-71410,-71410,CLMS-AUG-25,0016060001,,,2025-10-15,C005,61034.7,611,,,,,,INVOICE,CLEARED,NO_TDS_FOUND,Y,Potential missed TDS candidate,1001|2026|2610400283,b36f9d5e60eac9d7b3c8e73742edf8b1ed6c0945e061715e655bf73d4ec86576
1001,DIS02167AB,2026-03-20,2610630516,3400829964,2026,3192474542,001,2026-03-18,2025-10-31,INR,SIS/0538/2025-26,RE,H,-25300.5,-25300.5,OT-OCT-25,0016060001,,,2026-03-18,C005,21625,217,,,,,,INVOICE,CLEARED,NO_TDS_FOUND,Y,Potential missed TDS candidate,1001|2026|2610630516,502722afba5c102eabff8ded89a4bc442dfd45e917c70028589cdb881d784139
1001,DIS02167AB,2025-10-10,2610394536,3400817121,2026,3187123436,001,2025-10-08,2025-08-31,INR,SIS/0370/2025-26,RE,H,-357813.32,-357813.32,MANPOWER CHARGES FOR AUGUST 2025,0016060001,,,2025-10-08,C005,305824,3059,CI,C3,100,1,Ind/HUF - 1%-New Sec-393(1)6(i),INVOICE,CLEARED,TDS_EXISTS,N,TDS exists on invoice,1001|2026|2610394536,b5bd944224cdda223418549273d6d1a5ceace4c6a0b7dcf91d1c79b8b45ba0ab
1001,DIS02167AB,2025-09-02,2610334718,3400807015,2026,3185437489,001,2025-08-30,2025-06-30,INR,SIS/0220/2025-26,RE,H,-31269.86,-31269.86,"MANPOWER CHARGES FORTHE
MONTH OF JUNE 2025",0016060001,,,2025-08-30,C005,26727,268,CI,C3,100,1,Ind/HUF - 1%-New Sec-393(1)6(i),INVOICE,CLEARED,TDS_EXISTS,N,TDS exists on invoice,1001|2026|2610334718,bfd71f3f1d96f98ba3cd37662e85705b57371257bf83099a6d1a3a855947650f