Company_Code,Vendor_Code,Vendor_Name,PAN,Person_Code,Bill_Date,Bill_No,PO_Number,GL,GL_Description,Description,Bill_Amount,Basic_Amount,Posting_Date,Document_Type,Document_No,TDS_Section_Code,TDS_Section,TDS_Rate,TDS_Amount
1001,D0002G,Larsen & Toubro Ltd,LARCD7595X,8779657,4/1/2026,INV/2026/00001,,16290053,COMP-393(1)8(ii),194Q payment - Larsen & Toubro Ltd,2922581.17,2476763.7,4/5/2026,KR,2510000001,LP,Purc of Good-0.1%PMTCOM-PNS393(1)8(ii),0,0.0
1001,D0002G,Larsen & Toubro Ltd,LARCD7595X,24070835,4/1/2026,INV/2026/00002,,16290053,COMP-393(1)8(ii),194Q payment - Larsen & Toubro Ltd,3366413.62,2852892.9,4/6/2026,KA,2310000002,LP,Purc of Good-0.1%PMTCOM-PNS393(1)8(ii),0,0.0
1001,D0002G,Larsen & Toubro Ltd,LARCD7595X,5316571,4/1/2026,INV/2026/00003,3400000003,50258000,Purch Offset Account,194Q payment - Larsen & Toubro Ltd,2893275.42,2451928.32,4/7/2026,KR,2510000003,LP,Purc of Good-0.1%PMTCOM-PNS393(1)8(ii),0,0.0
1079,D0005E,Blue Star Ltd,BLUCD2478R,24945511,4/1/2026,INV/2026/00004,3400000004,16290053,COMP-393(1)8(ii),194Q payment - Blue Star Ltd,3237000.51,2743220.77,4/5/2026,KA,2310000004,LP,Purc of Good-0.1%PMTCOM-PNS393(1)8(ii),0.1,-2743.22
1079,D0005E,Blue Star Ltd,BLUCD2478R,15921544,4/6/2026,INV/2026/00005,,16290053,COMP-393(1)8(ii),194Q payment - Blue Star Ltd,2424548.01,2054701.7,4/6/2026,KA,2310000005,LP,Purc of Good-0.1%PMTCOM-PNS393(1)8(ii),0.1,-2054.7
1079,D0005E,Blue Star Ltd,BLUCD2478R,20005183,4/1/2026,INV/2026/00006,3400000006,16290053,COMP-393(1)8(ii),194Q payment - Blue Star Ltd,2648289.72,2244313.32,4/7/2026,KA,2310000006,LP,Purc of Good-0.1%PMTCOM-PNS393(1)8(ii),0.1,-2244.31
1081,D0010E,Kirloskar Brothers Ltd,KIRCD7366R,10146804,4/1/2026,INV/2026/00007,3400000007,16290053,COMP-393(1)8(ii),194Q payment - Kirloskar Brothers Ltd,3417272.75,2895993.86,4/5/2026,KR,2510000007,LP,Purc of Good-0.1%PMTCOM-PNS393(1)8(ii),0.1,-2895.99
1081,D0010E,Kirloskar Brothers Ltd,KIRCD7366R,9396540,4/1/2026,INV/2026/00008,,50258000,Purch Offset Account,194Q payment - Kirloskar Brothers Ltd,2508749.14,2126058.59,4/6/2026,KR,2510000008,LP,Purc of Good-0.1%PMTCOM-PNS393(1)8(ii),0.1,-2126.06
1081,D0010E,Kirloskar Brothers Ltd,KIRCD7366R,14331801,4/1/2026,INV/2026/00009,,50258000,Purch Offset Account,194Q payment - Kirloskar Brothers Ltd,3050322.37,2585018.96,4/7/2026,KA,2310000009,LP,Purc of Good-0.1%PMTCOM-PNS393(1)8(ii),0.1,-2585.02
1001,D0011H,Voltas Ltd,VOLCD7228J,2302305,4/1/2026,INV/2026/00010,,16290054,OTH-393(1)8(ii),194Q payment - Voltas Ltd,2363797.49,2003218.21,4/5/2026,KR,2510000010,LP,Purc of Good-0.1%PMTCOM-PNS393(1)8(ii),0.1,-2003.22
1001,D0011H,Voltas Ltd,VOLCD7228J,14102591,4/1/2026,INV/2026/00011,3400000011,16290053,COMP-393(1)8(ii),194Q payment - Voltas Ltd,3119686.37,2643802.01,4/6/2026,KA,2310000011,LP,Purc of Good-0.1%PMTCOM-PNS393(1)8(ii),0.1,-2643.8
1001,D0011H,Voltas Ltd,VOLCD7228J,13943665,4/1/2026,INV/2026/00012,3400000012,16290053,COMP-393(1)8(ii),194Q payment - Voltas Ltd,3172087.85,2688210.04,4/7/2026,KA,2310000012,LP,Purc of Good-0.1%PMTCOM-PNS393(1)8(ii),0.1,-2688.21
1079,D0012E,Godrej & Boyce Mfg Co Ltd,GODCD8938D,14602861,4/1/2026,INV/2026/00013,3400000013,50258000,Purch Offset Account,194Q payment - Godrej & Boyce Mfg Co Ltd,2975101.66,2521272.59,4/5/2026,KA,2310000013,LP,Purc of Good-0.1%PMTCOM-PNS393(1)8(ii),0.1,-2521.27
1079,D0012E,Godrej & Boyce Mfg Co Ltd,GODCD8938D,14987521,4/1/2026,INV/2026/00014,3400000014,50080002,Retro Price Chan-Mat,194Q payment - Godrej & Boyce Mfg Co Ltd,3478350.17,2947754.38,4/6/2026,KA,2310000014,LP,Purc of Good-0.1%PMTCOM-PNS393(1)8(ii),0.1,-2947.75
1079,D0012E,Godrej & Boyce Mfg Co Ltd,GODCD8938D,5807487,4/1/2026,INV/2026/00015,,16290054,OTH-393(1)8(ii),194Q payment - Godrej & Boyce Mfg Co Ltd,3428399.39,2905423.21,4/7/2026,KA,2310000015,LP,Purc of Good-0.1%PMTCOM-PNS393(1)8(ii),0.1,-2905.42
1081,D0014D,Asian Paints Ltd,ASICD8115B,14380974,4/1/2026,INV/2026/00016,,50080002,Retro Price Chan-Mat,194Q payment - Asian Paints Ltd,2895290.22,2453635.78,4/5/2026,KR,2510000016,LP,Purc of Good-0.1%PMTCOM-PNS393(1)8(ii),0.1,-2453.64
1081,D0014D,Asian Paints Ltd,ASICD8115B,24309919,4/1/2026,INV/2026/00017,,16290054,OTH-393(1)8(ii),194Q payment - Asian Paints Ltd,3384205.74,2867970.97,4/6/2026,KA,2310000017,LP,Purc of Good-0.1%PMTCOM-PNS393(1)8(ii),0.1,-2867.97
1081,D0014D,Asian Paints Ltd,ASICD8115B,16724644,4/1/2026,INV/2026/00018,3400000018,50080002,Retro Price Chan-Mat,194Q payment - Asian Paints Ltd,3205540.59,2716559.82,4/7/2026,KR,2510000018,LP,Purc of Good-0.1%PMTCOM-PNS393(1)8(ii),0.1,-2716.56
1001,D0020F,Schaeffler India Ltd,SCHCD3146B,13212443,4/1/2026,INV/2026/00019,,16290054,OTH-393(1)8(ii),194Q payment - Schaeffler India Ltd,3258114.48,2761113.97,4/5/2026,KA,2310000019,LP,Purc of Good-0.1%PMTCOM-PNS393(1)8(ii),0.1,-2761.11
1001,D0020F,Schaeffler India Ltd,SCHCD3146B,5939521,4/1/2026,INV/2026/00020,3400000020,16290054,OTH-393(1)8(ii),194Q payment - Schaeffler India Ltd,2780076.39,2355996.94,4/6/2026,KR,2510000020,LP,Purc of Good-0.1%PMTCOM-PNS393(1)8(ii),0.1,-2356.0
1001,D0020F,Schaeffler India Ltd,SCHCD3146B,22150560,4/3/2026,INV/2026/00021,3400000021,50080002,Retro Price Chan-Mat,194Q payment - Schaeffler India Ltd,2911437.64,2467320.03,4/7/2026,KR,2510000021,LP,Purc of Good-0.1%PMTCOM-PNS393(1)8(ii),0.1,-2467.32
1079,D0022B,Emerson Process Management India Pvt Ltd,EMECD9051B,14956291,4/2/2026,INV/2026/00022,,50258000,Purch Offset Account,194Q payment - Emerson Process Management Ind,2494425.4,2113919.83,4/5/2026,KA,2310000022,LP,Purc of Good-0.1%PMTCOM-PNS393(1)8(ii),0.1,-2113.92
1079,D0022B,Emerson Process Management India Pvt Ltd,EMECD9051B,20285536,4/5/2026,INV/2026/00023,3400000023,16290054,OTH-393(1)8(ii),194Q payment - Emerson Process Management Ind,3282723.4,2781968.98,4/6/2026,KR,2510000023,LP,Purc of Good-0.1%PMTCOM-PNS393(1)8(ii),0.1,-2781.97
1079,D0022B,Emerson Process Management India Pvt Ltd,EMECD9051B,8569708,4/6/2026,INV/2026/00024,3400000024,16290054,OTH-393(1)8(ii),194Q payment - Emerson Process Management Ind,3427733.96,2904859.29,4/7/2026,KA,2310000024,LP,Purc of Good-0.1%PMTCOM-PNS393(1)8(ii),0.1,-2904.86
1001,D0025H,Endress Hauser India Pvt Ltd,ENDCD0217T,24158989,4/1/2026,INV/2026/00025,3400000025,54410009,Commission Expense,194H payment - Endress Hauser India Pvt Ltd,195316.9,165522.8,4/9/2026,AC,1100000025,HP,Comm/Brokerg Ind/HUF/Firm2%NS393(1)1(ii),2,-3310.46
1079,D0026D,Atlas Copco India Ltd,ATLCD6727M,2176773,5/18/2026,INV/2026/00026,,54080001,Interest Expense - Others,194A payment - Atlas Copco India Ltd,55015.64,46623.42,5/24/2026,AC,1100000026,AP,Interest Other Than Securities@10%,10,-4662.34
1081,D0027C,Ingersoll Rand India Ltd,INGCD3014J,5961565,6/13/2026,INV/2026/00027,3400000027,54470200,INCENTIVE SPARE PART,194R payment - Ingersoll Rand India Ltd,316935.5,268589.41,6/15/2026,AC,1100000027,MI,Ben. 194R @ 10% COM PAN-N/S-393(1)8(iv),10,-26858.94
1001,D0028G,Danfoss Industries Pvt Ltd,DANCD2051Z,13542438,6/16/2026,INV/2026/00028,,16290008,GR/IR-Indirect Good,194C payment - Danfoss Industries Pvt Ltd,82376.12,69810.27,7/3/2026,AC,1100000028,CP,Cont. Cos - 2%-New Sec-393(1)6(i),2,-1396.21
1079,D0029B,Sandvik Asia Pvt Ltd,SANCD4390G,17771498,8/20/2026,INV/2026/00029,3400000029,16290019,Non-Comp-393(1)6(ii),194J payment - Sandvik Asia Pvt Ltd,619504.99,525004.23,8/28/2026,KR,2510000029,JI,TechServFees@2%-IndHUF:NS393(1)6(iii)(a),2,-10500.08
1081,D0030C,Kennametal India Ltd,KENCD6442L,18772391,9/6/2026,INV/2026/00030,3400000030,50258000,Purch Offset Account,194Q payment - Kennametal India Ltd,1368314.19,1159588.3,9/6/2026,KR,2510000030,LP,Purc of Good-0.1%PMTCOM-PNS393(1)8(ii),0.1,-1159.59
1001,D0031D,Mitsubishi Electric India Pvt Ltd,MITCD9977Y,23006818,9/25/2026,INV/2026/00031,3400000031,16290008,GR/IR-Indirect Good,194C payment - Mitsubishi Electric India Pvt ,605295.99,512962.7,10/4/2026,AC,1100000031,CP,Cont. Cos - 2%-New Sec-393(1)6(i),2,-10259.25
1079,D0032G,Fanuc India Pvt Ltd,FANCD2481Z,23425762,11/13/2026,INV/2026/00032,3400000032,16290019,Non-Comp-393(1)6(ii),194J payment - Fanuc India Pvt Ltd,669728.79,567566.77,11/28/2026,KZ,2610000032,JI,TechServFees@2%-IndHUF:NS393(1)6(iii)(a),2,-11351.34
1081,D0033G,Yaskawa India Pvt Ltd,YASCD5509L,14190626,12/3/2026,INV/2026/00033,,16290054,OTH-393(1)8(ii),194Q payment - Yaskawa India Pvt Ltd,922490.57,781771.67,12/5/2026,AC,1100000033,LP,Purc of Good-0.1%PMTCOM-PNS393(1)8(ii),0.1,-781.77
1001,D0034F,Omron Automation Pvt Ltd,OMRCD4491E,6803513,1/4/2027,INV/2026/00034,3400000034,54150001,Rent - Office Building,194I payment - Omron Automation Pvt Ltd,270431.5,229179.24,1/24/2027,KZ,2610000034,IP,LandBldg/Fur Ind/HUF/Fim10%NS393(1)2(ii),10,-22917.92
1079,D0035D,Phoenix Contact India Pvt Ltd,PHOCD6041O,2435699,2/7/2027,INV/2026/00035,,54410009,Commission Expense,194H payment - Phoenix Contact India Pvt Ltd,102477.52,86845.36,2/17/2027,KZ,2610000035,HP,Comm/Brokerg Ind/HUF/Firm2%NS393(1)1(ii),2,-1736.91
1081,D0036E,Wago Controls India Pvt Ltd,WAGCD4099Y,3171563,3/5/2027,INV/2026/00036,3400000036,16290008,GR/IR-Indirect Good,194C payment - Wago Controls India Pvt Ltd,234669.41,198872.38,3/6/2027,KA,2310000036,CP,Cont. Cos - 2%-New Sec-393(1)6(i),2,-3977.45
1001,D0037C,Rittal India Pvt Ltd,RITCD1454H,23421727,4/1/2026,INV/2026/00037,3400000037,54470200,INCENTIVE SPARE PART,194R payment - Rittal India Pvt Ltd,344857.66,292252.25,4/17/2026,KR,2510000037,MI,Ben. 194R @ 10% COM PAN-N/S-393(1)8(iv),10,-29225.22
1079,D0038D,Hager Electro Pvt Ltd,HAGCD7272R,10014575,4/21/2026,INV/2026/00038,,16290008,GR/IR-Indirect Good,194C payment - Hager Electro Pvt Ltd,811850.37,688008.79,5/11/2026,KZ,2610000038,CP,Cont. Cos - 2%-New Sec-393(1)6(i),2,-13760.18
1081,D0039F,Legrand India Pvt Ltd,LEGCD6149O,18902132,5/16/2026,INV/2026/00039,3400000039,54200001,Non-Comp-393(1)6(ii),194J payment - Legrand India Pvt Ltd,460099.23,389914.6,6/1/2026,AC,1100000039,JP,Prof. Serv. Fees@10%-CO-NS393(1)6(iii)(b,1,-3899.15
1001,D0040A,Havells India Ltd,HAVCD5593M,8479825,7/3/2026,INV/2026/00040,3400000040,16290053,COMP-393(1)8(ii),194Q payment - Havells India Ltd,2695212.49,2284078.38,7/13/2026,KA,2310000040,LP,Purc of Good-0.1%PMTCOM-PNS393(1)8(ii),0.1,-2284.08
1079,D0041H,Polycab India Ltd,POLCD9182W,10033534,7/24/2026,INV/2026/00041,3400000041,16290008,GR/IR-Indirect Good,194C payment - Polycab India Ltd,860227.03,729005.96,8/10/2026,KZ,2610000041,CP,Cont. Cos - 2%-New Sec-393(1)6(i),2,-14580.12
1081,D0042G,KEI Industries Ltd,KEICD1017N,21003716,9/10/2026,INV/2026/00042,,54200001,Non-Comp-393(1)6(ii),194J payment - KEI Industries Ltd,621301.58,526526.76,9/16/2026,KZ,2610000042,JP,Prof. Serv. Fees@10%-CO-NS393(1)6(iii)(b,10,-52652.68
1001,D0043F,Finolex Cables Ltd,FINCD1530G,12847688,10/5/2026,INV/2026/00043,3400000043,50258000,Purch Offset Account,194Q payment - Finolex Cables Ltd,2094920.93,1775356.72,10/10/2026,KA,2310000043,LP,Purc of Good-0.1%PMTCOM-PNS393(1)8(ii),0,0.0
1079,D0044G,RR Kabel Ltd,RRKCD9844F,23511979,11/13/2026,INV/2026/00044,,54150001,Rent - Office Building,194I payment - RR Kabel Ltd,103499.99,87711.86,11/25/2026,AC,1100000044,IP,LandBldg/Fur Ind/HUF/Fim10%NS393(1)2(ii),0.5,-438.56
1081,D0045E,Sterlite Technologies Ltd,STECD2659Z,17140442,11/26/2026,INV/2026/00045,,54410009,Commission Expense,194H payment - Sterlite Technologies Ltd,127913.33,108401.13,12/11/2026,AC,1100000045,HP,Comm/Brokerg Ind/HUF/Firm2%NS393(1)1(ii),2,-2168.02
1001,D0046F,JSW Steel Ltd,JSWCD3957Z,9448570,1/8/2027,INV/2026/00046,3400000046,16290008,GR/IR-Indirect Good,194C payment - JSW Steel Ltd,164191.04,139144.95,1/14/2027,KR,2510000046,CP,Cont. Cos - 2%-New Sec-393(1)6(i),2,-2782.9
1079,D0047G,Jindal Steel & Power Ltd,JINCD7556M,13653666,1/29/2027,INV/2026/00047,3400000047,54470200,INCENTIVE SPARE PART,194R payment - Jindal Steel & Power Ltd,320994.82,272029.51,2/10/2027,AC,1100000047,MI,Ben. 194R @ 10% COM PAN-N/S-393(1)8(iv),10,-27202.95
1081,D0048A,SAIL Bhilai Steel Plant,SAICT0013B,2330968,2/14/2027,INV/2026/00048,3400000048,16290008,GR/IR-Indirect Good,194C payment - SAIL Bhilai Steel Plant,693666.07,587852.6,3/3/2027,KZ,2610000048,CP,Cont. Cos - 2%-New Sec-393(1)6(i),2,-11757.05
1001,D0049E,Essar Steel India Ltd,ESSCD2172D,16490405,4/1/2026,INV/2026/00049,3400000049,54210099,Professional- Others,194J payment - Essar Steel India Ltd,742494.93,629232.99,4/5/2026,KA,2310000049,JP,Prof. Serv. Fees@10%-CO-NS393(1)6(iii)(b,10,-62923.3
1079,D0050A,Rashtriya Ispat Nigam Ltd,RASCD3491U,12136854,5/9/2026,INV/2026/00050,,16290053,COMP-393(1)8(ii),194Q payment - Rashtriya Ispat Nigam Ltd,1795069.94,1521245.71,5/19/2026,KR,2510000050,LP,Purc of Good-0.1%PMTCOM-PNS393(1)8(ii),0.1,-1521.25
1081,D0051A,Ultratech Cement Ltd,ULTCD8543N,23689120,5/24/2026,INV/2026/00051,3400000051,16290008,GR/IR-Indirect Good,194C payment - Ultratech Cement Ltd,264125.96,223835.56,6/7/2026,KR,2510000051,CP,Cont. Cos - 2%-New Sec-393(1)6(i),2,-4476.71
1001,D0052E,Ambuja Cements Ltd,AMBCD1982A,10575950,7/16/2026,INV/2026/00052,3400000052,16290019,Non-Comp-393(1)6(ii),194J payment - Ambuja Cements Ltd,226626.85,192056.65,7/16/2026,AC,1100000052,JP,Prof. Serv. Fees@10%-CO-NS393(1)6(iii)(b,1,-1920.57
1079,D0053F,ACC Ltd,ACCCD7208I,3318878,7/14/2026,INV/2026/00053,3400000053,16290053,COMP-393(1)8(ii),194Q payment - ACC Ltd,1681984.51,1425410.6,8/1/2026,KA,2310000053,LP,Purc of Good-0.1%PMTCOM-PNS393(1)8(ii),0.1,-1425.41
1081,D0054F,Shree Cement Ltd,SHRCD9894S,5256591,8/31/2026,INV/2026/00054,3400000054,54150002,RENTAL CHARGES - IT ASSETS,194I payment - Shree Cement Ltd,219910.48,186364.81,9/18/2026,AC,1100000054,IP,LandBldg/Fur Ind/HUF/Fim10%NS393(1)2(ii),10,-18636.48
1001,D0055B,Dalmia Bharat Ltd,DALCD6929W,11837776,10/3/2026,INV/2026/00055,3400000055,54410009,Commission Expense,194H payment - Dalmia Bharat Ltd,173509.86,147042.25,10/20/2026,KZ,2610000055,HP,Comm/Brokerg Ind/HUF/Firm2%NS393(1)1(ii),2,-2940.84
1079,D0056G,JK Cement Ltd,JKCCD3750V,23487954,10/24/2026,INV/2026/00056,3400000056,54080001,Interest Expense - Others,194A payment - JK Cement Ltd,152520.56,129254.71,11/3/2026,KA,2310000056,AP,Interest Other Than Securities@10%,10,-12925.47
1081,D0057D,Pidilite Industries Ltd,PIDCD6150I,1148699,12/2/2026,INV/2026/00057,3400000057,54470200,INCENTIVE SPARE PART,194R payment - Pidilite Industries Ltd,299357.01,253692.38,12/22/2026,AC,1100000057,MI,Ben. 194R @ 10% COM PAN-N/S-393(1)8(iv),10,-25369.24
1001,D0058D,Berger Paints India Ltd,BERCD0081M,24895447,12/30/2026,INV/2026/00058,3400000058,16290008,GR/IR-Indirect Good,194C payment - Berger Paints India Ltd,356969.53,302516.55,1/6/2027,KA,2310000058,CP,Cont. Cos - 2%-New Sec-393(1)6(i),2,-6050.33
1079,D0059F,Kansai Nerolac Paints Ltd,KANCD5881X,16525950,1/31/2027,INV/2026/00059,3400000059,54200001,Non-Comp-393(1)6(ii),194J payment - Kansai Nerolac Paints Ltd,978157.14,828946.73,2/4/2027,AC,1100000059,JP,Prof. Serv. Fees@10%-CO-NS393(1)6(iii)(b,10,-82894.67
1081,D0060B,Supreme Industries Ltd,SUPCD8250N,13545198,3/13/2027,INV/2026/00060,3400000060,16290053,COMP-393(1)8(ii),194Q payment - Supreme Industries Ltd,1402509.33,1188567.23,3/13/2027,KR,2510000060,LP,Purc of Good-0.1%PMTCOM-PNS393(1)8(ii),0.1,-1188.57
1001,D0061H,Astral Ltd,ASTCD9928P,19763668,4/17/2026,INV/2026/00061,,16290008,GR/IR-Indirect Good,194C payment - Astral Ltd,700089.79,593296.43,4/22/2026,KR,2510000061,CP,Cont. Cos - 2%-New Sec-393(1)6(i),2,-11865.93
1079,D0062E,Finolex Industries Ltd,FINCD8238P,2898893,4/27/2026,INV/2026/00062,3400000062,54200001,Non-Comp-393(1)6(ii),194J payment - Finolex Industries Ltd,364463.79,308867.62,5/2/2026,KZ,2610000062,JP,Prof. Serv. Fees@10%-CO-NS393(1)6(iii)(b,10,-30886.76
1081,D0063G,Prince Pipes & Fittings Ltd,PRICD7583P,16302433,6/13/2026,INV/2026/00063,3400000063,16290054,OTH-393(1)8(ii),194Q payment - Prince Pipes & Fittings Ltd,2486143.45,2106901.23,6/26/2026,KZ,2610000063,LP,Purc of Good-0.1%PMTCOM-PNS393(1)8(ii),0.1,-2106.9
1001,D0064C,Ashirvad Pipes Pvt Ltd,ASHCD7049B,21509497,7/3/2026,INV/2026/00064,3400000064,54150002,RENTAL CHARGES - IT ASSETS,194I payment - Ashirvad Pipes Pvt Ltd,275927.32,233836.71,7/23/2026,KA,2310000064,IP,PlantMach Rent@2%-NS393(1)2(i),2,-4676.73
1079,D0065A,Crompton Greaves Consumer Electricals Ltd,CROCD1010A,22091334,8/13/2026,INV/2026/00065,3400000065,54410009,Commission Expense,194H payment - Crompton Greaves Consumer Elec,35594.22,30164.59,8/24/2026,KR,2510000065,HP,Comm/Brokerg Ind/HUF/Firm2%NS393(1)1(ii),2,-603.29
1081,D0066G,Bajaj Electricals Ltd,BAJCD1458A,9760968,9/12/2026,INV/2026/00066,3400000066,54080001,Interest Expense - Others,194A payment - Bajaj Electricals Ltd,111753.58,94706.42,9/16/2026,KZ,2610000066,AP,Interest Other Than Securities@10%,0.5,-473.53
1001,D0067C,Orient Electric Ltd,ORICD0476S,11306959,10/2/2026,INV/2026/00067,3400000067,54470200,INCENTIVE SPARE PART,194R payment - Orient Electric Ltd,196087.43,166175.79,10/18/2026,AC,1100000067,MI,Ben. 194R @ 10% COM PAN-N/S-393(1)8(iv),10,-16617.58
1079,D0068A,V Guard Industries Ltd,VGUCD8445P,2831114,10/25/2026,INV/2026/00068,3400000068,16290008,GR/IR-Indirect Good,194C payment - V Guard Industries Ltd,877700.59,743814.06,11/3/2026,AC,1100000068,CP,Cont. Cos - 2%-New Sec-393(1)6(i),2,-14876.28
1081,D0069E,Havells Lloyd Ltd,HAVCD0059B,1046143,11/19/2026,INV/2026/00069,3400000069,16290019,Non-Comp-393(1)6(ii),194J payment - Havells Lloyd Ltd,676434.22,573249.34,12/8/2026,AC,1100000069,JI,TechServFees@2%-IndHUF:NS393(1)6(iii)(a),2,-11464.99
1001,D0070B,TVS Supply Chain Solutions Ltd,TVSCD1091X,14017067,1/9/2027,INV/2026/00070,,16290054,OTH-393(1)8(ii),194Q payment - TVS Supply Chain Solutions Ltd,1556158.98,1318778.8,1/26/2027,KA,2310000070,LP,Purc of Good-0.1%PMTCOM-PNS393(1)8(ii),0.1,-1318.78
1079,D0071B,Allcargo Logistics Ltd,ALLCD7053B,2551373,1/26/2027,INV/2026/00071,3400000071,16290008,GR/IR-Indirect Good,194C payment - Allcargo Logistics Ltd,584143.79,495037.11,2/1/2027,AC,1100000071,CP,Cont. Cos - 2%-New Sec-393(1)6(i),2,-9900.74
1081,D0072H,Gateway Distriparks Ltd,GATCD6192M,4420557,2/20/2027,INV/2026/00072,3400000072,54210099,Professional- Others,194J payment - Gateway Distriparks Ltd,294574.92,249639.76,3/6/2027,AC,1100000072,JP,Prof. Serv. Fees@10%-CO-NS393(1)6(iii)(b,10,-24963.98
1001,D0073E,Container Corporation of India Ltd,CONCD5809L,14149844,4/11/2026,INV/2026/00073,3400000073,16290054,OTH-393(1)8(ii),194Q payment - Container Corporation of India,1757403.24,1489324.78,4/25/2026,KZ,2610000073,LP,Purc of Good-0.1%PMTCOM-PNS393(1)8(ii),0.1,-1489.32
1079,D0074G,Delhivery Ltd,DELCD1993Q,18805579,5/4/2026,INV/2026/00074,3400000074,54150002,RENTAL CHARGES - IT ASSETS,194I payment - Delhivery Ltd,71901.27,60933.28,5/19/2026,KR,2510000074,IP,LandBldg/Fur Ind/HUF/Fim10%NS393(1)2(ii),10,-6093.33
1081,D0075E,Blue Dart Express Ltd,BLUCD4875D,10111471,5/28/2026,INV/2026/00075,3400000075,54410009,Commission Expense,194H payment - Blue Dart Express Ltd,153337.77,129947.26,6/9/2026,AC,1100000075,HP,Comm/Brokerg Ind/HUF/Firm2%NS393(1)1(ii),2,-2598.95
1001,D0076E,Gati Ltd,GATCD5454I,24619997,6/23/2026,INV/2026/00076,,54080001,Interest Expense - Others,194A payment - Gati Ltd,31435.27,26640.06,7/10/2026,KA,2310000076,AP,Interest Other Than Securities@10%,10,-2664.01
1079,D0077B,TCI Express Ltd,TCICD5609G,11268360,8/25/2026,INV/2026/00077,3400000077,54470200,INCENTIVE SPARE PART,194R payment - TCI Express Ltd,144836.65,122742.92,8/27/2026,KA,2310000077,MI,Ben. 194R @ 10% COM PAN-N/S-393(1)8(iv),10,-12274.29
1081,D0078E,Safe Express Pvt Ltd,SAFCD2253O,5689979,8/19/2026,INV/2026/00078,,16290008,GR/IR-Indirect Good,194C payment - Safe Express Pvt Ltd,294896.33,249912.14,9/8/2026,KR,2510000078,CP,Cont. Cos - 2%-New Sec-393(1)6(i),1,-2499.12
1001,D0079H,Om Logistics Ltd,OMLCD7339J,6774594,9/30/2026,INV/2026/00079,3400000079,16290019,Non-Comp-393(1)6(ii),194J payment - Om Logistics Ltd,631610.73,535263.33,10/6/2026,KZ,2610000079,JP,Prof. Serv. Fees@10%-CO-NS393(1)6(iii)(b,10,-53526.33
1079,D0080G,Sical Logistics Ltd,SICCD4392R,18715434,11/9/2026,INV/2026/00080,3400000080,16290053,COMP-393(1)8(ii),194Q payment - Sical Logistics Ltd,1517612.88,1286112.61,11/24/2026,KA,2310000080,LP,Purc of Good-0.1%PMTCOM-PNS393(1)8(ii),0.1,-1286.11
1081,D0081G,VRL Logistics Ltd,VRLCD9451Z,13102314,12/11/2026,INV/2026/00081,3400000081,16290008,GR/IR-Indirect Good,194C payment - VRL Logistics Ltd,785227.72,665447.22,12/26/2026,KR,2510000081,CP,Cont. Cos - 2%-New Sec-393(1)6(i),2,-13308.94
1001,D0082G,Transport Corporation of India Ltd,TRACD9598B,18515990,12/21/2026,INV/2026/00082,3400000082,16290019,Non-Comp-393(1)6(ii),194J payment - Transport Corporation of India,291408.62,246956.46,1/9/2027,KR,2510000082,JI,TechServFees@2%-IndHUF:NS393(1)6(iii)(a),2,-4939.13
1079,D0083G,Ernst & Young LLP,ERNCP3679S,11985136,1/27/2027,INV/2026/00083,,16290053,COMP-393(1)8(ii),194Q payment - Ernst & Young LLP,1186394.3,1005418.9,2/2/2027,KR,2510000083,LP,Purc of Good-0.1%PMTCOM-PNS393(1)8(ii),0.1,-1005.42
1081,D0084A,Deloitte Touche Tohmatsu India LLP,DELCP7853V,12318705,3/27/2027,INV/2026/00084,3400000084,54150002,RENTAL CHARGES - IT ASSETS,194I payment - Deloitte Touche Tohmatsu India,319432.17,270705.23,3/28/2027,KR,2510000084,IP,PlantMach Rent@2%-NS393(1)2(i),0,0.0
1001,D0085F,PricewaterhouseCoopers Pvt Ltd,PRICD9963S,11154933,4/2/2026,INV/2026/00085,3400000085,54410009,Commission Expense,194H payment - PricewaterhouseCoopers Pvt Ltd,120040.02,101728.83,4/2/2026,KA,2310000085,HP,Comm/Brokerg Ind/HUF/Firm2%NS393(1)1(ii),2,-2034.58
1079,D0086D,KPMG Assurance & Consulting Services LLP,KPMCP8853P,3127975,5/19/2026,INV/2026/00086,3400000086,16290008,GR/IR-Indirect Good,194C payment - KPMG Assurance & Consulting Se,858820.82,727814.25,5/22/2026,AC,1100000086,CP,Cont. Cos - 2%-New Sec-393(1)6(i),2,-14556.28
1081,D0087G,Grant Thornton Bharat LLP,GRACP6902B,21212587,6/7/2026,INV/2026/00087,3400000087,54470200,INCENTIVE SPARE PART,194R payment - Grant Thornton Bharat LLP,309105.24,261953.59,6/24/2026,KR,2510000087,MI,Ben. 194R @ 10% COM PAN-N/S-393(1)8(iv),10,-26195.36
1001,D0088A,BDO India LLP,BDOCP2894U,5863486,7/2/2026,INV/2026/00088,3400000088,16290008,GR/IR-Indirect Good,194C payment - BDO India LLP,409205.43,346784.26,7/2/2026,AC,1100000088,CP,Cont. Cos - 2%-New Sec-393(1)6(i),2,-6935.69
1079,D0089H,RSM Astute Consulting Pvt Ltd,RSMCD9598L,19845630,8/10/2026,INV/2026/00089,,16290019,Non-Comp-393(1)6(ii),194J payment - RSM Astute Consulting Pvt Ltd,623032.27,527993.45,8/19/2026,KA,2310000089,JP,Prof. Serv. Fees@10%-CO-NS393(1)6(iii)(b,10,-52799.34
1081,D0090G,Walker Chandiok & Co LLP,WALCP1247Z,14694448,8/27/2026,INV/2026/00090,3400000090,50080002,Retro Price Chan-Mat,194Q payment - Walker Chandiok & Co LLP,1684297.67,1427370.91,9/12/2026,KR,2510000090,LP,Purc of Good-0.1%PMTCOM-PNS393(1)8(ii),0.1,-1427.37
1001,E0091F,Sharma Transport,SHAFT3496R,16376170,9/22/2026,INV/2026/00091,,16290008,GR/IR-Indirect Good,194C payment - Sharma Transport,994796.42,843047.81,10/9/2026,KR,2510000091,CP,Firm - 2%-New Sec-393(1)6(i),2,-16860.96
1079,E0092H,Singh Engineering Works,SINFS2311F,24660763,10/19/2026,INV/2026/00092,3400000092,54210099,Professional- Others,194J payment - Singh Engineering Works,1029634.69,872571.77,11/3/2026,KR,2510000092,JP,Prof. Serv. Fees@10%-CO-NS393(1)6(iii)(b,10,-87257.18
1081,E0093H,Patel Brothers & Co,PATFO6306X,9552827,12/9/2026,INV/2026/00093,3400000093,16290054,OTH-393(1)8(ii),194Q payment - Patel Brothers & Co,1850788.43,1568464.77,12/18/2026,KA,2310000093,LP,Purc of Good-0.1%PMTCOM-PNS393(1)8(ii),1,-15684.65
1001,E0094H,Gupta Logistics,GUPFS2680O,14379711,1/11/2027,INV/2026/00094,3400000094,54150002,RENTAL CHARGES - IT ASSETS,194I payment - Gupta Logistics,217542.9,184358.39,1/12/2027,AC,1100000094,IP,LandBldg/Fur Ind/HUF/Fim10%NS393(1)2(ii),10,-18435.84
1079,E0095C,Mehta Electricals,MEHFS2351N,1283002,1/14/2027,INV/2026/00095,3400000095,54410009,Commission Expense,194H payment - Mehta Electricals,38231.52,32399.59,2/2/2027,KR,2510000095,HP,Comm/Brokerg Ind/HUF/Firm2%NS393(1)1(ii),2,-647.99
1081,E0096D,Joshi Fabricators,JOSFS5162S,22449007,3/1/2027,INV/2026/00096,3400000096,16290008,GR/IR-Indirect Good,194C payment - Joshi Fabricators,603746.87,511649.89,3/3/2027,KA,2310000096,CP,Firm - 2%-New Sec-393(1)6(i),1,-5116.5
1001,E0097A,Desai Construction,DESFN7818R,16486681,4/1/2026,INV/2026/00097,,54470200,INCENTIVE SPARE PART,194R payment - Desai Construction,181692.14,153976.39,4/1/2026,AC,1100000097,MI,Ben. 194R @ 10% COM PAN-N/S-393(1)8(iv),10,-15397.64
1079,E0098A,Kulkarni Steel Traders,KULFS1794Y,7033314,4/23/2026,INV/2026/00098,3400000098,16290008,GR/IR-Indirect Good,194C payment - Kulkarni Steel Traders,310672.31,263281.62,5/12/2026,KR,2510000098,CP,Firm - 2%-New Sec-393(1)6(i),2,-5265.63
1081,E0099D,Nair Associates,NAIFS8728Y,14612287,6/10/2026,INV/2026/00099,3400000099,16290019,Non-Comp-393(1)6(ii),194J payment - Nair Associates,742570.17,629296.75,6/17/2026,AC,1100000099,JI,TechServFees@2%-IndHUF:NS393(1)6(iii)(a),2,-12585.93
1001,E0100F,Iyer & Sons,IYEFS3682U,4931961,7/24/2026,INV/2026/00100,3400000100,50080002,Retro Price Chan-Mat,194Q payment - Iyer & Sons,1699399.04,1440168.68,7/28/2026,AC,1100000100,LP,Purc of Good-0.1%PMTCOM-PNS393(1)8(ii),0.1,-1440.17
1079,E0101D,Reddy Infra Solutions,REDFS8021E,7953982,8/2/2026,INV/2026/00101,3400000101,16290008,GR/IR-Indirect Good,194C payment - Reddy Infra Solutions,516981.06,438119.54,8/20/2026,AC,1100000101,CP,Firm - 2%-New Sec-393(1)6(i),2,-8762.39
1081,E0102C,Banerjee Enterprises,BANFS9914K,24999252,9/8/2026,INV/2026/00102,3400000102,54200001,Non-Comp-393(1)6(ii),194J payment - Banerjee Enterprises,988652.01,837840.69,9/19/2026,KR,2510000102,JP,Prof. Serv. Fees@10%-CO-NS393(1)6(iii)(b,10,-83784.07
1001,E0103D,Chatterjee Engineering,CHAFG4888A,21891538,9/29/2026,INV/2026/00103,3400000103,50258000,Purch Offset Account,194Q payment - Chatterjee Engineering,748415.14,634250.12,10/18/2026,KZ,2610000103,LP,Purc of Good-0.1%PMTCOM-PNS393(1)8(ii),0.1,-634.25
1079,E0104H,Mukherjee Consultants,MUKFS7555H,23918306,10/29/2026,INV/2026/00104,3400000104,54150002,RENTAL CHARGES - IT ASSETS,194I payment - Mukherjee Consultants,366117.57,310269.13,11/7/2026,AC,1100000104,IP,PlantMach Rent@2%-NS393(1)2(i),2,-6205.38
1081,E0105E,Das & Company,DASFY1127J,1846814,12/7/2026,INV/2026/00105,3400000105,54410009,Commission Expense,194H payment - Das & Company,149149.23,126397.65,12/10/2026,KR,2510000105,HP,Comm/Brokerg Ind/HUF/Firm2%NS393(1)1(ii),2,-2527.95
1001,E0106A,Pillai Contractors,PILFS1381F,6715945,1/4/2027,INV/2026/00106,3400000106,54080001,Interest Expense - Others,194A payment - Pillai Contractors,34093.83,28893.08,1/17/2027,KR,2510000106,AP,Interest Other Than Securities@10%,10,-2889.31
1079,E0107A,Menon Fabrication,MENFN5618N,14534843,1/29/2027,INV/2026/00107,3400000107,54470200,INCENTIVE SPARE PART,194R payment - Menon Fabrication,149938.12,127066.2,2/12/2027,KR,2510000107,MI,Ben. 194R @ 10% COM PAN-N/S-393(1)8(iv),10,-12706.62
1081,E0108B,Shetty Transport Services,SHEFS5027Y,7097300,3/13/2027,INV/2026/00108,3400000108,16290008,GR/IR-Indirect Good,194C payment - Shetty Transport Services,356846.31,302412.13,3/20/2027,KZ,2610000108,CP,Firm - 2%-New Sec-393(1)6(i),2,-6048.24
1001,E0109D,Rao Precision Works,RAOFS2334E,19440248,4/26/2026,INV/2026/00109,3400000109,54200001,Non-Comp-393(1)6(ii),194J payment - Rao Precision Works,1006422.27,852900.23,4/26/2026,KR,2510000109,JP,Prof. Serv. Fees@10%-CO-NS393(1)6(iii)(b,10,-85290.02
1079,E0110G,Agarwal Trading Co,AGAFO1193U,3051326,4/22/2026,INV/2026/00110,,50080002,Retro Price Chan-Mat,194Q payment - Agarwal Trading Co,2847057.64,2412760.71,5/12/2026,KR,2510000110,LP,Purc of Good-0.1%PMTCOM-PNS393(1)8(ii),0.1,-2412.76
1081,E0111E,Bansal Steel Suppliers,BANFS1797M,8842422,6/12/2026,INV/2026/00111,3400000111,16290008,GR/IR-Indirect Good,194C payment - Bansal Steel Suppliers,965573.99,818283.04,6/20/2026,KZ,2610000111,CP,Firm - 2%-New Sec-393(1)6(i),2,-16365.66
1001,E0112D,Malhotra Engineering,MALFG0483K,15376412,6/18/2026,INV/2026/00112,3400000112,54210099,Professional- Others,194J payment - Malhotra Engineering,263979.36,223711.32,7/8/2026,KR,2510000112,JP,Prof. Serv. Fees@10%-CO-NS393(1)6(iii)(b,10,-22371.13
1079,E0113A,Kapoor Electrical Works,KAPFS1388V,11982968,8/21/2026,INV/2026/00113,3400000113,50080002,Retro Price Chan-Mat,194Q payment - Kapoor Electrical Works,1937572.46,1642010.56,8/21/2026,KA,2310000113,LP,Purc of Good-0.1%PMTCOM-PNS393(1)8(ii),0.1,-1642.01
1081,E0114D,Chopra Logistics,CHOFS7870I,24386196,9/13/2026,INV/2026/00114,,54150002,RENTAL CHARGES - IT ASSETS,194I payment - Chopra Logistics,84379.13,71507.74,9/24/2026,KA,2310000114,IP,PlantMach Rent@2%-NS393(1)2(i),2,-1430.15
1001,E0115F,Saxena Fabricators,SAXFS6583B,5340981,10/12/2026,INV/2026/00115,,54410009,Commission Expense,194H payment - Saxena Fabricators,66269.26,56160.39,10/23/2026,KA,2310000115,HP,Comm/Brokerg Ind/HUF/Firm2%NS393(1)1(ii),2,-1123.21
1079,E0116E,Tiwari Construction Co,TIWFO4565A,1252449,11/2/2026,INV/2026/00116,3400000116,16290008,GR/IR-Indirect Good,194C payment - Tiwari Construction Co,184468.73,156329.43,11/19/2026,KA,2310000116,CP,Firm - 2%-New Sec-393(1)6(i),2,-3126.59
1081,E0117H,Verma Machinery Works,VERFS5056U,20356053,12/16/2026,INV/2026/00117,3400000117,54470200,INCENTIVE SPARE PART,194R payment - Verma Machinery Works,64940.07,55033.96,12/19/2026,AC,1100000117,MI,Ben. 194R @ 10% COM PAN-N/S-393(1)8(iv),10,-5503.4
1001,E0118E,Yadav Transport,YADFT7848G,3555805,12/26/2026,INV/2026/00118,3400000118,16290008,GR/IR-Indirect Good,194C payment - Yadav Transport,921226.35,780700.3,1/12/2027,KA,2310000118,CP,Firm - 2%-New Sec-393(1)6(i),2,-15614.01
1079,E0119H,Thakur Engineering,THAFG6749V,13475858,2/4/2027,INV/2026/00119,3400000119,54200001,Non-Comp-393(1)6(ii),194J payment - Thakur Engineering,276496.74,234319.27,2/8/2027,KR,2510000119,JP,Prof. Serv. Fees@10%-CO-NS393(1)6(iii)(b,0.5,-1171.6
1081,E0120F,Pandey Electricals,PANFS3228Z,22791368,3/2/2027,INV/2026/00120,,50080002,Retro Price Chan-Mat,194Q payment - Pandey Electricals,1770930.32,1500788.41,3/20/2027,KR,2510000120,LP,Purc of Good-0.1%PMTCOM-PNS393(1)8(ii),0.1,-1500.79
1001,E0121E,Sinha Associates,SINFS2711D,12595239,4/16/2026,INV/2026/00121,3400000121,16290008,GR/IR-Indirect Good,194C payment - Sinha Associates,223146.91,189107.55,4/22/2026,KA,2310000121,CP,Firm - 2%-New Sec-393(1)6(i),2,-3782.15
1079,E0122A,Dubey Contractors,DUBFS3161W,10627036,4/18/2026,INV/2026/00122,3400000122,54200001,Non-Comp-393(1)6(ii),194J payment - Dubey Contractors,383038.74,324609.1,5/5/2026,KA,2310000122,JP,Prof. Serv. Fees@10%-CO-NS393(1)6(iii)(b,10,-32460.91
1081,E0123C,Mishra Steel Works,MISFS9590X,23969699,5/28/2026,INV/2026/00123,,50258000,Purch Offset Account,194Q payment - Mishra Steel Works,2773256.2,2350217.12,6/10/2026,KR,2510000123,LP,Purc of Good-0.1%PMTCOM-PNS393(1)8(ii),0.1,-2350.22
1001,E0124F,Jha Fabrication,JHAFN9838A,15885865,6/28/2026,INV/2026/00124,3400000124,54150002,RENTAL CHARGES - IT ASSETS,194I payment - Jha Fabrication,391862.06,332086.49,7/12/2026,KZ,2610000124,IP,LandBldg/Fur Ind/HUF/Fim10%NS393(1)2(ii),0,0.0
1079,E0125F,Choudhary Logistics,CHOFS1275Z,13030232,7/28/2026,INV/2026/00125,3400000125,54410009,Commission Expense,194H payment - Choudhary Logistics,188048.09,159362.79,8/14/2026,KR,2510000125,HP,Comm/Brokerg Ind/HUF/Firm2%NS393(1)1(ii),2,-3187.26
1081,E0126E,Rathore Engineering,RATFG5629F,22785079,8/29/2026,INV/2026/00126,3400000126,54080001,Interest Expense - Others,194A payment - Rathore Engineering,87630.74,74263.34,9/8/2026,AC,1100000126,AP,Interest Other Than Securities@10%,10,-7426.33
1001,E0127B,Solanki Transport,SOLFT8039J,1111653,10/8/2026,INV/2026/00127,3400000127,54470200,INCENTIVE SPARE PART,194R payment - Solanki Transport,67554.86,57249.88,10/14/2026,KR,2510000127,MI,Ben. 194R @ 10% COM PAN-N/S-393(1)8(iv),10,-5724.99
1079,E0128G,Jadeja Construction,JADFN1829Y,6523757,11/11/2026,INV/2026/00128,3400000128,16290008,GR/IR-Indirect Good,194C payment - Jadeja Construction,630505.0,534326.27,11/22/2026,KR,2510000128,CP,Firm - 2%-New Sec-393(1)6(i),2,-10686.53
1081,E0129B,Parmar Electricals,PARFS6690W,14525519,12/10/2026,INV/2026/00129,3400000129,54210099,Professional- Others,194J payment - Parmar Electricals,430042.02,364442.39,12/15/2026,KZ,2610000129,JP,Prof. Serv. Fees@10%-CO-NS393(1)6(iii)(b,10,-36444.24
1001,E0130A,Gohil Fabricators,GOHFS6959A,10155642,1/12/2027,INV/2026/00130,3400000130,50258000,Purch Offset Account,194Q payment - Gohil Fabricators,2538270.45,2151076.65,1/25/2027,KR,2510000130,LP,Purc of Good-0.1%PMTCOM-PNS393(1)8(ii),0.1,-2151.08
1079,E0131C,Trivedi Consultants,TRIFS5805R,5750940,2/12/2027,INV/2026/00131,3400000131,16290008,GR/IR-Indirect Good,194C payment - Trivedi Consultants,739551.08,626738.2,2/12/2027,KA,2310000131,CP,Firm - 2%-New Sec-393(1)6(i),2,-12534.76
1081,E0132G,Dave Engineering Works,DAVFS5034T,4799912,3/6/2027,INV/2026/00132,3400000132,16290019,Non-Comp-393(1)6(ii),194J payment - Dave Engineering Works,401072.04,339891.56,3/14/2027,KA,2310000132,JI,TechServFees@2%-IndHUF:NS393(1)6(iii)(a),2,-6797.83
1001,E0133A,Shah Precision Tools,SHAFS5179Z,22513198,4/16/2026,INV/2026/00133,3400000133,50258000,Purch Offset Account,194Q payment - Shah Precision Tools,1516774.41,1285402.04,4/27/2026,KR,2510000133,LP,Purc of Good-0.1%PMTCOM-PNS393(1)8(ii),2,-25708.04
1079,E0134B,Modi Steel Traders,MODFS0562Q,21994685,4/29/2026,INV/2026/00134,3400000134,54150002,RENTAL CHARGES - IT ASSETS,194I payment - Modi Steel Traders,101213.38,85774.05,5/12/2026,KR,2510000134,IP,PlantMach Rent@2%-NS393(1)2(i),2,-1715.48
1081,E0135G,Parekh Logistics,PARFS3338T,21092537,6/22/2026,INV/2026/00135,3400000135,54410009,Commission Expense,194H payment - Parekh Logistics,64294.68,54487.02,6/27/2026,KR,2510000135,HP,Comm/Brokerg Ind/HUF/Firm2%NS393(1)1(ii),1,-544.87
1001,L0136H,Ernst & Young LLP Unit-1,ERNFZ7479M,20606213,7/5/2026,INV/2026/00136,3400000136,54080001,Interest Expense - Others,194A payment - Ernst & Young LLP Unit-1,30079.19,25490.84,7/14/2026,KA,2310000136,AP,Interest Other Than Securities@10%,10,-2549.08
1079,L0137D,Deloitte Touche Tohmatsu India LLP Unit-2,DELFZ1273V,24434336,7/26/2026,INV/2026/00137,3400000137,54470200,INCENTIVE SPARE PART,194R payment - Deloitte Touche Tohmatsu India,311778.89,264219.4,8/1/2026,KR,2510000137,MI,Ben. 194R @ 10% COM PAN-N/S-393(1)8(iv),10,-26421.94
1081,L0138H,KPMG Assurance & Consulting Services LLP Unit-3,KPMFZ3700Z,22315563,9/3/2026,INV/2026/00138,3400000138,16290008,GR/IR-Indirect Good,194C payment - KPMG Assurance & Consulting Se,997801.13,845594.18,9/9/2026,AC,1100000138,CP,Firm - 2%-New Sec-393(1)6(i),2,-16911.88
1001,L0139G,Grant Thornton Bharat LLP Unit-4,GRAFZ4056B,9819762,10/13/2026,INV/2026/00139,3400000139,16290019,Non-Comp-393(1)6(ii),194J payment - Grant Thornton Bharat LLP Unit,928122.06,786544.12,10/19/2026,KZ,2610000139,JI,TechServFees@2%-IndHUF:NS393(1)6(iii)(a),2,-15730.88
1079,L0140H,BDO India LLP Unit-5,BDOFZ7118U,14487439,11/6/2026,INV/2026/00140,3400000140,16290054,OTH-393(1)8(ii),194Q payment - BDO India LLP Unit-5,1232214.66,1044249.71,11/16/2026,KR,2510000140,LP,Purc of Good-0.1%PMTCOM-PNS393(1)8(ii),0.1,-1044.25
1081,L0141C,Walker Chandiok & Co LLP Unit-6,WALFZ8894N,18536218,12/6/2026,INV/2026/00141,,16290008,GR/IR-Indirect Good,194C payment - Walker Chandiok & Co LLP Unit-,780422.65,661375.13,12/9/2026,KR,2510000141,CP,Firm - 2%-New Sec-393(1)6(i),0,0.0
1001,L0142F,S R Batliboi & Associates LLP,SRBFP8332Y,17819442,1/23/2027,INV/2026/00142,,54210099,Professional- Others,194J payment - S R Batliboi & Associates LLP,499222.68,423070.07,1/25/2027,KA,2310000142,JP,Prof. Serv. Fees@10%-CO-NS393(1)6(iii)(b,0,0.0
1079,L0143D,Khaitan & Co LLP,KHAFP9002P,12097687,2/8/2027,INV/2026/00143,3400000143,16290054,OTH-393(1)8(ii),194Q payment - Khaitan & Co LLP,2012476.39,1705488.47,2/14/2027,KA,2310000143,LP,Purc of Good-0.1%PMTCOM-PNS393(1)8(ii),0.1,-1705.49
1081,L0144H,Ernst & Young LLP Unit-9,ERNFZ3428L,13974753,3/5/2027,INV/2026/00144,,54150002,RENTAL CHARGES - IT ASSETS,194I payment - Ernst & Young LLP Unit-9,257699.0,218388.98,3/21/2027,AC,1100000144,IP,LandBldg/Fur Ind/HUF/Fim10%NS393(1)2(ii),10,-21838.9
1001,L0145G,Deloitte Touche Tohmatsu India LLP Unit-10,DELFZ2277H,8008381,4/21/2026,INV/2026/00145,,54410009,Commission Expense,194H payment - Deloitte Touche Tohmatsu India,73202.57,62036.08,4/21/2026,KA,2310000145,HP,Comm/Brokerg Ind/HUF/Firm2%NS393(1)1(ii),2,-1240.72
1079,L0146B,KPMG Assurance & Consulting Services LLP Unit-11,KPMFZ5927Z,19136689,5/2/2026,INV/2026/00146,3400000146,16290008,GR/IR-Indirect Good,194C payment - KPMG Assurance & Consulting Se,565439.79,479186.26,5/12/2026,KA,2310000146,CP,Firm - 2%-New Sec-393(1)6(i),2,-9583.73
1081,L0147B,Grant Thornton Bharat LLP Unit-12,GRAFZ1786O,15424028,6/19/2026,INV/2026/00147,3400000147,54470200,INCENTIVE SPARE PART,194R payment - Grant Thornton Bharat LLP Unit,328627.68,278498.03,6/28/2026,KA,2310000147,MI,Ben. 194R @ 10% COM PAN-N/S-393(1)8(iv),10,-27849.8
1001,L0148B,BDO India LLP Unit-13,BDOFZ1495H,15526638,6/22/2026,INV/2026/00148,,16290008,GR/IR-Indirect Good,194C payment - BDO India LLP Unit-13,60382.89,51171.94,7/10/2026,KR,2510000148,CP,Firm - 2%-New Sec-393(1)6(i),2,-1023.44
1079,L0149G,Walker Chandiok & Co LLP Unit-14,WALFZ1504T,3392259,8/6/2026,INV/2026/00149,,16290019,Non-Comp-393(1)6(ii),194J payment - Walker Chandiok & Co LLP Unit-,168954.06,143181.41,8/23/2026,AC,1100000149,JI,TechServFees@2%-IndHUF:NS393(1)6(iii)(a),2,-2863.63
1081,L0150B,S R Batliboi & Associates LLP Unit-15,SRBFZ9193O,7846633,9/9/2026,INV/2026/00150,,50080002,Retro Price Chan-Mat,194Q payment - S R Batliboi & Associates LLP ,1063654.22,901401.88,9/26/2026,KR,2510000150,LP,Purc of Good-0.1%PMTCOM-PNS393(1)8(ii),1,-9014.02
1001,I0151D,Rakesh Trivedi,RAKPI0602A,18425820,9/27/2026,INV/2026/00151,,16290009,Non-Companies-393(1),194C payment - Rakesh Trivedi,476084.17,403461.16,10/6/2026,KZ,2610000151,CP,Ind/HUF - 1%-New Sec-393(1)6(i),1,-4034.61
1079,I0152F,Janorkar Dhillon,JANPN0639M,22949044,11/8/2026,INV/2026/00152,3400000152,16290019,Non-Comp-393(1)6(ii),194J payment - Janorkar Dhillon,128808.76,109159.97,11/22/2026,KR,2510000152,JI,TechServFees@2%-IndHUF:NS393(1)6(iii)(a),2,-2183.2
1081,I0153H,Pradhan Modi,PRAPI6148J,24603528,11/18/2026,INV/2026/00153,,16290009,Non-Companies-393(1),194C payment - Pradhan Modi,80521.61,68238.65,12/4/2026,KR,2510000153,CP,Ind/HUF - 1%-New Sec-393(1)6(i),1,-682.39
1001,I0154F,Vijay Dhillon,VIJPN9453P,2360704,1/24/2027,INV/2026/00154,3400000154,54150001,Rent - Office Building,194I payment - Vijay Dhillon,176245.05,149360.21,1/24/2027,KR,2510000154,IP,LandBldg/Fur Ind/HUF/Fim10%NS393(1)2(ii),10,-14936.02
1079,I0155B,Ramesh Gill,RAMPL1846V,5047546,1/29/2027,INV/2026/00155,,54410009,Commission Expense,194H payment - Ramesh Gill,41534.19,35198.47,2/10/2027,KA,2310000155,HP,Comm/Brokerg Ind/HUF/Firm2%NS393(1)1(ii),2,-703.97
1081,I0156E,Manpreet Gupta,MANPA5763I,23490604,2/20/2027,INV/2026/00156,3400000156,54080001,Interest Expense - Others,194A payment - Manpreet Gupta,163675.48,138708.03,3/8/2027,KR,2510000156,AP,Interest Other Than Securities@10%,10,-13870.8
1001,I0157G,Dinesh Choudhary,DINPY8470C,3502845,4/4/2026,INV/2026/00157,,54470200,INCENTIVE SPARE PART,194R payment - Dinesh Choudhary,186104.79,157715.92,4/5/2026,KR,2510000157,MI,Ben. 194R @ 10% COM PAN-N/S-393(1)8(iv),10,-15771.59
1079,I0158B,Rakesh Bedi,RAKPI2203H,8954038,4/24/2026,INV/2026/00158,3400000158,16290009,Non-Companies-393(1),194C payment - Rakesh Bedi,95403.31,80850.26,5/7/2026,AC,1100000158,CP,Ind/HUF - 1%-New Sec-393(1)6(i),0.5,-404.25
1081,I0159F,Pradhan Thakur,PRAPR3108Q,20131078,6/7/2026,INV/2026/00159,3400000159,16290019,Non-Comp-393(1)6(ii),194J payment - Pradhan Thakur,299610.9,253907.54,6/18/2026,KZ,2610000159,JP,Prof.ServFee@10%-IndHUF-NS393(1)6(iii)(b,10,-25390.75
1001,I0160A,Manpreet Solanki,MANPI9912Q,1667246,7/12/2026,INV/2026/00160,3400000160,16290009,Non-Companies-393(1),194C payment - Manpreet Solanki,374177.0,317099.15,7/12/2026,AC,1100000160,CP,Ind/HUF - 1%-New Sec-393(1)6(i),1,-3170.99
1079,I0161E,Jaspreet Brar,JASPR0856X,9486606,7/20/2026,INV/2026/00161,,16290009,Non-Companies-393(1),194C payment - Jaspreet Brar,448311.98,379925.41,8/6/2026,AC,1100000161,CP,Ind/HUF - 1%-New Sec-393(1)6(i),1,-3799.25
1081,I0162G,Nilesh Sinha,NILPA4469K,12039941,9/12/2026,INV/2026/00162,3400000162,16290019,Non-Comp-393(1)6(ii),194J payment - Nilesh Sinha,620231.67,525620.06,9/28/2026,KR,2510000162,JI,TechServFees@2%-IndHUF:NS393(1)6(iii)(a),2,-10512.4
1001,I0163D,Dinesh Sharma,DINPA5385V,17240533,9/28/2026,INV/2026/00163,3400000163,16290009,Non-Companies-393(1),194C payment - Dinesh Sharma,532521.72,451289.59,10/14/2026,KA,2310000163,CP,Ind/HUF - 1%-New Sec-393(1)6(i),1,-4512.9
1079,I0164F,Jaspreet Menon,JASPN7308P,12115659,11/22/2026,INV/2026/00164,3400000164,54150001,Rent - Office Building,194I payment - Jaspreet Menon,290524.38,246207.1,11/26/2026,KR,2510000164,IP,LandBldg/Fur Ind/HUF/Fim10%NS393(1)2(ii),10,-24620.71
1081,I0165F,Subash Sharma,SUBPA2058R,22312781,12/22/2026,INV/2026/00165,3400000165,54410009,Commission Expense,194H payment - Subash Sharma,102298.8,86693.9,12/23/2026,KR,2510000165,HP,Comm/Brokerg Ind/HUF/Firm2%NS393(1)1(ii),0,0.0
1001,I0166A,Manoj Sidhu,MANPU8121D,16028502,12/29/2026,INV/2026/00166,3400000166,16290009,Non-Companies-393(1),194C payment - Manoj Sidhu,188629.74,159855.71,1/15/2027,KA,2310000166,CP,Ind/HUF - 1%-New Sec-393(1)6(i),1,-1598.56
1079,I0167H,Mohit Pillai,MOHPI3231X,14545988,1/25/2027,INV/2026/00167,,54470200,INCENTIVE SPARE PART,194R payment - Mohit Pillai,342125.62,289936.97,2/5/2027,KR,2510000167,MI,Ben. 194R @ 10% COM PAN-N/S-393(1)8(iv),1,-2899.37
1081,I0168E,Dinesh Parekh,DINPH3916N,6478288,2/25/2027,INV/2026/00168,3400000168,16290009,Non-Companies-393(1),194C payment - Dinesh Parekh,605728.56,513329.29,3/9/2027,KR,2510000168,CP,Ind/HUF - 1%-New Sec-393(1)6(i),1,-5133.29
1001,I0169F,Anita Sandhu,ANIPU6820N,3400762,4/2/2026,INV/2026/00169,3400000169,16290019,Non-Comp-393(1)6(ii),194J payment - Anita Sandhu,830315.94,703657.58,4/16/2026,AC,1100000169,JI,TechServFees@2%-IndHUF:NS393(1)6(iii)(a),2,-14073.15
1079,I0170H,Deepak Thakur,DEEPR2836R,18166742,5/1/2026,INV/2026/00170,3400000170,16290009,Non-Companies-393(1),194C payment - Deepak Thakur,959952.2,813518.81,5/13/2026,KA,2310000170,CP,Ind/HUF - 1%-New Sec-393(1)6(i),1,-8135.19
1081,I0171E,Gaurav Kulkarni,GAUPI0971N,19067155,6/3/2026,INV/2026/00171,3400000171,16290009,Non-Companies-393(1),194C payment - Gaurav Kulkarni,367585.74,311513.34,6/8/2026,KR,2510000171,CP,Ind/HUF - 1%-New Sec-393(1)6(i),1,-3115.13
1001,I0172B,Mahesh Pandey,MAHPY2876B,14316286,6/29/2026,INV/2026/00172,3400000172,54210099,Professional- Others,194J payment - Mahesh Pandey,510830.54,432907.24,7/13/2026,KR,2510000172,JP,Prof.ServFee@10%-IndHUF-NS393(1)6(iii)(b,10,-43290.72
1079,I0173E,Mahesh Grewal,MAHPL4817W,16577052,8/5/2026,INV/2026/00173,3400000173,16290009,Non-Companies-393(1),194C payment - Mahesh Grewal,672850.48,570212.27,8/7/2026,KA,2310000173,CP,Ind/HUF - 1%-New Sec-393(1)6(i),1,-5702.12
1081,I0174B,Mukesh Sinha,MUKPA9696B,12173430,8/29/2026,INV/2026/00174,3400000174,54150002,RENTAL CHARGES - IT ASSETS,194I payment - Mukesh Sinha,156515.58,132640.32,9/16/2026,KA,2310000174,IP,LandBldg/Fur Ind/HUF/Fim10%NS393(1)2(ii),0.5,-663.2
1001,I0175C,Balwinder Banerjee,BALPE9731X,7644664,10/20/2026,INV/2026/00175,3400000175,54410009,Commission Expense,194H payment - Balwinder Banerjee,106111.15,89924.7,10/27/2026,KR,2510000175,HP,Comm/Brokerg Ind/HUF/Firm2%NS393(1)1(ii),2,-1798.49
1079,I0176G,Kavita Chopra,KAVPA6368Q,1731303,11/9/2026,INV/2026/00176,,54080001,Interest Expense - Others,194A payment - Kavita Chopra,115968.72,98278.58,11/12/2026,KR,2510000176,AP,Interest Other Than Securities@10%,10,-9827.86
1081,I0177C,Naresh Pillai,NARPI8306D,20469414,11/26/2026,INV/2026/00177,,54470200,INCENTIVE SPARE PART,194R payment - Naresh Pillai,294923.25,249934.96,12/1/2026,KR,2510000177,MI,Ben. 194R @ 10% COM PAN-N/S-393(1)8(iv),10,-24993.5
1001,I0178B,Nitin Patel,NITPL9863G,4381214,1/4/2027,INV/2026/00178,,16290009,Non-Companies-393(1),194C payment - Nitin Patel,696919.13,590609.43,1/10/2027,KA,2310000178,CP,Ind/HUF - 1%-New Sec-393(1)6(i),1,-5906.09
1079,I0179B,Rakesh Sidhu,RAKPU4961V,8434791,2/19/2027,INV/2026/00179,3400000179,54210099,Professional- Others,194J payment - Rakesh Sidhu,385488.9,326685.51,2/20/2027,KR,2510000179,JP,Prof.ServFee@10%-IndHUF-NS393(1)6(iii)(b,10,-32668.55
1081,I0180H,Vikram Parekh,VIKPH7739V,3877002,2/24/2027,INV/2026/00180,,16290009,Non-Companies-393(1),194C payment - Vikram Parekh,896446.63,759700.53,3/3/2027,AC,1100000180,CP,Ind/HUF - 1%-New Sec-393(1)6(i),1,-7597.01
1001,I0181B,Balwinder Verma,BALPA0866U,24714564,4/18/2026,INV/2026/00181,3400000181,16290009,Non-Companies-393(1),194C payment - Balwinder Verma,507653.23,430214.6,4/26/2026,AC,1100000181,CP,Ind/HUF - 1%-New Sec-393(1)6(i),1,-4302.15
1079,I0182D,Amit Solanki,AMIPI9603J,10153526,5/9/2026,INV/2026/00182,3400000182,54200001,Non-Comp-393(1)6(ii),194J payment - Amit Solanki,138773.23,117604.43,5/23/2026,KR,2510000182,JP,Prof.ServFee@10%-IndHUF-NS393(1)6(iii)(b,10,-11760.44
1081,I0183F,Mahesh Dhillon,MAHPN0602V,14476999,5/19/2026,INV/2026/00183,3400000183,16290009,Non-Companies-393(1),194C payment - Mahesh Dhillon,80952.65,68603.94,6/6/2026,KR,2510000183,CP,Ind/HUF - 1%-New Sec-393(1)6(i),0,0.0
1001,I0184E,Anita Arora,ANIPA1036Z,17507967,7/4/2026,INV/2026/00184,3400000184,54150001,Rent - Office Building,194I payment - Anita Arora,299655.22,253945.1,7/14/2026,KA,2310000184,IP,LandBldg/Fur Ind/HUF/Fim10%NS393(1)2(ii),10,-25394.51
1079,I0185C,Vijay Reddy,VIJPY5625U,21753750,8/1/2026,INV/2026/00185,3400000185,54410009,Commission Expense,194H payment - Vijay Reddy,186825.58,158326.76,8/18/2026,AC,1100000185,HP,Comm/Brokerg Ind/HUF/Firm2%NS393(1)1(ii),2,-3166.54
1081,I0186F,Pooja Bedi,POOPI0264R,9062358,8/22/2026,INV/2026/00186,3400000186,54080001,Interest Expense - Others,194A payment - Pooja Bedi,93506.39,79242.7,9/3/2026,KR,2510000186,AP,Interest Other Than Securities@10%,10,-7924.27
1001,I0187B,Deepak Rao,DEEPO2963K,9023706,10/4/2026,INV/2026/00187,3400000187,54470200,INCENTIVE SPARE PART,194R payment - Deepak Rao,61512.87,52129.55,10/22/2026,KA,2310000187,MI,Ben. 194R @ 10% COM PAN-N/S-393(1)8(iv),10,-5212.95
1079,I0188D,Dinesh Pandey,DINPY5607X,8916469,10/29/2026,INV/2026/00188,3400000188,16290009,Non-Companies-393(1),194C payment - Dinesh Pandey,208321.22,176543.41,11/5/2026,KR,2510000188,CP,Ind/HUF - 1%-New Sec-393(1)6(i),1,-1765.43
1081,I0189H,Ashok Brar,ASHPR4153B,9643461,12/17/2026,INV/2026/00189,3400000189,16290019,Non-Comp-393(1)6(ii),194J payment - Ashok Brar,646797.13,548133.16,12/21/2026,KZ,2610000189,JI,TechServFees@2%-IndHUF:NS393(1)6(iii)(a),2,-10962.66
1001,I0190D,Rakesh Banerjee,RAKPE5025N,1450025,1/14/2027,INV/2026/00190,,16290009,Non-Companies-393(1),194C payment - Rakesh Banerjee,871620.72,738661.63,1/15/2027,AC,1100000190,CP,Ind/HUF - 1%-New Sec-393(1)6(i),1,-7386.62
1079,I0191G,Nilesh Sharma,NILPA9581N,22992920,2/3/2027,INV/2026/00191,,16290009,Non-Companies-393(1),194C payment - Nilesh Sharma,195602.48,165764.81,2/19/2027,AC,1100000191,CP,Ind/HUF - 1%-New Sec-393(1)6(i),1,-1657.65
1081,I0192C,Amit Kapoor,AMIPR4834C,23117967,3/21/2027,INV/2026/00192,3400000192,54210099,Professional- Others,194J payment - Amit Kapoor,831167.33,704379.09,3/21/2027,KZ,2610000192,JP,Prof.ServFee@10%-IndHUF-NS393(1)6(iii)(b,10,-70437.91
1001,I0193A,Patil Jain,PATPN6164T,23323907,4/1/2026,INV/2026/00193,3400000193,16290009,Non-Companies-393(1),194C payment - Patil Jain,427817.47,362557.18,4/14/2026,AC,1100000193,CP,Ind/HUF - 1%-New Sec-393(1)6(i),1,-3625.57
1079,I0194H,Manpreet Kapoor,MANPR2745H,13408072,5/13/2026,INV/2026/00194,3400000194,54150002,RENTAL CHARGES - IT ASSETS,194I payment - Manpreet Kapoor,322106.44,272971.56,5/27/2026,KZ,2610000194,IP,LandBldg/Fur Ind/HUF/Fim10%NS393(1)2(ii),10,-27297.16
1081,I0195C,Sunita Verma,SUNPA6242C,24183864,6/20/2026,INV/2026/00195,3400000195,54410009,Commission Expense,194H payment - Sunita Verma,71944.47,60969.89,6/26/2026,KR,2510000195,HP,Comm/Brokerg Ind/HUF/Firm2%NS393(1)1(ii),2,-1219.4
1001,I0196A,Ashok Thakur,ASHPR1993Z,13922945,7/9/2026,INV/2026/00196,,54080001,Interest Expense - Others,194A payment - Ashok Thakur,31077.35,26336.74,7/17/2026,KA,2310000196,AP,Interest Other Than Securities@10%,10,-2633.67
1079,I0197G,Mohit Gill,MOHPL5445W,15999172,8/1/2026,INV/2026/00197,3400000197,54470200,INCENTIVE SPARE PART,194R payment - Mohit Gill,281203.24,238307.83,8/1/2026,KR,2510000197,MI,Ben. 194R @ 10% COM PAN-N/S-393(1)8(iv),0.5,-1191.54
1081,I0198D,Nikhil Desai,NIKPI4822Q,1039561,9/7/2026,INV/2026/00198,3400000198,16290009,Non-Companies-393(1),194C payment - Nikhil Desai,417909.44,354160.54,9/18/2026,KR,2510000198,CP,Ind/HUF - 1%-New Sec-393(1)6(i),1,-3541.61
1001,I0199H,Janorkar Parekh,JANPH7150R,22528290,10/10/2026,INV/2026/00199,3400000199,16290019,Non-Comp-393(1)6(ii),194J payment - Janorkar Parekh,790103.15,669578.94,10/25/2026,KZ,2610000199,JI,TechServFees@2%-IndHUF:NS393(1)6(iii)(a),2,-13391.58
1079,I0200F,Nilesh Reddy,NILPY5621Q,13815083,10/27/2026,INV/2026/00200,,16290009,Non-Companies-393(1),194C payment - Nilesh Reddy,790844.72,670207.39,11/12/2026,KZ,2610000200,CP,Ind/HUF - 1%-New Sec-393(1)6(i),1,-6702.07
1081,I0201C,Jaspreet Modi,JASPI1732B,15181662,12/8/2026,INV/2026/00201,,16290009,Non-Companies-393(1),194C payment - Jaspreet Modi,694522.34,588578.25,12/13/2026,KA,2310000201,CP,Ind/HUF - 1%-New Sec-393(1)6(i),1,-5885.78
1001,I0202F,Rajesh Chopra,RAJPA8120L,24488337,1/16/2027,INV/2026/00202,,16290019,Non-Comp-393(1)6(ii),194J payment - Rajesh Chopra,966211.28,818823.12,1/20/2027,KR,2510000202,JI,TechServFees@2%-IndHUF:NS393(1)6(iii)(a),2,-16376.46
1079,I0203C,Shettigar Yadav,SHEPV8264D,4858908,2/3/2027,INV/2026/00203,3400000203,16290009,Non-Companies-393(1),194C payment - Shettigar Yadav,553728.53,469261.47,2/3/2027,KR,2510000203,CP,Ind/HUF - 1%-New Sec-393(1)6(i),1,-4692.61
1081,I0204D,Sanjay Modi,SANPI3774Z,17261726,3/1/2027,INV/2026/00204,,54150001,Rent - Office Building,194I payment - Sanjay Modi,415565.67,352174.3,3/2/2027,AC,1100000204,IP,LandBldg/Fur Ind/HUF/Fim10%NS393(1)2(ii),10,-35217.43
1001,I0205E,Nilesh Solanki,NILPI5479E,15825216,4/12/2026,INV/2026/00205,3400000205,54410009,Commission Expense,194H payment - Nilesh Solanki,163052.27,138179.89,4/24/2026,KA,2310000205,HP,Comm/Brokerg Ind/HUF/Firm2%NS393(1)1(ii),2,-2763.6
1079,H0206E,Ramesh Kumar HUF,RAMHF9131R,22310495,4/20/2026,INV/2026/00206,3400000206,54080001,Interest Expense - Others,194A payment - Ramesh Kumar HUF,127638.72,108168.41,5/5/2026,KZ,2610000206,AP,Interest Other Than Securities@10%,10,-10816.84
1081,H0207E,Suresh Chandra HUF,SURHF3987X,8239232,6/20/2026,INV/2026/00207,,54470200,INCENTIVE SPARE PART,194R payment - Suresh Chandra HUF,105700.6,89576.78,6/20/2026,KA,2310000207,MI,Ben. 194R @ 10% COM PAN-N/S-393(1)8(iv),10,-8957.68
1001,H0208F,Anil Mehta HUF,ANIHF6784W,2779628,7/11/2026,INV/2026/00208,3400000208,16290009,Non-Companies-393(1),194C payment - Anil Mehta HUF,41737.46,35370.73,7/18/2026,KR,2510000208,CP,Ind/HUF - 1%-New Sec-393(1)6(i),1,-353.71
1079,H0209E,Vikram Patel HUF,VIKHF6043C,10121484,8/7/2026,INV/2026/00209,3400000209,16290019,Non-Comp-393(1)6(ii),194J payment - Vikram Patel HUF,247392.4,209654.58,8/26/2026,KA,2310000209,JP,Prof.ServFee@10%-IndHUF-NS393(1)6(iii)(b,10,-20965.46
1081,H0210B,Rajesh Agarwal HUF,RAJHF3193L,17290949,9/14/2026,INV/2026/00210,,16290009,Non-Companies-393(1),194C payment - Rajesh Agarwal HUF,748867.73,634633.67,9/18/2026,KA,2310000210,CP,Ind/HUF - 1%-New Sec-393(1)6(i),1,-6346.34
1001,H0211E,Mahesh Shah HUF,MAHHF0335S,8272647,10/7/2026,INV/2026/00211,3400000211,16290009,Non-Companies-393(1),194C payment - Mahesh Shah HUF,230100.13,195000.11,10/24/2026,KZ,2610000211,CP,Ind/HUF - 1%-New Sec-393(1)6(i),1,-1950.0
1079,H0212A,Prakash Jain HUF,PRAHF7723X,11997810,11/21/2026,INV/2026/00212,3400000212,54210099,Professional- Others,194J payment - Prakash Jain HUF,484009.69,410177.7,11/27/2026,KR,2510000212,JP,Prof.ServFee@10%-IndHUF-NS393(1)6(iii)(b,10,-41017.77
1081,H0213B,Dinesh Gupta HUF,DINHF6286R,14490265,11/26/2026,INV/2026/00213,3400000213,16290009,Non-Companies-393(1),194C payment - Dinesh Gupta HUF,327766.33,277768.08,12/4/2026,AC,1100000213,CP,Ind/HUF - 1%-New Sec-393(1)6(i),1,-2777.68
1001,H0214B,Sunil Sharma HUF,SUNHF9253G,3400844,1/3/2027,INV/2026/00214,3400000214,54150002,RENTAL CHARGES - IT ASSETS,194I payment - Sunil Sharma HUF,145350.05,123178.01,1/15/2027,KZ,2610000214,IP,PlantMach Rent@2%-NS393(1)2(i),2,-2463.56
1079,H0215G,Amit Verma HUF,AMIHF0888X,8121852,2/15/2027,INV/2026/00215,3400000215,54410009,Commission Expense,194H payment - Amit Verma HUF,173166.35,146751.14,2/25/2027,KZ,2610000215,HP,Comm/Brokerg Ind/HUF/Firm2%NS393(1)1(ii),2,-2935.02
1081,H0216F,Ramesh Kumar HUF Unit-11,RAMHZ7318N,10559748,2/15/2027,INV/2026/00216,3400000216,54080001,Interest Expense - Others,194A payment - Ramesh Kumar HUF Unit-11,29436.39,24946.09,3/7/2027,KZ,2610000216,AP,Interest Other Than Securities@10%,10,-2494.61
1001,H0217H,Suresh Chandra HUF Unit-12,SURHZ0454G,10246036,4/10/2026,INV/2026/00217,3400000217,54470200,INCENTIVE SPARE PART,194R payment - Suresh Chandra HUF Unit-12,145302.36,123137.59,4/17/2026,KA,2310000217,MI,Ben. 194R @ 10% COM PAN-N/S-393(1)8(iv),10,-12313.76
1079,T0218D,Yuvashakti Foundation,YUVTN0584V,21617257,5/22/2026,INV/2026/00218,,16290008,GR/IR-Indirect Good,194C payment - Yuvashakti Foundation,437576.69,370827.7,5/24/2026,KA,2310000218,CP,Firm - 2%-New Sec-393(1)6(i),2,-7416.55
1081,T0219A,Bharatiya Vidya Bhavan Trust,BHATT4950E,5838434,5/20/2026,INV/2026/00219,3400000219,16290019,Non-Comp-393(1)6(ii),194J payment - Bharatiya Vidya Bhavan Trust,933998.19,791523.89,6/9/2026,KA,2310000219,JP,Prof. Serv. Fees@10%-CO-NS393(1)6(iii)(b,10,-79152.39
1001,T0220H,Sri Ramakrishna Mission Trust,SRITT1331W,22713226,6/26/2026,INV/2026/00220,,16290054,OTH-393(1)8(ii),194Q payment - Sri Ramakrishna Mission Trust,1044835.22,885453.58,7/7/2026,KA,2310000220,LP,Purc of Good-0.1%PMTCOM-PNS393(1)8(ii),0.1,-885.45
1079,T0221A,Helpage India Trust,HELTT9853K,12654094,7/23/2026,INV/2026/00221,,16290008,GR/IR-Indirect Good,194C payment - Helpage India Trust,657594.18,557283.2,8/3/2026,KA,2310000221,CP,Firm - 2%-New Sec-393(1)6(i),2,-11145.66
1081,T0222C,CRY Child Rights Trust,CRYTT7530J,2910696,9/24/2026,INV/2026/00222,,16290019,Non-Comp-393(1)6(ii),194J payment - CRY Child Rights Trust,398714.08,337893.29,9/26/2026,AC,1100000222,JP,Prof. Serv. Fees@10%-CO-NS393(1)6(iii)(b,10,-33789.33
1001,T0223D,Akshaya Patra Foundation,AKSTN7883I,11134230,9/24/2026,INV/2026/00223,,50258000,Purch Offset Account,194Q payment - Akshaya Patra Foundation,2614945.53,2216055.53,10/1/2026,KZ,2610000223,LP,Purc of Good-0.1%PMTCOM-PNS393(1)8(ii),0.1,-2216.06
1079,T0224E,GiveIndia Foundation,GIVTN7946U,9334841,11/22/2026,INV/2026/00224,3400000224,54150002,RENTAL CHARGES - IT ASSETS,194I payment - GiveIndia Foundation,288024.14,244088.25,11/28/2026,KZ,2610000224,IP,PlantMach Rent@2%-NS393(1)2(i),2,-4881.76
1081,T0225E,Smile Foundation Trust,SMITT6108A,6113578,11/29/2026,INV/2026/00225,3400000225,54410009,Commission Expense,194H payment - Smile Foundation Trust,84287.87,71430.4,12/13/2026,KR,2510000225,HP,Comm/Brokerg Ind/HUF/Firm2%NS393(1)1(ii),2,-1428.61
1001,T0226A,Pratham Education Foundation,PRATN4710P,9443647,12/25/2026,INV/2026/00226,3400000226,54080001,Interest Expense - Others,194A payment - Pratham Education Foundation,138283.22,117189.17,1/1/2027,KR,2510000226,AP,Interest Other Than Securities@10%,10,-11718.92
1079,T0227B,Teach For India Trust,TEATT5339W,2157500,1/31/2027,INV/2026/00227,3400000227,54470200,INCENTIVE SPARE PART,194R payment - Teach For India Trust,91522.65,77561.57,2/16/2027,AC,1100000227,MI,Ben. 194R @ 10% COM PAN-N/S-393(1)8(iv),10,-7756.16
1081,A0228G,Irrigation Association of India,IRRAA5116R,12232293,3/13/2027,INV/2026/00228,3400000228,16290008,GR/IR-Indirect Good,194C payment - Irrigation Association of Indi,826213.98,700181.34,3/28/2027,KZ,2610000228,CP,Firm - 2%-New Sec-393(1)6(i),2,-14003.63
1001,A0229H,Automotive Component Manufacturers Association,AUTAN9861M,15332925,4/1/2026,INV/2026/00229,,54200001,Non-Comp-393(1)6(ii),194J payment - Automotive Component Manufactu,715881.9,606679.58,4/1/2026,KR,2510000229,JP,Prof. Serv. Fees@10%-CO-NS393(1)6(iii)(b,10,-60667.96
1079,A0230B,Confederation of Indian Industry,CONAY5774S,9310568,4/29/2026,INV/2026/00230,3400000230,16290054,OTH-393(1)8(ii),194Q payment - Confederation of Indian Indust,1173610.19,994584.91,5/19/2026,KA,2310000230,LP,Purc of Good-0.1%PMTCOM-PNS393(1)8(ii),0.1,-994.58
1081,A0231D,Federation of Indian Chambers of Commerce,FEDAE5542K,21336514,6/7/2026,INV/2026/00231,3400000231,16290008,GR/IR-Indirect Good,194C payment - Federation of Indian Chambers ,58448.63,49532.74,6/21/2026,KR,2510000231,CP,Firm - 2%-New Sec-393(1)6(i),2,-990.65
1001,A0232B,Indian Machine Tool Manufacturers Association,INDAN5263D,2219715,7/6/2026,INV/2026/00232,3400000232,54200001,Non-Comp-393(1)6(ii),194J payment - Indian Machine Tool Manufactur,537268.51,455312.3,7/17/2026,KR,2510000232,JP,Prof. Serv. Fees@10%-CO-NS393(1)6(iii)(b,10,-45531.23
1079,A0233E,Electronics Industries Association of India,ELEAA6571Z,7306898,8/14/2026,INV/2026/00233,3400000233,16290053,COMP-393(1)8(ii),194Q payment - Electronics Industries Associa,1955557.17,1657251.84,8/23/2026,AC,1100000233,LP,Purc of Good-0.1%PMTCOM-PNS393(1)8(ii),0.1,-1657.25
1081,A0234E,Builders Association of India,BUIAA9240B,9778939,8/20/2026,INV/2026/00234,,54150001,Rent - Office Building,194I payment - Builders Association of India,204693.8,173469.32,9/4/2026,KR,2510000234,IP,LandBldg/Fur Ind/HUF/Fim10%NS393(1)2(ii),10,-17346.93
1001,A0235A,Indian Plumbing Association,INDAN2484H,6628633,9/19/2026,INV/2026/00235,,54410009,Commission Expense,194H payment - Indian Plumbing Association,84041.48,71221.59,10/9/2026,AC,1100000235,HP,Comm/Brokerg Ind/HUF/Firm2%NS393(1)1(ii),2,-1424.43
1079,LDC0241A,Lower Deduction Certificate Ltd,LOWCD2468H,3018551,11/3/2026,INV/2026/00236,3400000236,54080001,Interest Expense - Others,194A payment - Lower Deduction Certificate Lt,112741.05,95543.26,11/9/2026,AC,1100000236,AP,Interest Other Than Securities@10%,1,-955.43
1081,LDC0242H,LDC Rate Engineering Works,LDCFS0783X,5025179,12/20/2026,INV/2026/00237,3400000237,54470200,INCENTIVE SPARE PART,194R payment - LDC Rate Engineering Works,73029.81,61889.67,12/23/2026,KR,2510000237,MI,Ben. 194R @ 10% COM PAN-N/S-393(1)8(iv),0.5,-309.45
1001,LDC0243G,Expired LDC Consulting Pvt Ltd,EXPCD5434U,9708263,1/15/2027,INV/2026/00238,3400000238,16290008,GR/IR-Indirect Good,194C payment - Expired LDC Consulting Pvt Ltd,890602.5,754747.88,1/22/2027,KZ,2610000238,CP,Cont. Cos - 2%-New Sec-393(1)6(i),2,-15094.96
1079,QTH0244D,Threshold Goods Suppliers Pvt Ltd,THRCD7444Y,3102636,2/4/2027,INV/2026/00239,3400000239,16290019,Non-Comp-393(1)6(ii),194J payment - Threshold Goods Suppliers Pvt ,102084.61,86512.38,2/23/2027,AC,1100000239,JP,Prof. Serv. Fees@10%-CO-NS393(1)6(iii)(b,10,-8651.24
1081,QTH0245F,Mega Purchase Components Ltd,MEGCD2355D,24524811,3/1/2027,INV/2026/00240,,16290053,COMP-393(1)8(ii),194Q payment - Mega Purchase Components Ltd,1906278.2,1615490.0,3/7/2027,KR,2510000240,LP,Purc of Good-0.1%PMTCOM-PNS393(1)8(ii),0.1,-1615.49
1001,QTH0246F,Below Threshold Parts India Ltd,BELCD0690T,19285293,4/1/2026,INV/2026/00241,,16290008,GR/IR-Indirect Good,194C payment - Below Threshold Parts India Lt,763696.4,647200.34,4/9/2026,KZ,2610000241,CP,Cont. Cos - 2%-New Sec-393(1)6(i),2,-12944.01
1079,ADV0247A,Advance Payment Contractors Pvt Ltd,ADVCD8622X,13401053,5/2/2026,INV/2026/00242,3400000242,54200001,Non-Comp-393(1)6(ii),194J payment - Advance Payment Contractors Pv,950245.47,805292.77,5/2/2026,KR,2510000242,JP,Prof. Serv. Fees@10%-CO-NS393(1)6(iii)(b,10,-80529.28
1081,ADV0248A,Partial Advance Builders,PARFS8243S,6358233,6/25/2026,INV/2026/00243,,50080002,Retro Price Chan-Mat,194Q payment - Partial Advance Builders,2237578.45,1896252.92,6/27/2026,KR,2510000243,LP,Purc of Good-0.1%PMTCOM-PNS393(1)8(ii),0.1,-1896.25
1001,DUP0249E,Duplicate Invoice Systems Ltd,DUPCD6474G,9636034,7/1/2026,INV/2026/00244,,54150001,Rent - Office Building,194I payment - Duplicate Invoice Systems Ltd,181349.95,153686.4,7/16/2026,KR,2510000244,IP,LandBldg/Fur Ind/HUF/Fim10%NS393(1)2(ii),10,-15368.64
1079,DUP0250B,Duplicate Payment Traders,DUPFS9722M,4396294,8/6/2026,INV/2026/00245,3400000245,54410009,Commission Expense,194H payment - Duplicate Payment Traders,143931.96,121976.24,8/15/2026,KZ,2610000245,HP,Comm/Brokerg Ind/HUF/Firm2%NS393(1)1(ii),2,-2439.52
1081,CRN0251D,Credit Note Solutions Pvt Ltd,CRECD8281T,23932383,8/25/2026,INV/2026/00246,3400000246,54080001,Interest Expense - Others,194A payment - Credit Note Solutions Pvt Ltd,97667.61,82769.16,9/6/2026,KZ,2610000246,AP,Interest Other Than Securities@10%,10,-8276.92
1001,DBN0252H,Debit Note Materials Ltd,DEBCD6434Z,14175253,10/12/2026,INV/2026/00247,,54470200,INCENTIVE SPARE PART,194R payment - Debit Note Materials Ltd,348515.02,295351.71,10/21/2026,KZ,2610000247,MI,Ben. 194R @ 10% COM PAN-N/S-393(1)8(iv),10,-29535.17
1079,REV0253F,Reverse Entry Services Pvt Ltd,REVCD1178E,4166861,11/18/2026,INV/2026/00248,3400000248,16290008,GR/IR-Indirect Good,194C payment - Reverse Entry Services Pvt Ltd,153446.87,130039.72,11/22/2026,KA,2310000248,CP,Cont. Cos - 2%-New Sec-393(1)6(i),2,-2600.79
1081,ADJ0254G,Adjustment Entry Works,ADJFS8290B,6712894,12/7/2026,INV/2026/00249,3400000249,16290019,Non-Comp-393(1)6(ii),194J payment - Adjustment Entry Works,976834.95,827826.23,12/18/2026,AC,1100000249,JI,TechServFees@2%-IndHUF:NS393(1)6(iii)(a),2,-16556.52
1001,WRG0256B,Wrong Section Mapping Pvt Ltd,WROCD4607S,24995660,12/31/2026,INV/2026/00250,3400000250,50080002,Retro Price Chan-Mat,194Q payment - Wrong Section Mapping Pvt Ltd,1714588.79,1453041.35,1/16/2027,KA,2310000250,LP,Purc of Good-0.1%PMTCOM-PNS393(1)8(ii),0.1,-1453.04
1079,WRG0257C,Wrong Rate Contractors,WROFS4825X,14889517,2/4/2027,INV/2026/00251,,16290008,GR/IR-Indirect Good,194C payment - Wrong Rate Contractors,939562.87,796239.72,2/23/2027,KR,2510000251,CP,Firm - 2%-New Sec-393(1)6(i),2,-15924.79
1081,GLX0258E,Wrong GL Mapping Services Ltd,WROCD2387Z,12816894,3/23/2027,INV/2026/00252,3400000252,16290019,Non-Comp-393(1)6(ii),194J payment - Wrong GL Mapping Services Ltd,713947.07,605039.89,3/25/2027,KZ,2610000252,JP,Prof. Serv. Fees@10%-CO-NS393(1)6(iii)(b,10,-60503.99
1001,MIX0259D,Mixed Issues Engineering Ltd,MIXCD6355P,4958337,4/2/2026,INV/2026/00253,3400000253,16290054,OTH-393(1)8(ii),194Q payment - Mixed Issues Engineering Ltd,1014382.32,859646.03,4/13/2026,KR,2510000253,LP,Purc of Good-0.1%PMTCOM-PNS393(1)8(ii),0.1,-859.65
1079,MUL0260H,Multi Invoice Vendor Pvt Ltd,MULCD3317H,1612288,5/11/2026,INV/2026/00254,3400000254,54150001,Rent - Office Building,194I payment - Multi Invoice Vendor Pvt Ltd,157595.16,133555.22,5/22/2026,AC,1100000254,IP,LandBldg/Fur Ind/HUF/Fim10%NS393(1)2(ii),10,-13355.52
1081,D0001C,Tata Steel Ltd,TATCD6763J,12841272,5/30/2026,INV/2026/00255,3400000255,54410009,Commission Expense,194H payment - Tata Steel Ltd,39987.55,33887.75,6/2/2026,AC,1100000255,HP,Comm/Brokerg Ind/HUF/Firm2%NS393(1)1(ii),2,-677.75
1001,D0002G,Larsen & Toubro Ltd,LARCD7595X,21727390,7/15/2026,INV/2026/00256,3400000256,16290008,GR/IR-Indirect Good,194C payment - Larsen & Toubro Ltd,113082.66,95832.76,7/21/2026,KR,2510000256,CP,Cont. Cos - 2%-New Sec-393(1)6(i),0,0.0
1079,D0003H,Infosys Ltd,INFCD8748Y,9828960,8/7/2026,INV/2026/00257,3400000257,54470200,INCENTIVE SPARE PART,194R payment - Infosys Ltd,207864.84,176156.64,8/23/2026,AC,1100000257,MI,Ben. 194R @ 10% COM PAN-N/S-393(1)8(iv),10,-17615.66
1081,D0004H,Siemens Ltd,SIECD8419P,19736041,9/14/2026,INV/2026/00258,3400000258,16290008,GR/IR-Indirect Good,194C payment - Siemens Ltd,587396.22,497793.41,9/15/2026,KR,2510000258,CP,Cont. Cos - 2%-New Sec-393(1)6(i),2,-9955.87
1001,D0005E,Blue Star Ltd,BLUCD2478R,16943460,9/29/2026,INV/2026/00259,3400000259,54210099,Professional- Others,194J payment - Blue Star Ltd,635122.27,538239.21,10/8/2026,KR,2510000259,JP,Prof. Serv. Fees@10%-CO-NS393(1)6(iii)(b,10,-53823.92
1079,D0006C,Bosch Ltd,BOSCD8085Y,5510983,10/22/2026,INV/2026/00260,3400000260,50080002,Retro Price Chan-Mat,194Q payment - Bosch Ltd,1413611.22,1197975.61,11/9/2026,AC,1100000260,LP,Purc of Good-0.1%PMTCOM-PNS393(1)8(ii),0.1,-1197.98
1081,D0007H,Cummins India Ltd,CUMCD7918O,19282759,12/11/2026,INV/2026/00261,3400000261,16290008,GR/IR-Indirect Good,194C payment - Cummins India Ltd,857678.73,726846.38,12/28/2026,KR,2510000261,CP,Cont. Cos - 2%-New Sec-393(1)6(i),2,-14536.93
1001,D0008C,ABB India Ltd,ABBCD8474U,8509229,12/19/2026,INV/2026/00262,,54210099,Professional- Others,194J payment - ABB India Ltd,398630.77,337822.69,1/2/2027,KR,2510000262,JP,Prof. Serv. Fees@10%-CO-NS393(1)6(iii)(b,10,-33782.27
1079,D0009F,Thermax Ltd,THECD7429L,14509563,1/29/2027,INV/2026/00263,,50080002,Retro Price Chan-Mat,194Q payment - Thermax Ltd,947320.4,802813.9,2/10/2027,AC,1100000263,LP,Purc of Good-0.1%PMTCOM-PNS393(1)8(ii),0.1,-802.81
1081,D0010E,Kirloskar Brothers Ltd,KIRCD7366R,22099834,3/20/2027,INV/2026/00264,3400000264,54150002,RENTAL CHARGES - IT ASSETS,194I payment - Kirloskar Brothers Ltd,92550.11,78432.3,3/25/2027,KA,2310000264,IP,LandBldg/Fur Ind/HUF/Fim10%NS393(1)2(ii),10,-7843.23
1001,D0011H,Voltas Ltd,VOLCD7228J,2983197,4/7/2026,INV/2026/00265,,54410009,Commission Expense,194H payment - Voltas Ltd,136766.99,115904.23,4/19/2026,KR,2510000265,HP,Comm/Brokerg Ind/HUF/Firm2%NS393(1)1(ii),2,-2318.08
1079,D0012E,Godrej & Boyce Mfg Co Ltd,GODCD8938D,1046741,5/10/2026,INV/2026/00266,3400000266,54080001,Interest Expense - Others,194A payment - Godrej & Boyce Mfg Co Ltd,115143.13,97578.92,5/24/2026,KR,2510000266,AP,Interest Other Than Securities@10%,10,-9757.89
1081,D0013F,Hindustan Unilever Ltd,HINCD6685P,1601975,5/24/2026,INV/2026/00267,3400000267,54470200,INCENTIVE SPARE PART,194R payment - Hindustan Unilever Ltd,288194.69,244232.79,6/8/2026,KA,2310000267,MI,Ben. 194R @ 10% COM PAN-N/S-393(1)8(iv),10,-24423.28
1001,D0014D,Asian Paints Ltd,ASICD8115B,4140136,7/14/2026,INV/2026/00268,3400000268,16290008,GR/IR-Indirect Good,194C payment - Asian Paints Ltd,146186.83,123887.14,7/25/2026,KA,2310000268,CP,Cont. Cos - 2%-New Sec-393(1)6(i),2,-2477.74
1079,D0015E,Bharat Forge Ltd,BHACD3246R,16089123,7/29/2026,INV/2026/00269,3400000269,54200001,Non-Comp-393(1)6(ii),194J payment - Bharat Forge Ltd,775899.64,657542.07,8/4/2026,KR,2510000269,JP,Prof. Serv. Fees@10%-CO-NS393(1)6(iii)(b,10,-65754.21
1081,D0016E,Mahindra Logistics Ltd,MAHCD0933R,3824628,8/26/2026,INV/2026/00270,3400000270,16290053,COMP-393(1)8(ii),194Q payment - Mahindra Logistics Ltd,2809533.1,2380960.25,9/4/2026,AC,1100000270,LP,Purc of Good-0.1%PMTCOM-PNS393(1)8(ii),0.1,-2380.96
1001,D0017A,Castrol India Ltd,CASCD8544E,18443121,9/22/2026,INV/2026/00271,3400000271,16290008,GR/IR-Indirect Good,194C payment - Castrol India Ltd,921230.65,780703.94,10/6/2026,KA,2310000271,CP,Cont. Cos - 2%-New Sec-393(1)6(i),2,-15614.08
1079,D0018C,SKF India Ltd,SKFCD8142T,11318397,10/16/2026,INV/2026/00272,3400000272,16290019,Non-Comp-393(1)6(ii),194J payment - SKF India Ltd,908953.12,770299.25,11/4/2026,KA,2310000272,JI,TechServFees@2%-IndHUF:NS393(1)6(iii)(a),2,-15405.98
1081,D0019C,Timken India Ltd,TIMCD4475C,7734584,12/10/2026,INV/2026/00273,3400000273,50080002,Retro Price Chan-Mat,194Q payment - Timken India Ltd,2404684.36,2037868.1,12/23/2026,KA,2310000273,LP,Purc of Good-0.1%PMTCOM-PNS393(1)8(ii),0.1,-2037.87
1001,D0020F,Schaeffler India Ltd,SCHCD3146B,6458272,1/17/2027,INV/2026/00274,3400000274,54150002,RENTAL CHARGES - IT ASSETS,194I payment - Schaeffler India Ltd,306762.17,259967.94,1/21/2027,KR,2510000274,IP,PlantMach Rent@2%-NS393(1)2(i),2,-5199.36
1079,D0021B,Honeywell Automation India Ltd,HONCD0939S,21329479,2/13/2027,INV/2026/00275,3400000275,54410009,Commission Expense,194H payment - Honeywell Automation India Ltd,54877.1,46506.02,2/28/2027,KZ,2610000275,HP,Comm/Brokerg Ind/HUF/Firm2%NS393(1)1(ii),2,-930.12
1081,D0022B,Emerson Process Management India Pvt Ltd,EMECD9051B,10803715,3/19/2027,INV/2026/00276,,54080001,Interest Expense - Others,194A payment - Emerson Process Management Ind,167605.69,142038.72,3/27/2027,KA,2310000276,AP,Interest Other Than Securities@10%,10,-14203.87
1001,D0023E,Schneider Electric India Pvt Ltd,SCHCD3744S,15524662,4/1/2026,INV/2026/00277,3400000277,54470200,INCENTIVE SPARE PART,194R payment - Schneider Electric India Pvt L,193309.89,163821.94,4/12/2026,AC,1100000277,MI,Ben. 194R @ 10% COM PAN-N/S-393(1)8(iv),10,-16382.19
1079,D0024C,Rockwell Automation India Pvt Ltd,ROCCD1209B,5959453,4/27/2026,INV/2026/00278,,16290008,GR/IR-Indirect Good,194C payment - Rockwell Automation India Pvt ,617237.95,523083.01,5/9/2026,AC,1100000278,CP,Cont. Cos - 2%-New Sec-393(1)6(i),2,-10461.66
1081,D0025H,Endress Hauser India Pvt Ltd,ENDCD0217T,9297841,6/14/2026,INV/2026/00279,3400000279,16290019,Non-Comp-393(1)6(ii),194J payment - Endress Hauser India Pvt Ltd,500144.22,423851.03,6/27/2026,KA,2310000279,JP,Prof. Serv. Fees@10%-CO-NS393(1)6(iii)(b,10,-42385.1
1001,D0026D,Atlas Copco India Ltd,ATLCD6727M,24465048,6/25/2026,INV/2026/00280,,16290053,COMP-393(1)8(ii),194Q payment - Atlas Copco India Ltd,2730801.83,2314238.84,7/3/2026,KZ,2610000280,LP,Purc of Good-0.1%PMTCOM-PNS393(1)8(ii),0.1,-2314.24
1079,D0027C,Ingersoll Rand India Ltd,INGCD3014J,9298796,8/19/2026,INV/2026/00281,3400000281,16290008,GR/IR-Indirect Good,194C payment - Ingersoll Rand India Ltd,978742.35,829442.67,8/25/2026,KA,2310000281,CP,Cont. Cos - 2%-New Sec-393(1)6(i),2,-16588.85
1081,D0028G,Danfoss Industries Pvt Ltd,DANCD2051Z,15777342,9/15/2026,INV/2026/00282,3400000282,54210099,Professional- Others,194J payment - Danfoss Industries Pvt Ltd,102720.88,87051.59,9/26/2026,AC,1100000282,JP,Prof. Serv. Fees@10%-CO-NS393(1)6(iii)(b,10,-8705.16
1001,D0029B,Sandvik Asia Pvt Ltd,SANCD4390G,23004778,10/23/2026,INV/2026/00283,3400000283,50080002,Retro Price Chan-Mat,194Q payment - Sandvik Asia Pvt Ltd,1715741.64,1454018.34,10/24/2026,KR,2510000283,LP,Purc of Good-0.1%PMTCOM-PNS393(1)8(ii),0.1,-1454.02
1079,D0030C,Kennametal India Ltd,KENCD6442L,2074226,11/2/2026,INV/2026/00284,,54150001,Rent - Office Building,194I payment - Kennametal India Ltd,448470.86,380060.05,11/22/2026,KA,2310000284,IP,LandBldg/Fur Ind/HUF/Fim10%NS393(1)2(ii),10,-38006.0
1081,D0031D,Mitsubishi Electric India Pvt Ltd,MITCD9977Y,14785825,12/5/2026,INV/2026/00285,3400000285,54410009,Commission Expense,194H payment - Mitsubishi Electric India Pvt ,174868.35,148193.52,12/14/2026,KZ,2610000285,HP,Comm/Brokerg Ind/HUF/Firm2%NS393(1)1(ii),2,-2963.87
1001,D0032G,Fanuc India Pvt Ltd,FANCD2481Z,19996818,1/3/2027,INV/2026/00286,3400000286,54080001,Interest Expense - Others,194A payment - Fanuc India Pvt Ltd,84697.45,71777.5,1/12/2027,KA,2310000286,AP,Interest Other Than Securities@10%,10,-7177.75
1079,D0033G,Yaskawa India Pvt Ltd,YASCD5509L,5837939,2/5/2027,INV/2026/00287,3400000287,54470200,INCENTIVE SPARE PART,194R payment - Yaskawa India Pvt Ltd,95386.11,80835.69,2/25/2027,KA,2310000287,MI,Ben. 194R @ 10% COM PAN-N/S-393(1)8(iv),10,-8083.57
1081,D0034F,Omron Automation Pvt Ltd,OMRCD4491E,20863106,3/22/2027,INV/2026/00288,3400000288,16290008,GR/IR-Indirect Good,194C payment - Omron Automation Pvt Ltd,911127.44,772141.9,3/26/2027,KR,2510000288,CP,Cont. Cos - 2%-New Sec-393(1)6(i),2,-15442.84
1001,D0035D,Phoenix Contact India Pvt Ltd,PHOCD6041O,19315513,4/15/2026,INV/2026/00289,3400000289,54200001,Non-Comp-393(1)6(ii),194J payment - Phoenix Contact India Pvt Ltd,864337.56,732489.46,4/25/2026,KZ,2610000289,JP,Prof. Serv. Fees@10%-CO-NS393(1)6(iii)(b,10,-73248.95
1079,D0036E,Wago Controls India Pvt Ltd,WAGCD4099Y,24213405,4/19/2026,INV/2026/00290,3400000290,50258000,Purch Offset Account,194Q payment - Wago Controls India Pvt Ltd,1776446.34,1505463.0,5/9/2026,KZ,2610000290,LP,Purc of Good-0.1%PMTCOM-PNS393(1)8(ii),0.1,-1505.46
1081,D0037C,Rittal India Pvt Ltd,RITCD1454H,8724382,6/1/2026,INV/2026/00291,3400000291,16290008,GR/IR-Indirect Good,194C payment - Rittal India Pvt Ltd,445556.83,377590.53,6/21/2026,AC,1100000291,CP,Cont. Cos - 2%-New Sec-393(1)6(i),2,-7551.81
1001,D0038D,Hager Electro Pvt Ltd,HAGCD7272R,11730346,7/1/2026,INV/2026/00292,,54200001,Non-Comp-393(1)6(ii),194J payment - Hager Electro Pvt Ltd,491787.15,416768.77,7/21/2026,KR,2510000292,JP,Prof. Serv. Fees@10%-CO-NS393(1)6(iii)(b,10,-41676.88
1079,D0039F,Legrand India Pvt Ltd,LEGCD6149O,11521211,8/3/2026,INV/2026/00293,,50080002,Retro Price Chan-Mat,194Q payment - Legrand India Pvt Ltd,1984395.03,1681690.7,8/13/2026,KA,2310000293,LP,Purc of Good-0.1%PMTCOM-PNS393(1)8(ii),1,-16816.91
1081,D0040A,Havells India Ltd,HAVCD5593M,10129111,8/22/2026,INV/2026/00294,3400000294,54150002,RENTAL CHARGES - IT ASSETS,194I payment - Havells India Ltd,93126.01,78920.35,9/1/2026,KR,2510000294,IP,LandBldg/Fur Ind/HUF/Fim10%NS393(1)2(ii),10,-7892.03
1001,D0041H,Polycab India Ltd,POLCD9182W,17286899,10/19/2026,INV/2026/00295,3400000295,54410009,Commission Expense,194H payment - Polycab India Ltd,104548.44,88600.37,10/20/2026,KR,2510000295,HP,Comm/Brokerg Ind/HUF/Firm2%NS393(1)1(ii),2,-1772.01
1079,D0042G,KEI Industries Ltd,KEICD1017N,21143980,10/29/2026,INV/2026/00296,,54080001,Interest Expense - Others,194A payment - KEI Industries Ltd,22771.64,19298.0,11/11/2026,AC,1100000296,AP,Interest Other Than Securities@10%,10,-1929.8
1081,D0043F,Finolex Cables Ltd,FINCD1530G,19733101,12/7/2026,INV/2026/00297,3400000297,54470200,INCENTIVE SPARE PART,194R payment - Finolex Cables Ltd,254233.43,215452.06,12/27/2026,KZ,2610000297,MI,Ben. 194R @ 10% COM PAN-N/S-393(1)8(iv),0,0.0
1001,D0044G,RR Kabel Ltd,RRKCD9844F,18244806,12/24/2026,INV/2026/00298,3400000298,16290008,GR/IR-Indirect Good,194C payment - RR Kabel Ltd,140817.66,119337.0,1/1/2027,KA,2310000298,CP,Cont. Cos - 2%-New Sec-393(1)6(i),0.5,-596.68
1079,D0045E,Sterlite Technologies Ltd,STECD2659Z,17389006,2/21/2027,INV/2026/00299,3400000299,54210099,Professional- Others,194J payment - Sterlite Technologies Ltd,538206.72,456107.39,2/21/2027,KZ,2610000299,JP,Prof. Serv. Fees@10%-CO-NS393(1)6(iii)(b,10,-45610.74
1081,D0046F,JSW Steel Ltd,JSWCD3957Z,11729733,2/15/2027,INV/2026/00300,3400000300,50258000,Purch Offset Account,194Q payment - JSW Steel Ltd,1397946.59,1184700.5,3/3/2027,KA,2310000300,LP,Purc of Good-0.1%PMTCOM-PNS393(1)8(ii),0.1,-1184.7
1001,D0047G,Jindal Steel & Power Ltd,JINCD7556M,23070862,4/4/2026,INV/2026/00301,3400000301,16290008,GR/IR-Indirect Good,194C payment - Jindal Steel & Power Ltd,179605.92,152208.41,4/15/2026,AC,1100000301,CP,Cont. Cos - 2%-New Sec-393(1)6(i),2,-3044.17
1079,D0048A,SAIL Bhilai Steel Plant,SAICT0013B,7848717,4/28/2026,INV/2026/00302,3400000302,16290019,Non-Comp-393(1)6(ii),194J payment - SAIL Bhilai Steel Plant,276788.53,234566.55,5/17/2026,KZ,2610000302,JI,TechServFees@2%-IndHUF:NS393(1)6(iii)(a),2,-4691.33
1081,D0049E,Essar Steel India Ltd,ESSCD2172D,1669620,5/31/2026,INV/2026/00303,3400000303,50080002,Retro Price Chan-Mat,194Q payment - Essar Steel India Ltd,783225.5,663750.42,6/8/2026,KZ,2610000303,LP,Purc of Good-0.1%PMTCOM-PNS393(1)8(ii),0.1,-663.75
1001,D0050A,Rashtriya Ispat Nigam Ltd,RASCD3491U,20222800,7/11/2026,INV/2026/00304,,54150002,RENTAL CHARGES - IT ASSETS,194I payment - Rashtriya Ispat Nigam Ltd,180990.03,153381.38,7/14/2026,KR,2510000304,IP,LandBldg/Fur Ind/HUF/Fim10%NS393(1)2(ii),10,-15338.14
1079,D0051A,Ultratech Cement Ltd,ULTCD8543N,9512525,7/30/2026,INV/2026/00305,3400000305,54410009,Commission Expense,194H payment - Ultratech Cement Ltd,177034.37,150029.13,8/8/2026,AC,1100000305,HP,Comm/Brokerg Ind/HUF/Firm2%NS393(1)1(ii),2,-3000.58
1081,D0052E,Ambuja Cements Ltd,AMBCD1982A,17670710,9/20/2026,INV/2026/00306,,54080001,Interest Expense - Others,194A payment - Ambuja Cements Ltd,57721.93,48916.89,9/21/2026,KA,2310000306,AP,Interest Other Than Securities@10%,1,-489.17
1001,D0053F,ACC Ltd,ACCCD7208I,14411047,10/5/2026,INV/2026/00307,3400000307,54470200,INCENTIVE SPARE PART,194R payment - ACC Ltd,241533.54,204689.44,10/13/2026,KZ,2610000307,MI,Ben. 194R @ 10% COM PAN-N/S-393(1)8(iv),10,-20468.94
1079,D0054F,Shree Cement Ltd,SHRCD9894S,14496220,10/20/2026,INV/2026/00308,3400000308,16290008,GR/IR-Indirect Good,194C payment - Shree Cement Ltd,44004.18,37291.68,11/3/2026,KR,2510000308,CP,Cont. Cos - 2%-New Sec-393(1)6(i),2,-745.83
1081,D0055B,Dalmia Bharat Ltd,DALCD6929W,2632297,12/8/2026,INV/2026/00309,,54210099,Professional- Others,194J payment - Dalmia Bharat Ltd,968267.76,820565.9,12/28/2026,KA,2310000309,JP,Prof. Serv. Fees@10%-CO-NS393(1)6(iii)(b,10,-82056.59
1001,D0056G,JK Cement Ltd,JKCCD3750V,12839183,1/2/2027,INV/2026/00310,3400000310,50258000,Purch Offset Account,194Q payment - JK Cement Ltd,1394533.31,1181807.89,1/2/2027,KR,2510000310,LP,Purc of Good-0.1%PMTCOM-PNS393(1)8(ii),0.1,-1181.81
1079,D0057D,Pidilite Industries Ltd,PIDCD6150I,13257864,2/3/2027,INV/2026/00311,3400000311,16290008,GR/IR-Indirect Good,194C payment - Pidilite Industries Ltd,795289.43,673974.09,2/6/2027,AC,1100000311,CP,Cont. Cos - 2%-New Sec-393(1)6(i),2,-13479.48
1081,D0058D,Berger Paints India Ltd,BERCD0081M,18369810,3/20/2027,INV/2026/00312,3400000312,54200001,Non-Comp-393(1)6(ii),194J payment - Berger Paints India Ltd,451575.8,382691.36,3/28/2027,KA,2310000312,JP,Prof. Serv. Fees@10%-CO-NS393(1)6(iii)(b,10,-38269.14
1001,D0059F,Kansai Nerolac Paints Ltd,KANCD5881X,7945732,4/1/2026,INV/2026/00313,3400000313,16290054,OTH-393(1)8(ii),194Q payment - Kansai Nerolac Paints Ltd,2779923.26,2355867.17,4/2/2026,KR,2510000313,LP,Purc of Good-0.1%PMTCOM-PNS393(1)8(ii),0.1,-2355.87
1079,D0060B,Supreme Industries Ltd,SUPCD8250N,7582888,5/15/2026,INV/2026/00314,,54150001,Rent - Office Building,194I payment - Supreme Industries Ltd,348321.1,295187.37,5/27/2026,KA,2310000314,IP,LandBldg/Fur Ind/HUF/Fim10%NS393(1)2(ii),10,-29518.74
1081,D0061H,Astral Ltd,ASTCD9928P,6936413,5/14/2026,INV/2026/00315,3400000315,54410009,Commission Expense,194H payment - Astral Ltd,31697.86,26862.59,6/3/2026,AC,1100000315,HP,Comm/Brokerg Ind/HUF/Firm2%NS393(1)1(ii),2,-537.25
1001,D0062E,Finolex Industries Ltd,FINCD8238P,4039685,7/5/2026,INV/2026/00316,,54080001,Interest Expense - Others,194A payment - Finolex Industries Ltd,131564.8,111495.59,7/23/2026,AC,1100000316,AP,Interest Other Than Securities@10%,10,-11149.56
1079,D0063G,Prince Pipes & Fittings Ltd,PRICD7583P,7362657,8/1/2026,INV/2026/00317,,54470200,INCENTIVE SPARE PART,194R payment - Prince Pipes & Fittings Ltd,331551.68,280976.0,8/6/2026,KZ,2610000317,MI,Ben. 194R @ 10% COM PAN-N/S-393(1)8(iv),10,-28097.6
1081,D0064C,Ashirvad Pipes Pvt Ltd,ASHCD7049B,10980862,9/4/2026,INV/2026/00318,,16290008,GR/IR-Indirect Good,194C payment - Ashirvad Pipes Pvt Ltd,155409.2,131702.71,9/13/2026,KA,2310000318,CP,Cont. Cos - 2%-New Sec-393(1)6(i),2,-2634.05
1001,D0065A,Crompton Greaves Consumer Electricals Ltd,CROCD1010A,15958964,10/13/2026,INV/2026/00319,3400000319,16290019,Non-Comp-393(1)6(ii),194J payment - Crompton Greaves Consumer Elec,634726.63,537903.92,10/23/2026,KR,2510000319,JI,TechServFees@2%-IndHUF:NS393(1)6(iii)(a),2,-10758.08
1079,D0066G,Bajaj Electricals Ltd,BAJCD1458A,4971563,11/7/2026,INV/2026/00320,,50080002,Retro Price Chan-Mat,194Q payment - Bajaj Electricals Ltd,1917854.11,1625300.09,11/18/2026,KA,2310000320,LP,Purc of Good-0.1%PMTCOM-PNS393(1)8(ii),0.5,-8126.5
1081,D0067C,Orient Electric Ltd,ORICD0476S,8002663,12/5/2026,INV/2026/00321,3400000321,16290008,GR/IR-Indirect Good,194C payment - Orient Electric Ltd,627973.07,532180.57,12/18/2026,KR,2510000321,CP,Cont. Cos - 2%-New Sec-393(1)6(i),2,-10643.61
1001,D0068A,V Guard Industries Ltd,VGUCD8445P,17916534,1/3/2027,INV/2026/00322,,16290019,Non-Comp-393(1)6(ii),194J payment - V Guard Industries Ltd,316259.45,268016.48,1/18/2027,AC,1100000322,JP,Prof. Serv. Fees@10%-CO-NS393(1)6(iii)(b,10,-26801.65
1079,D0069E,Havells Lloyd Ltd,HAVCD0059B,19020229,2/6/2027,INV/2026/00323,3400000323,50080002,Retro Price Chan-Mat,194Q payment - Havells Lloyd Ltd,2515844.26,2132071.41,2/16/2027,KA,2310000323,LP,Purc of Good-0.1%PMTCOM-PNS393(1)8(ii),0.1,-2132.07
1081,D0070B,TVS Supply Chain Solutions Ltd,TVSCD1091X,7719383,2/14/2027,INV/2026/00324,3400000324,54150001,Rent - Office Building,194I payment - TVS Supply Chain Solutions Ltd,432190.35,366263.01,3/1/2027,AC,1100000324,IP,LandBldg/Fur Ind/HUF/Fim10%NS393(1)2(ii),10,-36626.3
1001,D0071B,Allcargo Logistics Ltd,ALLCD7053B,12537137,4/1/2026,INV/2026/00325,3400000325,54410009,Commission Expense,194H payment - Allcargo Logistics Ltd,196550.68,166568.37,4/5/2026,KR,2510000325,HP,Comm/Brokerg Ind/HUF/Firm2%NS393(1)1(ii),2,-3331.37
1079,D0072H,Gateway Distriparks Ltd,GATCD6192M,1728570,5/2/2026,INV/2026/00326,3400000326,54080001,Interest Expense - Others,194A payment - Gateway Distriparks Ltd,130545.65,110631.91,5/20/2026,KR,2510000326,AP,Interest Other Than Securities@10%,10,-11063.19
1081,D0073E,Container Corporation of India Ltd,CONCD5809L,13198490,5/27/2026,INV/2026/00327,3400000327,54470200,INCENTIVE SPARE PART,194R payment - Container Corporation of India,61400.6,52034.41,6/7/2026,KZ,2610000327,MI,Ben. 194R @ 10% COM PAN-N/S-393(1)8(iv),10,-5203.44
1001,D0074G,Delhivery Ltd,DELCD1993Q,12863559,7/21/2026,INV/2026/00328,3400000328,16290008,GR/IR-Indirect Good,194C payment - Delhivery Ltd,660983.8,560155.76,7/24/2026,KA,2310000328,CP,Cont. Cos - 2%-New Sec-393(1)6(i),2,-11203.12
1079,D0075E,Blue Dart Express Ltd,BLUCD4875D,17203725,8/7/2026,INV/2026/00329,3400000329,16290019,Non-Comp-393(1)6(ii),194J payment - Blue Dart Express Ltd,671940.43,569441.04,8/8/2026,KZ,2610000329,JI,TechServFees@2%-IndHUF:NS393(1)6(iii)(a),2,-11388.82
1081,D0076E,Gati Ltd,GATCD5454I,3964234,9/3/2026,INV/2026/00330,,16290053,COMP-393(1)8(ii),194Q payment - Gati Ltd,1023048.45,866990.21,9/15/2026,KZ,2610000330,LP,Purc of Good-0.1%PMTCOM-PNS393(1)8(ii),0.1,-866.99
1001,D0077B,TCI Express Ltd,TCICD5609G,10311318,10/13/2026,INV/2026/00331,3400000331,16290008,GR/IR-Indirect Good,194C payment - TCI Express Ltd,354340.58,300288.63,10/23/2026,KA,2310000331,CP,Cont. Cos - 2%-New Sec-393(1)6(i),2,-6005.77
1079,D0078E,Safe Express Pvt Ltd,SAFCD2253O,17518026,11/19/2026,INV/2026/00332,3400000332,16290019,Non-Comp-393(1)6(ii),194J payment - Safe Express Pvt Ltd,384577.67,325913.28,11/23/2026,AC,1100000332,JP,Prof. Serv. Fees@10%-CO-NS393(1)6(iii)(b,1,-3259.13
1081,D0079H,Om Logistics Ltd,OMLCD7339J,6772247,12/15/2026,INV/2026/00333,3400000333,50080002,Retro Price Chan-Mat,194Q payment - Om Logistics Ltd,1191943.29,1010121.43,12/19/2026,KA,2310000333,LP,Purc of Good-0.1%PMTCOM-PNS393(1)8(ii),0.1,-1010.12
1001,D0080G,Sical Logistics Ltd,SICCD4392R,18318359,1/11/2027,INV/2026/00334,,54150002,RENTAL CHARGES - IT ASSETS,194I payment - Sical Logistics Ltd,433492.09,367366.18,1/14/2027,KA,2310000334,IP,LandBldg/Fur Ind/HUF/Fim10%NS393(1)2(ii),10,-36736.62
1079,D0081G,VRL Logistics Ltd,VRLCD9451Z,22435236,2/19/2027,INV/2026/00335,3400000335,54410009,Commission Expense,194H payment - VRL Logistics Ltd,216839.2,183762.03,2/21/2027,KZ,2610000335,HP,Comm/Brokerg Ind/HUF/Firm2%NS393(1)1(ii),2,-3675.24
1081,D0082G,Transport Corporation of India Ltd,TRACD9598B,19598503,3/12/2027,INV/2026/00336,,16290008,GR/IR-Indirect Good,194C payment - Transport Corporation of India,768609.38,651363.88,3/27/2027,KR,2510000336,CP,Cont. Cos - 2%-New Sec-393(1)6(i),2,-13027.28
1001,D0083G,Ernst & Young LLP,ERNCP3679S,2632814,4/1/2026,INV/2026/00337,3400000337,54470200,INCENTIVE SPARE PART,194R payment - Ernst & Young LLP,287277.94,243455.88,4/21/2026,KR,2510000337,MI,Ben. 194R @ 10% COM PAN-N/S-393(1)8(iv),10,-24345.59
1079,D0084A,Deloitte Touche Tohmatsu India LLP,DELCP7853V,14419902,4/25/2026,INV/2026/00338,,16290008,GR/IR-Indirect Good,194C payment - Deloitte Touche Tohmatsu India,817031.04,692399.19,5/3/2026,KZ,2610000338,CP,Cont. Cos - 2%-New Sec-393(1)6(i),0,0.0
1081,D0085F,PricewaterhouseCoopers Pvt Ltd,PRICD9963S,2215005,5/23/2026,INV/2026/00339,3400000339,16290019,Non-Comp-393(1)6(ii),194J payment - PricewaterhouseCoopers Pvt Ltd,181785.17,154055.23,6/3/2026,KR,2510000339,JP,Prof. Serv. Fees@10%-CO-NS393(1)6(iii)(b,10,-15405.52
1001,D0086D,KPMG Assurance & Consulting Services LLP,KPMCP8853P,12575222,7/5/2026,INV/2026/00340,3400000340,16290053,COMP-393(1)8(ii),194Q payment - KPMG Assurance & Consulting Se,1614282.13,1368035.7,7/17/2026,KR,2510000340,LP,Purc of Good-0.1%PMTCOM-PNS393(1)8(ii),0.1,-1368.04
1079,D0087G,Grant Thornton Bharat LLP,GRACP6902B,8847166,8/13/2026,INV/2026/00341,3400000341,16290008,GR/IR-Indirect Good,194C payment - Grant Thornton Bharat LLP,481337.84,407913.42,8/14/2026,KR,2510000341,CP,Cont. Cos - 2%-New Sec-393(1)6(i),2,-8158.27
1081,D0088A,BDO India LLP,BDOCP2894U,23318227,8/25/2026,INV/2026/00342,,54200001,Non-Comp-393(1)6(ii),194J payment - BDO India LLP,513597.03,435251.72,9/7/2026,KR,2510000342,JP,Prof. Serv. Fees@10%-CO-NS393(1)6(iii)(b,10,-43525.17
1001,D0089H,RSM Astute Consulting Pvt Ltd,RSMCD9598L,9231180,9/29/2026,INV/2026/00343,,50080002,Retro Price Chan-Mat,194Q payment - RSM Astute Consulting Pvt Ltd,1706238.59,1445964.91,10/13/2026,KR,2510000343,LP,Purc of Good-0.1%PMTCOM-PNS393(1)8(ii),0.1,-1445.96
1079,D0090G,Walker Chandiok & Co LLP,WALCP1247Z,19632689,11/17/2026,INV/2026/00344,,54150001,Rent - Office Building,194I payment - Walker Chandiok & Co LLP,244409.45,207126.65,11/25/2026,KR,2510000344,IP,LandBldg/Fur Ind/HUF/Fim10%NS393(1)2(ii),10,-20712.66
1081,E0091F,Sharma Transport,SHAFT3496R,3391221,12/14/2026,INV/2026/00345,,54410009,Commission Expense,194H payment - Sharma Transport,223814.81,189673.57,12/23/2026,KA,2310000345,HP,Comm/Brokerg Ind/HUF/Firm2%NS393(1)1(ii),2,-3793.47
1001,E0092H,Singh Engineering Works,SINFS2311F,2375589,12/18/2026,INV/2026/00346,,54080001,Interest Expense - Others,194A payment - Singh Engineering Works,138067.46,117006.32,1/4/2027,KA,2310000346,AP,Interest Other Than Securities@10%,10,-11700.63
1079,E0093H,Patel Brothers & Co,PATFO6306X,11367497,1/31/2027,INV/2026/00347,3400000347,54470200,INCENTIVE SPARE PART,194R payment - Patel Brothers & Co,302701.57,256526.75,2/2/2027,KA,2310000347,MI,Ben. 194R @ 10% COM PAN-N/S-393(1)8(iv),1,-2565.27
1081,E0094H,Gupta Logistics,GUPFS2680O,13300060,2/16/2027,INV/2026/00348,,16290008,GR/IR-Indirect Good,194C payment - Gupta Logistics,1002725.3,849767.2,3/2/2027,KA,2310000348,CP,Firm - 2%-New Sec-393(1)6(i),2,-16995.34
1001,E0095C,Mehta Electricals,MEHFS2351N,9977251,4/2/2026,INV/2026/00349,,54200001,Non-Comp-393(1)6(ii),194J payment - Mehta Electricals,432200.49,366271.6,4/18/2026,KZ,2610000349,JP,Prof. Serv. Fees@10%-CO-NS393(1)6(iii)(b,10,-36627.16
1079,E0096D,Joshi Fabricators,JOSFS5162S,8586372,4/26/2026,INV/2026/00350,3400000350,50080002,Retro Price Chan-Mat,194Q payment - Joshi Fabricators,2386829.19,2022736.6,5/6/2026,KR,2510000350,LP,Purc of Good-0.1%PMTCOM-PNS393(1)8(ii),1,-20227.37
1081,E0097A,Desai Construction,DESFN7818R,12004596,5/16/2026,INV/2026/00351,,16290008,GR/IR-Indirect Good,194C payment - Desai Construction,844615.37,715775.74,6/1/2026,KR,2510000351,CP,Firm - 2%-New Sec-393(1)6(i),2,-14315.51
1001,E0098A,Kulkarni Steel Traders,KULFS1794Y,2991282,7/6/2026,INV/2026/00352,3400000352,16290019,Non-Comp-393(1)6(ii),194J payment - Kulkarni Steel Traders,813427.21,689345.09,7/24/2026,KZ,2610000352,JP,Prof. Serv. Fees@10%-CO-NS393(1)6(iii)(b,10,-68934.51
1079,E0099D,Nair Associates,NAIFS8728Y,10678531,8/8/2026,INV/2026/00353,3400000353,50080002,Retro Price Chan-Mat,194Q payment - Nair Associates,1924504.0,1630935.59,8/22/2026,KR,2510000353,LP,Purc of Good-0.1%PMTCOM-PNS393(1)8(ii),0.1,-1630.94
1081,E0100F,Iyer & Sons,IYEFS3682U,3158604,9/12/2026,INV/2026/00354,3400000354,54150002,RENTAL CHARGES - IT ASSETS,194I payment - Iyer & Sons,279811.22,237128.15,9/25/2026,AC,1100000354,IP,PlantMach Rent@2%-NS393(1)2(i),2,-4742.56
1001,E0101D,Reddy Infra Solutions,REDFS8021E,10004780,10/5/2026,INV/2026/00355,3400000355,54410009,Commission Expense,194H payment - Reddy Infra Solutions,214760.0,182000.0,10/24/2026,AC,1100000355,HP,Comm/Brokerg Ind/HUF/Firm2%NS393(1)1(ii),2,-3640.0
1079,E0102C,Banerjee Enterprises,BANFS9914K,1453057,11/4/2026,INV/2026/00356,3400000356,16290008,GR/IR-Indirect Good,194C payment - Banerjee Enterprises,442653.18,375129.81,11/4/2026,KA,2310000356,CP,Firm - 2%-New Sec-393(1)6(i),2,-7502.6
1081,E0103D,Chatterjee Engineering,CHAFG4888A,3778351,11/26/2026,INV/2026/00357,3400000357,54470200,INCENTIVE SPARE PART,194R payment - Chatterjee Engineering,85103.98,72122.02,12/13/2026,KR,2510000357,MI,Ben. 194R @ 10% COM PAN-N/S-393(1)8(iv),10,-7212.2
1001,E0104H,Mukherjee Consultants,MUKFS7555H,3434666,1/8/2027,INV/2026/00358,3400000358,16290008,GR/IR-Indirect Good,194C payment - Mukherjee Consultants,973841.82,825289.68,1/21/2027,KR,2510000358,CP,Firm - 2%-New Sec-393(1)6(i),2,-16505.79
1079,E0105E,Das & Company,DASFY1127J,20322822,2/3/2027,INV/2026/00359,3400000359,16290019,Non-Comp-393(1)6(ii),194J payment - Das & Company,825750.95,699788.94,2/12/2027,AC,1100000359,JI,TechServFees@2%-IndHUF:NS393(1)6(iii)(a),2,-13995.78
1081,E0106A,Pillai Contractors,PILFS1381F,15171238,2/26/2027,INV/2026/00360,3400000360,16290053,COMP-393(1)8(ii),194Q payment - Pillai Contractors,1490671.82,1263281.2,3/7/2027,KZ,2610000360,LP,Purc of Good-0.1%PMTCOM-PNS393(1)8(ii),0.1,-1263.28
1001,E0107A,Menon Fabrication,MENFN5618N,16928812,4/1/2026,INV/2026/00361,3400000361,16290008,GR/IR-Indirect Good,194C payment - Menon Fabrication,617948.48,523685.15,4/1/2026,KR,2510000361,CP,Firm - 2%-New Sec-393(1)6(i),2,-10473.7
1079,E0108B,Shetty Transport Services,SHEFS5027Y,12209903,5/20/2026,INV/2026/00362,3400000362,54210099,Professional- Others,194J payment - Shetty Transport Services,426585.61,361513.23,5/26/2026,AC,1100000362,JP,Prof. Serv. Fees@10%-CO-NS393(1)6(iii)(b,10,-36151.32
1081,E0109D,Rao Precision Works,RAOFS2334E,8609909,5/18/2026,INV/2026/00363,,16290053,COMP-393(1)8(ii),194Q payment - Rao Precision Works,970044.41,822071.53,6/1/2026,AC,1100000363,LP,Purc of Good-0.1%PMTCOM-PNS393(1)8(ii),0.1,-822.07
1001,E0110G,Agarwal Trading Co,AGAFO1193U,12776887,7/20/2026,INV/2026/00364,3400000364,54150001,Rent - Office Building,194I payment - Agarwal Trading Co,200529.01,169939.84,7/28/2026,KR,2510000364,IP,LandBldg/Fur Ind/HUF/Fim10%NS393(1)2(ii),10,-16993.98
1079,E0111E,Bansal Steel Suppliers,BANFS1797M,20561649,7/27/2026,INV/2026/00365,3400000365,54410009,Commission Expense,194H payment - Bansal Steel Suppliers,62927.05,53328.01,8/14/2026,AC,1100000365,HP,Comm/Brokerg Ind/HUF/Firm2%NS393(1)1(ii),2,-1066.56
1081,E0112D,Malhotra Engineering,MALFG0483K,14255765,9/5/2026,INV/2026/00366,3400000366,54080001,Interest Expense - Others,194A payment - Malhotra Engineering,44528.73,37736.21,9/12/2026,KA,2310000366,AP,Interest Other Than Securities@10%,10,-3773.62
1001,E0113A,Kapoor Electrical Works,KAPFS1388V,6325458,10/8/2026,INV/2026/00367,3400000367,54470200,INCENTIVE SPARE PART,194R payment - Kapoor Electrical Works,130137.78,110286.25,10/22/2026,KA,2310000367,MI,Ben. 194R @ 10% COM PAN-N/S-393(1)8(iv),10,-11028.62
1079,E0114D,Chopra Logistics,CHOFS7870I,5683302,11/16/2026,INV/2026/00368,3400000368,16290008,GR/IR-Indirect Good,194C payment - Chopra Logistics,435773.2,369299.32,11/21/2026,KR,2510000368,CP,Firm - 2%-New Sec-393(1)6(i),2,-7385.99
1081,E0115F,Saxena Fabricators,SAXFS6583B,23899405,12/18/2026,INV/2026/00369,3400000369,54200001,Non-Comp-393(1)6(ii),194J payment - Saxena Fabricators,475850.62,403263.24,12/22/2026,KA,2310000369,JP,Prof. Serv. Fees@10%-CO-NS393(1)6(iii)(b,10,-40326.32
1001,E0116E,Tiwari Construction Co,TIWFO4565A,20647955,1/5/2027,INV/2026/00370,3400000370,50080002,Retro Price Chan-Mat,194Q payment - Tiwari Construction Co,2431212.72,2060349.76,1/13/2027,KR,2510000370,LP,Purc of Good-0.1%PMTCOM-PNS393(1)8(ii),0.1,-2060.35
1079,E0117H,Verma Machinery Works,VERFS5056U,18095802,2/12/2027,INV/2026/00371,3400000371,16290008,GR/IR-Indirect Good,194C payment - Verma Machinery Works,941509.67,797889.55,2/20/2027,KR,2510000371,CP,Firm - 2%-New Sec-393(1)6(i),2,-15957.79
1081,E0118E,Yadav Transport,YADFT7848G,17469981,3/7/2027,INV/2026/00372,3400000372,16290019,Non-Comp-393(1)6(ii),194J payment - Yadav Transport,324610.05,275093.26,3/15/2027,KR,2510000372,JP,Prof. Serv. Fees@10%-CO-NS393(1)6(iii)(b,10,-27509.33
1001,E0119H,Thakur Engineering,THAFG6749V,18687068,4/1/2026,INV/2026/00373,3400000373,50258000,Purch Offset Account,194Q payment - Thakur Engineering,2921958.85,2476236.31,4/8/2026,KA,2310000373,LP,Purc of Good-0.1%PMTCOM-PNS393(1)8(ii),0.5,-12381.18
1079,E0120F,Pandey Electricals,PANFS3228Z,4740785,4/15/2026,INV/2026/00374,3400000374,54150001,Rent - Office Building,194I payment - Pandey Electricals,330749.7,280296.36,5/2/2026,KR,2510000374,IP,LandBldg/Fur Ind/HUF/Fim10%NS393(1)2(ii),10,-28029.64
1081,E0121E,Sinha Associates,SINFS2711D,1775051,6/10/2026,INV/2026/00375,3400000375,54410009,Commission Expense,194H payment - Sinha Associates,137949.34,116906.22,6/20/2026,KR,2510000375,HP,Comm/Brokerg Ind/HUF/Firm2%NS393(1)1(ii),2,-2338.12
1001,E0122A,Dubey Contractors,DUBFS3161W,22228293,7/17/2026,INV/2026/00376,3400000376,54080001,Interest Expense - Others,194A payment - Dubey Contractors,144386.15,122361.14,7/27/2026,KA,2310000376,AP,Interest Other Than Securities@10%,10,-12236.11
1079,E0123C,Mishra Steel Works,MISFS9590X,18801325,8/10/2026,INV/2026/00377,3400000377,54470200,INCENTIVE SPARE PART,194R payment - Mishra Steel Works,211754.36,179452.85,8/14/2026,KR,2510000377,MI,Ben. 194R @ 10% COM PAN-N/S-393(1)8(iv),10,-17945.28
1081,E0124F,Jha Fabrication,JHAFN9838A,2397881,9/21/2026,INV/2026/00378,,16290008,GR/IR-Indirect Good,194C payment - Jha Fabrication,440128.55,372990.3,9/23/2026,AC,1100000378,CP,Firm - 2%-New Sec-393(1)6(i),0,0.0
1001,E0125F,Choudhary Logistics,CHOFS1275Z,7143809,9/28/2026,INV/2026/00379,3400000379,16290019,Non-Comp-393(1)6(ii),194J payment - Choudhary Logistics,289785.64,245581.05,10/17/2026,AC,1100000379,JI,TechServFees@2%-IndHUF:NS393(1)6(iii)(a),2,-4911.62
1079,E0126E,Rathore Engineering,RATFG5629F,9037448,11/17/2026,INV/2026/00380,,50080002,Retro Price Chan-Mat,194Q payment - Rathore Engineering,893323.86,757054.12,11/18/2026,KZ,2610000380,LP,Purc of Good-0.1%PMTCOM-PNS393(1)8(ii),0.1,-757.05
1081,E0127B,Solanki Transport,SOLFT8039J,4715771,12/11/2026,INV/2026/00381,3400000381,16290008,GR/IR-Indirect Good,194C payment - Solanki Transport,233511.29,197890.92,12/20/2026,AC,1100000381,CP,Firm - 2%-New Sec-393(1)6(i),2,-3957.82
1001,E0128G,Jadeja Construction,JADFN1829Y,16307424,1/5/2027,INV/2026/00382,3400000382,54200001,Non-Comp-393(1)6(ii),194J payment - Jadeja Construction,483777.18,409980.66,1/20/2027,KR,2510000382,JP,Prof. Serv. Fees@10%-CO-NS393(1)6(iii)(b,10,-40998.07
1079,E0129B,Parmar Electricals,PARFS6690W,18527430,1/29/2027,INV/2026/00383,3400000383,16290054,OTH-393(1)8(ii),194Q payment - Parmar Electricals,2500174.6,2118792.03,2/14/2027,KA,2310000383,LP,Purc of Good-0.1%PMTCOM-PNS393(1)8(ii),0.1,-2118.79
1081,E0130A,Gohil Fabricators,GOHFS6959A,12990535,2/10/2027,INV/2026/00384,,54150001,Rent - Office Building,194I payment - Gohil Fabricators,199704.49,169241.09,3/2/2027,KR,2510000384,IP,LandBldg/Fur Ind/HUF/Fim10%NS393(1)2(ii),10,-16924.11
1001,E0131C,Trivedi Consultants,TRIFS5805R,15406774,4/2/2026,INV/2026/00385,,54410009,Commission Expense,194H payment - Trivedi Consultants,218135.72,184860.78,4/14/2026,KA,2310000385,HP,Comm/Brokerg Ind/HUF/Firm2%NS393(1)1(ii),2,-3697.22
1079,E0132G,Dave Engineering Works,DAVFS5034T,4329073,5/22/2026,INV/2026/00386,3400000386,16290008,GR/IR-Indirect Good,194C payment - Dave Engineering Works,475063.06,402595.81,5/28/2026,KA,2310000386,CP,Firm - 2%-New Sec-393(1)6(i),2,-8051.92
1081,E0133A,Shah Precision Tools,SHAFS5179Z,1896348,6/20/2026,INV/2026/00387,3400000387,54470200,INCENTIVE SPARE PART,194R payment - Shah Precision Tools,274818.31,232896.87,6/25/2026,KR,2510000387,MI,Ben. 194R @ 10% COM PAN-N/S-393(1)8(iv),2,-4657.94
1001,E0134B,Modi Steel Traders,MODFS0562Q,19448928,6/12/2026,INV/2026/00388,3400000388,16290008,GR/IR-Indirect Good,194C payment - Modi Steel Traders,804833.36,682062.17,7/1/2026,KA,2310000388,CP,Firm - 2%-New Sec-393(1)6(i),2,-13641.24
1079,E0135G,Parekh Logistics,PARFS3338T,4666252,8/15/2026,INV/2026/00389,3400000389,16290019,Non-Comp-393(1)6(ii),194J payment - Parekh Logistics,749121.12,634848.41,8/21/2026,KR,2510000389,JP,Prof. Serv. Fees@10%-CO-NS393(1)6(iii)(b,1,-6348.48
1081,L0136H,Ernst & Young LLP Unit-1,ERNFZ7479M,5390814,9/8/2026,INV/2026/00390,,50080002,Retro Price Chan-Mat,194Q payment - Ernst & Young LLP Unit-1,826152.21,700128.99,9/26/2026,KR,2510000390,LP,Purc of Good-0.1%PMTCOM-PNS393(1)8(ii),0.1,-700.13
1001,L0137D,Deloitte Touche Tohmatsu India LLP Unit-2,DELFZ1273V,15883116,9/25/2026,INV/2026/00391,,16290008,GR/IR-Indirect Good,194C payment - Deloitte Touche Tohmatsu India,367882.52,311764.85,10/2/2026,KR,2510000391,CP,Firm - 2%-New Sec-393(1)6(i),2,-6235.3
1079,L0138H,KPMG Assurance & Consulting Services LLP Unit-3,KPMFZ3700Z,19858743,11/27/2026,INV/2026/00392,3400000392,54210099,Professional- Others,194J payment - KPMG Assurance & Consulting Se,883182.98,748460.15,11/28/2026,KA,2310000392,JP,Prof. Serv. Fees@10%-CO-NS393(1)6(iii)(b,10,-74846.01
1081,L0139G,Grant Thornton Bharat LLP Unit-4,GRAFZ4056B,7311091,12/14/2026,INV/2026/00393,3400000393,16290053,COMP-393(1)8(ii),194Q payment - Grant Thornton Bharat LLP Unit,756148.76,640804.03,12/24/2026,AC,1100000393,LP,Purc of Good-0.1%PMTCOM-PNS393(1)8(ii),0.1,-640.8
1001,L0140H,BDO India LLP Unit-5,BDOFZ7118U,17637724,1/14/2027,INV/2026/00394,3400000394,54150001,Rent - Office Building,194I payment - BDO India LLP Unit-5,74827.61,63413.23,1/16/2027,KZ,2610000394,IP,LandBldg/Fur Ind/HUF/Fim10%NS393(1)2(ii),10,-6341.32
1079,L0141C,Walker Chandiok & Co LLP Unit-6,WALFZ8894N,16156241,2/11/2027,INV/2026/00395,3400000395,54410009,Commission Expense,194H payment - Walker Chandiok & Co LLP Unit-,62420.75,52898.94,2/11/2027,KZ,2610000395,HP,Comm/Brokerg Ind/HUF/Firm2%NS393(1)1(ii),0,0.0
1081,L0142F,S R Batliboi & Associates LLP,SRBFP8332Y,14412594,3/2/2027,INV/2026/00396,3400000396,54080001,Interest Expense - Others,194A payment - S R Batliboi & Associates LLP,85121.61,72136.96,3/5/2027,KR,2510000396,AP,Interest Other Than Securities@10%,0,0.0
1001,L0143D,Khaitan & Co LLP,KHAFP9002P,17220460,4/9/2026,INV/2026/00397,3400000397,54470200,INCENTIVE SPARE PART,194R payment - Khaitan & Co LLP,317628.6,269176.78,4/14/2026,KZ,2610000397,MI,Ben. 194R @ 10% COM PAN-N/S-393(1)8(iv),10,-26917.68
1079,L0144H,Ernst & Young LLP Unit-9,ERNFZ3428L,7866614,5/6/2026,INV/2026/00398,,16290008,GR/IR-Indirect Good,194C payment - Ernst & Young LLP Unit-9,361651.66,306484.46,5/11/2026,KR,2510000398,CP,Firm - 2%-New Sec-393(1)6(i),2,-6129.69
1081,L0145G,Deloitte Touche Tohmatsu India LLP Unit-10,DELFZ2277H,8843087,5/21/2026,INV/2026/00399,3400000399,54210099,Professional- Others,194J payment - Deloitte Touche Tohmatsu India,127964.86,108444.8,6/4/2026,AC,1100000399,JP,Prof. Serv. Fees@10%-CO-NS393(1)6(iii)(b,10,-10844.48
1001,L0146B,KPMG Assurance & Consulting Services LLP Unit-11,KPMFZ5927Z,3831820,7/12/2026,INV/2026/00400,3400000400,50258000,Purch Offset Account,194Q payment - KPMG Assurance & Consulting Se,1995341.5,1690967.37,7/17/2026,KR,2510000400,LP,Purc of Good-0.1%PMTCOM-PNS393(1)8(ii),0.1,-1690.97
1079,L0147B,Grant Thornton Bharat LLP Unit-12,GRAFZ1786O,15555893,8/10/2026,INV/2026/00401,3400000401,16290008,GR/IR-Indirect Good,194C payment - Grant Thornton Bharat LLP Unit,668296.42,566352.9,8/16/2026,KZ,2610000401,CP,Firm - 2%-New Sec-393(1)6(i),2,-11327.06
1081,L0148B,BDO India LLP Unit-13,BDOFZ1495H,23966312,8/27/2026,INV/2026/00402,3400000402,16290019,Non-Comp-393(1)6(ii),194J payment - BDO India LLP Unit-13,203325.19,172309.48,9/15/2026,KR,2510000402,JP,Prof. Serv. Fees@10%-CO-NS393(1)6(iii)(b,10,-17230.95
1001,L0149G,Walker Chandiok & Co LLP Unit-14,WALFZ1504T,19419182,10/10/2026,INV/2026/00403,,16290054,OTH-393(1)8(ii),194Q payment - Walker Chandiok & Co LLP Unit-,2889191.05,2448466.99,10/26/2026,KR,2510000403,LP,Purc of Good-0.1%PMTCOM-PNS393(1)8(ii),0.1,-2448.47
1079,L0150B,S R Batliboi & Associates LLP Unit-15,SRBFZ9193O,11094145,10/19/2026,INV/2026/00404,3400000404,54150002,RENTAL CHARGES - IT ASSETS,194I payment - S R Batliboi & Associates LLP ,209689.54,177703.0,11/8/2026,KR,2510000404,IP,LandBldg/Fur Ind/HUF/Fim10%NS393(1)2(ii),1,-1777.03
1081,I0151D,Rakesh Trivedi,RAKPI0602A,3333282,11/28/2026,INV/2026/00405,,54410009,Commission Expense,194H payment - Rakesh Trivedi,31396.72,26607.39,12/10/2026,AC,1100000405,HP,Comm/Brokerg Ind/HUF/Firm2%NS393(1)1(ii),2,-532.15
1001,I0152F,Janorkar Dhillon,JANPN0639M,24246497,1/7/2027,INV/2026/00406,,54080001,Interest Expense - Others,194A payment - Janorkar Dhillon,87366.99,74039.82,1/25/2027,KR,2510000406,AP,Interest Other Than Securities@10%,10,-7403.98
1079,I0153H,Pradhan Modi,PRAPI6148J,7223690,2/21/2027,INV/2026/00407,,54470200,INCENTIVE SPARE PART,194R payment - Pradhan Modi,131819.12,111711.12,2/25/2027,AC,1100000407,MI,Ben. 194R @ 10% COM PAN-N/S-393(1)8(iv),10,-11171.11
1081,I0154F,Vijay Dhillon,VIJPN9453P,2181696,2/25/2027,INV/2026/00408,3400000408,16290009,Non-Companies-393(1),194C payment - Vijay Dhillon,863382.91,731680.43,3/5/2027,KA,2310000408,CP,Ind/HUF - 1%-New Sec-393(1)6(i),1,-7316.8
1001,I0155B,Ramesh Gill,RAMPL1846V,19159717,4/1/2026,INV/2026/00409,3400000409,16290019,Non-Comp-393(1)6(ii),194J payment - Ramesh Gill,192044.82,162749.85,4/11/2026,KR,2510000409,JP,Prof.ServFee@10%-IndHUF-NS393(1)6(iii)(b,10,-16274.98
1079,I0156E,Manpreet Gupta,MANPA5763I,2706560,4/28/2026,INV/2026/00410,,16290009,Non-Companies-393(1),194C payment - Manpreet Gupta,264971.35,224551.99,5/4/2026,AC,1100000410,CP,Ind/HUF - 1%-New Sec-393(1)6(i),1,-2245.52
1081,I0157G,Dinesh Choudhary,DINPY8470C,11574679,5/25/2026,INV/2026/00411,3400000411,16290009,Non-Companies-393(1),194C payment - Dinesh Choudhary,126592.15,107281.48,6/3/2026,KR,2510000411,CP,Ind/HUF - 1%-New Sec-393(1)6(i),1,-1072.81
1001,I0158B,Rakesh Bedi,RAKPI2203H,4184030,6/23/2026,INV/2026/00412,3400000412,54200001,Non-Comp-393(1)6(ii),194J payment - Rakesh Bedi,381330.1,323161.1,7/6/2026,AC,1100000412,JI,TechServFees@2%-IndHUF:NS393(1)6(iii)(a),0.5,-1615.81
1079,I0159F,Pradhan Thakur,PRAPR3108Q,17359200,7/24/2026,INV/2026/00413,3400000413,16290009,Non-Companies-393(1),194C payment - Pradhan Thakur,383976.17,325403.53,8/11/2026,KR,2510000413,CP,Ind/HUF - 1%-New Sec-393(1)6(i),1,-3254.04
1081,I0160A,Manpreet Solanki,MANPI9912Q,19977346,9/5/2026,INV/2026/00414,3400000414,54150001,Rent - Office Building,194I payment - Manpreet Solanki,215153.77,182333.7,9/14/2026,KR,2510000414,IP,LandBldg/Fur Ind/HUF/Fim10%NS393(1)2(ii),10,-18233.37
1001,I0161E,Jaspreet Brar,JASPR0856X,7492340,10/2/2026,INV/2026/00415,,54410009,Commission Expense,194H payment - Jaspreet Brar,220007.67,186447.18,10/17/2026,KR,2510000415,HP,Comm/Brokerg Ind/HUF/Firm2%NS393(1)1(ii),2,-3728.94
1079,I0162G,Nilesh Sinha,NILPA4469K,4644489,10/27/2026,INV/2026/00416,3400000416,16290009,Non-Companies-393(1),194C payment - Nilesh Sinha,664117.2,562811.19,11/13/2026,AC,1100000416,CP,Ind/HUF - 1%-New Sec-393(1)6(i),1,-5628.11
1081,I0163D,Dinesh Sharma,DINPA5385V,7849609,12/15/2026,INV/2026/00417,3400000417,54470200,INCENTIVE SPARE PART,194R payment - Dinesh Sharma,176702.47,149747.86,12/16/2026,KA,2310000417,MI,Ben. 194R @ 10% COM PAN-N/S-393(1)8(iv),10,-14974.79
1001,I0164F,Jaspreet Menon,JASPN7308P,8252441,1/15/2027,INV/2026/00418,3400000418,16290009,Non-Companies-393(1),194C payment - Jaspreet Menon,291156.39,246742.7,1/15/2027,KZ,2610000418,CP,Ind/HUF - 1%-New Sec-393(1)6(i),1,-2467.43
1079,I0165F,Subash Sharma,SUBPA2058R,16264440,1/31/2027,INV/2026/00419,,16290019,Non-Comp-393(1)6(ii),194J payment - Subash Sharma,220353.85,186740.55,2/16/2027,KR,2510000419,JI,TechServFees@2%-IndHUF:NS393(1)6(iii)(a),0,0.0
1081,I0166A,Manoj Sidhu,MANPU8121D,8762603,2/15/2027,INV/2026/00420,,16290009,Non-Companies-393(1),194C payment - Manoj Sidhu,592584.22,502190.02,3/3/2027,AC,1100000420,CP,Ind/HUF - 1%-New Sec-393(1)6(i),1,-5021.9
1001,I0167H,Mohit Pillai,MOHPI3231X,21372359,4/22/2026,INV/2026/00421,,16290009,Non-Companies-393(1),194C payment - Mohit Pillai,599363.41,507935.09,4/28/2026,KZ,2610000421,CP,Ind/HUF - 1%-New Sec-393(1)6(i),1,-5079.35
1079,I0168E,Dinesh Parekh,DINPH3916N,23200905,5/20/2026,INV/2026/00422,3400000422,54210099,Professional- Others,194J payment - Dinesh Parekh,1038476.88,880065.15,5/26/2026,KR,2510000422,JI,TechServFees@2%-IndHUF:NS393(1)6(iii)(a),1,-8800.65
1081,I0169F,Anita Sandhu,ANIPU6820N,3353988,6/11/2026,INV/2026/00423,3400000423,16290009,Non-Companies-393(1),194C payment - Anita Sandhu,227204.93,192546.55,6/13/2026,KR,2510000423,CP,Ind/HUF - 1%-New Sec-393(1)6(i),1,-1925.47
1001,I0170H,Deepak Thakur,DEEPR2836R,6882166,6/23/2026,INV/2026/00424,,54150001,Rent - Office Building,194I payment - Deepak Thakur,170255.23,144284.09,7/13/2026,KR,2510000424,IP,LandBldg/Fur Ind/HUF/Fim10%NS393(1)2(ii),10,-14428.41
1079,I0171E,Gaurav Kulkarni,GAUPI0971N,12446003,8/6/2026,INV/2026/00425,3400000425,54410009,Commission Expense,194H payment - Gaurav Kulkarni,153159.8,129796.44,8/11/2026,KZ,2610000425,HP,Comm/Brokerg Ind/HUF/Firm2%NS393(1)1(ii),2,-2595.93
1081,I0172B,Mahesh Pandey,MAHPY2876B,935060,9/23/2026,INV/2026/00426,,54080001,Interest Expense - Others,194A payment - Mahesh Pandey,36967.91,31328.74,9/27/2026,KR,2510000426,AP,Interest Other Than Securities@10%,10,-3132.87
1001,I0173E,Mahesh Grewal,MAHPL4817W,9449008,10/13/2026,INV/2026/00427,3400000427,54470200,INCENTIVE SPARE PART,194R payment - Mahesh Grewal,159680.75,135322.67,10/14/2026,KZ,2610000427,MI,Ben. 194R @ 10% COM PAN-N/S-393(1)8(iv),10,-13532.27
1079,I0174B,Mukesh Sinha,MUKPA9696B,13416935,10/28/2026,INV/2026/00428,,16290009,Non-Companies-393(1),194C payment - Mukesh Sinha,943694.04,799740.71,11/8/2026,KR,2510000428,CP,Ind/HUF - 1%-New Sec-393(1)6(i),0.5,-3998.7
1081,I0175C,Balwinder Banerjee,BALPE9731X,19307609,11/18/2026,INV/2026/00429,3400000429,16290019,Non-Comp-393(1)6(ii),194J payment - Balwinder Banerjee,800031.3,677992.63,12/4/2026,KR,2510000429,JP,Prof.ServFee@10%-IndHUF-NS393(1)6(iii)(b,10,-67799.26
1001,I0176G,Kavita Chopra,KAVPA6368Q,9259682,1/10/2027,INV/2026/00430,3400000430,16290009,Non-Companies-393(1),194C payment - Kavita Chopra,404591.05,342873.77,1/15/2027,KR,2510000430,CP,Ind/HUF - 1%-New Sec-393(1)6(i),1,-3428.74
1079,I0177C,Naresh Pillai,NARPI8306D,15261416,1/22/2027,INV/2026/00431,3400000431,16290009,Non-Companies-393(1),194C payment - Naresh Pillai,954319.6,808745.42,2/1/2027,KZ,2610000431,CP,Ind/HUF - 1%-New Sec-393(1)6(i),1,-8087.45
1081,I0178B,Nitin Patel,NITPL9863G,8963871,2/13/2027,INV/2026/00432,3400000432,16290019,Non-Comp-393(1)6(ii),194J payment - Nitin Patel,128270.91,108704.16,3/3/2027,KR,2510000432,JP,Prof.ServFee@10%-IndHUF-NS393(1)6(iii)(b,10,-10870.42
1001,I0179B,Rakesh Sidhu,RAKPU4961V,7198959,4/14/2026,INV/2026/00433,,16290009,Non-Companies-393(1),194C payment - Rakesh Sidhu,637843.56,540545.39,4/18/2026,KR,2510000433,CP,Ind/HUF - 1%-New Sec-393(1)6(i),1,-5405.45
1079,I0180H,Vikram Parekh,VIKPH7739V,2641502,5/12/2026,INV/2026/00434,3400000434,54150001,Rent - Office Building,194I payment - Vikram Parekh,337963.14,286409.44,5/20/2026,KR,2510000434,IP,LandBldg/Fur Ind/HUF/Fim10%NS393(1)2(ii),10,-28640.94
1081,I0181B,Balwinder Verma,BALPA0866U,8315981,6/16/2026,INV/2026/00435,3400000435,54410009,Commission Expense,194H payment - Balwinder Verma,185329.47,157058.87,6/23/2026,KR,2510000435,HP,Comm/Brokerg Ind/HUF/Firm2%NS393(1)1(ii),2,-3141.18
1001,I0182D,Amit Solanki,AMIPI9603J,14375949,6/16/2026,INV/2026/00436,3400000436,16290009,Non-Companies-393(1),194C payment - Amit Solanki,488980.71,414390.43,7/4/2026,KZ,2610000436,CP,Ind/HUF - 1%-New Sec-393(1)6(i),1,-4143.9
1079,I0183F,Mahesh Dhillon,MAHPN0602V,908254,8/1/2026,INV/2026/00437,3400000437,54470200,INCENTIVE SPARE PART,194R payment - Mahesh Dhillon,171045.35,144953.69,8/14/2026,KA,2310000437,MI,Ben. 194R @ 10% COM PAN-N/S-393(1)8(iv),0,0.0
1081,I0184E,Anita Arora,ANIPA1036Z,4448514,9/13/2026,INV/2026/00438,,16290009,Non-Companies-393(1),194C payment - Anita Arora,666860.37,565135.91,9/13/2026,KR,2510000438,CP,Ind/HUF - 1%-New Sec-393(1)6(i),1,-5651.36
1001,I0185C,Vijay Reddy,VIJPY5625U,23633759,10/19/2026,INV/2026/00439,,16290019,Non-Comp-393(1)6(ii),194J payment - Vijay Reddy,256527.48,217396.17,10/26/2026,KZ,2610000439,JI,TechServFees@2%-IndHUF:NS393(1)6(iii)(a),2,-4347.92
1079,I0186F,Pooja Bedi,POOPI0264R,5293609,10/20/2026,INV/2026/00440,3400000440,16290009,Non-Companies-393(1),194C payment - Pooja Bedi,394865.45,334631.74,11/1/2026,KA,2310000440,CP,Ind/HUF - 1%-New Sec-393(1)6(i),1,-3346.32
1081,I0187B,Deepak Rao,DEEPO2963K,10943845,11/15/2026,INV/2026/00441,,16290009,Non-Companies-393(1),194C payment - Deepak Rao,819148.98,694194.05,12/5/2026,KA,2310000441,CP,Ind/HUF - 1%-New Sec-393(1)6(i),1,-6941.94
1001,I0188D,Dinesh Pandey,DINPY5607X,21195468,1/13/2027,INV/2026/00442,,16290019,Non-Comp-393(1)6(ii),194J payment - Dinesh Pandey,944913.86,800774.46,1/23/2027,AC,1100000442,JI,TechServFees@2%-IndHUF:NS393(1)6(iii)(a),2,-16015.49
1079,I0189H,Ashok Brar,ASHPR4153B,23131748,1/22/2027,INV/2026/00443,3400000443,16290009,Non-Companies-393(1),194C payment - Ashok Brar,660171.84,559467.66,2/9/2027,KR,2510000443,CP,Ind/HUF - 1%-New Sec-393(1)6(i),1,-5594.68
1081,I0190D,Rakesh Banerjee,RAKPE5025N,11873020,3/2/2027,INV/2026/00444,3400000444,54150002,RENTAL CHARGES - IT ASSETS,194I payment - Rakesh Banerjee,123621.99,104764.4,3/16/2027,KZ,2610000444,IP,PlantMach Rent@2%-NS393(1)2(i),2,-2095.29
1001,I0191G,Nilesh Sharma,NILPA9581N,17776418,4/6/2026,INV/2026/00445,3400000445,54410009,Commission Expense,194H payment - Nilesh Sharma,57863.45,49036.82,4/25/2026,KA,2310000445,HP,Comm/Brokerg Ind/HUF/Firm2%NS393(1)1(ii),2,-980.74
1079,I0192C,Amit Kapoor,AMIPR4834C,5768055,4/30/2026,INV/2026/00446,3400000446,54080001,Interest Expense - Others,194A payment - Amit Kapoor,103878.06,88032.25,5/6/2026,KA,2310000446,AP,Interest Other Than Securities@10%,10,-8803.22
1081,I0193A,Patil Jain,PATPN6164T,16585097,6/7/2026,INV/2026/00447,3400000447,54470200,INCENTIVE SPARE PART,194R payment - Patil Jain,160857.88,136320.24,6/8/2026,KR,2510000447,MI,Ben. 194R @ 10% COM PAN-N/S-393(1)8(iv),10,-13632.02
1001,I0194H,Manpreet Kapoor,MANPR2745H,18868036,7/9/2026,INV/2026/00448,3400000448,16290009,Non-Companies-393(1),194C payment - Manpreet Kapoor,244778.85,207439.7,7/10/2026,KR,2510000448,CP,Ind/HUF - 1%-New Sec-393(1)6(i),1,-2074.4
1079,I0195C,Sunita Verma,SUNPA6242C,21943289,8/2/2026,INV/2026/00449,3400000449,16290019,Non-Comp-393(1)6(ii),194J payment - Sunita Verma,228043.61,193257.3,8/17/2026,KA,2310000449,JI,TechServFees@2%-IndHUF:NS393(1)6(iii)(a),2,-3865.15
1081,I0196A,Ashok Thakur,ASHPR1993Z,4401932,9/12/2026,INV/2026/00450,3400000450,16290009,Non-Companies-393(1),194C payment - Ashok Thakur,413685.14,350580.63,9/15/2026,KZ,2610000450,CP,Ind/HUF - 1%-New Sec-393(1)6(i),1,-3505.81
1001,I0197G,Mohit Gill,MOHPL5445W,12663334,9/26/2026,INV/2026/00451,,16290009,Non-Companies-393(1),194C payment - Mohit Gill,210146.34,178090.12,10/12/2026,KR,2510000451,CP,Ind/HUF - 1%-New Sec-393(1)6(i),0.5,-890.45
1079,I0198D,Nikhil Desai,NIKPI4822Q,7654276,11/8/2026,INV/2026/00452,3400000452,16290019,Non-Comp-393(1)6(ii),194J payment - Nikhil Desai,527497.24,447031.56,11/27/2026,KZ,2610000452,JP,Prof.ServFee@10%-IndHUF-NS393(1)6(iii)(b,10,-44703.16
1081,I0199H,Janorkar Parekh,JANPH7150R,11102462,12/5/2026,INV/2026/00453,3400000453,16290009,Non-Companies-393(1),194C payment - Janorkar Parekh,257131.81,217908.31,12/16/2026,KZ,2610000453,CP,Ind/HUF - 1%-New Sec-393(1)6(i),1,-2179.08
1001,I0200F,Nilesh Reddy,NILPY5621Q,11507689,1/5/2027,INV/2026/00454,3400000454,54150001,Rent - Office Building,194I payment - Nilesh Reddy,264334.24,224012.07,1/8/2027,KZ,2610000454,IP,LandBldg/Fur Ind/HUF/Fim10%NS393(1)2(ii),10,-22401.21
1079,I0201C,Jaspreet Modi,JASPI1732B,2576592,2/11/2027,INV/2026/00455,3400000455,54410009,Commission Expense,194H payment - Jaspreet Modi,156737.74,132828.59,2/15/2027,KR,2510000455,HP,Comm/Brokerg Ind/HUF/Firm2%NS393(1)1(ii),2,-2656.57
1081,I0202F,Rajesh Chopra,RAJPA8120L,21483816,2/27/2027,INV/2026/00456,3400000456,54080001,Interest Expense - Others,194A payment - Rajesh Chopra,74453.37,63096.08,3/9/2027,KR,2510000456,AP,Interest Other Than Securities@10%,10,-6309.61
1001,I0203C,Shettigar Yadav,SHEPV8264D,6409953,4/1/2026,INV/2026/00457,,54470200,INCENTIVE SPARE PART,194R payment - Shettigar Yadav,338237.89,286642.28,4/4/2026,KA,2310000457,MI,Ben. 194R @ 10% COM PAN-N/S-393(1)8(iv),10,-28664.23
1079,I0204D,Sanjay Modi,SANPI3774Z,11685404,5/4/2026,INV/2026/00458,3400000458,16290009,Non-Companies-393(1),194C payment - Sanjay Modi,725663.21,614968.82,5/5/2026,AC,1100000458,CP,Ind/HUF - 1%-New Sec-393(1)6(i),1,-6149.69
1081,I0205E,Nilesh Solanki,NILPI5479E,18651683,5/28/2026,INV/2026/00459,3400000459,16290019,Non-Comp-393(1)6(ii),194J payment - Nilesh Solanki,938175.47,795063.96,6/17/2026,KZ,2610000459,JP,Prof.ServFee@10%-IndHUF-NS393(1)6(iii)(b,10,-79506.4
1001,H0206E,Ramesh Kumar HUF,RAMHF9131R,19918949,7/13/2026,INV/2026/00460,3400000460,16290009,Non-Companies-393(1),194C payment - Ramesh Kumar HUF,434672.15,368366.23,7/15/2026,KR,2510000460,CP,Ind/HUF - 1%-New Sec-393(1)6(i),1,-3683.66
1079,H0207E,Suresh Chandra HUF,SURHF3987X,19579298,7/24/2026,INV/2026/00461,3400000461,16290009,Non-Companies-393(1),194C payment - Suresh Chandra HUF,308455.08,261402.61,8/6/2026,KA,2310000461,CP,Ind/HUF - 1%-New Sec-393(1)6(i),1,-2614.03
1081,H0208F,Anil Mehta HUF,ANIHF6784W,16985220,8/26/2026,INV/2026/00462,,54210099,Professional- Others,194J payment - Anil Mehta HUF,417015.65,353403.09,9/6/2026,KA,2310000462,JP,Prof.ServFee@10%-IndHUF-NS393(1)6(iii)(b,10,-35340.31
1001,H0209E,Vikram Patel HUF,VIKHF6043C,24813691,10/3/2026,INV/2026/00463,3400000463,16290009,Non-Companies-393(1),194C payment - Vikram Patel HUF,321133.45,272146.99,10/5/2026,AC,1100000463,CP,Ind/HUF - 1%-New Sec-393(1)6(i),1,-2721.47
1079,H0210B,Rajesh Agarwal HUF,RAJHF3193L,8004137,11/4/2026,INV/2026/00464,,54150002,RENTAL CHARGES - IT ASSETS,194I payment - Rajesh Agarwal HUF,154955.91,131318.57,11/15/2026,KR,2510000464,IP,LandBldg/Fur Ind/HUF/Fim10%NS393(1)2(ii),10,-13131.86
1081,H0211E,Mahesh Shah HUF,MAHHF0335S,24407497,11/22/2026,INV/2026/00465,,54410009,Commission Expense,194H payment - Mahesh Shah HUF,113466.55,96158.09,12/2/2026,KR,2510000465,HP,Comm/Brokerg Ind/HUF/Firm2%NS393(1)1(ii),2,-1923.16
1001,H0212A,Prakash Jain HUF,PRAHF7723X,8366285,12/17/2026,INV/2026/00466,,54080001,Interest Expense - Others,194A payment - Prakash Jain HUF,54088.12,45837.39,1/3/2027,KZ,2610000466,AP,Interest Other Than Securities@10%,10,-4583.74
1079,H0213B,Dinesh Gupta HUF,DINHF6286R,6155287,2/16/2027,INV/2026/00467,3400000467,54470200,INCENTIVE SPARE PART,194R payment - Dinesh Gupta HUF,263908.35,223651.14,2/17/2027,AC,1100000467,MI,Ben. 194R @ 10% COM PAN-N/S-393(1)8(iv),10,-22365.11
1081,H0214B,Sunil Sharma HUF,SUNHF9253G,5842046,3/5/2027,INV/2026/00468,3400000468,16290009,Non-Companies-393(1),194C payment - Sunil Sharma HUF,435565.55,369123.35,3/23/2027,KR,2510000468,CP,Ind/HUF - 1%-New Sec-393(1)6(i),1,-3691.23
1001,H0215G,Amit Verma HUF,AMIHF0888X,8347696,4/18/2026,INV/2026/00469,3400000469,54210099,Professional- Others,194J payment - Amit Verma HUF,810656.64,686997.15,4/28/2026,KA,2310000469,JP,Prof.ServFee@10%-IndHUF-NS393(1)6(iii)(b,10,-68699.71
1079,H0216F,Ramesh Kumar HUF Unit-11,RAMHZ7318N,5511169,4/26/2026,INV/2026/00470,3400000470,16290009,Non-Companies-393(1),194C payment - Ramesh Kumar HUF Unit-11,297579.6,252186.1,5/15/2026,KR,2510000470,CP,Ind/HUF - 1%-New Sec-393(1)6(i),1,-2521.86
1081,H0217H,Suresh Chandra HUF Unit-12,SURHZ0454G,17021000,5/31/2026,INV/2026/00471,3400000471,16290009,Non-Companies-393(1),194C payment - Suresh Chandra HUF Unit-12,91610.07,77635.65,6/10/2026,KA,2310000471,CP,Ind/HUF - 1%-New Sec-393(1)6(i),1,-776.36
1001,T0218D,Yuvashakti Foundation,YUVTN0584V,14052096,6/19/2026,INV/2026/00472,3400000472,54210099,Professional- Others,194J payment - Yuvashakti Foundation,617101.05,522966.99,7/5/2026,KR,2510000472,JP,Prof. Serv. Fees@10%-CO-NS393(1)6(iii)(b,10,-52296.7
1079,T0219A,Bharatiya Vidya Bhavan Trust,BHATT4950E,21251003,8/12/2026,INV/2026/00473,,50258000,Purch Offset Account,194Q payment - Bharatiya Vidya Bhavan Trust,2494322.23,2113832.4,8/19/2026,KZ,2610000473,LP,Purc of Good-0.1%PMTCOM-PNS393(1)8(ii),0.1,-2113.83
1081,T0220H,Sri Ramakrishna Mission Trust,SRITT1331W,14668086,9/14/2026,INV/2026/00474,,54150002,RENTAL CHARGES - IT ASSETS,194I payment - Sri Ramakrishna Mission Trust,277117.83,234845.62,9/14/2026,AC,1100000474,IP,PlantMach Rent@2%-NS393(1)2(i),2,-4696.91
1001,T0221A,Helpage India Trust,HELTT9853K,13262101,10/6/2026,INV/2026/00475,3400000475,54410009,Commission Expense,194H payment - Helpage India Trust,85114.72,72131.12,10/16/2026,KZ,2610000475,HP,Comm/Brokerg Ind/HUF/Firm2%NS393(1)1(ii),2,-1442.62
1079,T0222C,CRY Child Rights Trust,CRYTT7530J,20823619,11/10/2026,INV/2026/00476,,54080001,Interest Expense - Others,194A payment - CRY Child Rights Trust,82532.22,69942.56,11/21/2026,KR,2510000476,AP,Interest Other Than Securities@10%,10,-6994.26
1081,T0223D,Akshaya Patra Foundation,AKSTN7883I,3456589,11/25/2026,INV/2026/00477,3400000477,54470200,INCENTIVE SPARE PART,194R payment - Akshaya Patra Foundation,103292.94,87536.39,12/8/2026,AC,1100000477,MI,Ben. 194R @ 10% COM PAN-N/S-393(1)8(iv),10,-8753.64
1001,T0224E,GiveIndia Foundation,GIVTN7946U,16945452,12/31/2026,INV/2026/00478,,16290008,GR/IR-Indirect Good,194C payment - GiveIndia Foundation,208659.02,176829.68,1/7/2027,KR,2510000478,CP,Firm - 2%-New Sec-393(1)6(i),2,-3536.59
1079,T0225E,Smile Foundation Trust,SMITT6108A,17271781,1/24/2027,INV/2026/00479,3400000479,54210099,Professional- Others,194J payment - Smile Foundation Trust,891596.18,755589.98,2/6/2027,AC,1100000479,JP,Prof. Serv. Fees@10%-CO-NS393(1)6(iii)(b,10,-75559.0
1081,T0226A,Pratham Education Foundation,PRATN4710P,7054126,3/9/2027,INV/2026/00480,3400000480,16290053,COMP-393(1)8(ii),194Q payment - Pratham Education Foundation,1220372.82,1034214.25,3/18/2027,KA,2310000480,LP,Purc of Good-0.1%PMTCOM-PNS393(1)8(ii),0.1,-1034.21
1001,T0227B,Teach For India Trust,TEATT5339W,22229407,4/15/2026,INV/2026/00481,,16290008,GR/IR-Indirect Good,194C payment - Teach For India Trust,340666.5,288700.42,4/17/2026,KZ,2610000481,CP,Firm - 2%-New Sec-393(1)6(i),2,-5774.01
1079,A0228G,Irrigation Association of India,IRRAA5116R,7870961,4/26/2026,INV/2026/00482,3400000482,54210099,Professional- Others,194J payment - Irrigation Association of Indi,287332.82,243502.39,5/15/2026,KZ,2610000482,JP,Prof. Serv. Fees@10%-CO-NS393(1)6(iii)(b,10,-24350.24
1081,A0229H,Automotive Component Manufacturers Association,AUTAN9861M,17707379,6/20/2026,INV/2026/00483,3400000483,16290054,OTH-393(1)8(ii),194Q payment - Automotive Component Manufactu,1605820.96,1360865.22,6/24/2026,KZ,2610000483,LP,Purc of Good-0.1%PMTCOM-PNS393(1)8(ii),0.1,-1360.87
1001,A0230B,Confederation of Indian Industry,CONAY5774S,5398900,7/1/2026,INV/2026/00484,,54150001,Rent - Office Building,194I payment - Confederation of Indian Indust,321572.1,272518.73,7/9/2026,KR,2510000484,IP,LandBldg/Fur Ind/HUF/Fim10%NS393(1)2(ii),10,-27251.87
1079,A0231D,Federation of Indian Chambers of Commerce,FEDAE5542K,22509984,8/14/2026,INV/2026/00485,3400000485,54410009,Commission Expense,194H payment - Federation of Indian Chambers ,65373.69,55401.43,8/20/2026,AC,1100000485,HP,Comm/Brokerg Ind/HUF/Firm2%NS393(1)1(ii),2,-1108.03
1081,A0232B,Indian Machine Tool Manufacturers Association,INDAN5263D,2474124,9/12/2026,INV/2026/00486,3400000486,54080001,Interest Expense - Others,194A payment - Indian Machine Tool Manufactur,107754.83,91317.65,9/26/2026,KZ,2610000486,AP,Interest Other Than Securities@10%,10,-9131.76
1001,A0233E,Electronics Industries Association of India,ELEAA6571Z,13752209,10/9/2026,INV/2026/00487,3400000487,54470200,INCENTIVE SPARE PART,194R payment - Electronics Industries Associa,289853.56,245638.61,10/22/2026,KR,2510000487,MI,Ben. 194R @ 10% COM PAN-N/S-393(1)8(iv),10,-24563.86
1079,A0234E,Builders Association of India,BUIAA9240B,19115310,11/1/2026,INV/2026/00488,3400000488,16290008,GR/IR-Indirect Good,194C payment - Builders Association of India,87895.7,74487.88,11/12/2026,KZ,2610000488,CP,Firm - 2%-New Sec-393(1)6(i),2,-1489.76
1081,A0235A,Indian Plumbing Association,INDAN2484H,21389065,12/14/2026,INV/2026/00489,3400000489,54210099,Professional- Others,194J payment - Indian Plumbing Association,761239.04,645117.83,12/18/2026,KR,2510000489,JP,Prof. Serv. Fees@10%-CO-NS393(1)6(iii)(b,10,-64511.78
1001,LDC0241A,Lower Deduction Certificate Ltd,LOWCD2468H,24849431,1/17/2027,INV/2026/00490,3400000490,16290053,COMP-393(1)8(ii),194Q payment - Lower Deduction Certificate Lt,2682323.57,2273155.57,1/20/2027,KR,2510000490,LP,Purc of Good-0.1%PMTCOM-PNS393(1)8(ii),1,-22731.56
1079,LDC0242H,LDC Rate Engineering Works,LDCFS0783X,2507012,2/8/2027,INV/2026/00491,3400000491,16290008,GR/IR-Indirect Good,194C payment - LDC Rate Engineering Works,429983.3,364392.63,2/22/2027,KR,2510000491,CP,Firm - 2%-New Sec-393(1)6(i),0.5,-1821.96
1081,LDC0243G,Expired LDC Consulting Pvt Ltd,EXPCD5434U,21865629,3/14/2027,INV/2026/00492,3400000492,16290019,Non-Comp-393(1)6(ii),194J payment - Expired LDC Consulting Pvt Ltd,352820.19,299000.16,3/21/2027,KR,2510000492,JP,Prof. Serv. Fees@10%-CO-NS393(1)6(iii)(b,10,-29900.02
1001,QTH0244D,Threshold Goods Suppliers Pvt Ltd,THRCD7444Y,2003305,4/1/2026,INV/2026/00493,3400000493,50258000,Purch Offset Account,194Q payment - Threshold Goods Suppliers Pvt ,1372430.77,1163076.92,4/11/2026,KR,2510000493,LP,Purc of Good-0.1%PMTCOM-PNS393(1)8(ii),0.1,-1163.08
1079,QTH0245F,Mega Purchase Components Ltd,MEGCD2355D,17561341,4/25/2026,INV/2026/00494,3400000494,54150002,RENTAL CHARGES - IT ASSETS,194I payment - Mega Purchase Components Ltd,463481.34,392780.8,5/10/2026,AC,1100000494,IP,LandBldg/Fur Ind/HUF/Fim10%NS393(1)2(ii),10,-39278.08
1081,QTH0246F,Below Threshold Parts India Ltd,BELCD0690T,22026101,5/21/2026,INV/2026/00495,3400000495,54410009,Commission Expense,194H payment - Below Threshold Parts India Lt,146919.06,124507.68,6/6/2026,KR,2510000495,HP,Comm/Brokerg Ind/HUF/Firm2%NS393(1)1(ii),2,-2490.15
1001,ADV0247A,Advance Payment Contractors Pvt Ltd,ADVCD8622X,14330682,7/22/2026,INV/2026/00496,3400000496,54080001,Interest Expense - Others,194A payment - Advance Payment Contractors Pv,121416.34,102895.2,7/26/2026,AC,1100000496,AP,Interest Other Than Securities@10%,10,-10289.52
1079,ADV0248A,Partial Advance Builders,PARFS8243S,19886711,8/9/2026,INV/2026/00497,,54470200,INCENTIVE SPARE PART,194R payment - Partial Advance Builders,237193.77,201011.67,8/27/2026,KZ,2610000497,MI,Ben. 194R @ 10% COM PAN-N/S-393(1)8(iv),10,-20101.17
1081,DUP0249E,Duplicate Invoice Systems Ltd,DUPCD6474G,20380811,8/23/2026,INV/2026/00498,3400000498,16290008,GR/IR-Indirect Good,194C payment - Duplicate Invoice Systems Ltd,161695.25,137029.87,9/4/2026,KR,2510000498,CP,Cont. Cos - 2%-New Sec-393(1)6(i),2,-2740.6
1001,DUP0250B,Duplicate Payment Traders,DUPFS9722M,23300551,9/26/2026,INV/2026/00499,3400000499,54200001,Non-Comp-393(1)6(ii),194J payment - Duplicate Payment Traders,340664.41,288698.65,10/1/2026,KR,2510000499,JP,Prof. Serv. Fees@10%-CO-NS393(1)6(iii)(b,10,-28869.86
1079,CRN0251D,Credit Note Solutions Pvt Ltd,CRECD8281T,14521657,11/19/2026,INV/2026/00500,3400000500,16290054,OTH-393(1)8(ii),194Q payment - Credit Note Solutions Pvt Ltd,1470600.02,1246271.2,11/23/2026,KA,2310000500,LP,Purc of Good-0.1%PMTCOM-PNS393(1)8(ii),0.1,-1246.27
1081,DBN0252H,Debit Note Materials Ltd,DEBCD6434Z,2848674,12/19/2026,INV/2026/00501,3400000501,16290008,GR/IR-Indirect Good,194C payment - Debit Note Materials Ltd,720182.4,610324.07,12/23/2026,KR,2510000501,CP,Cont. Cos - 2%-New Sec-393(1)6(i),2,-12206.48
1001,REV0253F,Reverse Entry Services Pvt Ltd,REVCD1178E,14000218,12/24/2026,INV/2026/00502,3400000502,16290019,Non-Comp-393(1)6(ii),194J payment - Reverse Entry Services Pvt Ltd,652664.69,553105.67,1/12/2027,KZ,2610000502,JP,Prof. Serv. Fees@10%-CO-NS393(1)6(iii)(b,10,-55310.57
1079,ADJ0254G,Adjustment Entry Works,ADJFS8290B,8147101,2/5/2027,INV/2026/00503,,16290054,OTH-393(1)8(ii),194Q payment - Adjustment Entry Works,2106172.76,1784892.17,2/25/2027,KR,2510000503,LP,Purc of Good-0.1%PMTCOM-PNS393(1)8(ii),0.1,-1784.89
1081,WRG0256B,Wrong Section Mapping Pvt Ltd,WROCD4607S,10293466,2/28/2027,INV/2026/00504,3400000504,54150002,RENTAL CHARGES - IT ASSETS,194I payment - Wrong Section Mapping Pvt Ltd,438028.74,371210.8,3/2/2027,AC,1100000504,IP,LandBldg/Fur Ind/HUF/Fim10%NS393(1)2(ii),10,-37121.08
1001,WRG0257C,Wrong Rate Contractors,WROFS4825X,22279205,4/1/2026,INV/2026/00505,3400000505,54410009,Commission Expense,194H payment - Wrong Rate Contractors,61475.55,52097.92,4/4/2026,KA,2310000505,HP,Comm/Brokerg Ind/HUF/Firm2%NS393(1)1(ii),2,-1041.96
1079,GLX0258E,Wrong GL Mapping Services Ltd,WROCD2387Z,12300497,5/17/2026,INV/2026/00506,3400000506,54080001,Interest Expense - Others,194A payment - Wrong GL Mapping Services Ltd,166418.82,141032.9,5/24/2026,KR,2510000506,AP,Interest Other Than Securities@10%,10,-14103.29
1081,MIX0259D,Mixed Issues Engineering Ltd,MIXCD6355P,9209255,6/15/2026,INV/2026/00507,3400000507,54470200,INCENTIVE SPARE PART,194R payment - Mixed Issues Engineering Ltd,265160.02,224711.88,6/24/2026,KA,2310000507,MI,Ben. 194R @ 10% COM PAN-N/S-393(1)8(iv),10,-22471.19
1001,MUL0260H,Multi Invoice Vendor Pvt Ltd,MULCD3317H,17116981,7/9/2026,INV/2026/00508,,16290008,GR/IR-Indirect Good,194C payment - Multi Invoice Vendor Pvt Ltd,446159.11,378100.94,7/22/2026,KR,2510000508,CP,Cont. Cos - 2%-New Sec-393(1)6(i),2,-7562.02
1079,D0001C,Tata Steel Ltd,TATCD6763J,10382711,7/23/2026,INV/2026/00509,3400000509,54200001,Non-Comp-393(1)6(ii),194J payment - Tata Steel Ltd,614990.9,521178.73,8/6/2026,KZ,2610000509,JP,Prof. Serv. Fees@10%-CO-NS393(1)6(iii)(b,10,-52117.87
1081,D0002G,Larsen & Toubro Ltd,LARCD7595X,8422900,9/7/2026,INV/2026/00510,,50080002,Retro Price Chan-Mat,194Q payment - Larsen & Toubro Ltd,868159.48,735728.37,9/24/2026,AC,1100000510,LP,Purc of Good-0.1%PMTCOM-PNS393(1)8(ii),0,0.0
1001,D0003H,Infosys Ltd,INFCD8748Y,20342757,10/17/2026,INV/2026/00511,3400000511,16290008,GR/IR-Indirect Good,194C payment - Infosys Ltd,107979.38,91507.95,10/21/2026,KR,2510000511,CP,Cont. Cos - 2%-New Sec-393(1)6(i),2,-1830.16
1079,D0004H,Siemens Ltd,SIECD8419P,3956274,11/9/2026,INV/2026/00512,3400000512,16290019,Non-Comp-393(1)6(ii),194J payment - Siemens Ltd,462326.78,391802.36,11/20/2026,KR,2510000512,JP,Prof. Serv. Fees@10%-CO-NS393(1)6(iii)(b,10,-39180.24
1081,D0005E,Blue Star Ltd,BLUCD2478R,16332428,12/1/2026,INV/2026/00513,3400000513,50258000,Purch Offset Account,194Q payment - Blue Star Ltd,2716176.79,2301844.74,12/4/2026,KZ,2610000513,LP,Purc of Good-0.1%PMTCOM-PNS393(1)8(ii),0.1,-2301.84
1001,D0006C,Bosch Ltd,BOSCD8085Y,7761100,12/21/2026,INV/2026/00514,3400000514,54150002,RENTAL CHARGES - IT ASSETS,194I payment - Bosch Ltd,360942.46,305883.44,1/2/2027,KA,2310000514,IP,LandBldg/Fur Ind/HUF/Fim10%NS393(1)2(ii),10,-30588.34
1079,D0007H,Cummins India Ltd,CUMCD7918O,15597969,2/7/2027,INV/2026/00515,3400000515,54410009,Commission Expense,194H payment - Cummins India Ltd,210659.87,178525.31,2/25/2027,KR,2510000515,HP,Comm/Brokerg Ind/HUF/Firm2%NS393(1)1(ii),2,-3570.51
1081,D0008C,ABB India Ltd,ABBCD8474U,15127623,2/17/2027,INV/2026/00516,,54080001,Interest Expense - Others,194A payment - ABB India Ltd,139397.6,118133.56,3/9/2027,KA,2310000516,AP,Interest Other Than Securities@10%,10,-11813.36
1001,D0009F,Thermax Ltd,THECD7429L,23989218,4/8/2026,INV/2026/00517,,54470200,INCENTIVE SPARE PART,194R payment - Thermax Ltd,326271.18,276501.0,4/26/2026,KA,2310000517,MI,Ben. 194R @ 10% COM PAN-N/S-393(1)8(iv),10,-27650.1
1079,D0010E,Kirloskar Brothers Ltd,KIRCD7366R,4773106,5/9/2026,INV/2026/00518,,16290008,GR/IR-Indirect Good,194C payment - Kirloskar Brothers Ltd,740061.95,627171.14,5/10/2026,KR,2510000518,CP,Cont. Cos - 2%-New Sec-393(1)6(i),2,-12543.42
1081,D0011H,Voltas Ltd,VOLCD7228J,1182242,6/11/2026,INV/2026/00519,3400000519,54210099,Professional- Others,194J payment - Voltas Ltd,192790.56,163381.83,6/26/2026,KZ,2610000519,JP,Prof. Serv. Fees@10%-CO-NS393(1)6(iii)(b,10,-16338.18
1001,D0012E,Godrej & Boyce Mfg Co Ltd,GODCD8938D,24300998,6/30/2026,INV/2026/00520,3400000520,50258000,Purch Offset Account,194Q payment - Godrej & Boyce Mfg Co Ltd,2653678.33,2248879.94,7/20/2026,KR,2510000520,LP,Purc of Good-0.1%PMTCOM-PNS393(1)8(ii),0.1,-2248.88
1079,D0013F,Hindustan Unilever Ltd,HINCD6685P,9390653,8/20/2026,INV/2026/00521,,16290008,GR/IR-Indirect Good,194C payment - Hindustan Unilever Ltd,467652.21,396315.43,8/21/2026,KR,2510000521,CP,Cont. Cos - 2%-New Sec-393(1)6(i),2,-7926.31
1081,D0014D,Asian Paints Ltd,ASICD8115B,22557308,8/23/2026,INV/2026/00522,,16290019,Non-Comp-393(1)6(ii),194J payment - Asian Paints Ltd,826866.24,700734.1,9/6/2026,AC,1100000522,JI,TechServFees@2%-IndHUF:NS393(1)6(iii)(a),2,-14014.68
1001,D0015E,Bharat Forge Ltd,BHACD3246R,15643020,10/7/2026,INV/2026/00523,3400000523,16290053,COMP-393(1)8(ii),194Q payment - Bharat Forge Ltd,2836317.17,2403658.62,10/10/2026,KR,2510000523,LP,Purc of Good-0.1%PMTCOM-PNS393(1)8(ii),0.1,-2403.66
1079,D0016E,Mahindra Logistics Ltd,MAHCD0933R,2801520,11/11/2026,INV/2026/00524,3400000524,54150001,Rent - Office Building,194I payment - Mahindra Logistics Ltd,169922.4,144002.03,11/28/2026,KA,2310000524,IP,LandBldg/Fur Ind/HUF/Fim10%NS393(1)2(ii),10,-14400.2
1081,D0017A,Castrol India Ltd,CASCD8544E,6745177,12/6/2026,INV/2026/00525,3400000525,54410009,Commission Expense,194H payment - Castrol India Ltd,37713.33,31960.45,12/18/2026,AC,1100000525,HP,Comm/Brokerg Ind/HUF/Firm2%NS393(1)1(ii),2,-639.21
1001,D0018C,SKF India Ltd,SKFCD8142T,20340672,1/7/2027,INV/2026/00526,,54080001,Interest Expense - Others,194A payment - SKF India Ltd,108823.0,92222.88,1/13/2027,AC,1100000526,AP,Interest Other Than Securities@10%,10,-9222.29
1079,D0019C,Timken India Ltd,TIMCD4475C,19045152,1/29/2027,INV/2026/00527,,54470200,INCENTIVE SPARE PART,194R payment - Timken India Ltd,257145.46,217919.88,2/5/2027,KA,2310000527,MI,Ben. 194R @ 10% COM PAN-N/S-393(1)8(iv),10,-21791.99
1081,D0020F,Schaeffler India Ltd,SCHCD3146B,5378368,3/27/2027,INV/2026/00528,,16290008,GR/IR-Indirect Good,194C payment - Schaeffler India Ltd,219396.94,185929.61,3/27/2027,KA,2310000528,CP,Cont. Cos - 2%-New Sec-393(1)6(i),2,-3718.59
1001,D0021B,Honeywell Automation India Ltd,HONCD0939S,5889280,4/12/2026,INV/2026/00529,,54210099,Professional- Others,194J payment - Honeywell Automation India Ltd,396702.93,336188.92,4/27/2026,KR,2510000529,JP,Prof. Serv. Fees@10%-CO-NS393(1)6(iii)(b,10,-33618.89
1079,D0022B,Emerson Process Management India Pvt Ltd,EMECD9051B,2137509,4/27/2026,INV/2026/00530,,16290054,OTH-393(1)8(ii),194Q payment - Emerson Process Management Ind,2048345.14,1735885.71,5/14/2026,KZ,2610000530,LP,Purc of Good-0.1%PMTCOM-PNS393(1)8(ii),0.1,-1735.89
1081,D0023E,Schneider Electric India Pvt Ltd,SCHCD3744S,5677911,6/24/2026,INV/2026/00531,,16290008,GR/IR-Indirect Good,194C payment - Schneider Electric India Pvt L,983802.08,833730.58,6/24/2026,KR,2510000531,CP,Cont. Cos - 2%-New Sec-393(1)6(i),2,-16674.61
1001,D0024C,Rockwell Automation India Pvt Ltd,ROCCD1209B,19400688,7/3/2026,INV/2026/00532,,16290019,Non-Comp-393(1)6(ii),194J payment - Rockwell Automation India Pvt ,1021122.12,865357.73,7/9/2026,AC,1100000532,JI,TechServFees@2%-IndHUF:NS393(1)6(iii)(a),2,-17307.15
1079,D0025H,Endress Hauser India Pvt Ltd,ENDCD0217T,4042148,7/30/2026,INV/2026/00533,3400000533,50080002,Retro Price Chan-Mat,194Q payment - Endress Hauser India Pvt Ltd,2692914.44,2282130.88,8/1/2026,KA,2310000533,LP,Purc of Good-0.1%PMTCOM-PNS393(1)8(ii),0.1,-2282.13
1081,D0026D,Atlas Copco India Ltd,ATLCD6727M,3638406,8/13/2026,INV/2026/00534,3400000534,54150002,RENTAL CHARGES - IT ASSETS,194I payment - Atlas Copco India Ltd,383949.79,325381.18,9/1/2026,KA,2310000534,IP,LandBldg/Fur Ind/HUF/Fim10%NS393(1)2(ii),10,-32538.12
1001,D0027C,Ingersoll Rand India Ltd,INGCD3014J,23944445,9/19/2026,INV/2026/00535,,54410009,Commission Expense,194H payment - Ingersoll Rand India Ltd,172389.02,146092.39,10/9/2026,KR,2510000535,HP,Comm/Brokerg Ind/HUF/Firm2%NS393(1)1(ii),2,-2921.85
1079,D0028G,Danfoss Industries Pvt Ltd,DANCD2051Z,22998523,11/15/2026,INV/2026/00536,3400000536,54080001,Interest Expense - Others,194A payment - Danfoss Industries Pvt Ltd,169036.2,143251.02,11/17/2026,KR,2510000536,AP,Interest Other Than Securities@10%,10,-14325.1
1081,D0029B,Sandvik Asia Pvt Ltd,SANCD4390G,22084617,11/24/2026,INV/2026/00537,3400000537,54470200,INCENTIVE SPARE PART,194R payment - Sandvik Asia Pvt Ltd,130914.34,110944.36,12/5/2026,AC,1100000537,MI,Ben. 194R @ 10% COM PAN-N/S-393(1)8(iv),10,-11094.44
1001,D0030C,Kennametal India Ltd,KENCD6442L,2650030,12/31/2026,INV/2026/00538,3400000538,16290008,GR/IR-Indirect Good,194C payment - Kennametal India Ltd,849733.12,720112.81,1/1/2027,KA,2310000538,CP,Cont. Cos - 2%-New Sec-393(1)6(i),2,-14402.26
1079,D0031D,Mitsubishi Electric India Pvt Ltd,MITCD9977Y,9416992,2/3/2027,INV/2026/00539,3400000539,54210099,Professional- Others,194J payment - Mitsubishi Electric India Pvt ,962598.2,815761.19,2/18/2027,KA,2310000539,JP,Prof. Serv. Fees@10%-CO-NS393(1)6(iii)(b,10,-81576.12
1081,D0032G,Fanuc India Pvt Ltd,FANCD2481Z,24712469,3/2/2027,INV/2026/00540,3400000540,50080002,Retro Price Chan-Mat,194Q payment - Fanuc India Pvt Ltd,1488793.78,1261689.64,3/3/2027,KR,2510000540,LP,Purc of Good-0.1%PMTCOM-PNS393(1)8(ii),0.1,-1261.69
1001,D0033G,Yaskawa India Pvt Ltd,YASCD5509L,3638130,4/4/2026,INV/2026/00541,3400000541,16290008,GR/IR-Indirect Good,194C payment - Yaskawa India Pvt Ltd,755594.11,640333.99,4/16/2026,KR,2510000541,CP,Cont. Cos - 2%-New Sec-393(1)6(i),2,-12806.68
1079,D0034F,Omron Automation Pvt Ltd,OMRCD4491E,4733141,5/4/2026,INV/2026/00542,,16290019,Non-Comp-393(1)6(ii),194J payment - Omron Automation Pvt Ltd,979512.61,830095.43,5/13/2026,KR,2510000542,JI,TechServFees@2%-IndHUF:NS393(1)6(iii)(a),2,-16601.91
1081,D0035D,Phoenix Contact India Pvt Ltd,PHOCD6041O,4186404,5/27/2026,INV/2026/00543,3400000543,50258000,Purch Offset Account,194Q payment - Phoenix Contact India Pvt Ltd,1298887.23,1100751.89,6/14/2026,KR,2510000543,LP,Purc of Good-0.1%PMTCOM-PNS393(1)8(ii),0.1,-1100.75
1001,D0036E,Wago Controls India Pvt Ltd,WAGCD4099Y,16861264,6/23/2026,INV/2026/00544,3400000544,54150002,RENTAL CHARGES - IT ASSETS,194I payment - Wago Controls India Pvt Ltd,106954.48,90639.39,7/4/2026,AC,1100000544,IP,LandBldg/Fur Ind/HUF/Fim10%NS393(1)2(ii),10,-9063.94
1079,D0037C,Rittal India Pvt Ltd,RITCD1454H,19594514,8/18/2026,INV/2026/00545,3400000545,54410009,Commission Expense,194H payment - Rittal India Pvt Ltd,175365.61,148614.92,8/20/2026,KR,2510000545,HP,Comm/Brokerg Ind/HUF/Firm2%NS393(1)1(ii),2,-2972.3
1081,D0038D,Hager Electro Pvt Ltd,HAGCD7272R,23525596,9/9/2026,INV/2026/00546,,54080001,Interest Expense - Others,194A payment - Hager Electro Pvt Ltd,27156.5,23013.98,9/16/2026,KZ,2610000546,AP,Interest Other Than Securities@10%,10,-2301.4
1001,D0039F,Legrand India Pvt Ltd,LEGCD6149O,23591919,10/20/2026,INV/2026/00547,3400000547,54470200,INCENTIVE SPARE PART,194R payment - Legrand India Pvt Ltd,234911.07,199077.18,10/21/2026,KA,2310000547,MI,Ben. 194R @ 10% COM PAN-N/S-393(1)8(iv),1,-1990.77
1079,D0040A,Havells India Ltd,HAVCD5593M,6218340,11/1/2026,INV/2026/00548,3400000548,16290008,GR/IR-Indirect Good,194C payment - Havells India Ltd,390892.49,331264.82,11/18/2026,AC,1100000548,CP,Cont. Cos - 2%-New Sec-393(1)6(i),2,-6625.3
1081,D0041H,Polycab India Ltd,POLCD9182W,7580138,11/28/2026,INV/2026/00549,3400000549,16290019,Non-Comp-393(1)6(ii),194J payment - Polycab India Ltd,622144.59,527241.18,12/8/2026,KR,2510000549,JP,Prof. Serv. Fees@10%-CO-NS393(1)6(iii)(b,10,-52724.12
1001,D0042G,KEI Industries Ltd,KEICD1017N,4859342,1/12/2027,INV/2026/00550,3400000550,16290054,OTH-393(1)8(ii),194Q payment - KEI Industries Ltd,2258096.84,1913641.39,1/28/2027,KR,2510000550,LP,Purc of Good-0.1%PMTCOM-PNS393(1)8(ii),0.1,-1913.64
1079,D0043F,Finolex Cables Ltd,FINCD1530G,18503721,1/27/2027,INV/2026/00551,3400000551,16290008,GR/IR-Indirect Good,194C payment - Finolex Cables Ltd,471172.87,399299.04,2/11/2027,KZ,2610000551,CP,Cont. Cos - 2%-New Sec-393(1)6(i),0,0.0
1081,D0044G,RR Kabel Ltd,RRKCD9844F,19493621,3/8/2027,INV/2026/00552,3400000552,16290019,Non-Comp-393(1)6(ii),194J payment - RR Kabel Ltd,266722.24,226035.8,3/21/2027,KR,2510000552,JP,Prof. Serv. Fees@10%-CO-NS393(1)6(iii)(b,0.5,-1130.18
1001,D0045E,Sterlite Technologies Ltd,STECD2659Z,24597633,4/17/2026,INV/2026/00553,3400000553,16290054,OTH-393(1)8(ii),194Q payment - Sterlite Technologies Ltd,1628941.87,1380459.21,4/24/2026,KA,2310000553,LP,Purc of Good-0.1%PMTCOM-PNS393(1)8(ii),0.1,-1380.46
1079,D0046F,JSW Steel Ltd,JSWCD3957Z,10043155,4/30/2026,INV/2026/00554,,54150002,RENTAL CHARGES - IT ASSETS,194I payment - JSW Steel Ltd,135544.94,114868.59,5/12/2026,KR,2510000554,IP,PlantMach Rent@2%-NS393(1)2(i),2,-2297.37
1081,D0047G,Jindal Steel & Power Ltd,JINCD7556M,3542082,6/12/2026,INV/2026/00555,,54410009,Commission Expense,194H payment - Jindal Steel & Power Ltd,54179.87,45915.14,6/15/2026,KR,2510000555,HP,Comm/Brokerg Ind/HUF/Firm2%NS393(1)1(ii),2,-918.3
1001,D0048A,SAIL Bhilai Steel Plant,SAICT0013B,15132216,6/27/2026,INV/2026/00556,,54080001,Interest Expense - Others,194A payment - SAIL Bhilai Steel Plant,51702.81,43815.94,7/15/2026,KR,2510000556,AP,Interest Other Than Securities@10%,10,-4381.59
1079,D0049E,Essar Steel India Ltd,ESSCD2172D,3580287,8/17/2026,INV/2026/00557,3400000557,54470200,INCENTIVE SPARE PART,194R payment - Essar Steel India Ltd,326975.06,277097.51,8/26/2026,KR,2510000557,MI,Ben. 194R @ 10% COM PAN-N/S-393(1)8(iv),10,-27709.75
1081,D0050A,Rashtriya Ispat Nigam Ltd,RASCD3491U,9247581,9/9/2026,INV/2026/00558,,16290008,GR/IR-Indirect Good,194C payment - Rashtriya Ispat Nigam Ltd,246660.72,209034.51,9/16/2026,KZ,2610000558,CP,Cont. Cos - 2%-New Sec-393(1)6(i),2,-4180.69
1001,D0051A,Ultratech Cement Ltd,ULTCD8543N,9782707,10/4/2026,INV/2026/00559,3400000559,54210099,Professional- Others,194J payment - Ultratech Cement Ltd,233290.39,197703.72,10/7/2026,AC,1100000559,JP,Prof. Serv. Fees@10%-CO-NS393(1)6(iii)(b,10,-19770.37
1079,D0052E,Ambuja Cements Ltd,AMBCD1982A,6665642,11/11/2026,INV/2026/00560,3400000560,50080002,Retro Price Chan-Mat,194Q payment - Ambuja Cements Ltd,1031858.13,874456.04,11/11/2026,KR,2510000560,LP,Purc of Good-0.1%PMTCOM-PNS393(1)8(ii),1,-8744.56
1081,D0053F,ACC Ltd,ACCCD7208I,5250400,11/22/2026,INV/2026/00561,,16290008,GR/IR-Indirect Good,194C payment - ACC Ltd,901434.82,763927.81,12/6/2026,KR,2510000561,CP,Cont. Cos - 2%-New Sec-393(1)6(i),2,-15278.56
1001,D0054F,Shree Cement Ltd,SHRCD9894S,3365148,12/31/2026,INV/2026/00562,3400000562,54210099,Professional- Others,194J payment - Shree Cement Ltd,709918.68,601626.0,1/18/2027,KA,2310000562,JP,Prof. Serv. Fees@10%-CO-NS393(1)6(iii)(b,10,-60162.6
1079,D0055B,Dalmia Bharat Ltd,DALCD6929W,11681560,1/27/2027,INV/2026/00563,3400000563,16290054,OTH-393(1)8(ii),194Q payment - Dalmia Bharat Ltd,2217020.03,1878830.53,2/11/2027,KR,2510000563,LP,Purc of Good-0.1%PMTCOM-PNS393(1)8(ii),0.1,-1878.83
1081,D0056G,JK Cement Ltd,JKCCD3750V,18325083,3/1/2027,INV/2026/00564,3400000564,54150002,RENTAL CHARGES - IT ASSETS,194I payment - JK Cement Ltd,455795.86,386267.68,3/7/2027,KA,2310000564,IP,PlantMach Rent@2%-NS393(1)2(i),2,-7725.35
1001,D0057D,Pidilite Industries Ltd,PIDCD6150I,5126782,4/8/2026,INV/2026/00565,,54410009,Commission Expense,194H payment - Pidilite Industries Ltd,225000.16,190678.1,4/13/2026,KZ,2610000565,HP,Comm/Brokerg Ind/HUF/Firm2%NS393(1)1(ii),2,-3813.56
1079,D0058D,Berger Paints India Ltd,BERCD0081M,13517341,5/11/2026,INV/2026/00566,3400000566,16290008,GR/IR-Indirect Good,194C payment - Berger Paints India Ltd,972843.47,824443.62,5/15/2026,KR,2510000566,CP,Cont. Cos - 2%-New Sec-393(1)6(i),2,-16488.87
1081,D0059F,Kansai Nerolac Paints Ltd,KANCD5881X,12548565,6/7/2026,INV/2026/00567,3400000567,54470200,INCENTIVE SPARE PART,194R payment - Kansai Nerolac Paints Ltd,70129.5,59431.78,6/12/2026,AC,1100000567,MI,Ben. 194R @ 10% COM PAN-N/S-393(1)8(iv),10,-5943.18
1001,D0060B,Supreme Industries Ltd,SUPCD8250N,12905636,7/8/2026,INV/2026/00568,3400000568,16290008,GR/IR-Indirect Good,194C payment - Supreme Industries Ltd,712170.14,603534.02,7/23/2026,KR,2510000568,CP,Cont. Cos - 2%-New Sec-393(1)6(i),2,-12070.68
1079,D0061H,Astral Ltd,ASTCD9928P,11758073,7/25/2026,INV/2026/00569,,54210099,Professional- Others,194J payment - Astral Ltd,501298.76,424829.46,8/14/2026,KZ,2610000569,JP,Prof. Serv. Fees@10%-CO-NS393(1)6(iii)(b,10,-42482.95
1081,D0062E,Finolex Industries Ltd,FINCD8238P,24961206,8/23/2026,INV/2026/00570,3400000570,16290053,COMP-393(1)8(ii),194Q payment - Finolex Industries Ltd,1258070.94,1066161.81,9/3/2026,KZ,2610000570,LP,Purc of Good-0.1%PMTCOM-PNS393(1)8(ii),0.1,-1066.16
1001,D0063G,Prince Pipes & Fittings Ltd,PRICD7583P,19245990,10/12/2026,INV/2026/00571,,16290008,GR/IR-Indirect Good,194C payment - Prince Pipes & Fittings Ltd,159708.23,135345.96,10/18/2026,KR,2510000571,CP,Cont. Cos - 2%-New Sec-393(1)6(i),2,-2706.92
1079,D0064C,Ashirvad Pipes Pvt Ltd,ASHCD7049B,22817276,11/4/2026,INV/2026/00572,,54200001,Non-Comp-393(1)6(ii),194J payment - Ashirvad Pipes Pvt Ltd,928080.35,786508.77,11/14/2026,KR,2510000572,JP,Prof. Serv. Fees@10%-CO-NS393(1)6(iii)(b,10,-78650.88
1081,D0065A,Crompton Greaves Consumer Electricals Ltd,CROCD1010A,4767541,12/4/2026,INV/2026/00573,3400000573,50080002,Retro Price Chan-Mat,194Q payment - Crompton Greaves Consumer Elec,1186882.04,1005832.24,12/15/2026,KR,2510000573,LP,Purc of Good-0.1%PMTCOM-PNS393(1)8(ii),0.1,-1005.83
1001,D0066G,Bajaj Electricals Ltd,BAJCD1458A,14364526,1/7/2027,INV/2026/00574,3400000574,54150001,Rent - Office Building,194I payment - Bajaj Electricals Ltd,308339.35,261304.53,1/11/2027,KR,2510000574,IP,LandBldg/Fur Ind/HUF/Fim10%NS393(1)2(ii),0.5,-1306.52
1079,D0067C,Orient Electric Ltd,ORICD0476S,12087199,1/31/2027,INV/2026/00575,3400000575,54410009,Commission Expense,194H payment - Orient Electric Ltd,88127.57,74684.38,2/19/2027,KR,2510000575,HP,Comm/Brokerg Ind/HUF/Firm2%NS393(1)1(ii),2,-1493.69
1081,D0068A,V Guard Industries Ltd,VGUCD8445P,18879557,3/4/2027,INV/2026/00576,3400000576,54080001,Interest Expense - Others,194A payment - V Guard Industries Ltd,99629.55,84431.82,3/15/2027,KZ,2610000576,AP,Interest Other Than Securities@10%,10,-8443.18
1001,D0069E,Havells Lloyd Ltd,HAVCD0059B,6989933,4/3/2026,INV/2026/00577,3400000577,54470200,INCENTIVE SPARE PART,194R payment - Havells Lloyd Ltd,350019.38,296626.59,4/17/2026,AC,1100000577,MI,Ben. 194R @ 10% COM PAN-N/S-393(1)8(iv),10,-29662.66
1079,D0070B,TVS Supply Chain Solutions Ltd,TVSCD1091X,5710275,5/4/2026,INV/2026/00578,3400000578,16290008,GR/IR-Indirect Good,194C payment - TVS Supply Chain Solutions Ltd,608349.34,515550.29,5/5/2026,KR,2510000578,CP,Cont. Cos - 2%-New Sec-393(1)6(i),2,-10311.01
1081,D0071B,Allcargo Logistics Ltd,ALLCD7053B,11288843,6/4/2026,INV/2026/00579,,54210099,Professional- Others,194J payment - Allcargo Logistics Ltd,726659.82,615813.41,6/7/2026,KA,2310000579,JP,Prof. Serv. Fees@10%-CO-NS393(1)6(iii)(b,10,-61581.34
1001,D0072H,Gateway Distriparks Ltd,GATCD6192M,1438551,7/14/2026,INV/2026/00580,3400000580,16290054,OTH-393(1)8(ii),194Q payment - Gateway Distriparks Ltd,2232107.87,1891616.84,7/22/2026,KR,2510000580,LP,Purc of Good-0.1%PMTCOM-PNS393(1)8(ii),0.1,-1891.62
1079,D0073E,Container Corporation of India Ltd,CONCD5809L,18815510,8/3/2026,INV/2026/00581,,16290008,GR/IR-Indirect Good,194C payment - Container Corporation of India,972816.93,824421.13,8/18/2026,KR,2510000581,CP,Cont. Cos - 2%-New Sec-393(1)6(i),2,-16488.42
1081,D0074G,Delhivery Ltd,DELCD1993Q,20541583,9/13/2026,INV/2026/00582,,16290019,Non-Comp-393(1)6(ii),194J payment - Delhivery Ltd,651012.99,551705.92,9/27/2026,KR,2510000582,JI,TechServFees@2%-IndHUF:NS393(1)6(iii)(a),2,-11034.12
1001,D0075E,Blue Dart Express Ltd,BLUCD4875D,1643177,10/22/2026,INV/2026/00583,3400000583,50080002,Retro Price Chan-Mat,194Q payment - Blue Dart Express Ltd,2774024.33,2350868.08,10/28/2026,KR,2510000583,LP,Purc of Good-0.1%PMTCOM-PNS393(1)8(ii),0.1,-2350.87
1079,D0076E,Gati Ltd,GATCD5454I,6991765,10/31/2026,INV/2026/00584,3400000584,54150002,RENTAL CHARGES - IT ASSETS,194I payment - Gati Ltd,420530.96,356382.17,11/5/2026,KR,2510000584,IP,PlantMach Rent@2%-NS393(1)2(i),2,-7127.64
1081,D0077B,TCI Express Ltd,TCICD5609G,2218606,11/18/2026,INV/2026/00585,3400000585,54410009,Commission Expense,194H payment - TCI Express Ltd,177440.61,150373.4,12/2/2026,KR,2510000585,HP,Comm/Brokerg Ind/HUF/Firm2%NS393(1)1(ii),2,-3007.47
1001,D0078E,Safe Express Pvt Ltd,SAFCD2253O,13290259,1/12/2027,INV/2026/00586,3400000586,54080001,Interest Expense - Others,194A payment - Safe Express Pvt Ltd,163234.69,138334.48,1/22/2027,KZ,2610000586,AP,Interest Other Than Securities@10%,1,-1383.34
1079,D0079H,Om Logistics Ltd,OMLCD7339J,16958461,1/26/2027,INV/2026/00587,3400000587,54470200,INCENTIVE SPARE PART,194R payment - Om Logistics Ltd,317048.47,268685.14,2/2/2027,KZ,2610000587,MI,Ben. 194R @ 10% COM PAN-N/S-393(1)8(iv),10,-26868.51
1081,D0080G,Sical Logistics Ltd,SICCD4392R,21304779,3/6/2027,INV/2026/00588,3400000588,16290008,GR/IR-Indirect Good,194C payment - Sical Logistics Ltd,887154.7,751826.02,3/15/2027,AC,1100000588,CP,Cont. Cos - 2%-New Sec-393(1)6(i),2,-15036.52
1001,D0081G,VRL Logistics Ltd,VRLCD9451Z,3072734,4/1/2026,INV/2026/00589,3400000589,54210099,Professional- Others,194J payment - VRL Logistics Ltd,502772.65,426078.52,4/8/2026,KZ,2610000589,JP,Prof. Serv. Fees@10%-CO-NS393(1)6(iii)(b,10,-42607.85
1079,D0082G,Transport Corporation of India Ltd,TRACD9598B,10013972,4/20/2026,INV/2026/00590,3400000590,16290053,COMP-393(1)8(ii),194Q payment - Transport Corporation of India,2693320.62,2282475.1,5/3/2026,KZ,2610000590,LP,Purc of Good-0.1%PMTCOM-PNS393(1)8(ii),0.1,-2282.48
1081,D0083G,Ernst & Young LLP,ERNCP3679S,20254437,6/5/2026,INV/2026/00591,,16290008,GR/IR-Indirect Good,194C payment - Ernst & Young LLP,368965.08,312682.27,6/7/2026,KA,2310000591,CP,Cont. Cos - 2%-New Sec-393(1)6(i),2,-6253.65
1001,D0084A,Deloitte Touche Tohmatsu India LLP,DELCP7853V,1159087,7/17/2026,INV/2026/00592,,54200001,Non-Comp-393(1)6(ii),194J payment - Deloitte Touche Tohmatsu India,401956.9,340641.44,7/19/2026,KR,2510000592,JP,Prof. Serv. Fees@10%-CO-NS393(1)6(iii)(b,0,0.0
1079,D0085F,PricewaterhouseCoopers Pvt Ltd,PRICD9963S,11231878,8/20/2026,INV/2026/00593,,16290054,OTH-393(1)8(ii),194Q payment - PricewaterhouseCoopers Pvt Ltd,1665012.03,1411027.14,8/24/2026,KA,2310000593,LP,Purc of Good-0.1%PMTCOM-PNS393(1)8(ii),0.1,-1411.03
1081,D0086D,KPMG Assurance & Consulting Services LLP,KPMCP8853P,19954494,8/21/2026,INV/2026/00594,,54150002,RENTAL CHARGES - IT ASSETS,194I payment - KPMG Assurance & Consulting Se,143415.1,121538.22,9/1/2026,AC,1100000594,IP,PlantMach Rent@2%-NS393(1)2(i),2,-2430.76
1001,D0087G,Grant Thornton Bharat LLP,GRACP6902B,15091649,10/8/2026,INV/2026/00595,3400000595,54410009,Commission Expense,194H payment - Grant Thornton Bharat LLP,146158.89,123863.47,10/24/2026,AC,1100000595,HP,Comm/Brokerg Ind/HUF/Firm2%NS393(1)1(ii),2,-2477.27
1079,D0088A,BDO India LLP,BDOCP2894U,2954261,11/9/2026,INV/2026/00596,,54080001,Interest Expense - Others,194A payment - BDO India LLP,112712.41,95518.99,11/16/2026,KR,2510000596,AP,Interest Other Than Securities@10%,10,-9551.9
1081,D0089H,RSM Astute Consulting Pvt Ltd,RSMCD9598L,21061315,11/22/2026,INV/2026/00597,,54470200,INCENTIVE SPARE PART,194R payment - RSM Astute Consulting Pvt Ltd,256491.64,217365.8,12/2/2026,KA,2310000597,MI,Ben. 194R @ 10% COM PAN-N/S-393(1)8(iv),10,-21736.58
1001,D0090G,Walker Chandiok & Co LLP,WALCP1247Z,14003071,12/20/2026,INV/2026/00598,,16290008,GR/IR-Indirect Good,194C payment - Walker Chandiok & Co LLP,614720.36,520949.46,1/7/2027,KR,2510000598,CP,Cont. Cos - 2%-New Sec-393(1)6(i),2,-10418.99
1079,E0091F,Sharma Transport,SHAFT3496R,17069723,2/1/2027,INV/2026/00599,3400000599,16290019,Non-Comp-393(1)6(ii),194J payment - Sharma Transport,375854.1,318520.42,2/8/2027,KA,2310000599,JP,Prof. Serv. Fees@10%-CO-NS393(1)6(iii)(b,10,-31852.04
1081,E0092H,Singh Engineering Works,SINFS2311F,11633619,3/19/2027,INV/2026/00600,,16290053,COMP-393(1)8(ii),194Q payment - Singh Engineering Works,2525801.75,2140509.96,3/22/2027,KR,2510000600,LP,Purc of Good-0.1%PMTCOM-PNS393(1)8(ii),0.1,-2140.51
1001,E0093H,Patel Brothers & Co,PATFO6306X,22001675,4/1/2026,INV/2026/00601,3400000601,16290008,GR/IR-Indirect Good,194C payment - Patel Brothers & Co,176497.93,149574.52,4/6/2026,KR,2510000601,CP,Firm - 2%-New Sec-393(1)6(i),1,-1495.75
1079,E0094H,Gupta Logistics,GUPFS2680O,11693099,4/30/2026,INV/2026/00602,,16290019,Non-Comp-393(1)6(ii),194J payment - Gupta Logistics,630026.67,533920.91,5/17/2026,KA,2310000602,JI,TechServFees@2%-IndHUF:NS393(1)6(iii)(a),2,-10678.42
1081,E0095C,Mehta Electricals,MEHFS2351N,10776022,5/24/2026,INV/2026/00603,3400000603,50080002,Retro Price Chan-Mat,194Q payment - Mehta Electricals,2289894.31,1940588.4,6/4/2026,AC,1100000603,LP,Purc of Good-0.1%PMTCOM-PNS393(1)8(ii),0.1,-1940.59
1001,E0096D,Joshi Fabricators,JOSFS5162S,7282378,7/10/2026,INV/2026/00604,,54150001,Rent - Office Building,194I payment - Joshi Fabricators,333200.1,282372.97,7/20/2026,KR,2510000604,IP,LandBldg/Fur Ind/HUF/Fim10%NS393(1)2(ii),1,-2823.73
1079,E0097A,Desai Construction,DESFN7818R,18761468,8/2/2026,INV/2026/00605,3400000605,54410009,Commission Expense,194H payment - Desai Construction,154772.8,131163.39,8/18/2026,KA,2310000605,HP,Comm/Brokerg Ind/HUF/Firm2%NS393(1)1(ii),2,-2623.27
1081,E0098A,Kulkarni Steel Traders,KULFS1794Y,2447254,8/22/2026,INV/2026/00606,3400000606,54080001,Interest Expense - Others,194A payment - Kulkarni Steel Traders,27050.23,22923.92,9/4/2026,KA,2310000606,AP,Interest Other Than Securities@10%,10,-2292.39
1001,E0099D,Nair Associates,NAIFS8728Y,8874558,9/28/2026,INV/2026/00607,3400000607,54470200,INCENTIVE SPARE PART,194R payment - Nair Associates,276229.49,234092.79,10/17/2026,KR,2510000607,MI,Ben. 194R @ 10% COM PAN-N/S-393(1)8(iv),10,-23409.28
1079,E0100F,Iyer & Sons,IYEFS3682U,8249550,10/31/2026,INV/2026/00608,3400000608,16290008,GR/IR-Indirect Good,194C payment - Iyer & Sons,652551.45,553009.7,11/14/2026,KA,2310000608,CP,Firm - 2%-New Sec-393(1)6(i),2,-11060.19
1081,E0101D,Reddy Infra Solutions,REDFS8021E,1061124,11/16/2026,INV/2026/00609,,16290019,Non-Comp-393(1)6(ii),194J payment - Reddy Infra Solutions,1042697.48,883641.93,12/2/2026,KR,2510000609,JP,Prof. Serv. Fees@10%-CO-NS393(1)6(iii)(b,10,-88364.19
1001,E0102C,Banerjee Enterprises,BANFS9914K,11494407,1/1/2027,INV/2026/00610,3400000610,16290053,COMP-393(1)8(ii),194Q payment - Banerjee Enterprises,1382614.8,1171707.46,1/8/2027,KR,2510000610,LP,Purc of Good-0.1%PMTCOM-PNS393(1)8(ii),0.1,-1171.71
1079,E0103D,Chatterjee Engineering,CHAFG4888A,17793987,2/5/2027,INV/2026/00611,3400000611,16290008,GR/IR-Indirect Good,194C payment - Chatterjee Engineering,822613.38,697129.98,2/16/2027,KA,2310000611,CP,Firm - 2%-New Sec-393(1)6(i),2,-13942.6
1081,E0104H,Mukherjee Consultants,MUKFS7555H,4774018,3/11/2027,INV/2026/00612,,54200001,Non-Comp-393(1)6(ii),194J payment - Mukherjee Consultants,420537.95,356388.09,3/17/2027,KR,2510000612,JP,Prof. Serv. Fees@10%-CO-NS393(1)6(iii)(b,10,-35638.81
1001,E0105E,Das & Company,DASFY1127J,20909853,4/17/2026,INV/2026/00613,,16290054,OTH-393(1)8(ii),194Q payment - Das & Company,833961.09,706746.69,4/27/2026,KZ,2610000613,LP,Purc of Good-0.1%PMTCOM-PNS393(1)8(ii),0.1,-706.75
1079,E0106A,Pillai Contractors,PILFS1381F,3795706,4/18/2026,INV/2026/00614,3400000614,54150002,RENTAL CHARGES - IT ASSETS,194I payment - Pillai Contractors,169502.21,143645.94,5/3/2026,AC,1100000614,IP,LandBldg/Fur Ind/HUF/Fim10%NS393(1)2(ii),10,-14364.59
1081,E0107A,Menon Fabrication,MENFN5618N,6548079,6/14/2026,INV/2026/00615,3400000615,54410009,Commission Expense,194H payment - Menon Fabrication,234734.52,198927.56,6/27/2026,KR,2510000615,HP,Comm/Brokerg Ind/HUF/Firm2%NS393(1)1(ii),2,-3978.55
1001,E0108B,Shetty Transport Services,SHEFS5027Y,24257157,7/17/2026,INV/2026/00616,,16290008,GR/IR-Indirect Good,194C payment - Shetty Transport Services,882890.62,748212.39,7/17/2026,KR,2510000616,CP,Firm - 2%-New Sec-393(1)6(i),2,-14964.25
1079,E0109D,Rao Precision Works,RAOFS2334E,10147666,8/4/2026,INV/2026/00617,3400000617,54470200,INCENTIVE SPARE PART,194R payment - Rao Precision Works,113046.01,95801.7,8/14/2026,KA,2310000617,MI,Ben. 194R @ 10% COM PAN-N/S-393(1)8(iv),10,-9580.17
1081,E0110G,Agarwal Trading Co,AGAFO1193U,12202411,9/4/2026,INV/2026/00618,3400000618,16290008,GR/IR-Indirect Good,194C payment - Agarwal Trading Co,363567.04,308107.66,9/4/2026,KR,2510000618,CP,Firm - 2%-New Sec-393(1)6(i),2,-6162.15
1001,E0111E,Bansal Steel Suppliers,BANFS1797M,4746288,10/8/2026,INV/2026/00619,3400000619,54200001,Non-Comp-393(1)6(ii),194J payment - Bansal Steel Suppliers,793531.1,672483.98,10/8/2026,KA,2310000619,JP,Prof. Serv. Fees@10%-CO-NS393(1)6(iii)(b,10,-67248.4
1079,E0112D,Malhotra Engineering,MALFG0483K,10833945,10/22/2026,INV/2026/00620,,16290054,OTH-393(1)8(ii),194Q payment - Malhotra Engineering,1418720.62,1202305.61,11/1/2026,KZ,2610000620,LP,Purc of Good-0.1%PMTCOM-PNS393(1)8(ii),0.1,-1202.31
1081,E0113A,Kapoor Electrical Works,KAPFS1388V,14409165,12/12/2026,INV/2026/00621,,16290008,GR/IR-Indirect Good,194C payment - Kapoor Electrical Works,774272.42,656163.07,12/15/2026,KA,2310000621,CP,Firm - 2%-New Sec-393(1)6(i),2,-13123.26
1001,E0114D,Chopra Logistics,CHOFS7870I,1759967,1/10/2027,INV/2026/00622,3400000622,54210099,Professional- Others,194J payment - Chopra Logistics,145259.7,123101.44,1/10/2027,KR,2510000622,JP,Prof. Serv. Fees@10%-CO-NS393(1)6(iii)(b,10,-12310.14
1079,E0115F,Saxena Fabricators,SAXFS6583B,8212731,2/9/2027,INV/2026/00623,3400000623,16290054,OTH-393(1)8(ii),194Q payment - Saxena Fabricators,1894019.29,1605101.09,2/9/2027,KR,2510000623,LP,Purc of Good-0.1%PMTCOM-PNS393(1)8(ii),0.1,-1605.1
1081,E0116E,Tiwari Construction Co,TIWFO4565A,23605379,2/28/2027,INV/2026/00624,,54150001,Rent - Office Building,194I payment - Tiwari Construction Co,137919.82,116881.2,3/4/2027,KR,2510000624,IP,LandBldg/Fur Ind/HUF/Fim10%NS393(1)2(ii),10,-11688.12
1001,E0117H,Verma Machinery Works,VERFS5056U,1991666,4/12/2026,INV/2026/00625,3400000625,54410009,Commission Expense,194H payment - Verma Machinery Works,122188.2,103549.32,4/25/2026,KZ,2610000625,HP,Comm/Brokerg Ind/HUF/Firm2%NS393(1)1(ii),2,-2070.99
1079,E0118E,Yadav Transport,YADFT7848G,18729038,5/6/2026,INV/2026/00626,,54080001,Interest Expense - Others,194A payment - Yadav Transport,31501.27,26695.99,5/20/2026,KA,2310000626,AP,Interest Other Than Securities@10%,10,-2669.6
1081,E0119H,Thakur Engineering,THAFG6749V,24915342,6/12/2026,INV/2026/00627,,54470200,INCENTIVE SPARE PART,194R payment - Thakur Engineering,173215.09,146792.45,6/15/2026,KZ,2610000627,MI,Ben. 194R @ 10% COM PAN-N/S-393(1)8(iv),0.5,-733.96
1001,E0120F,Pandey Electricals,PANFS3228Z,10038883,7/4/2026,INV/2026/00628,3400000628,16290008,GR/IR-Indirect Good,194C payment - Pandey Electricals,446267.15,378192.5,7/20/2026,KR,2510000628,CP,Firm - 2%-New Sec-393(1)6(i),2,-7563.85
1079,E0121E,Sinha Associates,SINFS2711D,4671350,8/6/2026,INV/2026/00629,3400000629,54200001,Non-Comp-393(1)6(ii),194J payment - Sinha Associates,450077.28,381421.42,8/25/2026,AC,1100000629,JP,Prof. Serv. Fees@10%-CO-NS393(1)6(iii)(b,10,-38142.14
1081,E0122A,Dubey Contractors,DUBFS3161W,4068931,9/16/2026,INV/2026/00630,,16290053,COMP-393(1)8(ii),194Q payment - Dubey Contractors,807951.81,684704.92,9/17/2026,AC,1100000630,LP,Purc of Good-0.1%PMTCOM-PNS393(1)8(ii),0.1,-684.7
1001,E0123C,Mishra Steel Works,MISFS9590X,16564236,10/1/2026,INV/2026/00631,3400000631,16290008,GR/IR-Indirect Good,194C payment - Mishra Steel Works,475352.24,402840.88,10/19/2026,KZ,2610000631,CP,Firm - 2%-New Sec-393(1)6(i),2,-8056.82
1079,E0124F,Jha Fabrication,JHAFN9838A,15790496,10/22/2026,INV/2026/00632,3400000632,54210099,Professional- Others,194J payment - Jha Fabrication,851198.31,721354.5,11/8/2026,KR,2510000632,JP,Prof. Serv. Fees@10%-CO-NS393(1)6(iii)(b,0,0.0
1081,E0125F,Choudhary Logistics,CHOFS1275Z,15761941,11/29/2026,INV/2026/00633,,16290054,OTH-393(1)8(ii),194Q payment - Choudhary Logistics,2532546.23,2146225.62,12/6/2026,KR,2510000633,LP,Purc of Good-0.1%PMTCOM-PNS393(1)8(ii),0.1,-2146.23
1001,E0126E,Rathore Engineering,RATFG5629F,22452913,1/10/2027,INV/2026/00634,,54150001,Rent - Office Building,194I payment - Rathore Engineering,351847.83,298176.13,1/26/2027,KR,2510000634,IP,LandBldg/Fur Ind/HUF/Fim10%NS393(1)2(ii),10,-29817.61
1079,E0127B,Solanki Transport,SOLFT8039J,20863923,2/9/2027,INV/2026/00635,3400000635,54410009,Commission Expense,194H payment - Solanki Transport,103329.73,87567.57,2/12/2027,KA,2310000635,HP,Comm/Brokerg Ind/HUF/Firm2%NS393(1)1(ii),2,-1751.35
1081,E0128G,Jadeja Construction,JADFN1829Y,10308157,3/14/2027,INV/2026/00636,,54080001,Interest Expense - Others,194A payment - Jadeja Construction,79134.38,67063.03,3/14/2027,KZ,2610000636,AP,Interest Other Than Securities@10%,10,-6706.3
1001,E0129B,Parmar Electricals,PARFS6690W,8657547,4/21/2026,INV/2026/00637,3400000637,54470200,INCENTIVE SPARE PART,194R payment - Parmar Electricals,185455.38,157165.58,4/23/2026,KR,2510000637,MI,Ben. 194R @ 10% COM PAN-N/S-393(1)8(iv),10,-15716.56
1079,E0130A,Gohil Fabricators,GOHFS6959A,17425724,4/23/2026,INV/2026/00638,3400000638,16290008,GR/IR-Indirect Good,194C payment - Gohil Fabricators,288152.7,244197.2,5/11/2026,KA,2310000638,CP,Firm - 2%-New Sec-393(1)6(i),2,-4883.94
1081,E0131C,Trivedi Consultants,TRIFS5805R,8845368,5/30/2026,INV/2026/00639,3400000639,54200001,Non-Comp-393(1)6(ii),194J payment - Trivedi Consultants,973738.4,825202.03,6/1/2026,KR,2510000639,JP,Prof. Serv. Fees@10%-CO-NS393(1)6(iii)(b,10,-82520.2
1001,E0132G,Dave Engineering Works,DAVFS5034T,13563588,7/23/2026,INV/2026/00640,,50258000,Purch Offset Account,194Q payment - Dave Engineering Works,2384743.4,2020968.98,7/25/2026,KA,2310000640,LP,Purc of Good-0.1%PMTCOM-PNS393(1)8(ii),0.1,-2020.97
1079,E0133A,Shah Precision Tools,SHAFS5179Z,18281878,8/2/2026,INV/2026/00641,3400000641,16290008,GR/IR-Indirect Good,194C payment - Shah Precision Tools,689248.01,584108.48,8/21/2026,KR,2510000641,CP,Firm - 2%-New Sec-393(1)6(i),2,-11682.17
1081,E0134B,Modi Steel Traders,MODFS0562Q,3222834,9/2/2026,INV/2026/00642,3400000642,16290019,Non-Comp-393(1)6(ii),194J payment - Modi Steel Traders,336658.43,285303.75,9/21/2026,KR,2510000642,JI,TechServFees@2%-IndHUF:NS393(1)6(iii)(a),2,-5706.07
1001,E0135G,Parekh Logistics,PARFS3338T,19691319,9/26/2026,INV/2026/00643,3400000643,50080002,Retro Price Chan-Mat,194Q payment - Parekh Logistics,1905691.45,1614992.75,10/9/2026,KR,2510000643,LP,Purc of Good-0.1%PMTCOM-PNS393(1)8(ii),1,-16149.93
1079,L0136H,Ernst & Young LLP Unit-1,ERNFZ7479M,12488892,11/1/2026,INV/2026/00644,3400000644,54150002,RENTAL CHARGES - IT ASSETS,194I payment - Ernst & Young LLP Unit-1,153214.72,129842.98,11/7/2026,KR,2510000644,IP,LandBldg/Fur Ind/HUF/Fim10%NS393(1)2(ii),10,-12984.3
1081,L0137D,Deloitte Touche Tohmatsu India LLP Unit-2,DELFZ1273V,24127232,12/14/2026,INV/2026/00645,,54410009,Commission Expense,194H payment - Deloitte Touche Tohmatsu India,222387.93,188464.35,12/17/2026,KA,2310000645,HP,Comm/Brokerg Ind/HUF/Firm2%NS393(1)1(ii),2,-3769.29
1001,L0138H,KPMG Assurance & Consulting Services LLP Unit-3,KPMFZ3700Z,6239261,12/30/2026,INV/2026/00646,,54080001,Interest Expense - Others,194A payment - KPMG Assurance & Consulting Se,42409.46,35940.22,1/7/2027,KR,2510000646,AP,Interest Other Than Securities@10%,10,-3594.02
1079,L0139G,Grant Thornton Bharat LLP Unit-4,GRAFZ4056B,19107654,2/9/2027,INV/2026/00647,,54470200,INCENTIVE SPARE PART,194R payment - Grant Thornton Bharat LLP Unit,287175.35,243368.94,2/22/2027,KA,2310000647,MI,Ben. 194R @ 10% COM PAN-N/S-393(1)8(iv),10,-24336.89
1081,L0140H,BDO India LLP Unit-5,BDOFZ7118U,24803295,3/12/2027,INV/2026/00648,3400000648,16290008,GR/IR-Indirect Good,194C payment - BDO India LLP Unit-5,302647.31,256480.77,3/16/2027,KA,2310000648,CP,Firm - 2%-New Sec-393(1)6(i),2,-5129.62
1001,L0141C,Walker Chandiok & Co LLP Unit-6,WALFZ8894N,24787515,4/13/2026,INV/2026/00649,3400000649,54200001,Non-Comp-393(1)6(ii),194J payment - Walker Chandiok & Co LLP Unit-,964349.4,817245.25,4/16/2026,KR,2510000649,JP,Prof. Serv. Fees@10%-CO-NS393(1)6(iii)(b,0,0.0
1079,L0142F,S R Batliboi & Associates LLP,SRBFP8332Y,8758480,4/22/2026,INV/2026/00650,3400000650,50080002,Retro Price Chan-Mat,194Q payment - S R Batliboi & Associates LLP,2102874.05,1782096.65,5/1/2026,KZ,2610000650,LP,Purc of Good-0.1%PMTCOM-PNS393(1)8(ii),0,0.0
1081,L0143D,Khaitan & Co LLP,KHAFP9002P,23737566,6/25/2026,INV/2026/00651,,16290008,GR/IR-Indirect Good,194C payment - Khaitan & Co LLP,457240.32,387491.8,6/28/2026,KR,2510000651,CP,Firm - 2%-New Sec-393(1)6(i),2,-7749.84
1001,L0144H,Ernst & Young LLP Unit-9,ERNFZ3428L,18603568,7/2/2026,INV/2026/00652,3400000652,54210099,Professional- Others,194J payment - Ernst & Young LLP Unit-9,380734.07,322655.99,7/5/2026,KR,2510000652,JP,Prof. Serv. Fees@10%-CO-NS393(1)6(iii)(b,10,-32265.6
1079,L0145G,Deloitte Touche Tohmatsu India LLP Unit-10,DELFZ2277H,23481403,8/4/2026,INV/2026/00653,3400000653,16290054,OTH-393(1)8(ii),194Q payment - Deloitte Touche Tohmatsu India,1638295.53,1388386.04,8/14/2026,AC,1100000653,LP,Purc of Good-0.1%PMTCOM-PNS393(1)8(ii),0.1,-1388.39
1081,L0146B,KPMG Assurance & Consulting Services LLP Unit-11,KPMFZ5927Z,15025172,9/6/2026,INV/2026/00654,3400000654,54150001,Rent - Office Building,194I payment - KPMG Assurance & Consulting Se,171934.41,145707.13,9/10/2026,KA,2310000654,IP,LandBldg/Fur Ind/HUF/Fim10%NS393(1)2(ii),10,-14570.71
1001,L0147B,Grant Thornton Bharat LLP Unit-12,GRAFZ1786O,22533378,10/16/2026,INV/2026/00655,,54410009,Commission Expense,194H payment - Grant Thornton Bharat LLP Unit,32672.71,27688.74,10/27/2026,KZ,2610000655,HP,Comm/Brokerg Ind/HUF/Firm2%NS393(1)1(ii),2,-553.77
1079,L0148B,BDO India LLP Unit-13,BDOFZ1495H,10995451,10/24/2026,INV/2026/00656,3400000656,54080001,Interest Expense - Others,194A payment - BDO India LLP Unit-13,81305.2,68902.71,11/10/2026,KR,2510000656,AP,Interest Other Than Securities@10%,10,-6890.27
1081,L0149G,Walker Chandiok & Co LLP Unit-14,WALFZ1504T,8547829,12/3/2026,INV/2026/00657,3400000657,54470200,INCENTIVE SPARE PART,194R payment - Walker Chandiok & Co LLP Unit-,251398.45,213049.53,12/8/2026,KA,2310000657,MI,Ben. 194R @ 10% COM PAN-N/S-393(1)8(iv),10,-21304.95
1001,L0150B,S R Batliboi & Associates LLP Unit-15,SRBFZ9193O,18288118,12/24/2026,INV/2026/00658,3400000658,16290008,GR/IR-Indirect Good,194C payment - S R Batliboi & Associates LLP ,577263.8,489206.61,1/13/2027,KR,2510000658,CP,Firm - 2%-New Sec-393(1)6(i),1,-4892.07
1079,I0151D,Rakesh Trivedi,RAKPI0602A,6423164,2/9/2027,INV/2026/00659,3400000659,16290019,Non-Comp-393(1)6(ii),194J payment - Rakesh Trivedi,542063.47,459375.82,2/16/2027,KA,2310000659,JI,TechServFees@2%-IndHUF:NS393(1)6(iii)(a),2,-9187.52
1081,I0152F,Janorkar Dhillon,JANPN0639M,1997434,2/18/2027,INV/2026/00660,3400000660,16290009,Non-Companies-393(1),194C payment - Janorkar Dhillon,212940.96,180458.44,3/5/2027,AC,1100000660,CP,Ind/HUF - 1%-New Sec-393(1)6(i),1,-1804.58
1001,I0153H,Pradhan Modi,PRAPI6148J,12343856,4/1/2026,INV/2026/00661,3400000661,16290009,Non-Companies-393(1),194C payment - Pradhan Modi,184207.91,156108.4,4/4/2026,KA,2310000661,CP,Ind/HUF - 1%-New Sec-393(1)6(i),1,-1561.08
1079,I0154F,Vijay Dhillon,VIJPN9453P,20428597,4/28/2026,INV/2026/00662,3400000662,54210099,Professional- Others,194J payment - Vijay Dhillon,860889.38,729567.27,5/7/2026,KZ,2610000662,JP,Prof.ServFee@10%-IndHUF-NS393(1)6(iii)(b,10,-72956.73
1081,I0155B,Ramesh Gill,RAMPL1846V,2999512,6/7/2026,INV/2026/00663,3400000663,16290009,Non-Companies-393(1),194C payment - Ramesh Gill,866811.8,734586.27,6/12/2026,KZ,2610000663,CP,Ind/HUF - 1%-New Sec-393(1)6(i),1,-7345.86
1001,I0156E,Manpreet Gupta,MANPA5763I,3399039,6/24/2026,INV/2026/00664,,54150001,Rent - Office Building,194I payment - Manpreet Gupta,330575.8,280148.98,7/10/2026,KZ,2610000664,IP,LandBldg/Fur Ind/HUF/Fim10%NS393(1)2(ii),10,-28014.9
1079,I0157G,Dinesh Choudhary,DINPY8470C,7564297,7/26/2026,INV/2026/00665,3400000665,54410009,Commission Expense,194H payment - Dinesh Choudhary,183569.76,155567.59,8/4/2026,KA,2310000665,HP,Comm/Brokerg Ind/HUF/Firm2%NS393(1)1(ii),2,-3111.35
1081,I0158B,Rakesh Bedi,RAKPI2203H,17706081,9/1/2026,INV/2026/00666,3400000666,16290009,Non-Companies-393(1),194C payment - Rakesh Bedi,864237.12,732404.34,9/12/2026,AC,1100000666,CP,Ind/HUF - 1%-New Sec-393(1)6(i),0.5,-3662.02
1001,I0159F,Pradhan Thakur,PRAPR3108Q,9802384,10/4/2026,INV/2026/00667,3400000667,54470200,INCENTIVE SPARE PART,194R payment - Pradhan Thakur,289383.18,245239.98,10/19/2026,KR,2510000667,MI,Ben. 194R @ 10% COM PAN-N/S-393(1)8(iv),10,-24524.0
1079,I0160A,Manpreet Solanki,MANPI9912Q,17101979,11/2/2026,INV/2026/00668,3400000668,16290009,Non-Companies-393(1),194C payment - Manpreet Solanki,628851.63,532925.11,11/7/2026,KZ,2610000668,CP,Ind/HUF - 1%-New Sec-393(1)6(i),1,-5329.25
1081,I0161E,Jaspreet Brar,JASPR0856X,8211736,12/12/2026,INV/2026/00669,3400000669,16290019,Non-Comp-393(1)6(ii),194J payment - Jaspreet Brar,687931.03,582992.4,12/18/2026,KR,2510000669,JP,Prof.ServFee@10%-IndHUF-NS393(1)6(iii)(b,10,-58299.24
1001,I0162G,Nilesh Sinha,NILPA4469K,5150026,1/22/2027,INV/2026/00670,,16290009,Non-Companies-393(1),194C payment - Nilesh Sinha,944808.3,800685.0,1/23/2027,KR,2510000670,CP,Ind/HUF - 1%-New Sec-393(1)6(i),1,-8006.85
1079,I0163D,Dinesh Sharma,DINPA5385V,11079118,2/9/2027,INV/2026/00671,3400000671,16290009,Non-Companies-393(1),194C payment - Dinesh Sharma,299528.82,253837.98,2/21/2027,AC,1100000671,CP,Ind/HUF - 1%-New Sec-393(1)6(i),1,-2538.38
1081,I0164F,Jaspreet Menon,JASPN7308P,13084464,3/3/2027,INV/2026/00672,3400000672,54210099,Professional- Others,194J payment - Jaspreet Menon,338862.5,287171.61,3/20/2027,AC,1100000672,JP,Prof.ServFee@10%-IndHUF-NS393(1)6(iii)(b,10,-28717.16
1001,I0165F,Subash Sharma,SUBPA2058R,2109841,4/3/2026,INV/2026/00673,3400000673,16290009,Non-Companies-393(1),194C payment - Subash Sharma,430289.1,364651.78,4/6/2026,KR,2510000673,CP,Ind/HUF - 1%-New Sec-393(1)6(i),0,0.0
1079,I0166A,Manoj Sidhu,MANPU8121D,16066874,4/25/2026,INV/2026/00674,,54150002,RENTAL CHARGES - IT ASSETS,194I payment - Manoj Sidhu,173453.14,146994.19,5/2/2026,AC,1100000674,IP,LandBldg/Fur Ind/HUF/Fim10%NS393(1)2(ii),10,-14699.42
1081,I0167H,Mohit Pillai,MOHPI3231X,19176193,6/9/2026,INV/2026/00675,3400000675,54410009,Commission Expense,194H payment - Mohit Pillai,198260.84,168017.66,6/25/2026,KA,2310000675,HP,Comm/Brokerg Ind/HUF/Firm2%NS393(1)1(ii),1,-1680.18
1001,I0168E,Dinesh Parekh,DINPH3916N,10667175,7/4/2026,INV/2026/00676,3400000676,16290009,Non-Companies-393(1),194C payment - Dinesh Parekh,702733.58,595536.93,7/7/2026,KZ,2610000676,CP,Ind/HUF - 1%-New Sec-393(1)6(i),1,-5955.37
1079,I0169F,Anita Sandhu,ANIPU6820N,6521920,8/4/2026,INV/2026/00677,3400000677,54470200,INCENTIVE SPARE PART,194R payment - Anita Sandhu,189493.24,160587.49,8/10/2026,KR,2510000677,MI,Ben. 194R @ 10% COM PAN-N/S-393(1)8(iv),10,-16058.75
1081,I0170H,Deepak Thakur,DEEPR2836R,14716544,8/22/2026,INV/2026/00678,3400000678,16290009,Non-Companies-393(1),194C payment - Deepak Thakur,992485.72,841089.59,9/8/2026,AC,1100000678,CP,Ind/HUF - 1%-New Sec-393(1)6(i),1,-8410.9
1001,I0171E,Gaurav Kulkarni,GAUPI0971N,24226515,10/21/2026,INV/2026/00679,3400000679,54210099,Professional- Others,194J payment - Gaurav Kulkarni,805609.43,682719.86,10/27/2026,AC,1100000679,JP,Prof.ServFee@10%-IndHUF-NS393(1)6(iii)(b,10,-68271.99
1079,I0172B,Mahesh Pandey,MAHPY2876B,23075656,11/3/2026,INV/2026/00680,3400000680,16290009,Non-Companies-393(1),194C payment - Mahesh Pandey,1000477.88,847862.61,11/10/2026,KR,2510000680,CP,Ind/HUF - 1%-New Sec-393(1)6(i),1,-8478.63
1081,I0173E,Mahesh Grewal,MAHPL4817W,17149409,11/17/2026,INV/2026/00681,3400000681,16290009,Non-Companies-393(1),194C payment - Mahesh Grewal,303835.18,257487.44,12/3/2026,KR,2510000681,CP,Ind/HUF - 1%-New Sec-393(1)6(i),1,-2574.87
1001,I0174B,Mukesh Sinha,MUKPA9696B,8452088,1/2/2027,INV/2026/00682,,54200001,Non-Comp-393(1)6(ii),194J payment - Mukesh Sinha,757973.83,642350.7,1/20/2027,KA,2310000682,JI,TechServFees@2%-IndHUF:NS393(1)6(iii)(a),0.5,-3211.75
1079,I0175C,Balwinder Banerjee,BALPE9731X,9158394,1/18/2027,INV/2026/00683,3400000683,16290009,Non-Companies-393(1),194C payment - Balwinder Banerjee,195415.82,165606.63,2/4/2027,AC,1100000683,CP,Ind/HUF - 1%-New Sec-393(1)6(i),1,-1656.07
1081,I0176G,Kavita Chopra,KAVPA6368Q,20567717,2/14/2027,INV/2026/00684,3400000684,54150002,RENTAL CHARGES - IT ASSETS,194I payment - Kavita Chopra,326102.82,276358.32,3/6/2027,KZ,2610000684,IP,PlantMach Rent@2%-NS393(1)2(i),2,-5527.17
1001,I0177C,Naresh Pillai,NARPI8306D,12056430,4/1/2026,INV/2026/00685,,54410009,Commission Expense,194H payment - Naresh Pillai,192442.81,163087.13,4/3/2026,KR,2510000685,HP,Comm/Brokerg Ind/HUF/Firm2%NS393(1)1(ii),2,-3261.74
1079,I0178B,Nitin Patel,NITPL9863G,24100141,5/15/2026,INV/2026/00686,,54080001,Interest Expense - Others,194A payment - Nitin Patel,133766.43,113361.38,5/28/2026,KR,2510000686,AP,Interest Other Than Securities@10%,10,-11336.14
1081,I0179B,Rakesh Sidhu,RAKPU4961V,8626285,5/27/2026,INV/2026/00687,3400000687,54470200,INCENTIVE SPARE PART,194R payment - Rakesh Sidhu,164188.99,139143.21,6/5/2026,KR,2510000687,MI,Ben. 194R @ 10% COM PAN-N/S-393(1)8(iv),10,-13914.32
1001,I0180H,Vikram Parekh,VIKPH7739V,11865391,6/22/2026,INV/2026/00688,3400000688,16290009,Non-Companies-393(1),194C payment - Vikram Parekh,262991.7,222874.32,7/9/2026,KR,2510000688,CP,Ind/HUF - 1%-New Sec-393(1)6(i),1,-2228.74
1079,I0181B,Balwinder Verma,BALPA0866U,10417797,8/17/2026,INV/2026/00689,3400000689,54200001,Non-Comp-393(1)6(ii),194J payment - Balwinder Verma,314322.54,266375.03,8/18/2026,KZ,2610000689,JP,Prof.ServFee@10%-IndHUF-NS393(1)6(iii)(b,10,-26637.5
1081,I0182D,Amit Solanki,AMIPI9603J,11752589,9/7/2026,INV/2026/00690,3400000690,16290009,Non-Companies-393(1),194C payment - Amit Solanki,553445.63,469021.72,9/10/2026,KZ,2610000690,CP,Ind/HUF - 1%-New Sec-393(1)6(i),1,-4690.22
1001,I0183F,Mahesh Dhillon,MAHPN0602V,1075559,10/6/2026,INV/2026/00691,3400000691,16290009,Non-Companies-393(1),194C payment - Mahesh Dhillon,469984.23,398291.72,10/14/2026,AC,1100000691,CP,Ind/HUF - 1%-New Sec-393(1)6(i),0,0.0
1079,I0184E,Anita Arora,ANIPA1036Z,3056161,10/31/2026,INV/2026/00692,,54210099,Professional- Others,194J payment - Anita Arora,280264.24,237512.07,11/12/2026,KR,2510000692,JP,Prof.ServFee@10%-IndHUF-NS393(1)6(iii)(b,10,-23751.21
1081,I0185C,Vijay Reddy,VIJPY5625U,1566440,11/17/2026,INV/2026/00693,3400000693,16290009,Non-Companies-393(1),194C payment - Vijay Reddy,489989.64,415245.46,12/1/2026,KR,2510000693,CP,Ind/HUF - 1%-New Sec-393(1)6(i),1,-4152.45
1001,I0186F,Pooja Bedi,POOPI0264R,13450922,12/29/2026,INV/2026/00694,3400000694,54150002,RENTAL CHARGES - IT ASSETS,194I payment - Pooja Bedi,261938.67,221981.92,1/4/2027,KZ,2610000694,IP,PlantMach Rent@2%-NS393(1)2(i),2,-4439.64
1079,I0187B,Deepak Rao,DEEPO2963K,24269357,2/15/2027,INV/2026/00695,3400000695,54410009,Commission Expense,194H payment - Deepak Rao,79090.61,67025.94,2/25/2027,KZ,2610000695,HP,Comm/Brokerg Ind/HUF/Firm2%NS393(1)1(ii),2,-1340.52
1081,I0188D,Dinesh Pandey,DINPY5607X,18624154,2/13/2027,INV/2026/00696,3400000696,16290009,Non-Companies-393(1),194C payment - Dinesh Pandey,741919.57,628745.4,3/2/2027,KR,2510000696,CP,Ind/HUF - 1%-New Sec-393(1)6(i),1,-6287.45
1001,I0189H,Ashok Brar,ASHPR4153B,16774416,4/2/2026,INV/2026/00697,3400000697,54470200,INCENTIVE SPARE PART,194R payment - Ashok Brar,274543.01,232663.57,4/4/2026,KA,2310000697,MI,Ben. 194R @ 10% COM PAN-N/S-393(1)8(iv),10,-23266.36
1079,I0190D,Rakesh Banerjee,RAKPE5025N,12671966,4/18/2026,INV/2026/00698,3400000698,16290009,Non-Companies-393(1),194C payment - Rakesh Banerjee,265256.59,224793.72,5/6/2026,KR,2510000698,CP,Ind/HUF - 1%-New Sec-393(1)6(i),1,-2247.94
1081,I0191G,Nilesh Sharma,NILPA9581N,21558615,5/31/2026,INV/2026/00699,3400000699,54200001,Non-Comp-393(1)6(ii),194J payment - Nilesh Sharma,537377.88,455404.98,6/7/2026,KR,2510000699,JP,Prof.ServFee@10%-IndHUF-NS393(1)6(iii)(b,10,-45540.5
1001,I0192C,Amit Kapoor,AMIPR4834C,16460817,6/28/2026,INV/2026/00700,3400000700,16290009,Non-Companies-393(1),194C payment - Amit Kapoor,345823.05,293070.38,7/7/2026,AC,1100000700,CP,Ind/HUF - 1%-New Sec-393(1)6(i),1,-2930.7
1001,E0095C,Mehta Electricals,MEHFS2351N,22048388,9/13/2026,INV/2026/00701,3400000701,54470200,INCENTIVE SPARE PART,SHORT TDS intentional under-deduction,342024.05,289850.89,9/27/2026,KR,2510000701,MI,Ben. 194R @ 10% COM PAN-N/S-393(1)8(iv),5,-14492.54
1079,H0206E,Ramesh Kumar HUF,RAMHF9131R,12854862,11/29/2026,INV/2026/00702,3400000702,16290009,Non-Companies-393(1),SHORT TDS intentional under-deduction,618543.33,524189.26,12/14/2026,KR,2510000702,CP,Ind/HUF - 1%-New Sec-393(1)6(i),0.5,-2620.95
1081,QTH0244D,Threshold Goods Suppliers Pvt Ltd,THRCD7444Y,13228317,5/17/2026,INV/2026/00703,3400000703,16290008,GR/IR-Indirect Good,SHORT TDS intentional under-deduction,967690.33,820076.55,5/24/2026,KR,2510000703,CP,Cont. Cos - 2%-New Sec-393(1)6(i),1,-8200.77
1001,H0216F,Ramesh Kumar HUF Unit-11,RAMHZ7318N,3317796,12/13/2026,INV/2026/00704,3400000704,16290009,Non-Companies-393(1),SHORT TDS intentional under-deduction,714622.57,605612.35,12/13/2026,KA,2310000704,CP,Ind/HUF - 1%-New Sec-393(1)6(i),0.5,-3028.06
1079,D0026D,Atlas Copco India Ltd,ATLCD6727M,14091600,2/28/2027,INV/2026/00705,3400000705,54150001,Rent - Office Building,SHORT TDS intentional under-deduction,301538.46,255541.07,3/17/2027,KA,2310000705,IP,LandBldg/Fur Ind/HUF/Fim10%NS393(1)2(ii),5,-12777.05
1081,I0193A,Patil Jain,PATPN6164T,24009784,1/15/2027,INV/2026/00706,,54080001,Interest Expense - Others,SHORT TDS intentional under-deduction,168449.96,142754.2,2/2/2027,KA,2310000706,AP,Interest Other Than Securities@10%,5,-7137.71
1001,D0052E,Ambuja Cements Ltd,AMBCD1982A,9260695,12/1/2026,INV/2026/00707,3400000707,54470200,INCENTIVE SPARE PART,SHORT TDS intentional under-deduction,306736.48,259946.17,12/18/2026,KR,2510000707,MI,Ben. 194R @ 10% COM PAN-N/S-393(1)8(iv),0.5,-1299.73
1079,D0085F,PricewaterhouseCoopers Pvt Ltd,PRICD9963S,17928925,7/29/2026,INV/2026/00708,,54470200,INCENTIVE SPARE PART,SHORT TDS intentional under-deduction,255671.14,216670.46,8/11/2026,KA,2310000708,MI,Ben. 194R @ 10% COM PAN-N/S-393(1)8(iv),5,-10833.52
1081,I0193A,Patil Jain,PATPN6164T,16405702,3/11/2027,INV/2026/00709,3400000709,54080001,Interest Expense - Others,SHORT TDS intentional under-deduction,51752.04,43857.66,3/24/2027,KA,2310000709,AP,Interest Other Than Securities@10%,5,-2192.88
1001,D0004H,Siemens Ltd,SIECD8419P,5947502,3/9/2027,INV/2026/00710,3400000710,54470200,INCENTIVE SPARE PART,SHORT TDS intentional under-deduction,243336.58,206217.44,3/15/2027,KR,2510000710,MI,Ben. 194R @ 10% COM PAN-N/S-393(1)8(iv),5,-10310.87
1079,T0227B,Teach For India Trust,TEATT5339W,12251611,9/28/2026,INV/2026/00711,3400000711,54210099,Professional- Others,SHORT TDS intentional under-deduction,471309.76,399415.05,10/1/2026,KA,2310000711,JP,Prof. Serv. Fees@10%-CO-NS393(1)6(iii)(b,5,-19970.75
1081,MIX0259D,Mixed Issues Engineering Ltd,MIXCD6355P,15486837,6/10/2026,INV/2026/00712,3400000712,16290008,GR/IR-Indirect Good,SHORT TDS intentional under-deduction,343938.18,291473.03,6/11/2026,KR,2510000712,CP,Cont. Cos - 2%-New Sec-393(1)6(i),1,-2914.73
1001,E0131C,Trivedi Consultants,TRIFS5805R,22960568,12/15/2026,INV/2026/00713,3400000713,16290008,GR/IR-Indirect Good,SHORT TDS intentional under-deduction,881249.36,746821.49,12/28/2026,KR,2510000713,CP,Firm - 2%-New Sec-393(1)6(i),1,-7468.21
1079,D0029B,Sandvik Asia Pvt Ltd,SANCD4390G,1301385,7/18/2026,INV/2026/00714,,16290008,GR/IR-Indirect Good,SHORT TDS intentional under-deduction,267922.72,227053.15,7/20/2026,KR,2510000714,CP,Cont. Cos - 2%-New Sec-393(1)6(i),1,-2270.53
1081,D0036E,Wago Controls India Pvt Ltd,WAGCD4099Y,4009696,9/23/2026,INV/2026/00715,,16290008,GR/IR-Indirect Good,SHORT TDS intentional under-deduction,365107.76,309413.36,10/2/2026,KA,2310000715,CP,Cont. Cos - 2%-New Sec-393(1)6(i),1,-3094.13
1001,I0173E,Mahesh Grewal,MAHPL4817W,15475251,4/4/2026,INV/2026/00716,3400000716,16290009,Non-Companies-393(1),SHORT TDS intentional under-deduction,169760.3,143864.66,4/22/2026,KA,2310000716,CP,Ind/HUF - 1%-New Sec-393(1)6(i),0.5,-719.32
1079,A0232B,Indian Machine Tool Manufacturers Association,INDAN5263D,15835707,9/28/2026,INV/2026/00717,,16290008,GR/IR-Indirect Good,SHORT TDS intentional under-deduction,926291.34,784992.66,10/16/2026,KA,2310000717,CP,Firm - 2%-New Sec-393(1)6(i),1,-7849.93
1081,D0075E,Blue Dart Express Ltd,BLUCD4875D,20254287,1/9/2027,INV/2026/00718,,54410009,Commission Expense,SHORT TDS intentional under-deduction,136490.43,115669.86,1/17/2027,KA,2310000718,HP,Comm/Brokerg Ind/HUF/Firm2%NS393(1)1(ii),1,-1156.7
1001,I0188D,Dinesh Pandey,DINPY5607X,16506933,3/11/2027,INV/2026/00719,3400000719,16290009,Non-Companies-393(1),SHORT TDS intentional under-deduction,221608.21,187803.57,3/16/2027,KR,2510000719,CP,Ind/HUF - 1%-New Sec-393(1)6(i),0.5,-939.02
1079,WRG0257C,Wrong Rate Contractors,WROFS4825X,4469864,10/8/2026,INV/2026/00720,3400000720,16290008,GR/IR-Indirect Good,SHORT TDS intentional under-deduction,176329.77,149432.01,10/27/2026,KR,2510000720,CP,Firm - 2%-New Sec-393(1)6(i),1,-1494.32
1081,D0059F,Kansai Nerolac Paints Ltd,KANCD5881X,24680421,2/13/2027,INV/2026/00721,3400000721,16290019,Non-Comp-393(1)6(ii),SHORT TDS intentional under-deduction,986090.23,835669.69,2/22/2027,KR,2510000721,JI,TechServFees@2%-IndHUF:NS393(1)6(iii)(a),1,-8356.7
1001,D0008C,ABB India Ltd,ABBCD8474U,16048871,1/31/2027,INV/2026/00722,,54210099,Professional- Others,SHORT TDS intentional under-deduction,257820.58,218492.02,2/3/2027,KR,2510000722,JP,Prof. Serv. Fees@10%-CO-NS393(1)6(iii)(b,5,-10924.6
1079,D0031D,Mitsubishi Electric India Pvt Ltd,MITCD9977Y,24860583,7/31/2026,INV/2026/00723,,54470200,INCENTIVE SPARE PART,SHORT TDS intentional under-deduction,205076.7,173793.81,8/13/2026,KA,2310000723,MI,Ben. 194R @ 10% COM PAN-N/S-393(1)8(iv),5,-8689.69
1081,D0022B,Emerson Process Management India Pvt Ltd,EMECD9051B,6487943,11/15/2026,INV/2026/00724,,16290008,GR/IR-Indirect Good,SHORT TDS intentional under-deduction,83354.88,70639.73,11/23/2026,KA,2310000724,CP,Cont. Cos - 2%-New Sec-393(1)6(i),1,-706.4
1001,E0121E,Sinha Associates,SINFS2711D,13768391,7/12/2026,INV/2026/00725,3400000725,54080001,Interest Expense - Others,SHORT TDS intentional under-deduction,109017.19,92387.45,7/20/2026,KA,2310000725,AP,Interest Other Than Securities@10%,5,-4619.37
1079,H0208F,Anil Mehta HUF,ANIHF6784W,8473167,9/28/2026,INV/2026/00726,,54080001,Interest Expense - Others,SHORT TDS intentional under-deduction,129792.33,109993.5,10/16/2026,KA,2310000726,AP,Interest Other Than Securities@10%,5,-5499.67
1081,L0141C,Walker Chandiok & Co LLP Unit-6,WALFZ8894N,18578449,1/12/2027,INV/2026/00727,3400000727,54410009,Commission Expense,SHORT TDS intentional under-deduction,92480.92,78373.66,1/17/2027,KR,2510000727,HP,Comm/Brokerg Ind/HUF/Firm2%NS393(1)1(ii),0.5,-391.87
1001,E0116E,Tiwari Construction Co,TIWFO4565A,13912065,1/29/2027,INV/2026/00728,3400000728,54150001,Rent - Office Building,SHORT TDS intentional under-deduction,74626.02,63242.39,2/10/2027,KR,2510000728,IP,LandBldg/Fur Ind/HUF/Fim10%NS393(1)2(ii),5,-3162.12
1079,ADV0247A,Advance Payment Contractors Pvt Ltd,ADVCD8622X,11952138,8/1/2026,INV/2026/00729,3400000729,16290008,GR/IR-Indirect Good,SHORT TDS intentional under-deduction,112423.18,95273.88,8/21/2026,KR,2510000729,CP,Cont. Cos - 2%-New Sec-393(1)6(i),1,-952.74
1081,E0135G,Parekh Logistics,PARFS3338T,2195423,8/24/2026,INV/2026/00730,,54080001,Interest Expense - Others,SHORT TDS intentional under-deduction,21205.15,17970.47,9/8/2026,KA,2310000730,AP,Interest Other Than Securities@10%,0.5,-89.85
1001,D0083G,Ernst & Young LLP,ERNCP3679S,923753,9/5/2026,INV/2026/00731,3400000731,54410009,Commission Expense,SHORT TDS intentional under-deduction,96361.75,81662.5,9/22/2026,KR,2510000731,HP,Comm/Brokerg Ind/HUF/Firm2%NS393(1)1(ii),1,-816.62
1079,I0175C,Balwinder Banerjee,BALPE9731X,10825963,11/14/2026,INV/2026/00732,3400000732,54080001,Interest Expense - Others,SHORT TDS intentional under-deduction,60509.11,51278.91,12/4/2026,KR,2510000732,AP,Interest Other Than Securities@10%,5,-2563.95
1081,H0208F,Anil Mehta HUF,ANIHF6784W,22388673,6/29/2026,INV/2026/00733,3400000733,54080001,Interest Expense - Others,SHORT TDS intentional under-deduction,54671.34,46331.64,7/16/2026,KR,2510000733,AP,Interest Other Than Securities@10%,5,-2316.58
1001,I0159F,Pradhan Thakur,PRAPR3108Q,16474311,5/15/2026,INV/2026/00734,,16290009,Non-Companies-393(1),SHORT TDS intentional under-deduction,482369.11,408787.38,5/15/2026,KR,2510000734,CP,Ind/HUF - 1%-New Sec-393(1)6(i),0.5,-2043.94
1079,I0187B,Deepak Rao,DEEPO2963K,24299078,9/14/2026,INV/2026/00735,3400000735,54470200,INCENTIVE SPARE PART,SHORT TDS intentional under-deduction,312794.62,265080.19,9/23/2026,KR,2510000735,MI,Ben. 194R @ 10% COM PAN-N/S-393(1)8(iv),5,-13254.01
1081,H0207E,Suresh Chandra HUF,SURHF3987X,18633201,4/1/2026,INV/2026/00736,3400000736,16290009,Non-Companies-393(1),SHORT TDS intentional under-deduction,267260.65,226492.08,4/4/2026,KA,2310000736,CP,Ind/HUF - 1%-New Sec-393(1)6(i),0.5,-1132.46
1001,E0105E,Das & Company,DASFY1127J,6471141,4/26/2026,INV/2026/00737,3400000737,16290008,GR/IR-Indirect Good,SHORT TDS intentional under-deduction,995213.82,843401.54,5/14/2026,KR,2510000737,CP,Firm - 2%-New Sec-393(1)6(i),1,-8434.02
1079,E0131C,Trivedi Consultants,TRIFS5805R,8229297,1/30/2027,INV/2026/00738,3400000738,16290008,GR/IR-Indirect Good,SHORT TDS intentional under-deduction,604797.0,512539.83,2/10/2027,KA,2310000738,CP,Firm - 2%-New Sec-393(1)6(i),1,-5125.4
1081,E0117H,Verma Machinery Works,VERFS5056U,7130167,3/17/2027,INV/2026/00739,,54410009,Commission Expense,SHORT TDS intentional under-deduction,223033.37,189011.33,3/20/2027,KA,2310000739,HP,Comm/Brokerg Ind/HUF/Firm2%NS393(1)1(ii),1,-1890.11
1001,D0081G,VRL Logistics Ltd,VRLCD9451Z,12545708,2/25/2027,INV/2026/00740,3400000740,54150002,RENTAL CHARGES - IT ASSETS,SHORT TDS intentional under-deduction,193307.97,163820.31,3/10/2027,KA,2310000740,IP,PlantMach Rent@2%-NS393(1)2(i),1,-1638.2
1001,T0227B,Teach For India Trust,TEATT5339W,22757572,11/12/2026,INV/2026/00741,,54210099,Professional- Others,EXCESS TDS intentional over-deduction,200195.08,169656.85,12/2/2026,KR,2510000741,JP,Prof. Serv. Fees@10%-CO-NS393(1)6(iii)(b,20,-33931.37
1079,E0135G,Parekh Logistics,PARFS3338T,1451450,2/21/2027,INV/2026/00742,3400000742,54080001,Interest Expense - Others,EXCESS TDS intentional over-deduction,61523.06,52138.19,3/1/2027,KR,2510000742,AP,Interest Other Than Securities@10%,2,-1042.76
1081,E0096D,Joshi Fabricators,JOSFS5162S,14199033,8/13/2026,INV/2026/00743,3400000743,54080001,Interest Expense - Others,EXCESS TDS intentional over-deduction,136328.49,115532.62,8/23/2026,KA,2310000743,AP,Interest Other Than Securities@10%,2,-2310.65
1001,QTH0244D,Threshold Goods Suppliers Pvt Ltd,THRCD7444Y,22746081,11/21/2026,INV/2026/00744,3400000744,16290008,GR/IR-Indirect Good,EXCESS TDS intentional over-deduction,634271.55,537518.26,12/5/2026,KR,2510000744,CP,Cont. Cos - 2%-New Sec-393(1)6(i),4,-21500.73
1079,E0125F,Choudhary Logistics,CHOFS1275Z,1273250,7/4/2026,INV/2026/00745,3400000745,16290008,GR/IR-Indirect Good,EXCESS TDS intentional over-deduction,785579.97,665745.74,7/4/2026,KR,2510000745,CP,Firm - 2%-New Sec-393(1)6(i),4,-26629.83
1081,D0029B,Sandvik Asia Pvt Ltd,SANCD4390G,5535041,8/7/2026,INV/2026/00746,,16290008,GR/IR-Indirect Good,EXCESS TDS intentional over-deduction,938994.68,795758.2,8/15/2026,KR,2510000746,CP,Cont. Cos - 2%-New Sec-393(1)6(i),4,-31830.33
1001,I0162G,Nilesh Sinha,NILPA4469K,7959066,1/31/2027,INV/2026/00747,,16290009,Non-Companies-393(1),EXCESS TDS intentional over-deduction,789964.62,669461.54,2/10/2027,KA,2310000747,CP,Ind/HUF - 1%-New Sec-393(1)6(i),2,-13389.23
1079,E0091F,Sharma Transport,SHAFT3496R,21718869,9/25/2026,INV/2026/00748,,54470200,INCENTIVE SPARE PART,EXCESS TDS intentional over-deduction,349937.22,296556.97,10/13/2026,KA,2310000748,MI,Ben. 194R @ 10% COM PAN-N/S-393(1)8(iv),20,-59311.39
1081,D0041H,Polycab India Ltd,POLCD9182W,9289476,12/19/2026,INV/2026/00749,3400000749,54410009,Commission Expense,EXCESS TDS intentional over-deduction,63700.66,53983.61,12/27/2026,KR,2510000749,HP,Comm/Brokerg Ind/HUF/Firm2%NS393(1)1(ii),4,-2159.34
1001,D0015E,Bharat Forge Ltd,BHACD3246R,20922345,2/20/2027,INV/2026/00750,,54470200,INCENTIVE SPARE PART,EXCESS TDS intentional over-deduction,250193.95,212028.77,2/28/2027,KR,2510000750,MI,Ben. 194R @ 10% COM PAN-N/S-393(1)8(iv),20,-42405.75
1079,D0050A,Rashtriya Ispat Nigam Ltd,RASCD3491U,22720535,2/14/2027,INV/2026/00751,3400000751,16290008,GR/IR-Indirect Good,EXCESS TDS intentional over-deduction,546633.01,463248.31,3/2/2027,KA,2310000751,CP,Cont. Cos - 2%-New Sec-393(1)6(i),4,-18529.93
1081,D0074G,Delhivery Ltd,DELCD1993Q,6190108,5/19/2026,INV/2026/00752,3400000752,54150001,Rent - Office Building,EXCESS TDS intentional over-deduction,311721.25,264170.55,5/20/2026,KA,2310000752,IP,LandBldg/Fur Ind/HUF/Fim10%NS393(1)2(ii),20,-52834.11
1001,H0216F,Ramesh Kumar HUF Unit-11,RAMHZ7318N,8383753,2/27/2027,INV/2026/00753,,16290009,Non-Companies-393(1),EXCESS TDS intentional over-deduction,271473.64,230062.41,3/2/2027,KR,2510000753,CP,Ind/HUF - 1%-New Sec-393(1)6(i),2,-4601.25
1079,H0209E,Vikram Patel HUF,VIKHF6043C,4960583,11/18/2026,INV/2026/00754,3400000754,16290009,Non-Companies-393(1),EXCESS TDS intentional over-deduction,875751.1,742161.95,11/23/2026,KA,2310000754,CP,Ind/HUF - 1%-New Sec-393(1)6(i),2,-14843.24
1081,H0217H,Suresh Chandra HUF Unit-12,SURHZ0454G,9904230,1/24/2027,INV/2026/00755,3400000755,16290009,Non-Companies-393(1),EXCESS TDS intentional over-deduction,857980.7,727102.29,2/5/2027,KR,2510000755,CP,Ind/HUF - 1%-New Sec-393(1)6(i),2,-14542.05
1001,D0008C,ABB India Ltd,ABBCD8474U,7188963,9/23/2026,INV/2026/00756,3400000756,16290019,Non-Comp-393(1)6(ii),EXCESS TDS intentional over-deduction,131810.8,111704.07,10/2/2026,KA,2310000756,JI,TechServFees@2%-IndHUF:NS393(1)6(iii)(a),4,-4468.16
1079,D0069E,Havells Lloyd Ltd,HAVCD0059B,3803230,2/25/2027,INV/2026/00757,3400000757,54410009,Commission Expense,EXCESS TDS intentional over-deduction,209900.25,177881.57,3/4/2027,KA,2310000757,HP,Comm/Brokerg Ind/HUF/Firm2%NS393(1)1(ii),4,-7115.26
1081,DUP0250B,Duplicate Payment Traders,DUPFS9722M,8060331,4/22/2026,INV/2026/00758,3400000758,16290008,GR/IR-Indirect Good,EXCESS TDS intentional over-deduction,588405.55,498648.77,5/6/2026,KR,2510000758,CP,Firm - 2%-New Sec-393(1)6(i),4,-19945.95
1001,L0149G,Walker Chandiok & Co LLP Unit-14,WALFZ1504T,4126060,4/9/2026,INV/2026/00759,3400000759,16290008,GR/IR-Indirect Good,EXCESS TDS intentional over-deduction,511637.82,433591.37,4/14/2026,KR,2510000759,CP,Firm - 2%-New Sec-393(1)6(i),4,-17343.65
1079,D0036E,Wago Controls India Pvt Ltd,WAGCD4099Y,13407267,12/6/2026,INV/2026/00760,,16290008,GR/IR-Indirect Good,EXCESS TDS intentional over-deduction,469042.06,397493.27,12/24/2026,KA,2310000760,CP,Cont. Cos - 2%-New Sec-393(1)6(i),4,-15899.73
1081,D0080G,Sical Logistics Ltd,SICCD4392R,17184750,4/1/2026,INV/2026/00761,3400000761,16290019,Non-Comp-393(1)6(ii),EXCESS TDS intentional over-deduction,987003.74,836443.85,4/18/2026,KR,2510000761,JI,TechServFees@2%-IndHUF:NS393(1)6(iii)(a),4,-33457.75
1001,D0071B,Allcargo Logistics Ltd,ALLCD7053B,6646679,4/22/2026,INV/2026/00762,3400000762,54410009,Commission Expense,EXCESS TDS intentional over-deduction,129765.05,109970.38,4/24/2026,KA,2310000762,HP,Comm/Brokerg Ind/HUF/Firm2%NS393(1)1(ii),4,-4398.82
1079,CRN0251D,Credit Note Solutions Pvt Ltd,CRECD8281T,21107666,7/11/2026,INV/2026/00763,3400000763,54210099,Professional- Others,EXCESS TDS intentional over-deduction,386423.82,327477.81,7/18/2026,KA,2310000763,JP,Prof. Serv. Fees@10%-CO-NS393(1)6(iii)(b,20,-65495.56
1081,D0067C,Orient Electric Ltd,ORICD0476S,20933106,11/21/2026,INV/2026/00764,3400000764,54470200,INCENTIVE SPARE PART,EXCESS TDS intentional over-deduction,350398.1,296947.54,11/23/2026,KR,2510000764,MI,Ben. 194R @ 10% COM PAN-N/S-393(1)8(iv),20,-59389.51
1001,D0083G,Ernst & Young LLP,ERNCP3679S,6071200,9/3/2026,INV/2026/00765,3400000765,54410009,Commission Expense,EXCESS TDS intentional over-deduction,123764.3,104885.0,9/12/2026,KA,2310000765,HP,Comm/Brokerg Ind/HUF/Firm2%NS393(1)1(ii),4,-4195.4
1079,E0094H,Gupta Logistics,GUPFS2680O,11322097,8/25/2026,INV/2026/00766,,54080001,Interest Expense - Others,EXCESS TDS intentional over-deduction,119316.24,101115.46,9/3/2026,KR,2510000766,AP,Interest Other Than Securities@10%,20,-20223.09
1081,D0016E,Mahindra Logistics Ltd,MAHCD0933R,14730888,3/19/2027,INV/2026/00767,3400000767,54210099,Professional- Others,EXCESS TDS intentional over-deduction,387593.9,328469.41,3/23/2027,KA,2310000767,JP,Prof. Serv. Fees@10%-CO-NS393(1)6(iii)(b,20,-65693.88
1001,E0135G,Parekh Logistics,PARFS3338T,23918766,6/24/2026,INV/2026/00768,3400000768,54080001,Interest Expense - Others,EXCESS TDS intentional over-deduction,81282.15,68883.18,7/7/2026,KA,2310000768,AP,Interest Other Than Securities@10%,2,-1377.66
1079,I0178B,Nitin Patel,NITPL9863G,11025255,6/4/2026,INV/2026/00769,,16290009,Non-Companies-393(1),EXCESS TDS intentional over-deduction,361175.75,306081.14,6/17/2026,KR,2510000769,CP,Ind/HUF - 1%-New Sec-393(1)6(i),2,-6121.62
1081,A0231D,Federation of Indian Chambers of Commerce,FEDAE5542K,22609366,11/10/2026,INV/2026/00770,3400000770,16290008,GR/IR-Indirect Good,EXCESS TDS intentional over-deduction,502746.84,426056.64,11/24/2026,KA,2310000770,CP,Firm - 2%-New Sec-393(1)6(i),4,-17042.27
1001,D0022B,Emerson Process Management India Pvt Ltd,EMECD9051B,7581699,1/13/2027,INV/2026/00771,,16290008,GR/IR-Indirect Good,EXCESS TDS intentional over-deduction,492397.01,417285.6,1/14/2027,KR,2510000771,CP,Cont. Cos - 2%-New Sec-393(1)6(i),4,-16691.42
1079,I0203C,Shettigar Yadav,SHEPV8264D,13001315,4/15/2026,INV/2026/00772,3400000772,16290009,Non-Companies-393(1),EXCESS TDS intentional over-deduction,212954.47,180469.89,4/15/2026,KA,2310000772,CP,Ind/HUF - 1%-New Sec-393(1)6(i),2,-3609.4
1081,I0177C,Naresh Pillai,NARPI8306D,2074777,9/9/2026,INV/2026/00773,,16290009,Non-Companies-393(1),EXCESS TDS intentional over-deduction,375259.6,318016.61,9/24/2026,KR,2510000773,CP,Ind/HUF - 1%-New Sec-393(1)6(i),2,-6360.33
1001,E0102C,Banerjee Enterprises,BANFS9914K,2917807,4/19/2026,INV/2026/00774,3400000774,54410009,Commission Expense,EXCESS TDS intentional over-deduction,218585.31,185241.79,4/22/2026,KA,2310000774,HP,Comm/Brokerg Ind/HUF/Firm2%NS393(1)1(ii),4,-7409.67
1079,A0231D,Federation of Indian Chambers of Commerce,FEDAE5542K,21066520,1/25/2027,INV/2026/00775,3400000775,16290008,GR/IR-Indirect Good,EXCESS TDS intentional over-deduction,86695.45,73470.72,2/2/2027,KA,2310000775,CP,Firm - 2%-New Sec-393(1)6(i),4,-2938.83
1001,E0103D,Chatterjee Engineering,CHAFG4888A,21844207,6/23/2026,INV/2026/00776,,54410009,Commission Expense,NO TDS deducted though applicable,61139.41,51813.06,7/3/2026,KA,2310000776,HP,Comm/Brokerg Ind/HUF/Firm2%NS393(1)1(ii),0,0.0
1079,ADV0248A,Partial Advance Builders,PARFS8243S,9831909,6/27/2026,INV/2026/00777,3400000777,16290008,GR/IR-Indirect Good,NO TDS deducted though applicable,683571.14,579297.58,7/15/2026,KA,2310000777,CP,Firm - 2%-New Sec-393(1)6(i),0,0.0
1081,MUL0260H,Multi Invoice Vendor Pvt Ltd,MULCD3317H,12152578,10/28/2026,INV/2026/00778,3400000778,16290008,GR/IR-Indirect Good,NO TDS deducted though applicable,341592.48,289485.15,11/13/2026,KA,2310000778,CP,Cont. Cos - 2%-New Sec-393(1)6(i),0,0.0
1001,I0165F,Subash Sharma,SUBPA2058R,8816762,6/22/2026,INV/2026/00779,3400000779,54470200,INCENTIVE SPARE PART,NO TDS deducted though applicable,162295.09,137538.21,7/2/2026,KA,2310000779,MI,Ben. 194R @ 10% COM PAN-N/S-393(1)8(iv),0,0.0
1079,E0114D,Chopra Logistics,CHOFS7870I,14095807,8/27/2026,INV/2026/00780,,54470200,INCENTIVE SPARE PART,NO TDS deducted though applicable,100885.61,85496.28,9/12/2026,KR,2510000780,MI,Ben. 194R @ 10% COM PAN-N/S-393(1)8(iv),0,0.0
1081,D0019C,Timken India Ltd,TIMCD4475C,13908013,2/24/2027,INV/2026/00781,,54150002,RENTAL CHARGES - IT ASSETS,NO TDS deducted though applicable,238985.01,202529.67,3/4/2027,KR,2510000781,IP,LandBldg/Fur Ind/HUF/Fim10%NS393(1)2(ii),0,0.0
1001,L0146B,KPMG Assurance & Consulting Services LLP Unit-11,KPMFZ5927Z,12924480,12/3/2026,INV/2026/00782,3400000782,16290019,Non-Comp-393(1)6(ii),NO TDS deducted though applicable,655540.13,555542.48,12/9/2026,KA,2310000782,JP,Prof. Serv. Fees@10%-CO-NS393(1)6(iii)(b,0,0.0
1079,I0183F,Mahesh Dhillon,MAHPN0602V,12147611,10/30/2026,INV/2026/00783,3400000783,16290019,Non-Comp-393(1)6(ii),NO TDS deducted though applicable,308250.47,261229.21,11/14/2026,KR,2510000783,JP,Prof.ServFee@10%-IndHUF-NS393(1)6(iii)(b,0,0.0
1081,T0227B,Teach For India Trust,TEATT5339W,24125340,6/3/2026,INV/2026/00784,3400000784,54200001,Non-Comp-393(1)6(ii),NO TDS deducted though applicable,604821.92,512560.95,6/11/2026,KA,2310000784,JP,Prof. Serv. Fees@10%-CO-NS393(1)6(iii)(b,0,0.0
1001,I0182D,Amit Solanki,AMIPI9603J,15047841,10/9/2026,INV/2026/00785,3400000785,16290009,Non-Companies-393(1),NO TDS deducted though applicable,190300.9,161271.95,10/26/2026,KR,2510000785,CP,Ind/HUF - 1%-New Sec-393(1)6(i),0,0.0
1079,D0047G,Jindal Steel & Power Ltd,JINCD7556M,5638404,3/6/2027,INV/2026/00786,3400000786,54150002,RENTAL CHARGES - IT ASSETS,NO TDS deducted though applicable,237482.72,201256.54,3/6/2027,KR,2510000786,IP,PlantMach Rent@2%-NS393(1)2(i),0,0.0
1081,D0031D,Mitsubishi Electric India Pvt Ltd,MITCD9977Y,5921871,7/24/2026,INV/2026/00787,3400000787,54470200,INCENTIVE SPARE PART,NO TDS deducted though applicable,110826.08,93920.41,8/4/2026,KA,2310000787,MI,Ben. 194R @ 10% COM PAN-N/S-393(1)8(iv),0,0.0
1001,E0109D,Rao Precision Works,RAOFS2334E,22147947,12/11/2026,INV/2026/00788,,50080002,Retro Price Chan-Mat,NO TDS deducted though applicable,2782322.52,2357900.44,12/14/2026,KR,2510000788,LP,Purc of Good-0.1%PMTCOM-PNS393(1)8(ii),0,0.0
1079,E0135G,Parekh Logistics,PARFS3338T,20320438,4/1/2026,INV/2026/00789,3400000789,16290008,GR/IR-Indirect Good,NO TDS deducted though applicable,781927.79,662650.67,4/1/2026,KA,2310000789,CP,Firm - 2%-New Sec-393(1)6(i),0,0.0
1081,D0063G,Prince Pipes & Fittings Ltd,PRICD7583P,4167195,5/7/2026,INV/2026/00790,3400000790,54150002,RENTAL CHARGES - IT ASSETS,NO TDS deducted though applicable,217351.87,184196.5,5/25/2026,KA,2310000790,IP,LandBldg/Fur Ind/HUF/Fim10%NS393(1)2(ii),0,0.0
1001,I0155B,Ramesh Gill,RAMPL1846V,11017161,4/28/2026,INV/2026/00791,3400000791,16290009,Non-Companies-393(1),NO TDS deducted though applicable,150241.81,127323.57,5/12/2026,KA,2310000791,CP,Ind/HUF - 1%-New Sec-393(1)6(i),0,0.0
1079,T0223D,Akshaya Patra Foundation,AKSTN7883I,5244682,4/1/2026,INV/2026/00792,3400000792,16290008,GR/IR-Indirect Good,NO TDS deducted though applicable,596322.79,505358.3,4/2/2026,KR,2510000792,CP,Firm - 2%-New Sec-393(1)6(i),0,0.0
1081,D0083G,Ernst & Young LLP,ERNCP3679S,1871919,3/5/2027,INV/2026/00793,3400000793,54410009,Commission Expense,NO TDS deducted though applicable,111357.31,94370.6,3/23/2027,KR,2510000793,HP,Comm/Brokerg Ind/HUF/Firm2%NS393(1)1(ii),0,0.0
1001,E0093H,Patel Brothers & Co,PATFO6306X,22150421,11/26/2026,INV/2026/00794,3400000794,54470200,INCENTIVE SPARE PART,NO TDS deducted though applicable,80067.33,67853.67,12/12/2026,KA,2310000794,MI,Ben. 194R @ 10% COM PAN-N/S-393(1)8(iv),0,0.0
1079,D0005E,Blue Star Ltd,BLUCD2478R,10662813,12/29/2026,INV/2026/00795,,16290053,COMP-393(1)8(ii),NO TDS deducted though applicable,1420397.33,1203726.55,1/16/2027,KA,2310000795,LP,Purc of Good-0.1%PMTCOM-PNS393(1)8(ii),0,0.0
1081,I0184E,Anita Arora,ANIPA1036Z,19022923,9/21/2026,INV/2026/00796,3400000796,16290009,Non-Companies-393(1),NO TDS deducted though applicable,115719.73,98067.57,10/1/2026,KR,2510000796,CP,Ind/HUF - 1%-New Sec-393(1)6(i),0,0.0
1001,ADV0247A,Advance Payment Contractors Pvt Ltd,ADVCD8622X,5270549,8/16/2026,INV/2026/00797,3400000797,16290008,GR/IR-Indirect Good,NO TDS deducted though applicable,398735.94,337911.81,8/27/2026,KR,2510000797,CP,Cont. Cos - 2%-New Sec-393(1)6(i),0,0.0
1079,H0211E,Mahesh Shah HUF,MAHHF0335S,4934001,10/1/2026,INV/2026/00798,3400000798,16290009,Non-Companies-393(1),NO TDS deducted though applicable,298743.44,253172.41,10/7/2026,KR,2510000798,CP,Ind/HUF - 1%-New Sec-393(1)6(i),0,0.0
1081,I0161E,Jaspreet Brar,JASPR0856X,18408899,5/30/2026,INV/2026/00799,3400000799,54150002,RENTAL CHARGES - IT ASSETS,NO TDS deducted though applicable,304627.99,258159.31,6/8/2026,KR,2510000799,IP,PlantMach Rent@2%-NS393(1)2(i),0,0.0
1001,D0025H,Endress Hauser India Pvt Ltd,ENDCD0217T,23997066,3/11/2027,INV/2026/00800,3400000800,16290019,Non-Comp-393(1)6(ii),NO TDS deducted though applicable,1013918.08,859252.61,3/14/2027,KA,2310000800,JI,TechServFees@2%-IndHUF:NS393(1)6(iii)(a),0,0.0
1079,D0011H,Voltas Ltd,VOLCD7228J,23512242,9/12/2026,INV/2026/00801,,16290053,COMP-393(1)8(ii),NO TDS deducted though applicable,1401238.13,1187489.94,9/13/2026,KR,2510000801,LP,Purc of Good-0.1%PMTCOM-PNS393(1)8(ii),0,0.0
1081,L0139G,Grant Thornton Bharat LLP Unit-4,GRAFZ4056B,22011281,12/15/2026,INV/2026/00802,,16290019,Non-Comp-393(1)6(ii),NO TDS deducted though applicable,1007749.83,854025.28,12/28/2026,KR,2510000802,JI,TechServFees@2%-IndHUF:NS393(1)6(iii)(a),0,0.0
1001,E0110G,Agarwal Trading Co,AGAFO1193U,4410351,6/20/2026,INV/2026/00803,,54470200,INCENTIVE SPARE PART,NO TDS deducted though applicable,63784.14,54054.36,6/26/2026,KA,2310000803,MI,Ben. 194R @ 10% COM PAN-N/S-393(1)8(iv),0,0.0
1079,E0114D,Chopra Logistics,CHOFS7870I,1167585,12/29/2026,INV/2026/00804,3400000804,54470200,INCENTIVE SPARE PART,NO TDS deducted though applicable,210212.95,178146.57,1/16/2027,KA,2310000804,MI,Ben. 194R @ 10% COM PAN-N/S-393(1)8(iv),0,0.0
1081,E0091F,Sharma Transport,SHAFT3496R,1180066,12/27/2026,INV/2026/00805,3400000805,54470200,INCENTIVE SPARE PART,NO TDS deducted though applicable,217299.27,184151.92,1/6/2027,KR,2510000805,MI,Ben. 194R @ 10% COM PAN-N/S-393(1)8(iv),0,0.0
1001,D0009F,Thermax Ltd,THECD7429L,14646565,6/15/2026,INV/2026/00806,,54150002,RENTAL CHARGES - IT ASSETS,NO TDS deducted though applicable,372215.73,315437.06,6/17/2026,KA,2310000806,IP,PlantMach Rent@2%-NS393(1)2(i),0,0.0
1079,E0097A,Desai Construction,DESFN7818R,3103910,4/10/2026,INV/2026/00807,3400000807,54410009,Commission Expense,NO TDS deducted though applicable,167945.44,142326.64,4/24/2026,KA,2310000807,HP,Comm/Brokerg Ind/HUF/Firm2%NS393(1)1(ii),0,0.0
1081,D0084A,Deloitte Touche Tohmatsu India LLP,DELCP7853V,8429417,6/13/2026,INV/2026/00808,3400000808,16290008,GR/IR-Indirect Good,NO TDS deducted though applicable,983012.64,833061.56,7/1/2026,KA,2310000808,CP,Cont. Cos - 2%-New Sec-393(1)6(i),0,0.0
1001,L0141C,Walker Chandiok & Co LLP Unit-6,WALFZ8894N,16229501,5/13/2026,INV/2026/00809,3400000809,54410009,Commission Expense,NO TDS deducted though applicable,175995.73,149148.92,5/20/2026,KA,2310000809,HP,Comm/Brokerg Ind/HUF/Firm2%NS393(1)1(ii),0,0.0
1079,E0134B,Modi Steel Traders,MODFS0562Q,14775835,8/15/2026,INV/2026/00810,,54150002,RENTAL CHARGES - IT ASSETS,NO TDS deducted though applicable,195633.14,165790.8,8/20/2026,KA,2310000810,IP,PlantMach Rent@2%-NS393(1)2(i),0,0.0
1081,E0097A,Desai Construction,DESFN7818R,14018270,4/1/2026,INV/2026/00811,3400000811,54410009,Commission Expense,NO TDS deducted though applicable,228860.07,193949.21,4/1/2026,KR,2510000811,HP,Comm/Brokerg Ind/HUF/Firm2%NS393(1)1(ii),0,0.0
1001,H0215G,Amit Verma HUF,AMIHF0888X,2211376,1/14/2027,INV/2026/00812,,54150002,RENTAL CHARGES - IT ASSETS,NO TDS deducted though applicable,326876.73,277014.18,1/18/2027,KR,2510000812,IP,LandBldg/Fur Ind/HUF/Fim10%NS393(1)2(ii),0,0.0
1079,A0229H,Automotive Component Manufacturers Association,AUTAN9861M,13582107,7/23/2026,INV/2026/00813,3400000813,54410009,Commission Expense,NO TDS deducted though applicable,57041.81,48340.52,7/24/2026,KR,2510000813,HP,Comm/Brokerg Ind/HUF/Firm2%NS393(1)1(ii),0,0.0
1081,I0168E,Dinesh Parekh,DINPH3916N,19187492,12/15/2026,INV/2026/00814,,16290009,Non-Companies-393(1),NO TDS deducted though applicable,240162.1,203527.2,12/15/2026,KA,2310000814,CP,Ind/HUF - 1%-New Sec-393(1)6(i),0,0.0
1001,D0038D,Hager Electro Pvt Ltd,HAGCD7272R,17075626,3/3/2027,INV/2026/00815,3400000815,54410009,Commission Expense,NO TDS deducted though applicable,234187.07,198463.62,3/23/2027,KR,2510000815,HP,Comm/Brokerg Ind/HUF/Firm2%NS393(1)1(ii),0,0.0
1001,WRG0256B,Wrong Section Mapping Pvt Ltd,WROCD4607S,13686157,1/22/2027,INV/2026/00816,,54200001,Non-Comp-393(1)6(ii),WRONG SECTION — 194C nature booked as 194J,494657.36,419201.15,2/2/2027,KR,2510000816,JP,Prof. Serv. Fees@10%-CO-NS393(1)6(iii)(b,10,-41920.11
1079,E0096D,Joshi Fabricators,JOSFS5162S,7800700,11/22/2026,INV/2026/00817,3400000817,54200001,Non-Comp-393(1)6(ii),WRONG SECTION — 194C nature booked as 194J,949277.96,804472.85,12/6/2026,KA,2310000817,JP,Prof. Serv. Fees@10%-CO-NS393(1)6(iii)(b,10,-80447.28
1081,WRG0256B,Wrong Section Mapping Pvt Ltd,WROCD4607S,21542690,12/13/2026,INV/2026/00818,3400000818,54200001,Non-Comp-393(1)6(ii),WRONG SECTION — 194C nature booked as 194J,435498.67,369066.67,12/25/2026,KA,2310000818,JP,Prof. Serv. Fees@10%-CO-NS393(1)6(iii)(b,10,-36906.67
1001,D0018C,SKF India Ltd,SKFCD8142T,12678148,9/2/2026,INV/2026/00819,3400000819,54200001,Non-Comp-393(1)6(ii),WRONG SECTION — 194C nature booked as 194J,364434.06,308842.42,9/21/2026,KA,2310000819,JP,Prof. Serv. Fees@10%-CO-NS393(1)6(iii)(b,10,-30884.24
1079,WRG0256B,Wrong Section Mapping Pvt Ltd,WROCD4607S,20316798,11/26/2026,INV/2026/00820,,54200001,Non-Comp-393(1)6(ii),WRONG SECTION — 194C nature booked as 194J,769782.38,652357.95,12/6/2026,KR,2510000820,JP,Prof. Serv. Fees@10%-CO-NS393(1)6(iii)(b,10,-65235.79
1081,D0065A,Crompton Greaves Consumer Electricals Ltd,CROCD1010A,3931712,12/18/2026,INV/2026/00821,3400000821,54200001,Non-Comp-393(1)6(ii),WRONG SECTION — 194C nature booked as 194J,176733.99,149774.57,12/18/2026,KR,2510000821,JP,Prof. Serv. Fees@10%-CO-NS393(1)6(iii)(b,10,-14977.46
1001,WRG0256B,Wrong Section Mapping Pvt Ltd,WROCD4607S,18241959,12/9/2026,INV/2026/00822,3400000822,54200001,Non-Comp-393(1)6(ii),WRONG SECTION — 194C nature booked as 194J,682175.05,578114.45,12/27/2026,KA,2310000822,JP,Prof. Serv. Fees@10%-CO-NS393(1)6(iii)(b,10,-57811.44
1079,D0074G,Delhivery Ltd,DELCD1993Q,20019470,9/22/2026,INV/2026/00823,3400000823,54200001,Non-Comp-393(1)6(ii),WRONG SECTION — 194C nature booked as 194J,131857.78,111743.88,9/27/2026,KA,2310000823,JP,Prof. Serv. Fees@10%-CO-NS393(1)6(iii)(b,10,-11174.39
1081,WRG0256B,Wrong Section Mapping Pvt Ltd,WROCD4607S,24411738,9/19/2026,INV/2026/00824,3400000824,54200001,Non-Comp-393(1)6(ii),WRONG SECTION — 194C nature booked as 194J,287078.4,243286.78,9/19/2026,KA,2310000824,JP,Prof. Serv. Fees@10%-CO-NS393(1)6(iii)(b,10,-24328.68
1001,LDC0241A,Lower Deduction Certificate Ltd,LOWCD2468H,23453322,2/11/2027,INV/2026/00825,,54200001,Non-Comp-393(1)6(ii),WRONG SECTION — 194C nature booked as 194J,53865.77,45648.96,2/23/2027,KR,2510000825,JP,Prof. Serv. Fees@10%-CO-NS393(1)6(iii)(b,10,-4564.9
1079,WRG0256B,Wrong Section Mapping Pvt Ltd,WROCD4607S,3073581,2/7/2027,INV/2026/00826,3400000826,54200001,Non-Comp-393(1)6(ii),WRONG SECTION — 194C nature booked as 194J,471538.7,399609.07,2/13/2027,KR,2510000826,JP,Prof. Serv. Fees@10%-CO-NS393(1)6(iii)(b,10,-39960.91
1081,ADV0247A,Advance Payment Contractors Pvt Ltd,ADVCD8622X,17716000,4/27/2026,INV/2026/00827,3400000827,54200001,Non-Comp-393(1)6(ii),WRONG SECTION — 194C nature booked as 194J,685663.87,581071.08,5/15/2026,KA,2310000827,JP,Prof. Serv. Fees@10%-CO-NS393(1)6(iii)(b,10,-58107.11
1001,WRG0256B,Wrong Section Mapping Pvt Ltd,WROCD4607S,22254709,9/4/2026,INV/2026/00828,3400000828,54200001,Non-Comp-393(1)6(ii),WRONG SECTION — 194C nature booked as 194J,299566.85,253870.21,9/13/2026,KR,2510000828,JP,Prof. Serv. Fees@10%-CO-NS393(1)6(iii)(b,10,-25387.02
1079,CRN0251D,Credit Note Solutions Pvt Ltd,CRECD8281T,17559811,6/9/2026,INV/2026/00829,3400000829,54200001,Non-Comp-393(1)6(ii),WRONG SECTION — 194C nature booked as 194J,179942.51,152493.65,6/28/2026,KA,2310000829,JP,Prof. Serv. Fees@10%-CO-NS393(1)6(iii)(b,10,-15249.36
1081,WRG0256B,Wrong Section Mapping Pvt Ltd,WROCD4607S,23994641,2/6/2027,INV/2026/00830,,54200001,Non-Comp-393(1)6(ii),WRONG SECTION — 194C nature booked as 194J,283091.77,239908.28,2/6/2027,KR,2510000830,JP,Prof. Serv. Fees@10%-CO-NS393(1)6(iii)(b,10,-23990.83
1001,E0122A,Dubey Contractors,DUBFS3161W,21786487,10/24/2026,INV/2026/00831,3400000831,54200001,Non-Comp-393(1)6(ii),WRONG SECTION — 194C nature booked as 194J,826563.65,700477.67,10/24/2026,KR,2510000831,JP,Prof. Serv. Fees@10%-CO-NS393(1)6(iii)(b,10,-70047.77
1079,WRG0256B,Wrong Section Mapping Pvt Ltd,WROCD4607S,21915090,8/26/2026,INV/2026/00832,3400000832,54200001,Non-Comp-393(1)6(ii),WRONG SECTION — 194C nature booked as 194J,868052.05,735637.33,8/28/2026,KR,2510000832,JP,Prof. Serv. Fees@10%-CO-NS393(1)6(iii)(b,10,-73563.73
1081,H0214B,Sunil Sharma HUF,SUNHF9253G,18214882,4/1/2026,INV/2026/00833,3400000833,54200001,Non-Comp-393(1)6(ii),WRONG SECTION — 194C nature booked as 194J,847439.38,718168.97,4/4/2026,KR,2510000833,JP,Prof. Serv. Fees@10%-CO-NS393(1)6(iii)(b,10,-71816.9
1001,WRG0256B,Wrong Section Mapping Pvt Ltd,WROCD4607S,16911323,10/5/2026,INV/2026/00834,,54200001,Non-Comp-393(1)6(ii),WRONG SECTION — 194C nature booked as 194J,971088.71,822956.53,10/8/2026,KR,2510000834,JP,Prof. Serv. Fees@10%-CO-NS393(1)6(iii)(b,10,-82295.65
1079,H0207E,Suresh Chandra HUF,SURHF3987X,12798135,12/7/2026,INV/2026/00835,,54200001,Non-Comp-393(1)6(ii),WRONG SECTION — 194C nature booked as 194J,810626.5,686971.61,12/23/2026,KR,2510000835,JP,Prof. Serv. Fees@10%-CO-NS393(1)6(iii)(b,10,-68697.16
1081,WRG0256B,Wrong Section Mapping Pvt Ltd,WROCD4607S,16936251,5/21/2026,INV/2026/00836,,54200001,Non-Comp-393(1)6(ii),WRONG SECTION — 194C nature booked as 194J,609807.14,516785.71,5/27/2026,KR,2510000836,JP,Prof. Serv. Fees@10%-CO-NS393(1)6(iii)(b,10,-51678.57
1001,E0125F,Choudhary Logistics,CHOFS1275Z,6830267,8/26/2026,INV/2026/00837,3400000837,54200001,Non-Comp-393(1)6(ii),WRONG SECTION — 194C nature booked as 194J,817805.1,693055.17,8/27/2026,KA,2310000837,JP,Prof. Serv. Fees@10%-CO-NS393(1)6(iii)(b,10,-69305.52
1079,WRG0256B,Wrong Section Mapping Pvt Ltd,WROCD4607S,7044633,6/12/2026,INV/2026/00838,3400000838,54200001,Non-Comp-393(1)6(ii),WRONG SECTION — 194C nature booked as 194J,97478.93,82609.26,6/20/2026,KR,2510000838,JP,Prof. Serv. Fees@10%-CO-NS393(1)6(iii)(b,10,-8260.93
1081,L0138H,KPMG Assurance & Consulting Services LLP Unit-3,KPMFZ3700Z,23575697,12/27/2026,INV/2026/00839,,54200001,Non-Comp-393(1)6(ii),WRONG SECTION — 194C nature booked as 194J,965880.02,818542.39,1/5/2027,KR,2510000839,JP,Prof. Serv. Fees@10%-CO-NS393(1)6(iii)(b,10,-81854.24
1001,WRG0256B,Wrong Section Mapping Pvt Ltd,WROCD4607S,17081390,11/12/2026,INV/2026/00840,,54200001,Non-Comp-393(1)6(ii),WRONG SECTION — 194C nature booked as 194J,270970.21,229635.77,11/25/2026,KR,2510000840,JP,Prof. Serv. Fees@10%-CO-NS393(1)6(iii)(b,10,-22963.58
1079,I0161E,Jaspreet Brar,JASPR0856X,15527059,4/21/2026,INV/2026/00841,3400000841,54200001,Non-Comp-393(1)6(ii),WRONG SECTION — 194C nature booked as 194J,122727.99,104006.77,5/8/2026,KR,2510000841,JP,Prof. Serv. Fees@10%-CO-NS393(1)6(iii)(b,10,-10400.68
1081,WRG0256B,Wrong Section Mapping Pvt Ltd,WROCD4607S,19214502,10/8/2026,INV/2026/00842,3400000842,54200001,Non-Comp-393(1)6(ii),WRONG SECTION — 194C nature booked as 194J,819608.77,694583.7,10/28/2026,KA,2310000842,JP,Prof. Serv. Fees@10%-CO-NS393(1)6(iii)(b,10,-69458.37
1001,L0148B,BDO India LLP Unit-13,BDOFZ1495H,9293016,3/23/2027,INV/2026/00843,,54200001,Non-Comp-393(1)6(ii),WRONG SECTION — 194C nature booked as 194J,816836.42,692234.25,3/28/2027,KR,2510000843,JP,Prof. Serv. Fees@10%-CO-NS393(1)6(iii)(b,10,-69223.42
1079,WRG0256B,Wrong Section Mapping Pvt Ltd,WROCD4607S,24739108,10/8/2026,INV/2026/00844,,54200001,Non-Comp-393(1)6(ii),WRONG SECTION — 194C nature booked as 194J,398470.51,337686.87,10/24/2026,KR,2510000844,JP,Prof. Serv. Fees@10%-CO-NS393(1)6(iii)(b,10,-33768.69
1081,H0217H,Suresh Chandra HUF Unit-12,SURHZ0454G,2225930,4/12/2026,INV/2026/00845,3400000845,54200001,Non-Comp-393(1)6(ii),WRONG SECTION — 194C nature booked as 194J,961830.59,815110.67,4/14/2026,KR,2510000845,JP,Prof. Serv. Fees@10%-CO-NS393(1)6(iii)(b,10,-81511.07
1001,I0178B,Nitin Patel,NITPL9863G,20607056,9/10/2026,INV/2026/00846,3400000846,16290009,Non-Companies-393(1),WRONG RATE — Individual charged 2% instead of 1%,803277.9,680743.98,9/17/2026,KA,2310000846,CP,Cont. Cos - 2%-New Sec-393(1)6(i),2,-13614.88
1079,D0066G,Bajaj Electricals Ltd,BAJCD1458A,21973342,7/22/2026,INV/2026/00847,3400000847,16290008,GR/IR-Indirect Good,WRONG RATE — Company charged 1% instead of 2%,87419.76,74084.54,8/1/2026,KA,2310000847,CP,Ind/HUF - 1%-New Sec-393(1)6(i),1,-740.85
1081,I0193A,Patil Jain,PATPN6164T,16602716,2/24/2027,INV/2026/00848,3400000848,16290009,Non-Companies-393(1),WRONG RATE — Individual charged 2% instead of 1%,856883.0,726172.03,2/24/2027,KA,2310000848,CP,Cont. Cos - 2%-New Sec-393(1)6(i),2,-14523.44
1001,D0087G,Grant Thornton Bharat LLP,GRACP6902B,8485889,11/10/2026,INV/2026/00849,3400000849,16290008,GR/IR-Indirect Good,WRONG RATE — Company charged 1% instead of 2%,509825.05,432055.13,11/24/2026,KR,2510000849,CP,Ind/HUF - 1%-New Sec-393(1)6(i),1,-4320.55
1079,I0160A,Manpreet Solanki,MANPI9912Q,10228511,8/8/2026,INV/2026/00850,3400000850,16290009,Non-Companies-393(1),WRONG RATE — Individual charged 2% instead of 1%,768329.45,651126.65,8/15/2026,KR,2510000850,CP,Cont. Cos - 2%-New Sec-393(1)6(i),2,-13022.53
1081,D0047G,Jindal Steel & Power Ltd,JINCD7556M,4218597,9/15/2026,INV/2026/00851,3400000851,16290008,GR/IR-Indirect Good,WRONG RATE — Company charged 1% instead of 2%,897414.46,760520.73,9/27/2026,KA,2310000851,CP,Ind/HUF - 1%-New Sec-393(1)6(i),1,-7605.21
1001,I0174B,Mukesh Sinha,MUKPA9696B,21839136,1/9/2027,INV/2026/00852,3400000852,16290009,Non-Companies-393(1),WRONG RATE — Individual charged 2% instead of 1%,933563.69,791155.67,1/19/2027,KA,2310000852,CP,Cont. Cos - 2%-New Sec-393(1)6(i),2,-15823.11
1079,D0025H,Endress Hauser India Pvt Ltd,ENDCD0217T,5728029,10/31/2026,INV/2026/00853,3400000853,16290008,GR/IR-Indirect Good,WRONG RATE — Company charged 1% instead of 2%,419886.43,355835.96,11/9/2026,KR,2510000853,CP,Ind/HUF - 1%-New Sec-393(1)6(i),1,-3558.36
1081,I0176G,Kavita Chopra,KAVPA6368Q,4793656,4/23/2026,INV/2026/00854,,16290009,Non-Companies-393(1),WRONG RATE — Individual charged 2% instead of 1%,637673.25,540401.06,5/10/2026,KA,2310000854,CP,Cont. Cos - 2%-New Sec-393(1)6(i),2,-10808.02
1001,D0035D,Phoenix Contact India Pvt Ltd,PHOCD6041O,17864735,5/27/2026,INV/2026/00855,3400000855,16290008,GR/IR-Indirect Good,WRONG RATE — Company charged 1% instead of 2%,793471.99,672433.89,6/9/2026,KA,2310000855,CP,Ind/HUF - 1%-New Sec-393(1)6(i),1,-6724.34
1079,I0183F,Mahesh Dhillon,MAHPN0602V,3163014,12/1/2026,INV/2026/00856,3400000856,16290009,Non-Companies-393(1),WRONG RATE — Individual charged 2% instead of 1%,363119.64,307728.51,12/11/2026,KA,2310000856,CP,Cont. Cos - 2%-New Sec-393(1)6(i),2,-6154.57
1081,D0042G,KEI Industries Ltd,KEICD1017N,5271219,2/10/2027,INV/2026/00857,3400000857,16290008,GR/IR-Indirect Good,WRONG RATE — Company charged 1% instead of 2%,681795.73,577792.99,2/17/2027,KA,2310000857,CP,Ind/HUF - 1%-New Sec-393(1)6(i),1,-5777.93
1001,I0201C,Jaspreet Modi,JASPI1732B,1097538,8/28/2026,INV/2026/00858,3400000858,16290009,Non-Companies-393(1),WRONG RATE — Individual charged 2% instead of 1%,783953.96,664367.76,9/14/2026,KA,2310000858,CP,Cont. Cos - 2%-New Sec-393(1)6(i),2,-13287.36
1079,D0008C,ABB India Ltd,ABBCD8474U,17271819,11/8/2026,INV/2026/00859,3400000859,16290008,GR/IR-Indirect Good,WRONG RATE — Company charged 1% instead of 2%,729771.15,618450.13,11/25/2026,KA,2310000859,CP,Ind/HUF - 1%-New Sec-393(1)6(i),1,-6184.5
1081,I0201C,Jaspreet Modi,JASPI1732B,8303722,10/31/2026,INV/2026/00860,3400000860,16290009,Non-Companies-393(1),WRONG RATE — Individual charged 2% instead of 1%,580868.05,492261.06,11/13/2026,KR,2510000860,CP,Cont. Cos - 2%-New Sec-393(1)6(i),2,-9845.22
1001,D0041H,Polycab India Ltd,POLCD9182W,17857827,9/1/2026,INV/2026/00861,,16290008,GR/IR-Indirect Good,WRONG RATE — Company charged 1% instead of 2%,465672.45,394637.67,9/4/2026,KA,2310000861,CP,Ind/HUF - 1%-New Sec-393(1)6(i),1,-3946.38
1079,I0152F,Janorkar Dhillon,JANPN0639M,15610637,3/26/2027,INV/2026/00862,3400000862,16290009,Non-Companies-393(1),WRONG RATE — Individual charged 2% instead of 1%,815793.77,691350.65,3/28/2027,KR,2510000862,CP,Cont. Cos - 2%-New Sec-393(1)6(i),2,-13827.01
1081,D0071B,Allcargo Logistics Ltd,ALLCD7053B,3776198,4/20/2026,INV/2026/00863,3400000863,16290008,GR/IR-Indirect Good,WRONG RATE — Company charged 1% instead of 2%,305054.4,258520.68,4/20/2026,KR,2510000863,CP,Ind/HUF - 1%-New Sec-393(1)6(i),1,-2585.21
1001,I0205E,Nilesh Solanki,NILPI5479E,2202334,6/4/2026,INV/2026/00864,,16290009,Non-Companies-393(1),WRONG RATE — Individual charged 2% instead of 1%,690954.73,585554.86,6/10/2026,KR,2510000864,CP,Cont. Cos - 2%-New Sec-393(1)6(i),2,-11711.1
1079,D0014D,Asian Paints Ltd,ASICD8115B,3930026,4/1/2026,INV/2026/00865,3400000865,16290008,GR/IR-Indirect Good,WRONG RATE — Company charged 1% instead of 2%,520368.35,440990.13,4/9/2026,KA,2310000865,CP,Ind/HUF - 1%-New Sec-393(1)6(i),1,-4409.9
1081,I0176G,Kavita Chopra,KAVPA6368Q,14492681,1/19/2027,INV/2026/00866,3400000866,16290009,Non-Companies-393(1),WRONG RATE — Individual charged 2% instead of 1%,100876.1,85488.22,2/2/2027,KA,2310000866,CP,Cont. Cos - 2%-New Sec-393(1)6(i),2,-1709.76
1001,D0070B,TVS Supply Chain Solutions Ltd,TVSCD1091X,10518928,2/8/2027,INV/2026/00867,,16290008,GR/IR-Indirect Good,WRONG RATE — Company charged 1% instead of 2%,803288.92,680753.32,2/13/2027,KR,2510000867,CP,Ind/HUF - 1%-New Sec-393(1)6(i),1,-6807.53
1079,I0152F,Janorkar Dhillon,JANPN0639M,10381537,10/26/2026,INV/2026/00868,3400000868,16290009,Non-Companies-393(1),WRONG RATE — Individual charged 2% instead of 1%,585183.58,495918.29,11/9/2026,KR,2510000868,CP,Cont. Cos - 2%-New Sec-393(1)6(i),2,-9918.37
1081,D0049E,Essar Steel India Ltd,ESSCD2172D,23696494,4/15/2026,INV/2026/00869,,16290008,GR/IR-Indirect Good,WRONG RATE — Company charged 1% instead of 2%,993631.65,842060.72,4/25/2026,KA,2310000869,CP,Ind/HUF - 1%-New Sec-393(1)6(i),1,-8420.61
1001,I0180H,Vikram Parekh,VIKPH7739V,3146941,7/29/2026,INV/2026/00870,3400000870,16290009,Non-Companies-393(1),WRONG RATE — Individual charged 2% instead of 1%,243568.24,206413.76,8/3/2026,KA,2310000870,CP,Cont. Cos - 2%-New Sec-393(1)6(i),2,-4128.28
1079,QTH0245F,Mega Purchase Components Ltd,MEGCD2355D,22588190,10/18/2026,INV/2026/00871,3400000871,16290008,GR/IR-Indirect Good,WRONG RATE — Company charged 1% instead of 2%,179768.35,152346.06,10/19/2026,KA,2310000871,CP,Ind/HUF - 1%-New Sec-393(1)6(i),1,-1523.46
1081,I0194H,Manpreet Kapoor,MANPR2745H,10902612,1/9/2027,INV/2026/00872,3400000872,16290009,Non-Companies-393(1),WRONG RATE — Individual charged 2% instead of 1%,447556.91,379285.52,1/27/2027,KR,2510000872,CP,Cont. Cos - 2%-New Sec-393(1)6(i),2,-7585.71
1001,D0079H,Om Logistics Ltd,OMLCD7339J,4912982,3/10/2027,INV/2026/00873,3400000873,16290008,GR/IR-Indirect Good,WRONG RATE — Company charged 1% instead of 2%,317848.03,269362.74,3/23/2027,KR,2510000873,CP,Ind/HUF - 1%-New Sec-393(1)6(i),1,-2693.63
1079,I0187B,Deepak Rao,DEEPO2963K,15091927,6/10/2026,INV/2026/00874,3400000874,16290009,Non-Companies-393(1),WRONG RATE — Individual charged 2% instead of 1%,812469.6,688533.56,6/26/2026,KA,2310000874,CP,Cont. Cos - 2%-New Sec-393(1)6(i),2,-13770.67
1081,D0085F,PricewaterhouseCoopers Pvt Ltd,PRICD9963S,984320,3/27/2027,INV/2026/00875,3400000875,16290008,GR/IR-Indirect Good,WRONG RATE — Company charged 1% instead of 2%,880722.17,746374.72,3/28/2027,KA,2310000875,CP,Ind/HUF - 1%-New Sec-393(1)6(i),1,-7463.75
1001,H0214B,Sunil Sharma HUF,SUNHF9253G,21429290,7/19/2026,INV/2026/00876,3400000876,25610001,Ctrl-Prep. Exp. - C,TDS on excluded GL (Insurance premium),778776.59,659980.16,7/22/2026,KR,2510000876,CP,Ind/HUF - 1%-New Sec-393(1)6(i),1,-6599.8
1079,E0107A,Menon Fabrication,MENFN5618N,19430060,9/18/2026,INV/2026/00877,,54120001,Telephone Expenses - Factory,TDS on excluded GL (Telephone),724742.32,614188.41,9/28/2026,KA,2310000877,CP,Firm - 2%-New Sec-393(1)6(i),2,-12283.77
1081,L0150B,S R Batliboi & Associates LLP Unit-15,SRBFZ9193O,3401850,4/7/2026,INV/2026/00878,3400000878,54120002,Telephone Expenses - Office,TDS on excluded GL (Telephone),381262.33,323103.67,4/25/2026,KA,2310000878,CP,Firm - 2%-New Sec-393(1)6(i),1,-3231.04
1001,L0147B,Grant Thornton Bharat LLP Unit-12,GRAFZ1786O,8894188,5/16/2026,INV/2026/00879,3400000879,54530001,CSR Activity Expense,TDS on excluded GL (CSR),479937.14,406726.39,5/21/2026,KR,2510000879,CP,Firm - 2%-New Sec-393(1)6(i),2,-8134.53
1079,E0121E,Sinha Associates,SINFS2711D,14545248,12/27/2026,INV/2026/00880,,54130001,Travelling Expenses Domestic - Fare,TDS on excluded GL (Travel fare),301913.94,255859.27,1/1/2027,KA,2310000880,CP,Firm - 2%-New Sec-393(1)6(i),2,-5117.19
1081,D0017A,Castrol India Ltd,CASCD8544E,1596777,1/11/2027,INV/2026/00881,3400000881,25610001,Ctrl-Prep. Exp. - C,TDS on excluded GL (Insurance premium),496232.28,420535.83,1/21/2027,KA,2310000881,CP,Cont. Cos - 2%-New Sec-393(1)6(i),2,-8410.72
1001,I0153H,Pradhan Modi,PRAPI6148J,17297176,7/2/2026,INV/2026/00882,3400000882,54120001,Telephone Expenses - Factory,TDS on excluded GL (Telephone),273250.23,231567.99,7/9/2026,KR,2510000882,CP,Ind/HUF - 1%-New Sec-393(1)6(i),1,-2315.68
1079,I0158B,Rakesh Bedi,RAKPI2203H,14707181,9/7/2026,INV/2026/00883,,54120002,Telephone Expenses - Office,TDS on excluded GL (Telephone),69205.17,58648.45,9/26/2026,KR,2510000883,CP,Ind/HUF - 1%-New Sec-393(1)6(i),0.5,-293.24
1081,QTH0246F,Below Threshold Parts India Ltd,BELCD0690T,3617536,9/18/2026,INV/2026/00884,,54530001,CSR Activity Expense,TDS on excluded GL (CSR),669311.6,567213.22,9/19/2026,KR,2510000884,CP,Cont. Cos - 2%-New Sec-393(1)6(i),2,-11344.26
1001,D0034F,Omron Automation Pvt Ltd,OMRCD4491E,7296979,6/28/2026,INV/2026/00885,3400000885,54130001,Travelling Expenses Domestic - Fare,TDS on excluded GL (Travel fare),778776.73,659980.28,7/2/2026,KA,2310000885,CP,Cont. Cos - 2%-New Sec-393(1)6(i),2,-13199.61
1079,I0180H,Vikram Parekh,VIKPH7739V,10756892,8/19/2026,INV/2026/00886,3400000886,25610001,Ctrl-Prep. Exp. - C,TDS on excluded GL (Insurance premium),138518.83,117388.84,8/19/2026,KA,2310000886,CP,Ind/HUF - 1%-New Sec-393(1)6(i),1,-1173.89
1081,D0078E,Safe Express Pvt Ltd,SAFCD2253O,17359277,3/9/2027,INV/2026/00887,3400000887,54120001,Telephone Expenses - Factory,TDS on excluded GL (Telephone),267781.86,226933.78,3/12/2027,KR,2510000887,CP,Cont. Cos - 2%-New Sec-393(1)6(i),1,-2269.34
1001,D0027C,Ingersoll Rand India Ltd,INGCD3014J,18786767,8/18/2026,INV/2026/00888,3400000888,54120002,Telephone Expenses - Office,TDS on excluded GL (Telephone),184695.88,156521.93,9/7/2026,KA,2310000888,CP,Cont. Cos - 2%-New Sec-393(1)6(i),2,-3130.44
1079,I0172B,Mahesh Pandey,MAHPY2876B,23529564,8/9/2026,INV/2026/00889,,54530001,CSR Activity Expense,TDS on excluded GL (CSR),93078.0,78879.66,8/15/2026,KA,2310000889,CP,Ind/HUF - 1%-New Sec-393(1)6(i),1,-788.8
1081,H0213B,Dinesh Gupta HUF,DINHF6286R,22152600,12/18/2026,INV/2026/00890,3400000890,54130001,Travelling Expenses Domestic - Fare,TDS on excluded GL (Travel fare),640984.3,543207.03,12/27/2026,KR,2510000890,CP,Ind/HUF - 1%-New Sec-393(1)6(i),1,-5432.07
1001,I0163D,Dinesh Sharma,DINPA5385V,5038845,5/23/2026,INV/2026/00891,,25610001,Ctrl-Prep. Exp. - C,TDS on excluded GL (Insurance premium),86236.59,73081.86,6/6/2026,KA,2310000891,CP,Ind/HUF - 1%-New Sec-393(1)6(i),1,-730.82
1079,L0139G,Grant Thornton Bharat LLP Unit-4,GRAFZ4056B,17555279,8/14/2026,INV/2026/00892,3400000892,54120001,Telephone Expenses - Factory,TDS on excluded GL (Telephone),177953.69,150808.21,8/19/2026,KR,2510000892,CP,Firm - 2%-New Sec-393(1)6(i),2,-3016.16
1081,QTH0245F,Mega Purchase Components Ltd,MEGCD2355D,18079247,11/2/2026,INV/2026/00893,3400000893,54120002,Telephone Expenses - Office,TDS on excluded GL (Telephone),536000.5,454237.71,11/10/2026,KA,2310000893,CP,Cont. Cos - 2%-New Sec-393(1)6(i),2,-9084.75
1001,D0063G,Prince Pipes & Fittings Ltd,PRICD7583P,21340355,5/7/2026,INV/2026/00894,3400000894,54530001,CSR Activity Expense,TDS on excluded GL (CSR),476743.03,404019.52,5/21/2026,KA,2310000894,CP,Cont. Cos - 2%-New Sec-393(1)6(i),2,-8080.39
1079,D0040A,Havells India Ltd,HAVCD5593M,14811495,5/25/2026,INV/2026/00895,3400000895,54130001,Travelling Expenses Domestic - Fare,TDS on excluded GL (Travel fare),868588.82,736092.22,6/14/2026,KA,2310000895,CP,Cont. Cos - 2%-New Sec-393(1)6(i),2,-14721.84
1081,D0037C,Rittal India Pvt Ltd,RITCD1454H,13763756,5/10/2026,INV/2026/00896,,25610001,Ctrl-Prep. Exp. - C,TDS on excluded GL (Insurance premium),279952.89,237248.21,5/19/2026,KA,2310000896,CP,Cont. Cos - 2%-New Sec-393(1)6(i),2,-4744.96
1001,LDC0243G,Expired LDC Consulting Pvt Ltd,EXPCD5434U,4274137,12/25/2026,INV/2026/00897,,54120001,Telephone Expenses - Factory,TDS on excluded GL (Telephone),498892.83,422790.53,1/2/2027,KR,2510000897,CP,Cont. Cos - 2%-New Sec-393(1)6(i),2,-8455.81
1079,L0144H,Ernst & Young LLP Unit-9,ERNFZ3428L,14447485,7/6/2026,INV/2026/00898,,54120002,Telephone Expenses - Office,TDS on excluded GL (Telephone),216940.14,183847.58,7/26/2026,KA,2310000898,CP,Firm - 2%-New Sec-393(1)6(i),2,-3676.95
1081,E0133A,Shah Precision Tools,SHAFS5179Z,7419867,7/21/2026,INV/2026/00899,,54530001,CSR Activity Expense,TDS on excluded GL (CSR),89605.72,75937.05,8/7/2026,KA,2310000899,CP,Firm - 2%-New Sec-393(1)6(i),2,-1518.74
1001,E0106A,Pillai Contractors,PILFS1381F,13251957,8/30/2026,INV/2026/00900,3400000900,54130001,Travelling Expenses Domestic - Fare,TDS on excluded GL (Travel fare),268740.73,227746.38,9/9/2026,KR,2510000900,CP,Firm - 2%-New Sec-393(1)6(i),2,-4554.93
1001,D0014D,Asian Paints Ltd,ASICD8115B,19152430,10/6/2026,INV/2026/00901,3400000901,25610001,Ctrl-Prep. Exp. - C,Correctly no TDS on excluded GL (Insurance premium),346769.3,293872.29,10/20/2026,KA,2310000901,,,0,0.0
1079,D0072H,Gateway Distriparks Ltd,GATCD6192M,3038779,6/13/2026,INV/2026/00902,3400000902,54120001,Telephone Expenses - Factory,Correctly no TDS on excluded GL (Telephone),293207.43,248480.87,6/16/2026,KR,2510000902,,,0,0.0
1081,I0163D,Dinesh Sharma,DINPA5385V,10691624,7/26/2026,INV/2026/00903,,54120002,Telephone Expenses - Office,Correctly no TDS on excluded GL (Telephone),845531.02,716551.71,8/2/2026,KA,2310000903,,,0,0.0
1001,D0048A,SAIL Bhilai Steel Plant,SAICT0013B,6334100,5/29/2026,INV/2026/00904,,54530001,CSR Activity Expense,Correctly no TDS on excluded GL (CSR),632882.72,536341.29,6/13/2026,KA,2310000904,,,0,0.0
1079,H0212A,Prakash Jain HUF,PRAHF7723X,14904917,4/14/2026,INV/2026/00905,3400000905,54130001,Travelling Expenses Domestic - Fare,Correctly no TDS on excluded GL (Travel fare),205833.55,174435.21,4/20/2026,KR,2510000905,,,0,0.0
1081,I0182D,Amit Solanki,AMIPI9603J,11340483,1/19/2027,INV/2026/00906,3400000906,25610001,Ctrl-Prep. Exp. - C,Correctly no TDS on excluded GL (Insurance premium),534295.72,452792.98,2/1/2027,KA,2310000906,,,0,0.0
1001,E0108B,Shetty Transport Services,SHEFS5027Y,15656801,5/12/2026,INV/2026/00907,3400000907,54120001,Telephone Expenses - Factory,Correctly no TDS on excluded GL (Telephone),447917.14,379590.8,5/18/2026,KR,2510000907,,,0,0.0
1079,I0174B,Mukesh Sinha,MUKPA9696B,17814151,4/1/2026,INV/2026/00908,3400000908,54120002,Telephone Expenses - Office,Correctly no TDS on excluded GL (Telephone),203071.51,172094.5,4/15/2026,KR,2510000908,,,0,0.0
1081,A0232B,Indian Machine Tool Manufacturers Association,INDAN5263D,6935132,12/21/2026,INV/2026/00909,3400000909,54530001,CSR Activity Expense,Correctly no TDS on excluded GL (CSR),734552.58,622502.19,12/26/2026,KR,2510000909,,,0,0.0
1001,ADV0248A,Partial Advance Builders,PARFS8243S,14576742,5/13/2026,INV/2026/00910,3400000910,54130001,Travelling Expenses Domestic - Fare,Correctly no TDS on excluded GL (Travel fare),949225.93,804428.75,5/16/2026,KR,2510000910,,,0,0.0
1079,E0116E,Tiwari Construction Co,TIWFO4565A,16844434,12/23/2026,INV/2026/00911,,25610001,Ctrl-Prep. Exp. - C,Correctly no TDS on excluded GL (Insurance premium),494466.16,419039.12,12/25/2026,KR,2510000911,,,0,0.0
1081,WRG0257C,Wrong Rate Contractors,WROFS4825X,11237228,1/26/2027,INV/2026/00912,,54120001,Telephone Expenses - Factory,Correctly no TDS on excluded GL (Telephone),150237.35,127319.79,1/27/2027,KR,2510000912,,,0,0.0
1001,E0093H,Patel Brothers & Co,PATFO6306X,15209197,7/18/2026,INV/2026/00913,3400000913,54120002,Telephone Expenses - Office,Correctly no TDS on excluded GL (Telephone),828254.6,701910.68,7/19/2026,KA,2310000913,,,0,0.0
1079,A0228G,Irrigation Association of India,IRRAA5116R,14140503,3/11/2027,INV/2026/00914,3400000914,54530001,CSR Activity Expense,Correctly no TDS on excluded GL (CSR),153714.79,130266.77,3/27/2027,KA,2310000914,,,0,0.0
1081,E0107A,Menon Fabrication,MENFN5618N,22836108,7/27/2026,INV/2026/00915,,54130001,Travelling Expenses Domestic - Fare,Correctly no TDS on excluded GL (Travel fare),831433.7,704604.83,8/10/2026,KA,2310000915,,,0,0.0
1001,NPN0238G,Horizon Missing PAN Services Pvt Ltd,,23009478,7/31/2026,INV/2026/00916,3400000916,16290008,GR/IR-Indirect Good,PAN MISSING and no deduction,262496.73,222454.86,8/18/2026,KR,2510000916,CP,Cont. Cos - 2%-New Sec-393(1)6(i),0,0.0
1079,NPN0239G,Eastern Freight NoPAN Logistics,,18904066,2/3/2027,INV/2026/00917,3400000917,16290008,GR/IR-Indirect Good,PAN MISSING and no deduction,73733.15,62485.72,2/17/2027,KR,2510000917,CP,Firm - 2%-New Sec-393(1)6(i),0,0.0
1081,NPN0240G,Karan Missingpan Sharma,,4351394,10/20/2026,INV/2026/00918,3400000918,16290009,Non-Companies-393(1),PAN MISSING and no deduction,476402.92,403731.29,11/6/2026,KA,2310000918,CP,Ind/HUF - 1%-New Sec-393(1)6(i),0,0.0
1001,GST0255C,GSTIN Present PAN Blank Ltd,,8026520,3/17/2027,INV/2026/00919,3400000919,16290008,GR/IR-Indirect Good,PAN MISSING and no deduction,193027.69,163582.79,3/20/2027,KA,2310000919,CP,Cont. Cos - 2%-New Sec-393(1)6(i),0,0.0
1079,NPN0238G,Horizon Missing PAN Services Pvt Ltd,,5726546,8/14/2026,INV/2026/00920,3400000920,16290008,GR/IR-Indirect Good,PAN MISSING and no deduction,967008.27,819498.53,8/20/2026,KA,2310000920,CP,Cont. Cos - 2%-New Sec-393(1)6(i),0,0.0
1081,NPN0239G,Eastern Freight NoPAN Logistics,,22076362,1/1/2027,INV/2026/00921,3400000921,16290008,GR/IR-Indirect Good,PAN MISSING and no deduction,733230.61,621381.87,1/8/2027,KA,2310000921,CP,Firm - 2%-New Sec-393(1)6(i),0,0.0
1001,NPN0240G,Karan Missingpan Sharma,,10842493,1/6/2027,INV/2026/00922,3400000922,16290009,Non-Companies-393(1),PAN MISSING and no deduction,426942.5,361815.68,1/18/2027,KR,2510000922,CP,Ind/HUF - 1%-New Sec-393(1)6(i),0,0.0
1079,GST0255C,GSTIN Present PAN Blank Ltd,,14023106,1/26/2027,INV/2026/00923,3400000923,16290008,GR/IR-Indirect Good,PAN MISSING and no deduction,501236.07,424776.33,1/28/2027,KA,2310000923,CP,Cont. Cos - 2%-New Sec-393(1)6(i),0,0.0
1081,NPN0238G,Horizon Missing PAN Services Pvt Ltd,,7002982,8/11/2026,INV/2026/00924,,16290008,GR/IR-Indirect Good,PAN MISSING and no deduction,615467.88,521582.95,8/15/2026,KA,2310000924,CP,Cont. Cos - 2%-New Sec-393(1)6(i),0,0.0
1001,NPN0239G,Eastern Freight NoPAN Logistics,,5679788,7/12/2026,INV/2026/00925,3400000925,16290008,GR/IR-Indirect Good,PAN MISSING and no deduction,834399.89,707118.55,7/17/2026,KR,2510000925,CP,Firm - 2%-New Sec-393(1)6(i),0,0.0
1079,NPN0240G,Karan Missingpan Sharma,,21738079,1/10/2027,INV/2026/00926,3400000926,16290009,Non-Companies-393(1),PAN MISSING and no deduction,800978.77,678795.57,1/24/2027,KA,2310000926,CP,Ind/HUF - 1%-New Sec-393(1)6(i),0,0.0
1081,GST0255C,GSTIN Present PAN Blank Ltd,,2631726,9/23/2026,INV/2026/00927,3400000927,16290008,GR/IR-Indirect Good,PAN MISSING and no deduction,70857.28,60048.54,10/3/2026,KR,2510000927,CP,Cont. Cos - 2%-New Sec-393(1)6(i),0,0.0
1001,NPN0238G,Horizon Missing PAN Services Pvt Ltd,,8608257,5/14/2026,INV/2026/00928,,16290008,GR/IR-Indirect Good,PAN MISSING and no deduction,54371.05,46077.16,5/21/2026,KA,2310000928,CP,Cont. Cos - 2%-New Sec-393(1)6(i),0,0.0
1079,NPN0239G,Eastern Freight NoPAN Logistics,,4670027,12/17/2026,INV/2026/00929,3400000929,16290008,GR/IR-Indirect Good,PAN MISSING and no deduction,54748.31,46396.87,12/18/2026,KA,2310000929,CP,Firm - 2%-New Sec-393(1)6(i),0,0.0
1081,NPN0240G,Karan Missingpan Sharma,,13174724,12/24/2026,INV/2026/00930,,16290009,Non-Companies-393(1),PAN MISSING and no deduction,633618.0,536964.41,12/24/2026,KA,2310000930,CP,Ind/HUF - 1%-New Sec-393(1)6(i),0,0.0
1001,GST0255C,GSTIN Present PAN Blank Ltd,,4700777,12/15/2026,INV/2026/00931,3400000931,16290008,GR/IR-Indirect Good,PAN MISSING and no deduction,154294.06,130757.68,12/18/2026,KR,2510000931,CP,Cont. Cos - 2%-New Sec-393(1)6(i),0,0.0
1079,NPN0238G,Horizon Missing PAN Services Pvt Ltd,,23381331,11/20/2026,INV/2026/00932,3400000932,16290008,GR/IR-Indirect Good,PAN MISSING and no deduction,401520.11,340271.28,11/27/2026,KA,2310000932,CP,Cont. Cos - 2%-New Sec-393(1)6(i),0,0.0
1081,NPN0239G,Eastern Freight NoPAN Logistics,,18438451,8/18/2026,INV/2026/00933,3400000933,16290008,GR/IR-Indirect Good,PAN MISSING and no deduction,951494.23,806351.04,8/20/2026,KA,2310000933,CP,Firm - 2%-New Sec-393(1)6(i),0,0.0
1001,NPN0240G,Karan Missingpan Sharma,,22896366,10/5/2026,INV/2026/00934,3400000934,16290009,Non-Companies-393(1),PAN MISSING and no deduction,750799.67,636270.91,10/14/2026,KA,2310000934,CP,Ind/HUF - 1%-New Sec-393(1)6(i),0,0.0
1079,GST0255C,GSTIN Present PAN Blank Ltd,,10536746,10/2/2026,INV/2026/00935,,16290008,GR/IR-Indirect Good,PAN MISSING and no deduction,810954.49,687249.57,10/22/2026,KA,2310000935,CP,Cont. Cos - 2%-New Sec-393(1)6(i),0,0.0
1001,H0209E,Vikram Patel HUF,12ABC8874X,2724117,4/23/2026,INV/2026/00936,3400000936,16290019,Non-Comp-393(1)6(ii),PAN INVALID format digits in alpha positions,681763.48,577765.66,5/1/2026,KR,2510000936,JP,Prof.ServFee@10%-IndHUF-NS393(1)6(iii)(b,10,-57776.57
1079,MUL0260H,Multi Invoice Vendor Pvt Ltd,12ABC0737X,13409177,2/11/2027,INV/2026/00937,3400000937,54200001,Non-Comp-393(1)6(ii),PAN INVALID format digits in alpha positions,553320.69,468915.84,2/11/2027,KR,2510000937,JP,Prof. Serv. Fees@10%-CO-NS393(1)6(iii)(b,10,-46891.58
1081,I0159F,Pradhan Thakur,12ABC4419X,16185949,8/15/2026,INV/2026/00938,,54210099,Professional- Others,PAN INVALID format digits in alpha positions,288766.39,244717.28,8/19/2026,KA,2310000938,JP,Prof.ServFee@10%-IndHUF-NS393(1)6(iii)(b,10,-24471.73
1001,D0014D,Asian Paints Ltd,12ABC4206X,18979205,6/16/2026,INV/2026/00939,,54200001,Non-Comp-393(1)6(ii),PAN INVALID format digits in alpha positions,1041341.09,882492.45,6/22/2026,KR,2510000939,JP,Prof. Serv. Fees@10%-CO-NS393(1)6(iii)(b,10,-88249.24
1079,E0111E,Bansal Steel Suppliers,12ABC9674X,3178243,6/2/2026,INV/2026/00940,,16290019,Non-Comp-393(1)6(ii),PAN INVALID format digits in alpha positions,772360.17,654542.52,6/17/2026,KR,2510000940,JP,Prof. Serv. Fees@10%-CO-NS393(1)6(iii)(b,10,-65454.25
1081,D0078E,Safe Express Pvt Ltd,12ABC9079X,21482724,7/30/2026,INV/2026/00941,,54200001,Non-Comp-393(1)6(ii),PAN INVALID format digits in alpha positions,986870.06,836330.56,8/12/2026,KA,2310000941,JI,TechServFees@2%-IndHUF:NS393(1)6(iii)(a),1,-8363.31
1001,E0094H,Gupta Logistics,12ABC7257X,4327042,7/19/2026,INV/2026/00942,3400000942,16290019,Non-Comp-393(1)6(ii),PAN INVALID format digits in alpha positions,615971.14,522009.44,8/8/2026,KR,2510000942,JP,Prof. Serv. Fees@10%-CO-NS393(1)6(iii)(b,10,-52200.94
1079,E0108B,Shetty Transport Services,12ABC9767X,1723083,12/17/2026,INV/2026/00943,3400000943,54200001,Non-Comp-393(1)6(ii),PAN INVALID format digits in alpha positions,304908.93,258397.4,12/20/2026,KA,2310000943,JP,Prof. Serv. Fees@10%-CO-NS393(1)6(iii)(b,10,-25839.74
1081,E0133A,Shah Precision Tools,12ABC0736X,1605040,10/3/2026,INV/2026/00944,,16290019,Non-Comp-393(1)6(ii),PAN INVALID format digits in alpha positions,759545.24,643682.41,10/18/2026,KR,2510000944,JP,Prof. Serv. Fees@10%-CO-NS393(1)6(iii)(b,2,-12873.65
1001,I0166A,Manoj Sidhu,12ABC3635X,7213837,6/15/2026,INV/2026/00945,,16290019,Non-Comp-393(1)6(ii),PAN INVALID format digits in alpha positions,614126.68,520446.34,6/18/2026,KA,2310000945,JI,TechServFees@2%-IndHUF:NS393(1)6(iii)(a),2,-10408.93
1079,T0227B,Teach For India Trust,12ABC1773X,15674532,6/21/2026,INV/2026/00946,3400000946,16290019,Non-Comp-393(1)6(ii),PAN INVALID format digits in alpha positions,674291.73,571433.67,6/28/2026,KR,2510000946,JI,TechServFees@2%-IndHUF:NS393(1)6(iii)(a),2,-11428.67
1081,D0001C,Tata Steel Ltd,12ABC2613X,5125989,4/17/2026,INV/2026/00947,,16290019,Non-Comp-393(1)6(ii),PAN INVALID format digits in alpha positions,988615.26,837809.54,4/27/2026,KR,2510000947,JI,TechServFees@2%-IndHUF:NS393(1)6(iii)(a),2,-16756.19
1001,I0177C,Naresh Pillai,12ABC2171X,5201433,1/18/2027,INV/2026/00948,,54200001,Non-Comp-393(1)6(ii),PAN INVALID format digits in alpha positions,158613.5,134418.22,1/19/2027,KA,2310000948,JP,Prof.ServFee@10%-IndHUF-NS393(1)6(iii)(b,10,-13441.82
1079,L0147B,Grant Thornton Bharat LLP Unit-12,12ABC0707X,10254982,1/29/2027,INV/2026/00949,,16290019,Non-Comp-393(1)6(ii),PAN INVALID format digits in alpha positions,203014.59,172046.26,2/9/2027,KA,2310000949,JP,Prof. Serv. Fees@10%-CO-NS393(1)6(iii)(b,10,-17204.63
1081,I0202F,Rajesh Chopra,12ABC8688X,9675665,7/1/2026,INV/2026/00950,3400000950,54210099,Professional- Others,PAN INVALID format digits in alpha positions,310572.22,263196.8,7/20/2026,KR,2510000950,JP,Prof.ServFee@10%-IndHUF-NS393(1)6(iii)(b,10,-26319.68
1001,D0074G,Delhivery Ltd,12ABC9865X,17012051,1/20/2027,INV/2026/00951,3400000951,54200001,Non-Comp-393(1)6(ii),PAN INVALID format digits in alpha positions,1024808.28,868481.59,2/7/2027,KR,2510000951,JP,Prof. Serv. Fees@10%-CO-NS393(1)6(iii)(b,10,-86848.16
1079,D0078E,Safe Express Pvt Ltd,12ABC2896X,5972430,7/10/2026,INV/2026/00952,3400000952,54210099,Professional- Others,PAN INVALID format digits in alpha positions,552661.94,468357.58,7/14/2026,KR,2510000952,JI,TechServFees@2%-IndHUF:NS393(1)6(iii)(a),1,-4683.58
1081,D0065A,Crompton Greaves Consumer Electricals Ltd,12ABC2997X,17098458,10/30/2026,INV/2026/00953,,16290019,Non-Comp-393(1)6(ii),PAN INVALID format digits in alpha positions,879303.29,745172.28,11/10/2026,KR,2510000953,JP,Prof. Serv. Fees@10%-CO-NS393(1)6(iii)(b,10,-74517.23
1001,I0156E,Manpreet Gupta,12ABC9249X,22320213,2/18/2027,INV/2026/00954,3400000954,16290019,Non-Comp-393(1)6(ii),PAN INVALID format digits in alpha positions,1007577.21,853878.99,3/9/2027,KR,2510000954,JP,Prof.ServFee@10%-IndHUF-NS393(1)6(iii)(b,10,-85387.9
1079,D0064C,Ashirvad Pipes Pvt Ltd,12ABC2742X,24408710,3/17/2027,INV/2026/00955,,16290019,Non-Comp-393(1)6(ii),PAN INVALID format digits in alpha positions,581603.12,492884.0,3/21/2027,KR,2510000955,JP,Prof. Serv. Fees@10%-CO-NS393(1)6(iii)(b,10,-49288.4
1001,D0074G,Delhivery Ltd,ABCDE123F,4696418,3/17/2027,INV/2026/00956,3400000956,16290008,GR/IR-Indirect Good,PAN FORMAT INVALID but 20% correctly applied,634244.1,537495.0,3/28/2027,KA,2310000956,CP,206AA Higher Rate@20%-No PAN,20,-107499.0
1079,D0045E,Sterlite Technologies Ltd,ABCDE12345,15887353,8/6/2026,INV/2026/00957,3400000957,16290008,GR/IR-Indirect Good,PAN FORMAT INVALID but 20% correctly applied,416918.26,353320.56,8/12/2026,KR,2510000957,CP,206AA Higher Rate@20%-No PAN,20,-70664.11
1081,E0116E,Tiwari Construction Co,abcde1234f,17482403,5/30/2026,INV/2026/00958,3400000958,16290008,GR/IR-Indirect Good,PAN FORMAT INVALID but 20% correctly applied,42204.16,35766.24,6/6/2026,KR,2510000958,CP,206AA Higher Rate@20%-No PAN,20,-7153.25
1001,I0164F,Jaspreet Menon,ABCD1234F,11736560,6/18/2026,INV/2026/00959,3400000959,16290009,Non-Companies-393(1),PAN FORMAT INVALID but 20% correctly applied,873624.4,740359.66,7/8/2026,KR,2510000959,CP,206AA Higher Rate@20%-No PAN,20,-148071.93
1079,L0147B,Grant Thornton Bharat LLP Unit-12,ABCDE123F,2531705,8/5/2026,INV/2026/00960,3400000960,16290008,GR/IR-Indirect Good,PAN FORMAT INVALID but 20% correctly applied,151454.51,128351.28,8/17/2026,KA,2310000960,CP,206AA Higher Rate@20%-No PAN,20,-25670.26
1081,E0099D,Nair Associates,ABCD1234F,6353345,6/21/2026,INV/2026/00961,3400000961,16290008,GR/IR-Indirect Good,PAN FORMAT INVALID but 20% correctly applied,132339.09,112151.77,7/5/2026,KA,2310000961,CP,206AA Higher Rate@20%-No PAN,20,-22430.35
1001,I0182D,Amit Solanki,abcde1234f,8680645,7/1/2026,INV/2026/00962,,16290009,Non-Companies-393(1),PAN FORMAT INVALID but 20% correctly applied,122342.8,103680.34,7/12/2026,KA,2310000962,CP,206AA Higher Rate@20%-No PAN,20,-20736.07
1079,L0149G,Walker Chandiok & Co LLP Unit-14,ABCD1234F,23919798,5/2/2026,INV/2026/00963,3400000963,16290008,GR/IR-Indirect Good,PAN FORMAT INVALID but 20% correctly applied,274183.57,232358.96,5/18/2026,KR,2510000963,CP,206AA Higher Rate@20%-No PAN,20,-46471.79
1081,D0087G,Grant Thornton Bharat LLP,ABCDE12345,7955921,11/5/2026,INV/2026/00964,3400000964,16290008,GR/IR-Indirect Good,PAN FORMAT INVALID but 20% correctly applied,105229.01,89177.13,11/5/2026,KR,2510000964,CP,206AA Higher Rate@20%-No PAN,20,-17835.43
1001,E0121E,Sinha Associates,AAAAA0000,10183295,12/27/2026,INV/2026/00965,3400000965,16290008,GR/IR-Indirect Good,PAN FORMAT INVALID but 20% correctly applied,162031.38,137314.73,1/9/2027,KR,2510000965,CP,206AA Higher Rate@20%-No PAN,20,-27462.95
1079,A0231D,Federation of Indian Chambers of Commerce,abcde1234f,24643075,11/16/2026,INV/2026/00966,3400000966,16290008,GR/IR-Indirect Good,PAN FORMAT INVALID but 20% correctly applied,699821.15,593068.77,11/20/2026,KA,2310000966,CP,206AA Higher Rate@20%-No PAN,20,-118613.75
1081,D0053F,ACC Ltd,ABCD1234F,17883482,2/11/2027,INV/2026/00967,3400000967,16290008,GR/IR-Indirect Good,PAN FORMAT INVALID but 20% correctly applied,374766.61,317598.82,2/18/2027,KA,2310000967,CP,206AA Higher Rate@20%-No PAN,20,-63519.76
1001,E0101D,Reddy Infra Solutions,ABCD1234F,22020806,4/29/2026,INV/2026/00968,3400000968,16290008,GR/IR-Indirect Good,PAN FORMAT INVALID but 20% correctly applied,467328.95,396041.48,5/3/2026,KR,2510000968,CP,206AA Higher Rate@20%-No PAN,20,-79208.3
1079,D0017A,Castrol India Ltd,abcde1234f,7415456,8/8/2026,INV/2026/00969,3400000969,16290008,GR/IR-Indirect Good,PAN FORMAT INVALID but 20% correctly applied,570060.61,483102.21,8/15/2026,KA,2310000969,CP,206AA Higher Rate@20%-No PAN,20,-96620.44
1081,D0087G,Grant Thornton Bharat LLP,ABCD1234F,18504242,8/28/2026,INV/2026/00970,3400000970,16290008,GR/IR-Indirect Good,PAN FORMAT INVALID but 20% correctly applied,503308.67,426532.77,9/14/2026,KR,2510000970,CP,206AA Higher Rate@20%-No PAN,20,-85306.55
1001,D0025H,Endress Hauser India Pvt Ltd,ABCD1234F,4135651,11/27/2026,INV/2026/00971,3400000971,16290008,GR/IR-Indirect Good,PAN FORMAT INVALID but 20% correctly applied,83337.83,70625.28,12/5/2026,KA,2310000971,CP,206AA Higher Rate@20%-No PAN,20,-14125.06
1079,D0059F,Kansai Nerolac Paints Ltd,AAAAA0000,10573797,12/26/2026,INV/2026/00972,3400000972,16290008,GR/IR-Indirect Good,PAN FORMAT INVALID but 20% correctly applied,76549.17,64872.18,1/11/2027,KA,2310000972,CP,206AA Higher Rate@20%-No PAN,20,-12974.44
1081,A0231D,Federation of Indian Chambers of Commerce,ABCDE12345,12592930,6/11/2026,INV/2026/00973,3400000973,16290008,GR/IR-Indirect Good,PAN FORMAT INVALID but 20% correctly applied,167580.07,142017.01,6/20/2026,KA,2310000973,CP,206AA Higher Rate@20%-No PAN,20,-28403.4
1001,E0114D,Chopra Logistics,ABCDE12345,4041228,9/4/2026,INV/2026/00974,3400000974,16290008,GR/IR-Indirect Good,PAN FORMAT INVALID but 20% correctly applied,145197.69,123048.89,9/22/2026,KA,2310000974,CP,206AA Higher Rate@20%-No PAN,20,-24609.78
1079,T0221A,Helpage India Trust,abcde1234f,4569803,10/3/2026,INV/2026/00975,3400000975,16290008,GR/IR-Indirect Good,PAN FORMAT INVALID but 20% correctly applied,553285.68,468886.17,10/4/2026,KR,2510000975,CP,206AA Higher Rate@20%-No PAN,20,-93777.23
1001,NPN0238G,Horizon Missing PAN Services Pvt Ltd,,22917681,8/14/2026,INV/2026/00976,3400000976,16290008,GR/IR-Indirect Good,PAN MISSING but 20% correctly deducted (206AA),88724.16,75189.97,8/17/2026,KA,2310000976,CP,206AA Higher Rate@20%-No PAN,20,-15037.99
1079,NPN0239G,Eastern Freight NoPAN Logistics,,24232251,11/8/2026,INV/2026/00977,3400000977,16290008,GR/IR-Indirect Good,PAN MISSING but 20% correctly deducted (206AA),911595.43,772538.5,11/20/2026,KA,2310000977,CP,206AA Higher Rate@20%-No PAN,20,-154507.7
1081,NPN0240G,Karan Missingpan Sharma,,24735982,2/28/2027,INV/2026/00978,3400000978,16290009,Non-Companies-393(1),PAN MISSING but 20% correctly deducted (206AA),653220.05,553576.31,3/12/2027,KR,2510000978,CP,206AA Higher Rate@20%-No PAN,20,-110715.26
1001,GST0255C,GSTIN Present PAN Blank Ltd,,15910898,7/27/2026,INV/2026/00979,3400000979,16290008,GR/IR-Indirect Good,PAN MISSING but 20% correctly deducted (206AA),992624.17,841206.92,8/9/2026,KA,2310000979,CP,206AA Higher Rate@20%-No PAN,20,-168241.38
1079,NPN0238G,Horizon Missing PAN Services Pvt Ltd,,15894096,4/1/2026,INV/2026/00980,3400000980,16290008,GR/IR-Indirect Good,PAN MISSING but 20% correctly deducted (206AA),765998.37,649151.16,4/8/2026,KA,2310000980,CP,206AA Higher Rate@20%-No PAN,20,-129830.23
1081,NPN0239G,Eastern Freight NoPAN Logistics,,23801650,8/7/2026,INV/2026/00981,3400000981,16290008,GR/IR-Indirect Good,PAN MISSING but 20% correctly deducted (206AA),789050.19,668686.6,8/26/2026,KR,2510000981,CP,206AA Higher Rate@20%-No PAN,20,-133737.32
1001,NPN0240G,Karan Missingpan Sharma,,11185271,12/12/2026,INV/2026/00982,3400000982,16290009,Non-Companies-393(1),PAN MISSING but 20% correctly deducted (206AA),749339.59,635033.55,1/1/2027,KA,2310000982,CP,206AA Higher Rate@20%-No PAN,20,-127006.71
1079,GST0255C,GSTIN Present PAN Blank Ltd,,8400873,12/11/2026,INV/2026/00983,3400000983,16290008,GR/IR-Indirect Good,PAN MISSING but 20% correctly deducted (206AA),793694.56,672622.51,12/27/2026,KR,2510000983,CP,206AA Higher Rate@20%-No PAN,20,-134524.5
1081,NPN0238G,Horizon Missing PAN Services Pvt Ltd,,24554386,6/19/2026,INV/2026/00984,3400000984,16290008,GR/IR-Indirect Good,PAN MISSING but 20% correctly deducted (206AA),501008.86,424583.78,7/6/2026,KR,2510000984,CP,206AA Higher Rate@20%-No PAN,20,-84916.76
1001,NPN0239G,Eastern Freight NoPAN Logistics,,17835409,11/28/2026,INV/2026/00985,,16290008,GR/IR-Indirect Good,PAN MISSING but 20% correctly deducted (206AA),192747.83,163345.62,12/15/2026,KA,2310000985,CP,206AA Higher Rate@20%-No PAN,20,-32669.12
1079,NPN0240G,Karan Missingpan Sharma,,9992892,2/9/2027,INV/2026/00986,,16290009,Non-Companies-393(1),PAN MISSING but 20% correctly deducted (206AA),55532.97,47061.84,2/12/2027,KR,2510000986,CP,206AA Higher Rate@20%-No PAN,20,-9412.37
1081,GST0255C,GSTIN Present PAN Blank Ltd,,9923956,6/16/2026,INV/2026/00987,,16290008,GR/IR-Indirect Good,PAN MISSING but 20% correctly deducted (206AA),211292.77,179061.67,6/16/2026,KA,2310000987,CP,206AA Higher Rate@20%-No PAN,20,-35812.33
1001,NPN0238G,Horizon Missing PAN Services Pvt Ltd,,7409134,9/8/2026,INV/2026/00988,3400000988,16290008,GR/IR-Indirect Good,PAN MISSING but 20% correctly deducted (206AA),861462.8,730053.22,9/25/2026,KR,2510000988,CP,206AA Higher Rate@20%-No PAN,20,-146010.64
1079,NPN0239G,Eastern Freight NoPAN Logistics,,6051796,6/29/2026,INV/2026/00989,,16290008,GR/IR-Indirect Good,PAN MISSING but 20% correctly deducted (206AA),73072.05,61925.47,7/4/2026,KR,2510000989,CP,206AA Higher Rate@20%-No PAN,20,-12385.09
1081,NPN0240G,Karan Missingpan Sharma,,7814271,3/19/2027,INV/2026/00990,3400000990,16290009,Non-Companies-393(1),PAN MISSING but 20% correctly deducted (206AA),520090.88,440754.98,3/26/2027,KA,2310000990,CP,206AA Higher Rate@20%-No PAN,20,-88151.0
1001,GST0255C,GSTIN Present PAN Blank Ltd,,23713147,4/6/2026,INV/2026/00991,3400000991,16290008,GR/IR-Indirect Good,PAN MISSING but 20% correctly deducted (206AA),283133.14,239943.34,4/24/2026,KR,2510000991,CP,206AA Higher Rate@20%-No PAN,20,-47988.67
1079,NPN0238G,Horizon Missing PAN Services Pvt Ltd,,6880351,9/23/2026,INV/2026/00992,,16290008,GR/IR-Indirect Good,PAN MISSING but 20% correctly deducted (206AA),263229.93,223076.21,10/6/2026,KA,2310000992,CP,206AA Higher Rate@20%-No PAN,20,-44615.24
1081,NPN0239G,Eastern Freight NoPAN Logistics,,19227885,1/21/2027,INV/2026/00993,,16290008,GR/IR-Indirect Good,PAN MISSING but 20% correctly deducted (206AA),619062.26,524629.03,2/7/2027,KR,2510000993,CP,206AA Higher Rate@20%-No PAN,20,-104925.81
1001,NPN0240G,Karan Missingpan Sharma,,24521520,10/14/2026,INV/2026/00994,3400000994,16290009,Non-Companies-393(1),PAN MISSING but 20% correctly deducted (206AA),591861.06,501577.17,10/27/2026,KR,2510000994,CP,206AA Higher Rate@20%-No PAN,20,-100315.43
1079,GST0255C,GSTIN Present PAN Blank Ltd,,23755692,10/19/2026,INV/2026/00995,3400000995,16290008,GR/IR-Indirect Good,PAN MISSING but 20% correctly deducted (206AA),191491.44,162280.88,10/27/2026,KA,2310000995,CP,206AA Higher Rate@20%-No PAN,20,-32456.18
1081,NPN0238G,Horizon Missing PAN Services Pvt Ltd,,24198353,8/13/2026,INV/2026/00996,3400000996,16290008,GR/IR-Indirect Good,PAN MISSING but 20% correctly deducted (206AA),914851.04,775297.49,8/27/2026,KA,2310000996,CP,206AA Higher Rate@20%-No PAN,20,-155059.5
1001,NPN0239G,Eastern Freight NoPAN Logistics,,6512238,1/5/2027,INV/2026/00997,,16290008,GR/IR-Indirect Good,PAN MISSING but 20% correctly deducted (206AA),190596.18,161522.19,1/25/2027,KA,2310000997,CP,206AA Higher Rate@20%-No PAN,20,-32304.44
1079,NPN0240G,Karan Missingpan Sharma,,17385794,10/9/2026,INV/2026/00998,3400000998,16290009,Non-Companies-393(1),PAN MISSING but 20% correctly deducted (206AA),480473.4,407180.85,10/17/2026,KR,2510000998,CP,206AA Higher Rate@20%-No PAN,20,-81436.17
1081,GST0255C,GSTIN Present PAN Blank Ltd,,14230857,5/15/2026,INV/2026/00999,3400000999,16290008,GR/IR-Indirect Good,PAN MISSING but 20% correctly deducted (206AA),439914.71,372809.08,5/23/2026,KR,2510000999,CP,206AA Higher Rate@20%-No PAN,20,-74561.82
1001,NPN0238G,Horizon Missing PAN Services Pvt Ltd,,13912042,2/16/2027,INV/2026/01000,3400001000,16290008,GR/IR-Indirect Good,PAN MISSING but 20% correctly deducted (206AA),680351.07,576568.7,2/27/2027,KA,2310001000,CP,206AA Higher Rate@20%-No PAN,20,-115313.74
1001,NPN0238G,Horizon Missing PAN Services Pvt Ltd,,1245694,12/15/2026,INV/2026/01001,3400001001,16290008,GR/IR-Indirect Good,PAN MISSING but normal rate deducted instead of 20%,959808.34,813396.9,12/26/2026,KR,2510001001,CP,Cont. Cos - 2%-New Sec-393(1)6(i),2,-16267.94
1079,NPN0239G,Eastern Freight NoPAN Logistics,,3018799,10/12/2026,INV/2026/01002,3400001002,16290008,GR/IR-Indirect Good,PAN MISSING but normal rate deducted instead of 20%,138733.04,117570.37,10/17/2026,KA,2310001002,CP,Firm - 2%-New Sec-393(1)6(i),2,-2351.41
1081,NPN0240G,Karan Missingpan Sharma,,19942326,7/12/2026,INV/2026/01003,3400001003,16290009,Non-Companies-393(1),PAN MISSING but normal rate deducted instead of 20%,801203.49,678986.01,7/28/2026,KR,2510001003,CP,Ind/HUF - 1%-New Sec-393(1)6(i),1,-6789.86
1001,GST0255C,GSTIN Present PAN Blank Ltd,,24920419,12/5/2026,INV/2026/01004,3400001004,16290008,GR/IR-Indirect Good,PAN MISSING but normal rate deducted instead of 20%,72882.25,61764.62,12/9/2026,KA,2310001004,CP,Cont. Cos - 2%-New Sec-393(1)6(i),2,-1235.29
1079,NPN0238G,Horizon Missing PAN Services Pvt Ltd,,6117991,4/11/2026,INV/2026/01005,3400001005,16290008,GR/IR-Indirect Good,PAN MISSING but normal rate deducted instead of 20%,647834.9,549012.63,4/18/2026,KR,2510001005,CP,Cont. Cos - 2%-New Sec-393(1)6(i),2,-10980.25
1081,NPN0239G,Eastern Freight NoPAN Logistics,,5325848,3/6/2027,INV/2026/01006,3400001006,16290008,GR/IR-Indirect Good,PAN MISSING but normal rate deducted instead of 20%,754516.9,639421.1,3/18/2027,KR,2510001006,CP,Firm - 2%-New Sec-393(1)6(i),2,-12788.42
1001,NPN0240G,Karan Missingpan Sharma,,7678727,10/18/2026,INV/2026/01007,,16290009,Non-Companies-393(1),PAN MISSING but normal rate deducted instead of 20%,971101.65,822967.5,10/27/2026,KA,2310001007,CP,Ind/HUF - 1%-New Sec-393(1)6(i),1,-8229.67
1079,GST0255C,GSTIN Present PAN Blank Ltd,,7467931,7/21/2026,INV/2026/01008,,16290008,GR/IR-Indirect Good,PAN MISSING but normal rate deducted instead of 20%,872880.72,739729.42,7/25/2026,KA,2310001008,CP,Cont. Cos - 2%-New Sec-393(1)6(i),2,-14794.59
1081,NPN0238G,Horizon Missing PAN Services Pvt Ltd,,21217680,7/1/2026,INV/2026/01009,3400001009,16290008,GR/IR-Indirect Good,PAN MISSING but normal rate deducted instead of 20%,111316.07,94335.65,7/14/2026,KA,2310001009,CP,Cont. Cos - 2%-New Sec-393(1)6(i),2,-1886.71
1001,NPN0239G,Eastern Freight NoPAN Logistics,,3562395,6/14/2026,INV/2026/01010,3400001010,16290008,GR/IR-Indirect Good,PAN MISSING but normal rate deducted instead of 20%,203780.71,172695.52,6/14/2026,KR,2510001010,CP,Firm - 2%-New Sec-393(1)6(i),2,-3453.91
1079,NPN0240G,Karan Missingpan Sharma,,24204216,11/10/2026,INV/2026/01011,3400001011,16290009,Non-Companies-393(1),PAN MISSING but normal rate deducted instead of 20%,420992.15,356773.01,11/24/2026,KA,2310001011,CP,Ind/HUF - 1%-New Sec-393(1)6(i),1,-3567.73
1081,GST0255C,GSTIN Present PAN Blank Ltd,,23015809,9/19/2026,INV/2026/01012,,16290008,GR/IR-Indirect Good,PAN MISSING but normal rate deducted instead of 20%,178854.64,151571.73,10/9/2026,KR,2510001012,CP,Cont. Cos - 2%-New Sec-393(1)6(i),2,-3031.43
1001,NPN0238G,Horizon Missing PAN Services Pvt Ltd,,21976008,1/4/2027,INV/2026/01013,3400001013,16290008,GR/IR-Indirect Good,PAN MISSING but normal rate deducted instead of 20%,594939.52,504186.03,1/13/2027,KR,2510001013,CP,Cont. Cos - 2%-New Sec-393(1)6(i),2,-10083.72
1079,NPN0239G,Eastern Freight NoPAN Logistics,,20433744,12/21/2026,INV/2026/01014,,16290008,GR/IR-Indirect Good,PAN MISSING but normal rate deducted instead of 20%,259849.79,220211.69,12/28/2026,KA,2310001014,CP,Firm - 2%-New Sec-393(1)6(i),2,-4404.23
1081,NPN0240G,Karan Missingpan Sharma,,20693327,6/5/2026,INV/2026/01015,3400001015,16290009,Non-Companies-393(1),PAN MISSING but normal rate deducted instead of 20%,215324.72,182478.58,6/20/2026,KA,2310001015,CP,Ind/HUF - 1%-New Sec-393(1)6(i),1,-1824.79
1001,GST0255C,GSTIN Present PAN Blank Ltd,,18425852,2/16/2027,INV/2026/01016,3400001016,16290008,GR/IR-Indirect Good,PAN MISSING but normal rate deducted instead of 20%,160980.24,136423.93,2/19/2027,KR,2510001016,CP,Cont. Cos - 2%-New Sec-393(1)6(i),2,-2728.48
1079,NPN0238G,Horizon Missing PAN Services Pvt Ltd,,1603041,7/26/2026,INV/2026/01017,3400001017,16290008,GR/IR-Indirect Good,PAN MISSING but normal rate deducted instead of 20%,345154.39,292503.72,8/7/2026,KA,2310001017,CP,Cont. Cos - 2%-New Sec-393(1)6(i),2,-5850.07
1081,NPN0239G,Eastern Freight NoPAN Logistics,,2620368,12/11/2026,INV/2026/01018,3400001018,16290008,GR/IR-Indirect Good,PAN MISSING but normal rate deducted instead of 20%,849729.74,720109.95,12/13/2026,KA,2310001018,CP,Firm - 2%-New Sec-393(1)6(i),2,-14402.2
1001,NPN0240G,Karan Missingpan Sharma,,7721275,8/10/2026,INV/2026/01019,,16290009,Non-Companies-393(1),PAN MISSING but normal rate deducted instead of 20%,734342.13,622323.84,8/24/2026,KR,2510001019,CP,Ind/HUF - 1%-New Sec-393(1)6(i),1,-6223.24
1079,GST0255C,GSTIN Present PAN Blank Ltd,,14906710,11/25/2026,INV/2026/01020,3400001020,16290008,GR/IR-Indirect Good,PAN MISSING but normal rate deducted instead of 20%,746437.52,632574.17,12/11/2026,KA,2310001020,CP,Cont. Cos - 2%-New Sec-393(1)6(i),2,-12651.48
1081,NPN0238G,Horizon Missing PAN Services Pvt Ltd,,5315735,8/18/2026,INV/2026/01021,3400001021,16290008,GR/IR-Indirect Good,PAN MISSING but normal rate deducted instead of 20%,777533.0,658926.27,9/2/2026,KR,2510001021,CP,Cont. Cos - 2%-New Sec-393(1)6(i),2,-13178.53
1001,NPN0239G,Eastern Freight NoPAN Logistics,,9282724,10/27/2026,INV/2026/01022,3400001022,16290008,GR/IR-Indirect Good,PAN MISSING but normal rate deducted instead of 20%,835952.76,708434.54,11/12/2026,KR,2510001022,CP,Firm - 2%-New Sec-393(1)6(i),2,-14168.69
1079,NPN0240G,Karan Missingpan Sharma,,18991388,2/2/2027,INV/2026/01023,,16290009,Non-Companies-393(1),PAN MISSING but normal rate deducted instead of 20%,954134.29,808588.38,2/12/2027,KA,2310001023,CP,Ind/HUF - 1%-New Sec-393(1)6(i),1,-8085.88
1081,GST0255C,GSTIN Present PAN Blank Ltd,,18276474,1/27/2027,INV/2026/01024,3400001024,16290008,GR/IR-Indirect Good,PAN MISSING but normal rate deducted instead of 20%,413783.06,350663.61,2/15/2027,KR,2510001024,CP,Cont. Cos - 2%-New Sec-393(1)6(i),2,-7013.27
1001,NPN0238G,Horizon Missing PAN Services Pvt Ltd,,10566980,9/24/2026,INV/2026/01025,3400001025,16290008,GR/IR-Indirect Good,PAN MISSING but normal rate deducted instead of 20%,811842.56,688002.17,10/5/2026,KA,2310001025,CP,Cont. Cos - 2%-New Sec-393(1)6(i),2,-13760.04
1001,NPN0238G,Horizon Missing PAN Services Pvt Ltd,,22243280,2/1/2027,INV/2026/01026,3400001026,16290019,Non-Comp-393(1)6(ii),PAN MISSING and no TDS deduction,840445.25,712241.74,2/9/2027,KA,2310001026,JP,Prof. Serv. Fees@10%-CO-NS393(1)6(iii)(b,0,0.0
1079,NPN0239G,Eastern Freight NoPAN Logistics,,24315298,5/25/2026,INV/2026/01027,3400001027,54210099,Professional- Others,PAN MISSING and no TDS deduction,834093.07,706858.53,6/13/2026,KR,2510001027,JP,Prof. Serv. Fees@10%-CO-NS393(1)6(iii)(b,0,0.0
1081,NPN0240G,Karan Missingpan Sharma,,1140283,6/25/2026,INV/2026/01028,3400001028,54200001,Non-Comp-393(1)6(ii),PAN MISSING and no TDS deduction,848158.71,718778.57,7/8/2026,KA,2310001028,JP,Prof.ServFee@10%-IndHUF-NS393(1)6(iii)(b,0,0.0
1001,GST0255C,GSTIN Present PAN Blank Ltd,,14701501,8/1/2026,INV/2026/01029,3400001029,16290019,Non-Comp-393(1)6(ii),PAN MISSING and no TDS deduction,1004694.39,851435.92,8/16/2026,KA,2310001029,JP,Prof. Serv. Fees@10%-CO-NS393(1)6(iii)(b,0,0.0
1079,NPN0238G,Horizon Missing PAN Services Pvt Ltd,,6441975,12/24/2026,INV/2026/01030,,16290019,Non-Comp-393(1)6(ii),PAN MISSING and no TDS deduction,834734.41,707402.04,1/5/2027,KA,2310001030,JP,Prof. Serv. Fees@10%-CO-NS393(1)6(iii)(b,0,0.0
1081,NPN0239G,Eastern Freight NoPAN Logistics,,14365372,4/21/2026,INV/2026/01031,,16290019,Non-Comp-393(1)6(ii),PAN MISSING and no TDS deduction,506769.0,429465.25,5/8/2026,KR,2510001031,JI,TechServFees@2%-IndHUF:NS393(1)6(iii)(a),0,0.0
1001,NPN0240G,Karan Missingpan Sharma,,16327475,4/19/2026,INV/2026/01032,3400001032,54210099,Professional- Others,PAN MISSING and no TDS deduction,339947.53,288091.13,4/27/2026,KA,2310001032,JP,Prof.ServFee@10%-IndHUF-NS393(1)6(iii)(b,0,0.0
1079,GST0255C,GSTIN Present PAN Blank Ltd,,4044496,6/24/2026,INV/2026/01033,3400001033,16290019,Non-Comp-393(1)6(ii),PAN MISSING and no TDS deduction,403818.75,342219.28,7/4/2026,KA,2310001033,JI,TechServFees@2%-IndHUF:NS393(1)6(iii)(a),0,0.0
1081,NPN0238G,Horizon Missing PAN Services Pvt Ltd,,18800686,8/16/2026,INV/2026/01034,3400001034,16290019,Non-Comp-393(1)6(ii),PAN MISSING and no TDS deduction,181223.54,153579.27,9/5/2026,KR,2510001034,JI,TechServFees@2%-IndHUF:NS393(1)6(iii)(a),0,0.0
1001,NPN0239G,Eastern Freight NoPAN Logistics,,21253200,9/18/2026,INV/2026/01035,3400001035,16290019,Non-Comp-393(1)6(ii),PAN MISSING and no TDS deduction,97024.45,82224.11,9/26/2026,KA,2310001035,JP,Prof. Serv. Fees@10%-CO-NS393(1)6(iii)(b,0,0.0
1079,NPN0240G,Karan Missingpan Sharma,,12371190,11/27/2026,INV/2026/01036,3400001036,16290019,Non-Comp-393(1)6(ii),PAN MISSING and no TDS deduction,131817.74,111709.95,12/2/2026,KR,2510001036,JI,TechServFees@2%-IndHUF:NS393(1)6(iii)(a),0,0.0
1081,GST0255C,GSTIN Present PAN Blank Ltd,,21182249,7/11/2026,INV/2026/01037,3400001037,54200001,Non-Comp-393(1)6(ii),PAN MISSING and no TDS deduction,439855.53,372758.92,7/24/2026,KA,2310001037,JP,Prof. Serv. Fees@10%-CO-NS393(1)6(iii)(b,0,0.0
1001,NPN0238G,Horizon Missing PAN Services Pvt Ltd,,2828815,9/17/2026,INV/2026/01038,,54200001,Non-Comp-393(1)6(ii),PAN MISSING and no TDS deduction,520132.12,440789.93,9/25/2026,KR,2510001038,JP,Prof. Serv. Fees@10%-CO-NS393(1)6(iii)(b,0,0.0
1079,NPN0239G,Eastern Freight NoPAN Logistics,,6509531,10/1/2026,INV/2026/01039,,54210099,Professional- Others,PAN MISSING and no TDS deduction,824446.45,698683.43,10/5/2026,KA,2310001039,JP,Prof. Serv. Fees@10%-CO-NS393(1)6(iii)(b,0,0.0
1081,NPN0240G,Karan Missingpan Sharma,,16709139,1/9/2027,INV/2026/01040,3400001040,54210099,Professional- Others,PAN MISSING and no TDS deduction,71338.35,60456.23,1/11/2027,KA,2310001040,JP,Prof.ServFee@10%-IndHUF-NS393(1)6(iii)(b,0,0.0
1001,GST0255C,GSTIN Present PAN Blank Ltd,,11738683,4/5/2026,INV/2026/01041,3400001041,54200001,Non-Comp-393(1)6(ii),PAN MISSING and no TDS deduction,661242.92,560375.36,4/19/2026,KR,2510001041,JP,Prof. Serv. Fees@10%-CO-NS393(1)6(iii)(b,0,0.0
1079,NPN0238G,Horizon Missing PAN Services Pvt Ltd,,6566105,1/30/2027,INV/2026/01042,3400001042,16290019,Non-Comp-393(1)6(ii),PAN MISSING and no TDS deduction,796926.51,675361.45,2/4/2027,KR,2510001042,JI,TechServFees@2%-IndHUF:NS393(1)6(iii)(a),0,0.0
1081,NPN0239G,Eastern Freight NoPAN Logistics,,23416113,10/24/2026,INV/2026/01043,,54210099,Professional- Others,PAN MISSING and no TDS deduction,761299.89,645169.4,10/28/2026,KA,2310001043,JP,Prof. Serv. Fees@10%-CO-NS393(1)6(iii)(b,0,0.0
1001,NPN0240G,Karan Missingpan Sharma,,7441002,6/23/2026,INV/2026/01044,3400001044,54200001,Non-Comp-393(1)6(ii),PAN MISSING and no TDS deduction,945767.91,801498.23,7/4/2026,KA,2310001044,JP,Prof.ServFee@10%-IndHUF-NS393(1)6(iii)(b,0,0.0
1079,GST0255C,GSTIN Present PAN Blank Ltd,,9391065,8/9/2026,INV/2026/01045,3400001045,16290019,Non-Comp-393(1)6(ii),PAN MISSING and no TDS deduction,102853.53,87164.01,8/28/2026,KR,2510001045,JI,TechServFees@2%-IndHUF:NS393(1)6(iii)(a),0,0.0
1001,D0002G,Larsen & Toubro Ltd,LARCD7595X,12133282,7/26/2026,INV/2026/01046,3400001046,50258000,Purch Offset Account,LDC correctly applied at 0.0%,990221.46,839170.73,8/15/2026,KA,2310001046,LP,Purc of Good-0.1%PMTCOM-PNS393(1)8(ii),0,0.0
1079,D0017A,Castrol India Ltd,CASCD8544E,16530819,8/13/2026,INV/2026/01047,,54470200,INCENTIVE SPARE PART,LDC correctly applied at 2.0%,276151.51,234026.7,8/15/2026,KR,2510001047,MI,Ben. 194R @ 10% COM PAN-N/S-393(1)8(iv),2,-4680.53
1081,D0039F,Legrand India Pvt Ltd,LEGCD6149O,4803000,8/14/2026,INV/2026/01048,3400001048,54200001,Non-Comp-393(1)6(ii),LDC correctly applied at 1.0%,931523.94,789427.07,8/15/2026,KR,2510001048,JP,Prof. Serv. Fees@10%-CO-NS393(1)6(iii)(b,1,-7894.27
1001,D0043F,Finolex Cables Ltd,FINCD1530G,18329224,8/6/2026,INV/2026/01049,3400001049,54470200,INCENTIVE SPARE PART,LDC correctly applied at 0.0%,276441.28,234272.27,8/15/2026,KR,2510001049,MI,Ben. 194R @ 10% COM PAN-N/S-393(1)8(iv),0,0.0
1079,D0044G,RR Kabel Ltd,RRKCD9844F,3999913,8/10/2026,INV/2026/01050,,16290054,OTH-393(1)8(ii),LDC correctly applied at 0.5%,2316819.65,1963406.48,8/15/2026,KR,2510001050,LP,Purc of Good-0.1%PMTCOM-PNS393(1)8(ii),0.5,-9817.03
1081,D0052E,Ambuja Cements Ltd,AMBCD1982A,6089032,7/27/2026,INV/2026/01051,,54470200,INCENTIVE SPARE PART,LDC correctly applied at 1.0%,329290.3,279059.58,8/15/2026,KR,2510001051,MI,Ben. 194R @ 10% COM PAN-N/S-393(1)8(iv),1,-2790.6
1001,D0066G,Bajaj Electricals Ltd,BAJCD1458A,5827504,7/31/2026,INV/2026/01052,,50080002,Retro Price Chan-Mat,LDC correctly applied at 0.5%,2736295.0,2318894.07,8/15/2026,KA,2310001052,LP,Purc of Good-0.1%PMTCOM-PNS393(1)8(ii),0.5,-11594.47
1079,D0078E,Safe Express Pvt Ltd,SAFCD2253O,11581869,8/15/2026,INV/2026/01053,3400001053,16290008,GR/IR-Indirect Good,LDC correctly applied at 1.0%,296820.83,251543.08,8/15/2026,KR,2510001053,CP,Cont. Cos - 2%-New Sec-393(1)6(i),1,-2515.43
1081,D0084A,Deloitte Touche Tohmatsu India LLP,DELCP7853V,24737494,8/11/2026,INV/2026/01054,3400001054,16290008,GR/IR-Indirect Good,LDC correctly applied at 0.0%,650494.14,551266.22,8/15/2026,KA,2310001054,CP,Cont. Cos - 2%-New Sec-393(1)6(i),0,0.0
1001,E0093H,Patel Brothers & Co,PATFO6306X,9630564,8/15/2026,INV/2026/01055,,54470200,INCENTIVE SPARE PART,LDC correctly applied at 1.0%,71201.0,60339.83,8/15/2026,KR,2510001055,MI,Ben. 194R @ 10% COM PAN-N/S-393(1)8(iv),1,-603.4
1079,E0096D,Joshi Fabricators,JOSFS5162S,24032482,8/5/2026,INV/2026/01056,3400001056,54080001,Interest Expense - Others,LDC correctly applied at 1.0%,99775.79,84555.75,8/15/2026,KR,2510001056,AP,Interest Other Than Securities@10%,1,-845.56
1081,E0119H,Thakur Engineering,THAFG6749V,9693132,8/1/2026,INV/2026/01057,,54410009,Commission Expense,LDC correctly applied at 0.5%,192751.65,163348.86,8/15/2026,KR,2510001057,HP,Comm/Brokerg Ind/HUF/Firm2%NS393(1)1(ii),0.5,-816.74
1001,E0124F,Jha Fabrication,JHAFN9838A,23949263,8/11/2026,INV/2026/01058,3400001058,54150002,RENTAL CHARGES - IT ASSETS,LDC correctly applied at 0.0%,459039.18,389016.25,8/15/2026,KA,2310001058,IP,PlantMach Rent@2%-NS393(1)2(i),0,0.0
1079,E0133A,Shah Precision Tools,SHAFS5179Z,19578734,8/7/2026,INV/2026/01059,,54410009,Commission Expense,LDC correctly applied at 2.0%,43097.68,36523.46,8/15/2026,KR,2510001059,HP,Comm/Brokerg Ind/HUF/Firm2%NS393(1)1(ii),2,-730.47
1081,E0135G,Parekh Logistics,PARFS3338T,16486257,8/9/2026,INV/2026/01060,3400001060,54080001,Interest Expense - Others,LDC correctly applied at 1.0%,26303.78,22291.34,8/15/2026,KA,2310001060,AP,Interest Other Than Securities@10%,1,-222.91
1001,L0141C,Walker Chandiok & Co LLP Unit-6,WALFZ8894N,6717400,8/13/2026,INV/2026/01061,,54410009,Commission Expense,LDC correctly applied at 0.0%,167600.36,142034.2,8/15/2026,KA,2310001061,HP,Comm/Brokerg Ind/HUF/Firm2%NS393(1)1(ii),0,0.0
1079,L0142F,S R Batliboi & Associates LLP,SRBFP8332Y,9753089,8/7/2026,INV/2026/01062,3400001062,54080001,Interest Expense - Others,LDC correctly applied at 0.0%,65324.36,55359.63,8/15/2026,KR,2510001062,AP,Interest Other Than Securities@10%,0,0.0
1081,L0150B,S R Batliboi & Associates LLP Unit-15,SRBFZ9193O,13279956,7/26/2026,INV/2026/01063,3400001063,54150001,Rent - Office Building,LDC correctly applied at 1.0%,262925.25,222818.01,8/15/2026,KR,2510001063,IP,LandBldg/Fur Ind/HUF/Fim10%NS393(1)2(ii),1,-2228.18
1001,I0158B,Rakesh Bedi,RAKPI2203H,3830286,8/10/2026,INV/2026/01064,3400001064,16290009,Non-Companies-393(1),LDC correctly applied at 0.5%,637596.46,540335.98,8/15/2026,KA,2310001064,CP,Ind/HUF - 1%-New Sec-393(1)6(i),0.5,-2701.68
1079,I0165F,Subash Sharma,SUBPA2058R,2599441,8/8/2026,INV/2026/01065,,54470200,INCENTIVE SPARE PART,LDC correctly applied at 0.0%,131915.15,111792.5,8/15/2026,KR,2510001065,MI,Ben. 194R @ 10% COM PAN-N/S-393(1)8(iv),0,0.0
1001,LDC0243G,Expired LDC Consulting Pvt Ltd,EXPCD5434U,18031476,9/10/2026,INV/2026/01066,3400001066,16290019,Non-Comp-393(1)6(ii),EXPIRED LDC used after validity,632383.2,535917.97,9/10/2026,KR,2510001066,JP,Prof. Serv. Fees@10%-CO-NS393(1)6(iii)(b,1,-5359.18
1079,LDC0243G,Expired LDC Consulting Pvt Ltd,EXPCD5434U,7725791,9/5/2026,INV/2026/01067,3400001067,54200001,Non-Comp-393(1)6(ii),EXPIRED LDC used after validity,955883.91,810071.11,9/10/2026,KR,2510001067,JP,Prof. Serv. Fees@10%-CO-NS393(1)6(iii)(b,1,-8100.71
1081,LDC0243G,Expired LDC Consulting Pvt Ltd,EXPCD5434U,8955243,8/23/2026,INV/2026/01068,3400001068,16290019,Non-Comp-393(1)6(ii),EXPIRED LDC used after validity,683684.41,579393.57,9/10/2026,KR,2510001068,JP,Prof. Serv. Fees@10%-CO-NS393(1)6(iii)(b,1,-5793.94
1001,LDC0243G,Expired LDC Consulting Pvt Ltd,EXPCD5434U,16493516,8/29/2026,INV/2026/01069,3400001069,54210099,Professional- Others,EXPIRED LDC used after validity,347968.56,294888.61,9/10/2026,KA,2310001069,JP,Prof. Serv. Fees@10%-CO-NS393(1)6(iii)(b,1,-2948.89
1079,LDC0243G,Expired LDC Consulting Pvt Ltd,EXPCD5434U,4762711,8/22/2026,INV/2026/01070,,54200001,Non-Comp-393(1)6(ii),EXPIRED LDC used after validity,86584.59,73376.77,9/10/2026,KR,2510001070,JP,Prof. Serv. Fees@10%-CO-NS393(1)6(iii)(b,1,-733.77
1081,LDC0243G,Expired LDC Consulting Pvt Ltd,EXPCD5434U,15013896,9/2/2026,INV/2026/01071,3400001071,16290019,Non-Comp-393(1)6(ii),EXPIRED LDC used after validity,486371.44,412179.19,9/10/2026,KR,2510001071,JI,TechServFees@2%-IndHUF:NS393(1)6(iii)(a),1,-4121.79
1001,LDC0243G,Expired LDC Consulting Pvt Ltd,EXPCD5434U,14746576,9/1/2026,INV/2026/01072,3400001072,54210099,Professional- Others,EXPIRED LDC used after validity,1022357.45,866404.62,9/10/2026,KA,2310001072,JP,Prof. Serv. Fees@10%-CO-NS393(1)6(iii)(b,1,-8664.05
1079,LDC0243G,Expired LDC Consulting Pvt Ltd,EXPCD5434U,20708341,8/22/2026,INV/2026/01073,,54210099,Professional- Others,EXPIRED LDC used after validity,658829.11,558329.75,9/10/2026,KA,2310001073,JP,Prof. Serv. Fees@10%-CO-NS393(1)6(iii)(b,1,-5583.3
1081,LDC0243G,Expired LDC Consulting Pvt Ltd,EXPCD5434U,4946211,8/21/2026,INV/2026/01074,3400001074,54210099,Professional- Others,EXPIRED LDC used after validity,234060.03,198355.96,9/10/2026,KA,2310001074,JP,Prof. Serv. Fees@10%-CO-NS393(1)6(iii)(b,1,-1983.56
1001,LDC0243G,Expired LDC Consulting Pvt Ltd,EXPCD5434U,14365703,9/7/2026,INV/2026/01075,3400001075,16290019,Non-Comp-393(1)6(ii),EXPIRED LDC used after validity,496889.34,421092.66,9/10/2026,KR,2510001075,JP,Prof. Serv. Fees@10%-CO-NS393(1)6(iii)(b,1,-4210.93
1079,LDC0243G,Expired LDC Consulting Pvt Ltd,EXPCD5434U,13473799,8/23/2026,INV/2026/01076,3400001076,54200001,Non-Comp-393(1)6(ii),EXPIRED LDC used after validity,377692.55,320078.43,9/10/2026,KR,2510001076,JP,Prof. Serv. Fees@10%-CO-NS393(1)6(iii)(b,1,-3200.78
1081,LDC0243G,Expired LDC Consulting Pvt Ltd,EXPCD5434U,17174122,9/10/2026,INV/2026/01077,,54200001,Non-Comp-393(1)6(ii),EXPIRED LDC used after validity,1000111.93,847552.48,9/10/2026,KA,2310001077,JP,Prof. Serv. Fees@10%-CO-NS393(1)6(iii)(b,1,-8475.52
1001,LDC0243G,Expired LDC Consulting Pvt Ltd,EXPCD5434U,23654069,8/27/2026,INV/2026/01078,3400001078,54210099,Professional- Others,EXPIRED LDC used after validity,600237.64,508675.97,9/10/2026,KR,2510001078,JP,Prof. Serv. Fees@10%-CO-NS393(1)6(iii)(b,1,-5086.76
1079,LDC0243G,Expired LDC Consulting Pvt Ltd,EXPCD5434U,18289827,8/27/2026,INV/2026/01079,3400001079,16290019,Non-Comp-393(1)6(ii),EXPIRED LDC used after validity,516563.64,437765.8,9/10/2026,KR,2510001079,JP,Prof. Serv. Fees@10%-CO-NS393(1)6(iii)(b,1,-4377.66
1081,LDC0243G,Expired LDC Consulting Pvt Ltd,EXPCD5434U,11812070,8/21/2026,INV/2026/01080,3400001080,16290019,Non-Comp-393(1)6(ii),EXPIRED LDC used after validity,957333.0,811299.15,9/10/2026,KR,2510001080,JP,Prof. Serv. Fees@10%-CO-NS393(1)6(iii)(b,1,-8112.99
1001,LDC0243G,Expired LDC Consulting Pvt Ltd,EXPCD5434U,14614737,9/4/2026,INV/2026/01081,3400001081,54210099,Professional- Others,EXPIRED LDC used after validity,904532.23,766552.74,9/10/2026,KA,2310001081,JP,Prof. Serv. Fees@10%-CO-NS393(1)6(iii)(b,1,-7665.53
1079,LDC0243G,Expired LDC Consulting Pvt Ltd,EXPCD5434U,8563228,8/24/2026,INV/2026/01082,,54200001,Non-Comp-393(1)6(ii),EXPIRED LDC used after validity,383140.4,324695.25,9/10/2026,KA,2310001082,JP,Prof. Serv. Fees@10%-CO-NS393(1)6(iii)(b,1,-3246.95
1081,LDC0243G,Expired LDC Consulting Pvt Ltd,EXPCD5434U,15422580,8/31/2026,INV/2026/01083,,16290019,Non-Comp-393(1)6(ii),EXPIRED LDC used after validity,426138.07,361133.96,9/10/2026,KR,2510001083,JP,Prof. Serv. Fees@10%-CO-NS393(1)6(iii)(b,1,-3611.34
1001,LDC0243G,Expired LDC Consulting Pvt Ltd,EXPCD5434U,16669251,9/2/2026,INV/2026/01084,3400001084,16290019,Non-Comp-393(1)6(ii),EXPIRED LDC used after validity,292161.45,247594.45,9/10/2026,KR,2510001084,JI,TechServFees@2%-IndHUF:NS393(1)6(iii)(a),1,-2475.94
1079,LDC0243G,Expired LDC Consulting Pvt Ltd,EXPCD5434U,22665320,9/3/2026,INV/2026/01085,3400001085,54210099,Professional- Others,EXPIRED LDC used after validity,967423.45,819850.38,9/10/2026,KA,2310001085,JP,Prof. Serv. Fees@10%-CO-NS393(1)6(iii)(b,1,-8198.5
1001,D0002G,Larsen & Toubro Ltd,LARCD7595X,11588366,10/2/2026,INV/2026/01086,,16290008,GR/IR-Indirect Good,WRONG LDC RATE applied 2.0% vs cert 0.0%,64181.11,54390.77,10/5/2026,KA,2310001086,CP,Cont. Cos - 2%-New Sec-393(1)6(i),2,-1087.82
1079,D0017A,Castrol India Ltd,CASCD8544E,20851102,9/30/2026,INV/2026/01087,3400001087,16290008,GR/IR-Indirect Good,WRONG LDC RATE applied 0.5% vs cert 2.0%,751739.33,637067.23,10/5/2026,KR,2510001087,CP,Cont. Cos - 2%-New Sec-393(1)6(i),0.5,-3185.34
1081,D0039F,Legrand India Pvt Ltd,LEGCD6149O,4131427,9/25/2026,INV/2026/01088,3400001088,16290008,GR/IR-Indirect Good,WRONG LDC RATE applied 2.0% vs cert 1.0%,247152.63,209451.38,10/5/2026,KR,2510001088,CP,Cont. Cos - 2%-New Sec-393(1)6(i),2,-4189.03
1001,D0043F,Finolex Cables Ltd,FINCD1530G,20635487,9/15/2026,INV/2026/01089,3400001089,16290008,GR/IR-Indirect Good,WRONG LDC RATE applied 2.0% vs cert 0.0%,605079.04,512778.85,10/5/2026,KR,2510001089,CP,Cont. Cos - 2%-New Sec-393(1)6(i),2,-10255.58
1079,D0044G,RR Kabel Ltd,RRKCD9844F,2039360,9/19/2026,INV/2026/01090,3400001090,16290008,GR/IR-Indirect Good,WRONG LDC RATE applied 2.0% vs cert 0.5%,184048.65,155973.43,10/5/2026,KR,2510001090,CP,Cont. Cos - 2%-New Sec-393(1)6(i),2,-3119.47
1081,D0052E,Ambuja Cements Ltd,AMBCD1982A,21534644,9/26/2026,INV/2026/01091,3400001091,16290008,GR/IR-Indirect Good,WRONG LDC RATE applied 2.0% vs cert 1.0%,535732.37,454010.48,10/5/2026,KA,2310001091,CP,Cont. Cos - 2%-New Sec-393(1)6(i),2,-9080.21
1001,D0066G,Bajaj Electricals Ltd,BAJCD1458A,17596441,9/23/2026,INV/2026/01092,,16290008,GR/IR-Indirect Good,WRONG LDC RATE applied 2.0% vs cert 0.5%,206150.39,174703.72,10/5/2026,KR,2510001092,CP,Cont. Cos - 2%-New Sec-393(1)6(i),2,-3494.07
1079,D0078E,Safe Express Pvt Ltd,SAFCD2253O,11466644,9/23/2026,INV/2026/01093,3400001093,16290008,GR/IR-Indirect Good,WRONG LDC RATE applied 2.0% vs cert 1.0%,691284.21,585834.08,10/5/2026,KR,2510001093,CP,Cont. Cos - 2%-New Sec-393(1)6(i),2,-11716.68
1081,D0084A,Deloitte Touche Tohmatsu India LLP,DELCP7853V,4731765,9/17/2026,INV/2026/01094,3400001094,16290008,GR/IR-Indirect Good,WRONG LDC RATE applied 2.0% vs cert 0.0%,736530.85,624178.69,10/5/2026,KR,2510001094,CP,Cont. Cos - 2%-New Sec-393(1)6(i),2,-12483.57
1001,E0093H,Patel Brothers & Co,PATFO6306X,19543199,9/21/2026,INV/2026/01095,3400001095,16290008,GR/IR-Indirect Good,WRONG LDC RATE applied 2.0% vs cert 1.0%,783194.11,663723.82,10/5/2026,KA,2310001095,CP,Firm - 2%-New Sec-393(1)6(i),2,-13274.48
1079,E0096D,Joshi Fabricators,JOSFS5162S,2105723,9/19/2026,INV/2026/01096,3400001096,16290008,GR/IR-Indirect Good,WRONG LDC RATE applied 2.0% vs cert 1.0%,126339.79,107067.62,10/5/2026,KA,2310001096,CP,Firm - 2%-New Sec-393(1)6(i),2,-2141.35
1081,E0119H,Thakur Engineering,THAFG6749V,12700968,9/25/2026,INV/2026/01097,3400001097,16290008,GR/IR-Indirect Good,WRONG LDC RATE applied 2.0% vs cert 0.5%,620350.14,525720.46,10/5/2026,KR,2510001097,CP,Firm - 2%-New Sec-393(1)6(i),2,-10514.41
1001,E0124F,Jha Fabrication,JHAFN9838A,23434014,9/28/2026,INV/2026/01098,3400001098,16290008,GR/IR-Indirect Good,WRONG LDC RATE applied 2.0% vs cert 0.0%,770724.15,653156.06,10/5/2026,KR,2510001098,CP,Firm - 2%-New Sec-393(1)6(i),2,-13063.12
1079,E0133A,Shah Precision Tools,SHAFS5179Z,17506192,9/29/2026,INV/2026/01099,3400001099,16290008,GR/IR-Indirect Good,WRONG LDC RATE applied 0.5% vs cert 2.0%,429734.23,364181.55,10/5/2026,KR,2510001099,CP,Firm - 2%-New Sec-393(1)6(i),0.5,-1820.91
1081,E0135G,Parekh Logistics,PARFS3338T,12043062,10/4/2026,INV/2026/01100,,16290008,GR/IR-Indirect Good,WRONG LDC RATE applied 2.0% vs cert 1.0%,823577.8,697947.29,10/5/2026,KA,2310001100,CP,Firm - 2%-New Sec-393(1)6(i),2,-13958.95
1001,L0141C,Walker Chandiok & Co LLP Unit-6,WALFZ8894N,9046222,9/15/2026,INV/2026/01101,3400001101,16290008,GR/IR-Indirect Good,WRONG LDC RATE applied 2.0% vs cert 0.0%,64841.93,54950.79,10/5/2026,KA,2310001101,CP,Firm - 2%-New Sec-393(1)6(i),2,-1099.02
1079,L0142F,S R Batliboi & Associates LLP,SRBFP8332Y,18653952,9/24/2026,INV/2026/01102,3400001102,16290008,GR/IR-Indirect Good,WRONG LDC RATE applied 2.0% vs cert 0.0%,333493.25,282621.4,10/5/2026,KA,2310001102,CP,Firm - 2%-New Sec-393(1)6(i),2,-5652.43
1081,L0150B,S R Batliboi & Associates LLP Unit-15,SRBFZ9193O,7933195,10/5/2026,INV/2026/01103,3400001103,16290008,GR/IR-Indirect Good,WRONG LDC RATE applied 2.0% vs cert 1.0%,331820.93,281204.18,10/5/2026,KA,2310001103,CP,Firm - 2%-New Sec-393(1)6(i),2,-5624.08
1001,I0158B,Rakesh Bedi,RAKPI2203H,22920992,9/22/2026,INV/2026/01104,,16290009,Non-Companies-393(1),WRONG LDC RATE applied 2.0% vs cert 0.5%,99218.68,84083.63,10/5/2026,KA,2310001104,CP,Ind/HUF - 1%-New Sec-393(1)6(i),2,-1681.67
1079,I0165F,Subash Sharma,SUBPA2058R,1961434,9/18/2026,INV/2026/01105,3400001105,16290009,Non-Companies-393(1),WRONG LDC RATE applied 2.0% vs cert 0.0%,587957.13,498268.75,10/5/2026,KR,2510001105,CP,Ind/HUF - 1%-New Sec-393(1)6(i),2,-9965.37
1001,QTH0246F,Below Threshold Parts India Ltd,BELCD0690T,2276655,4/5/2026,INV/2026/01106,3400001106,16290053,COMP-393(1)8(ii),194Q payment - Below Threshold Parts India Lt,257019.09,217812.79,4/10/2026,KR,2510001106,LP,Purc of Good-0.1%PMTCOM-PNS393(1)8(ii),0.1,-217.81
1079,QTH0246F,Below Threshold Parts India Ltd,BELCD0690T,17768644,4/1/2026,INV/2026/01107,3400001107,16290054,OTH-393(1)8(ii),194Q payment - Below Threshold Parts India Lt,229047.69,194108.21,4/11/2026,KR,2510001107,LP,Purc of Good-0.1%PMTCOM-PNS393(1)8(ii),0.1,-194.11
1081,QTH0246F,Below Threshold Parts India Ltd,BELCD0690T,16022383,4/12/2026,INV/2026/01108,3400001108,16290054,OTH-393(1)8(ii),194Q payment - Below Threshold Parts India Lt,267873.11,227011.11,4/12/2026,KA,2310001108,LP,Purc of Good-0.1%PMTCOM-PNS393(1)8(ii),0.1,-227.01
1001,QTH0246F,Below Threshold Parts India Ltd,BELCD0690T,4980021,4/9/2026,INV/2026/01109,3400001109,16290054,OTH-393(1)8(ii),194Q payment - Below Threshold Parts India Lt,113971.0,96585.59,4/13/2026,KA,2310001109,LP,Purc of Good-0.1%PMTCOM-PNS393(1)8(ii),0.1,-96.59
1079,QTH0246F,Below Threshold Parts India Ltd,BELCD0690T,11870248,4/1/2026,INV/2026/01110,3400001110,50080002,Retro Price Chan-Mat,194Q payment - Below Threshold Parts India Lt,119449.21,101228.14,4/14/2026,KA,2310001110,LP,Purc of Good-0.1%PMTCOM-PNS393(1)8(ii),0.1,-101.23
1081,QTH0246F,Below Threshold Parts India Ltd,BELCD0690T,19299043,4/1/2026,INV/2026/01111,3400001111,50258000,Purch Offset Account,194Q payment - Below Threshold Parts India Lt,269185.49,228123.3,4/15/2026,KR,2510001111,LP,Purc of Good-0.1%PMTCOM-PNS393(1)8(ii),0.1,-228.12
1001,QTH0246F,Below Threshold Parts India Ltd,BELCD0690T,20158823,4/6/2026,INV/2026/01112,3400001112,16290053,COMP-393(1)8(ii),194Q payment - Below Threshold Parts India Lt,123496.72,104658.24,4/16/2026,KR,2510001112,LP,Purc of Good-0.1%PMTCOM-PNS393(1)8(ii),0.1,-104.66
1079,QTH0246F,Below Threshold Parts India Ltd,BELCD0690T,6245389,4/15/2026,INV/2026/01113,,50258000,Purch Offset Account,194Q payment - Below Threshold Parts India Lt,177737.26,150624.8,4/17/2026,KA,2310001113,LP,Purc of Good-0.1%PMTCOM-PNS393(1)8(ii),0.1,-150.62
1081,QTH0246F,Below Threshold Parts India Ltd,BELCD0690T,12493848,4/7/2026,INV/2026/01114,,50080002,Retro Price Chan-Mat,194Q payment - Below Threshold Parts India Lt,189201.4,160340.17,4/18/2026,KA,2310001114,LP,Purc of Good-0.1%PMTCOM-PNS393(1)8(ii),0.1,-160.34
1001,QTH0246F,Below Threshold Parts India Ltd,BELCD0690T,20122100,4/12/2026,INV/2026/01115,3400001115,16290053,COMP-393(1)8(ii),194Q payment - Below Threshold Parts India Lt,233462.46,197849.54,4/19/2026,KR,2510001115,LP,Purc of Good-0.1%PMTCOM-PNS393(1)8(ii),0.1,-197.85
1079,QTH0246F,Below Threshold Parts India Ltd,BELCD0690T,4383342,4/15/2026,INV/2026/01116,3400001116,50080002,Retro Price Chan-Mat,194Q payment - Below Threshold Parts India Lt,247315.99,209589.82,4/20/2026,KA,2310001116,LP,Purc of Good-0.1%PMTCOM-PNS393(1)8(ii),0.1,-209.59
1081,QTH0246F,Below Threshold Parts India Ltd,BELCD0690T,11293398,4/13/2026,INV/2026/01117,3400001117,50080002,Retro Price Chan-Mat,194Q payment - Below Threshold Parts India Lt,128148.8,108600.68,4/21/2026,KR,2510001117,LP,Purc of Good-0.1%PMTCOM-PNS393(1)8(ii),0.1,-108.6
1001,QTH0246F,Below Threshold Parts India Ltd,BELCD0690T,2896806,4/6/2026,INV/2026/01118,,50080002,Retro Price Chan-Mat,194Q payment - Below Threshold Parts India Lt,195544.08,165715.32,4/22/2026,KR,2510001118,LP,Purc of Good-0.1%PMTCOM-PNS393(1)8(ii),0.1,-165.72
1079,QTH0246F,Below Threshold Parts India Ltd,BELCD0690T,15080491,4/13/2026,INV/2026/01119,3400001119,50080002,Retro Price Chan-Mat,194Q payment - Below Threshold Parts India Lt,227147.27,192497.69,4/23/2026,KA,2310001119,LP,Purc of Good-0.1%PMTCOM-PNS393(1)8(ii),0.1,-192.5
1081,QTH0246F,Below Threshold Parts India Ltd,BELCD0690T,19320043,4/4/2026,INV/2026/01120,,50258000,Purch Offset Account,194Q payment - Below Threshold Parts India Lt,102457.04,86828.0,4/24/2026,KA,2310001120,LP,Purc of Good-0.1%PMTCOM-PNS393(1)8(ii),0.1,-86.83
1001,QTH0246F,Below Threshold Parts India Ltd,BELCD0690T,9548179,4/26/2026,INV/2026/01121,3400001121,50258000,Purch Offset Account,194Q below threshold — correctly no TDS,106112.99,89926.26,5/5/2026,KA,2310001121,LP,Purc of Good-0.1%PMTCOM-PNS393(1)8(ii),0,0.0
1001,QTH0246F,Below Threshold Parts India Ltd,BELCD0690T,9977082,5/5/2026,INV/2026/01122,3400001122,50080002,Retro Price Chan-Mat,194Q below threshold — correctly no TDS,174047.66,147498.02,5/6/2026,KR,2510001122,LP,Purc of Good-0.1%PMTCOM-PNS393(1)8(ii),0,0.0
1001,QTH0246F,Below Threshold Parts India Ltd,BELCD0690T,8249217,5/5/2026,INV/2026/01123,3400001123,50258000,Purch Offset Account,194Q below threshold — correctly no TDS,79419.72,67304.85,5/7/2026,KA,2310001123,LP,Purc of Good-0.1%PMTCOM-PNS393(1)8(ii),0,0.0
1001,QTH0246F,Below Threshold Parts India Ltd,BELCD0690T,23814618,5/7/2026,INV/2026/01124,3400001124,50258000,Purch Offset Account,194Q below threshold — correctly no TDS,89119.1,75524.66,5/8/2026,KR,2510001124,LP,Purc of Good-0.1%PMTCOM-PNS393(1)8(ii),0,0.0
1001,QTH0246F,Below Threshold Parts India Ltd,BELCD0690T,3668271,4/26/2026,INV/2026/01125,3400001125,50080002,Retro Price Chan-Mat,194Q below threshold — correctly no TDS,168732.61,142993.74,5/9/2026,KA,2310001125,LP,Purc of Good-0.1%PMTCOM-PNS393(1)8(ii),0,0.0
1001,QTH0246F,Below Threshold Parts India Ltd,BELCD0690T,8441010,5/10/2026,INV/2026/01126,,50080002,Retro Price Chan-Mat,194Q below threshold — correctly no TDS,161263.28,136663.8,5/10/2026,KR,2510001126,LP,Purc of Good-0.1%PMTCOM-PNS393(1)8(ii),0,0.0
1001,QTH0246F,Below Threshold Parts India Ltd,BELCD0690T,2583228,5/1/2026,INV/2026/01127,,16290053,COMP-393(1)8(ii),194Q below threshold — correctly no TDS,76841.53,65119.94,5/11/2026,KR,2510001127,LP,Purc of Good-0.1%PMTCOM-PNS393(1)8(ii),0,0.0
1001,QTH0246F,Below Threshold Parts India Ltd,BELCD0690T,2931700,5/10/2026,INV/2026/01128,,50258000,Purch Offset Account,194Q below threshold — correctly no TDS,98570.23,83534.09,5/12/2026,KR,2510001128,LP,Purc of Good-0.1%PMTCOM-PNS393(1)8(ii),0,0.0
1001,QTH0246F,Below Threshold Parts India Ltd,BELCD0690T,2092654,5/3/2026,INV/2026/01129,,16290053,COMP-393(1)8(ii),194Q below threshold — correctly no TDS,155996.57,132200.48,5/13/2026,KA,2310001129,LP,Purc of Good-0.1%PMTCOM-PNS393(1)8(ii),0,0.0
1001,QTH0246F,Below Threshold Parts India Ltd,BELCD0690T,7260089,4/29/2026,INV/2026/01130,3400001130,50080002,Retro Price Chan-Mat,194Q below threshold — correctly no TDS,141729.14,120109.44,5/14/2026,KR,2510001130,LP,Purc of Good-0.1%PMTCOM-PNS393(1)8(ii),0,0.0
1001,QTH0244D,Threshold Goods Suppliers Pvt Ltd,THRCD7444Y,15909884,5/18/2026,INV/2026/01131,3400001131,16290053,COMP-393(1)8(ii),194Q accumulation toward threshold,5975681.55,5064136.91,6/1/2026,KR,2510001131,LP,Purc of Good-0.1%PMTCOM-PNS393(1)8(ii),0.1,-5064.14
1001,QTH0244D,Threshold Goods Suppliers Pvt Ltd,THRCD7444Y,5880988,5/17/2026,INV/2026/01132,3400001132,16290054,OTH-393(1)8(ii),194Q THRESHOLD CROSSED but no TDS,5431874.06,4603283.1,6/3/2026,KA,2310001132,LP,Purc of Good-0.1%PMTCOM-PNS393(1)8(ii),0,0.0
1001,QTH0244D,Threshold Goods Suppliers Pvt Ltd,THRCD7444Y,4649768,5/25/2026,INV/2026/01133,,50258000,Purch Offset Account,194Q THRESHOLD CROSSED but no TDS,6106944.79,5175376.94,6/5/2026,KA,2310001133,LP,Purc of Good-0.1%PMTCOM-PNS393(1)8(ii),0,0.0
1001,QTH0244D,Threshold Goods Suppliers Pvt Ltd,THRCD7444Y,12801024,5/27/2026,INV/2026/01134,3400001134,50258000,Purch Offset Account,194Q THRESHOLD CROSSED but no TDS,5542821.46,4697306.32,6/7/2026,KA,2310001134,LP,Purc of Good-0.1%PMTCOM-PNS393(1)8(ii),0,0.0
1001,QTH0244D,Threshold Goods Suppliers Pvt Ltd,THRCD7444Y,2320010,6/2/2026,INV/2026/01135,3400001135,50080002,Retro Price Chan-Mat,194Q THRESHOLD CROSSED but no TDS,5927799.4,5023558.81,6/9/2026,KA,2310001135,LP,Purc of Good-0.1%PMTCOM-PNS393(1)8(ii),0,0.0
1001,QTH0244D,Threshold Goods Suppliers Pvt Ltd,THRCD7444Y,1170588,5/26/2026,INV/2026/01136,3400001136,50080002,Retro Price Chan-Mat,194Q THRESHOLD CROSSED but no TDS,5955235.36,5046809.63,6/11/2026,KR,2510001136,LP,Purc of Good-0.1%PMTCOM-PNS393(1)8(ii),0,0.0
1001,QTH0244D,Threshold Goods Suppliers Pvt Ltd,THRCD7444Y,13260846,5/31/2026,INV/2026/01137,3400001137,50080002,Retro Price Chan-Mat,194Q THRESHOLD CROSSED but no TDS,5596662.85,4742934.62,6/13/2026,KA,2310001137,LP,Purc of Good-0.1%PMTCOM-PNS393(1)8(ii),0,0.0
1001,QTH0244D,Threshold Goods Suppliers Pvt Ltd,THRCD7444Y,9069644,5/26/2026,INV/2026/01138,3400001138,50080002,Retro Price Chan-Mat,194Q THRESHOLD CROSSED but no TDS,5953396.38,5045251.17,6/15/2026,KA,2310001138,LP,Purc of Good-0.1%PMTCOM-PNS393(1)8(ii),0,0.0
1001,QTH0244D,Threshold Goods Suppliers Pvt Ltd,THRCD7444Y,15446886,6/1/2026,INV/2026/01139,3400001139,16290053,COMP-393(1)8(ii),194Q THRESHOLD CROSSED but no TDS,5971112.7,5060265.0,6/17/2026,KR,2510001139,LP,Purc of Good-0.1%PMTCOM-PNS393(1)8(ii),0,0.0
1001,QTH0244D,Threshold Goods Suppliers Pvt Ltd,THRCD7444Y,1014923,6/4/2026,INV/2026/01140,3400001140,16290053,COMP-393(1)8(ii),194Q THRESHOLD CROSSED but no TDS,5508506.75,4668226.06,6/19/2026,KA,2310001140,LP,Purc of Good-0.1%PMTCOM-PNS393(1)8(ii),0,0.0
1001,QTH0244D,Threshold Goods Suppliers Pvt Ltd,THRCD7444Y,16060281,6/11/2026,INV/2026/01141,3400001141,50080002,Retro Price Chan-Mat,194Q THRESHOLD CROSSED but no TDS,5737960.39,4862678.3,6/21/2026,KA,2310001141,LP,Purc of Good-0.1%PMTCOM-PNS393(1)8(ii),0,0.0
1001,QTH0244D,Threshold Goods Suppliers Pvt Ltd,THRCD7444Y,7716534,6/19/2026,INV/2026/01142,3400001142,16290053,COMP-393(1)8(ii),194Q THRESHOLD CROSSED but no TDS,5884942.29,4987239.23,6/23/2026,KR,2510001142,LP,Purc of Good-0.1%PMTCOM-PNS393(1)8(ii),0,0.0
1079,QTH0245F,Mega Purchase Components Ltd,MEGCD2355D,10736981,6/25/2026,INV/2026/01143,,16290053,COMP-393(1)8(ii),194Q above threshold — TDS correctly @0.1%,9878730.81,8371805.77,7/5/2026,KA,2310001143,LP,Purc of Good-0.1%PMTCOM-PNS393(1)8(ii),0.1,-8371.81
1079,QTH0245F,Mega Purchase Components Ltd,MEGCD2355D,12805816,6/17/2026,INV/2026/01144,3400001144,50258000,Purch Offset Account,194Q above threshold — TDS correctly @0.1%,9678382.53,8202019.09,7/6/2026,KA,2310001144,LP,Purc of Good-0.1%PMTCOM-PNS393(1)8(ii),0.1,-8202.02
1079,QTH0245F,Mega Purchase Components Ltd,MEGCD2355D,22682361,6/27/2026,INV/2026/01145,3400001145,50080002,Retro Price Chan-Mat,194Q above threshold — TDS correctly @0.1%,9043781.28,7664221.42,7/7/2026,KA,2310001145,LP,Purc of Good-0.1%PMTCOM-PNS393(1)8(ii),0.1,-7664.22
1079,QTH0245F,Mega Purchase Components Ltd,MEGCD2355D,14719837,6/19/2026,INV/2026/01146,3400001146,50080002,Retro Price Chan-Mat,194Q above threshold — TDS correctly @0.1%,9187338.74,7785880.29,7/8/2026,KA,2310001146,LP,Purc of Good-0.1%PMTCOM-PNS393(1)8(ii),0.1,-7785.88
1079,QTH0245F,Mega Purchase Components Ltd,MEGCD2355D,18038887,7/5/2026,INV/2026/01147,3400001147,50258000,Purch Offset Account,194Q above threshold — TDS correctly @0.1%,7595446.93,6436819.43,7/9/2026,KA,2310001147,LP,Purc of Good-0.1%PMTCOM-PNS393(1)8(ii),0.1,-6436.82
1079,QTH0245F,Mega Purchase Components Ltd,MEGCD2355D,20351671,7/8/2026,INV/2026/01148,3400001148,50258000,Purch Offset Account,194Q above threshold — TDS correctly @0.1%,8426425.02,7141038.15,7/10/2026,KR,2510001148,LP,Purc of Good-0.1%PMTCOM-PNS393(1)8(ii),0.1,-7141.04
1079,QTH0245F,Mega Purchase Components Ltd,MEGCD2355D,20173805,6/22/2026,INV/2026/01149,3400001149,50258000,Purch Offset Account,194Q above threshold — TDS correctly @0.1%,8475516.83,7182641.38,7/11/2026,KA,2310001149,LP,Purc of Good-0.1%PMTCOM-PNS393(1)8(ii),0.1,-7182.64
1079,QTH0245F,Mega Purchase Components Ltd,MEGCD2355D,22922839,7/7/2026,INV/2026/01150,,50080002,Retro Price Chan-Mat,194Q above threshold — TDS correctly @0.1%,8603725.15,7291292.5,7/12/2026,KA,2310001150,LP,Purc of Good-0.1%PMTCOM-PNS393(1)8(ii),0.1,-7291.29
1079,QTH0245F,Mega Purchase Components Ltd,MEGCD2355D,11387359,7/10/2026,INV/2026/01151,3400001151,50258000,Purch Offset Account,194Q above threshold — TDS correctly @0.1%,7393387.27,6265582.43,7/13/2026,KR,2510001151,LP,Purc of Good-0.1%PMTCOM-PNS393(1)8(ii),0.1,-6265.58
1079,QTH0245F,Mega Purchase Components Ltd,MEGCD2355D,9159298,6/25/2026,INV/2026/01152,3400001152,16290053,COMP-393(1)8(ii),194Q above threshold — TDS correctly @0.1%,9164547.73,7766565.87,7/14/2026,KR,2510001152,LP,Purc of Good-0.1%PMTCOM-PNS393(1)8(ii),0.1,-7766.57
1081,QTH0245F,Mega Purchase Components Ltd,MEGCD2355D,20537659,8/3/2026,INV/2026/01153,3400001153,16290053,COMP-393(1)8(ii),194Q above threshold — TDS missed,8937379.19,7574050.16,8/5/2026,KR,2510001153,LP,Purc of Good-0.1%PMTCOM-PNS393(1)8(ii),0,0.0
1081,QTH0245F,Mega Purchase Components Ltd,MEGCD2355D,21436879,7/19/2026,INV/2026/01154,3400001154,16290054,OTH-393(1)8(ii),194Q above threshold — TDS missed,9235245.16,7826478.95,8/6/2026,KR,2510001154,LP,Purc of Good-0.1%PMTCOM-PNS393(1)8(ii),0,0.0
1081,QTH0245F,Mega Purchase Components Ltd,MEGCD2355D,24224137,8/2/2026,INV/2026/01155,3400001155,50258000,Purch Offset Account,194Q above threshold — TDS missed,9249932.87,7838926.16,8/7/2026,KR,2510001155,LP,Purc of Good-0.1%PMTCOM-PNS393(1)8(ii),0,0.0
1081,QTH0245F,Mega Purchase Components Ltd,MEGCD2355D,11352396,7/30/2026,INV/2026/01156,3400001156,50080002,Retro Price Chan-Mat,194Q above threshold — TDS missed,6677734.11,5659096.7,8/8/2026,KA,2310001156,LP,Purc of Good-0.1%PMTCOM-PNS393(1)8(ii),0,0.0
1081,QTH0245F,Mega Purchase Components Ltd,MEGCD2355D,4070958,7/29/2026,INV/2026/01157,,50080002,Retro Price Chan-Mat,194Q above threshold — TDS missed,8765195.06,7428131.41,8/9/2026,KR,2510001157,LP,Purc of Good-0.1%PMTCOM-PNS393(1)8(ii),0,0.0
1081,QTH0245F,Mega Purchase Components Ltd,MEGCD2355D,7445848,7/21/2026,INV/2026/01158,,16290054,OTH-393(1)8(ii),194Q above threshold — TDS missed,8129032.15,6889010.3,8/10/2026,KA,2310001158,LP,Purc of Good-0.1%PMTCOM-PNS393(1)8(ii),0,0.0
1081,QTH0245F,Mega Purchase Components Ltd,MEGCD2355D,17053854,8/8/2026,INV/2026/01159,3400001159,16290053,COMP-393(1)8(ii),194Q above threshold — TDS missed,8746157.7,7411998.05,8/11/2026,KR,2510001159,LP,Purc of Good-0.1%PMTCOM-PNS393(1)8(ii),0,0.0
1081,QTH0245F,Mega Purchase Components Ltd,MEGCD2355D,18616788,8/10/2026,INV/2026/01160,3400001160,16290054,OTH-393(1)8(ii),194Q above threshold — TDS missed,6534114.54,5537385.2,8/12/2026,KR,2510001160,LP,Purc of Good-0.1%PMTCOM-PNS393(1)8(ii),0,0.0
1081,QTH0245F,Mega Purchase Components Ltd,MEGCD2355D,10151643,8/11/2026,INV/2026/01161,3400001161,16290053,COMP-393(1)8(ii),194Q above threshold — TDS missed,7225770.0,6123533.9,8/13/2026,KA,2310001161,LP,Purc of Good-0.1%PMTCOM-PNS393(1)8(ii),0,0.0
1081,QTH0245F,Mega Purchase Components Ltd,MEGCD2355D,22722487,8/6/2026,INV/2026/01162,3400001162,50258000,Purch Offset Account,194Q above threshold — TDS missed,7312156.03,6196742.4,8/14/2026,KR,2510001162,LP,Purc of Good-0.1%PMTCOM-PNS393(1)8(ii),0,0.0
1001,DUP0249E,Duplicate Invoice Systems Ltd,DUPCD6474G,17049072,8/31/2026,DUP-INV-1000,3400001163,54210099,Professional- Others,Duplicate invoice original,282609.98,239499.98,9/12/2026,KA,2310001163,JP,Prof. Serv. Fees@10%-CO-NS393(1)6(iii)(b,10,-23950.0
1001,DUP0249E,Duplicate Invoice Systems Ltd,DUPCD6474G,24593198,9/8/2026,DUP-INV-1000,,16290019,Non-Comp-393(1)6(ii),DUPLICATE INVOICE same Bill_No,282609.98,239499.98,9/13/2026,KR,2510001164,JP,Prof. Serv. Fees@10%-CO-NS393(1)6(iii)(b,10,-23950.0
1001,DUP0249E,Duplicate Invoice Systems Ltd,DUPCD6474G,13468139,8/25/2026,DUP-INV-1001,3400001165,16290019,Non-Comp-393(1)6(ii),Duplicate invoice original,586020.6,496627.63,9/12/2026,KA,2310001165,JI,TechServFees@2%-IndHUF:NS393(1)6(iii)(a),2,-9932.55
1001,DUP0249E,Duplicate Invoice Systems Ltd,DUPCD6474G,18798582,8/28/2026,DUP-INV-1001,3400001166,16290019,Non-Comp-393(1)6(ii),DUPLICATE INVOICE same Bill_No,586020.6,496627.63,9/13/2026,KA,2310001166,JP,Prof. Serv. Fees@10%-CO-NS393(1)6(iii)(b,2,-9932.55
1001,DUP0249E,Duplicate Invoice Systems Ltd,DUPCD6474G,18746594,8/29/2026,DUP-INV-1002,3400001167,16290019,Non-Comp-393(1)6(ii),Duplicate invoice original,96865.04,82089.02,9/12/2026,KR,2510001167,JI,TechServFees@2%-IndHUF:NS393(1)6(iii)(a),2,-1641.78
1001,DUP0249E,Duplicate Invoice Systems Ltd,DUPCD6474G,3775325,9/6/2026,DUP-INV-1002,,16290019,Non-Comp-393(1)6(ii),DUPLICATE INVOICE same Bill_No,96865.04,82089.02,9/13/2026,KA,2310001168,JP,Prof. Serv. Fees@10%-CO-NS393(1)6(iii)(b,2,-1641.78
1001,DUP0249E,Duplicate Invoice Systems Ltd,DUPCD6474G,20603089,8/25/2026,DUP-INV-1003,,54200001,Non-Comp-393(1)6(ii),Duplicate invoice original,346025.98,293242.36,9/12/2026,KA,2310001169,JP,Prof. Serv. Fees@10%-CO-NS393(1)6(iii)(b,10,-29324.24
1001,DUP0249E,Duplicate Invoice Systems Ltd,DUPCD6474G,7173143,8/26/2026,DUP-INV-1003,3400001170,54200001,Non-Comp-393(1)6(ii),DUPLICATE INVOICE same Bill_No,346025.98,293242.36,9/13/2026,KA,2310001170,JP,Prof. Serv. Fees@10%-CO-NS393(1)6(iii)(b,10,-29324.24
1001,DUP0249E,Duplicate Invoice Systems Ltd,DUPCD6474G,15367958,9/12/2026,DUP-INV-1004,3400001171,54200001,Non-Comp-393(1)6(ii),Duplicate invoice original,353899.68,299914.98,9/12/2026,KR,2510001171,JP,Prof. Serv. Fees@10%-CO-NS393(1)6(iii)(b,10,-29991.5
1001,DUP0249E,Duplicate Invoice Systems Ltd,DUPCD6474G,9850422,9/7/2026,DUP-INV-1004,,54210099,Professional- Others,DUPLICATE INVOICE same Bill_No,353899.68,299914.98,9/13/2026,KA,2310001172,JP,Prof. Serv. Fees@10%-CO-NS393(1)6(iii)(b,10,-29991.5
1001,DUP0249E,Duplicate Invoice Systems Ltd,DUPCD6474G,15754221,8/31/2026,DUP-INV-1005,3400001173,54200001,Non-Comp-393(1)6(ii),Duplicate invoice original,937568.54,794549.61,9/12/2026,KR,2510001173,JP,Prof. Serv. Fees@10%-CO-NS393(1)6(iii)(b,10,-79454.96
1001,DUP0249E,Duplicate Invoice Systems Ltd,DUPCD6474G,9036404,9/11/2026,DUP-INV-1005,,54200001,Non-Comp-393(1)6(ii),DUPLICATE INVOICE same Bill_No,937568.54,794549.61,9/13/2026,KR,2510001174,JP,Prof. Serv. Fees@10%-CO-NS393(1)6(iii)(b,10,-79454.96
1001,DUP0249E,Duplicate Invoice Systems Ltd,DUPCD6474G,14789008,8/30/2026,DUP-INV-1006,3400001175,16290019,Non-Comp-393(1)6(ii),Duplicate invoice original,570055.42,483097.81,9/12/2026,KR,2510001175,JI,TechServFees@2%-IndHUF:NS393(1)6(iii)(a),2,-9661.96
1001,DUP0249E,Duplicate Invoice Systems Ltd,DUPCD6474G,11386022,8/24/2026,DUP-INV-1006,3400001176,16290019,Non-Comp-393(1)6(ii),DUPLICATE INVOICE same Bill_No,570055.42,483097.81,9/13/2026,KR,2510001176,JI,TechServFees@2%-IndHUF:NS393(1)6(iii)(a),2,-9661.96
1001,DUP0249E,Duplicate Invoice Systems Ltd,DUPCD6474G,6551534,8/27/2026,DUP-INV-1007,,16290019,Non-Comp-393(1)6(ii),Duplicate invoice original,761363.79,645223.55,9/12/2026,KR,2510001177,JP,Prof. Serv. Fees@10%-CO-NS393(1)6(iii)(b,10,-64522.35
1001,DUP0249E,Duplicate Invoice Systems Ltd,DUPCD6474G,19612080,8/31/2026,DUP-INV-1007,,54210099,Professional- Others,DUPLICATE INVOICE same Bill_No,761363.79,645223.55,9/13/2026,KA,2310001178,JP,Prof. Serv. Fees@10%-CO-NS393(1)6(iii)(b,10,-64522.35
1001,DUP0249E,Duplicate Invoice Systems Ltd,DUPCD6474G,8471499,9/1/2026,DUP-INV-1008,3400001179,16290019,Non-Comp-393(1)6(ii),Duplicate invoice original,219820.21,186288.31,9/12/2026,KA,2310001179,JI,TechServFees@2%-IndHUF:NS393(1)6(iii)(a),2,-3725.77
1001,DUP0249E,Duplicate Invoice Systems Ltd,DUPCD6474G,8080861,9/10/2026,DUP-INV-1008,,16290019,Non-Comp-393(1)6(ii),DUPLICATE INVOICE same Bill_No,219820.21,186288.31,9/13/2026,KR,2510001180,JI,TechServFees@2%-IndHUF:NS393(1)6(iii)(a),2,-3725.77
1001,DUP0249E,Duplicate Invoice Systems Ltd,DUPCD6474G,16798921,8/27/2026,DUP-INV-1009,3400001181,54210099,Professional- Others,Duplicate invoice original,604888.83,512617.65,9/12/2026,KA,2310001181,JP,Prof. Serv. Fees@10%-CO-NS393(1)6(iii)(b,10,-51261.76
1001,DUP0249E,Duplicate Invoice Systems Ltd,DUPCD6474G,10388056,9/11/2026,DUP-INV-1009,,16290019,Non-Comp-393(1)6(ii),DUPLICATE INVOICE same Bill_No,604888.83,512617.65,9/13/2026,KA,2310001182,JI,TechServFees@2%-IndHUF:NS393(1)6(iii)(a),10,-51261.76
1001,DUP0249E,Duplicate Invoice Systems Ltd,DUPCD6474G,16437384,8/31/2026,DUP-INV-1010,3400001183,54210099,Professional- Others,Duplicate invoice original,864977.34,733031.64,9/12/2026,KA,2310001183,JP,Prof. Serv. Fees@10%-CO-NS393(1)6(iii)(b,10,-73303.16
1001,DUP0249E,Duplicate Invoice Systems Ltd,DUPCD6474G,3556962,9/9/2026,DUP-INV-1010,,54210099,Professional- Others,DUPLICATE INVOICE same Bill_No,864977.34,733031.64,9/13/2026,KR,2510001184,JP,Prof. Serv. Fees@10%-CO-NS393(1)6(iii)(b,10,-73303.16
1001,DUP0249E,Duplicate Invoice Systems Ltd,DUPCD6474G,14507441,8/31/2026,DUP-INV-1011,3400001185,16290019,Non-Comp-393(1)6(ii),Duplicate invoice original,854603.11,724239.92,9/12/2026,KA,2310001185,JP,Prof. Serv. Fees@10%-CO-NS393(1)6(iii)(b,10,-72423.99
1001,DUP0249E,Duplicate Invoice Systems Ltd,DUPCD6474G,15142428,9/3/2026,DUP-INV-1011,3400001186,54210099,Professional- Others,DUPLICATE INVOICE same Bill_No,854603.11,724239.92,9/13/2026,KR,2510001186,JP,Prof. Serv. Fees@10%-CO-NS393(1)6(iii)(b,10,-72423.99
1001,DUP0249E,Duplicate Invoice Systems Ltd,DUPCD6474G,17840066,8/30/2026,DUP-INV-1012,3400001187,16290019,Non-Comp-393(1)6(ii),Duplicate invoice original,454678.21,385320.52,9/12/2026,KA,2310001187,JP,Prof. Serv. Fees@10%-CO-NS393(1)6(iii)(b,10,-38532.05
1001,DUP0249E,Duplicate Invoice Systems Ltd,DUPCD6474G,1204992,9/4/2026,DUP-INV-1012,,16290019,Non-Comp-393(1)6(ii),DUPLICATE INVOICE same Bill_No,454678.21,385320.52,9/13/2026,KA,2310001188,JP,Prof. Serv. Fees@10%-CO-NS393(1)6(iii)(b,10,-38532.05
1001,DUP0249E,Duplicate Invoice Systems Ltd,DUPCD6474G,10107451,8/29/2026,DUP-INV-1013,,16290019,Non-Comp-393(1)6(ii),Duplicate invoice original,261882.59,221934.4,9/12/2026,KR,2510001189,JP,Prof. Serv. Fees@10%-CO-NS393(1)6(iii)(b,10,-22193.44
1001,DUP0249E,Duplicate Invoice Systems Ltd,DUPCD6474G,22407313,9/4/2026,DUP-INV-1013,3400001190,16290019,Non-Comp-393(1)6(ii),DUPLICATE INVOICE same Bill_No,261882.59,221934.4,9/13/2026,KR,2510001190,JI,TechServFees@2%-IndHUF:NS393(1)6(iii)(a),10,-22193.44
1001,DUP0249E,Duplicate Invoice Systems Ltd,DUPCD6474G,18012810,9/12/2026,DUP-INV-1014,,16290019,Non-Comp-393(1)6(ii),Duplicate invoice original,449642.29,381052.79,9/12/2026,KA,2310001191,JP,Prof. Serv. Fees@10%-CO-NS393(1)6(iii)(b,10,-38105.28
1001,DUP0249E,Duplicate Invoice Systems Ltd,DUPCD6474G,23502671,8/31/2026,DUP-INV-1014,3400001192,54210099,Professional- Others,DUPLICATE INVOICE same Bill_No,449642.29,381052.79,9/13/2026,KR,2510001192,JP,Prof. Serv. Fees@10%-CO-NS393(1)6(iii)(b,10,-38105.28
1079,DUP0250B,Duplicate Payment Traders,DUPFS9722M,5737438,9/21/2026,PAY-2000,,16290008,GR/IR-Indirect Good,Payment original,730675.8,619216.78,10/8/2026,KZ,2610001193,CP,Firm - 2%-New Sec-393(1)6(i),2,-12384.34
1079,DUP0250B,Duplicate Payment Traders,DUPFS9722M,21370181,10/9/2026,PAY-2000,3400001194,16290008,GR/IR-Indirect Good,DUPLICATE PAYMENT same reference,730675.8,619216.78,10/9/2026,KZ,2610001194,CP,Firm - 2%-New Sec-393(1)6(i),2,-12384.34
1079,DUP0250B,Duplicate Payment Traders,DUPFS9722M,19789991,10/8/2026,PAY-2001,3400001195,16290008,GR/IR-Indirect Good,Payment original,737885.19,625326.43,10/8/2026,KZ,2610001195,CP,Firm - 2%-New Sec-393(1)6(i),2,-12506.53
1079,DUP0250B,Duplicate Payment Traders,DUPFS9722M,13704822,10/6/2026,PAY-2001,,16290008,GR/IR-Indirect Good,DUPLICATE PAYMENT same reference,737885.19,625326.43,10/9/2026,KZ,2610001196,CP,Firm - 2%-New Sec-393(1)6(i),2,-12506.53
1079,DUP0250B,Duplicate Payment Traders,DUPFS9722M,20720227,10/7/2026,PAY-2002,,16290008,GR/IR-Indirect Good,Payment original,727221.57,616289.47,10/8/2026,KZ,2610001197,CP,Firm - 2%-New Sec-393(1)6(i),2,-12325.79
1079,DUP0250B,Duplicate Payment Traders,DUPFS9722M,7041631,9/25/2026,PAY-2002,,16290008,GR/IR-Indirect Good,DUPLICATE PAYMENT same reference,727221.57,616289.47,10/9/2026,KZ,2610001198,CP,Firm - 2%-New Sec-393(1)6(i),2,-12325.79
1079,DUP0250B,Duplicate Payment Traders,DUPFS9722M,8424295,9/23/2026,PAY-2003,3400001199,16290008,GR/IR-Indirect Good,Payment original,877884.6,743970.0,10/8/2026,KZ,2610001199,CP,Firm - 2%-New Sec-393(1)6(i),2,-14879.4
1079,DUP0250B,Duplicate Payment Traders,DUPFS9722M,24838601,10/4/2026,PAY-2003,3400001200,16290008,GR/IR-Indirect Good,DUPLICATE PAYMENT same reference,877884.6,743970.0,10/9/2026,KZ,2610001200,CP,Firm - 2%-New Sec-393(1)6(i),2,-14879.4
1079,DUP0250B,Duplicate Payment Traders,DUPFS9722M,15243101,10/6/2026,PAY-2004,3400001201,16290008,GR/IR-Indirect Good,Payment original,287353.8,243520.17,10/8/2026,KZ,2610001201,CP,Firm - 2%-New Sec-393(1)6(i),2,-4870.4
1079,DUP0250B,Duplicate Payment Traders,DUPFS9722M,4922613,9/23/2026,PAY-2004,3400001202,16290008,GR/IR-Indirect Good,DUPLICATE PAYMENT same reference,287353.8,243520.17,10/9/2026,KZ,2610001202,CP,Firm - 2%-New Sec-393(1)6(i),2,-4870.4
1079,DUP0250B,Duplicate Payment Traders,DUPFS9722M,1427751,10/3/2026,PAY-2005,3400001203,16290008,GR/IR-Indirect Good,Payment original,143486.19,121598.47,10/8/2026,KZ,2610001203,CP,Firm - 2%-New Sec-393(1)6(i),2,-2431.97
1079,DUP0250B,Duplicate Payment Traders,DUPFS9722M,12034189,9/23/2026,PAY-2005,3400001204,16290008,GR/IR-Indirect Good,DUPLICATE PAYMENT same reference,143486.19,121598.47,10/9/2026,KZ,2610001204,CP,Firm - 2%-New Sec-393(1)6(i),2,-2431.97
1079,DUP0250B,Duplicate Payment Traders,DUPFS9722M,4067841,9/21/2026,PAY-2006,3400001205,16290008,GR/IR-Indirect Good,Payment original,451625.29,382733.3,10/8/2026,KZ,2610001205,CP,Firm - 2%-New Sec-393(1)6(i),2,-7654.67
1079,DUP0250B,Duplicate Payment Traders,DUPFS9722M,6466355,10/6/2026,PAY-2006,3400001206,16290008,GR/IR-Indirect Good,DUPLICATE PAYMENT same reference,451625.29,382733.3,10/9/2026,KZ,2610001206,CP,Firm - 2%-New Sec-393(1)6(i),2,-7654.67
1079,DUP0250B,Duplicate Payment Traders,DUPFS9722M,21678897,10/4/2026,PAY-2007,3400001207,16290008,GR/IR-Indirect Good,Payment original,101570.93,86077.06,10/8/2026,KZ,2610001207,CP,Firm - 2%-New Sec-393(1)6(i),2,-1721.54
1079,DUP0250B,Duplicate Payment Traders,DUPFS9722M,11745254,10/2/2026,PAY-2007,3400001208,16290008,GR/IR-Indirect Good,DUPLICATE PAYMENT same reference,101570.93,86077.06,10/9/2026,KZ,2610001208,CP,Firm - 2%-New Sec-393(1)6(i),2,-1721.54
1079,DUP0250B,Duplicate Payment Traders,DUPFS9722M,13115279,9/20/2026,PAY-2008,3400001209,16290008,GR/IR-Indirect Good,Payment original,537759.65,455728.52,10/8/2026,KZ,2610001209,CP,Firm - 2%-New Sec-393(1)6(i),2,-9114.57
1079,DUP0250B,Duplicate Payment Traders,DUPFS9722M,22732557,9/29/2026,PAY-2008,,16290008,GR/IR-Indirect Good,DUPLICATE PAYMENT same reference,537759.65,455728.52,10/9/2026,KZ,2610001210,CP,Firm - 2%-New Sec-393(1)6(i),2,-9114.57
1079,DUP0250B,Duplicate Payment Traders,DUPFS9722M,6173041,9/24/2026,PAY-2009,3400001211,16290008,GR/IR-Indirect Good,Payment original,838843.99,710884.74,10/8/2026,KZ,2610001211,CP,Firm - 2%-New Sec-393(1)6(i),2,-14217.69
1079,DUP0250B,Duplicate Payment Traders,DUPFS9722M,22268926,9/22/2026,PAY-2009,3400001212,16290008,GR/IR-Indirect Good,DUPLICATE PAYMENT same reference,838843.99,710884.74,10/9/2026,KZ,2610001212,CP,Firm - 2%-New Sec-393(1)6(i),2,-14217.69
1079,DUP0250B,Duplicate Payment Traders,DUPFS9722M,13242693,10/1/2026,PAY-2010,,16290008,GR/IR-Indirect Good,Payment original,296624.21,251376.45,10/8/2026,KZ,2610001213,CP,Firm - 2%-New Sec-393(1)6(i),2,-5027.53
1079,DUP0250B,Duplicate Payment Traders,DUPFS9722M,17634529,10/3/2026,PAY-2010,3400001214,16290008,GR/IR-Indirect Good,DUPLICATE PAYMENT same reference,296624.21,251376.45,10/9/2026,KZ,2610001214,CP,Firm - 2%-New Sec-393(1)6(i),2,-5027.53
1079,DUP0250B,Duplicate Payment Traders,DUPFS9722M,8748044,10/4/2026,PAY-2011,3400001215,16290008,GR/IR-Indirect Good,Payment original,565340.34,479101.98,10/8/2026,KZ,2610001215,CP,Firm - 2%-New Sec-393(1)6(i),2,-9582.04
1079,DUP0250B,Duplicate Payment Traders,DUPFS9722M,6664126,9/23/2026,PAY-2011,3400001216,16290008,GR/IR-Indirect Good,DUPLICATE PAYMENT same reference,565340.34,479101.98,10/9/2026,KZ,2610001216,CP,Firm - 2%-New Sec-393(1)6(i),2,-9582.04
1001,CRN0251D,Credit Note Solutions Pvt Ltd,CRECD8281T,16559857,10/24/2026,CN/2026/0001,,54200001,Non-Comp-393(1)6(ii),CREDIT NOTE — TDS reversal,-898443.27,-761392.6,11/5/2026,KA,2310001217,JP,Prof. Serv. Fees@10%-CO-NS393(1)6(iii)(b,10,76139.26
1079,CRN0251D,Credit Note Solutions Pvt Ltd,CRECD8281T,24744960,11/1/2026,CN/2026/0002,,16290019,Non-Comp-393(1)6(ii),CREDIT NOTE — TDS reversal,-660307.37,-559582.52,11/5/2026,KA,2310001218,JP,Prof. Serv. Fees@10%-CO-NS393(1)6(iii)(b,10,55958.25
1081,CRN0251D,Credit Note Solutions Pvt Ltd,CRECD8281T,9877298,11/3/2026,CN/2026/0003,3400001219,54210099,Professional- Others,CREDIT NOTE — TDS reversal,-292861.14,-248187.41,11/5/2026,KA,2310001219,JP,Prof. Serv. Fees@10%-CO-NS393(1)6(iii)(b,10,24818.74
1001,CRN0251D,Credit Note Solutions Pvt Ltd,CRECD8281T,19457190,10/28/2026,CN/2026/0004,3400001220,16290019,Non-Comp-393(1)6(ii),CREDIT NOTE — TDS reversal,-859169.32,-728109.59,11/5/2026,KA,2310001220,JI,TechServFees@2%-IndHUF:NS393(1)6(iii)(a),2,14562.19
1079,CRN0251D,Credit Note Solutions Pvt Ltd,CRECD8281T,15080569,10/24/2026,CN/2026/0005,,16290019,Non-Comp-393(1)6(ii),CREDIT NOTE — TDS reversal,-129566.04,-109801.73,11/5/2026,KA,2310001221,JI,TechServFees@2%-IndHUF:NS393(1)6(iii)(a),2,2196.03
1081,CRN0251D,Credit Note Solutions Pvt Ltd,CRECD8281T,24883754,10/25/2026,CN/2026/0006,3400001222,54210099,Professional- Others,CREDIT NOTE — TDS reversal,-1017458.61,-862253.06,11/5/2026,KA,2310001222,JP,Prof. Serv. Fees@10%-CO-NS393(1)6(iii)(b,10,86225.31
1001,CRN0251D,Credit Note Solutions Pvt Ltd,CRECD8281T,19498483,11/3/2026,CN/2026/0007,,16290019,Non-Comp-393(1)6(ii),CREDIT NOTE — TDS reversal,-700597.93,-593727.06,11/5/2026,KA,2310001223,JP,Prof. Serv. Fees@10%-CO-NS393(1)6(iii)(b,10,59372.71
1079,CRN0251D,Credit Note Solutions Pvt Ltd,CRECD8281T,24663242,10/26/2026,CN/2026/0008,3400001224,16290019,Non-Comp-393(1)6(ii),CREDIT NOTE — TDS reversal,-1044561.98,-885222.02,11/5/2026,KA,2310001224,JI,TechServFees@2%-IndHUF:NS393(1)6(iii)(a),2,17704.44
1081,CRN0251D,Credit Note Solutions Pvt Ltd,CRECD8281T,5876589,11/1/2026,CN/2026/0009,,16290019,Non-Comp-393(1)6(ii),CREDIT NOTE — TDS reversal,-253128.82,-214515.95,11/5/2026,KA,2310001225,JP,Prof. Serv. Fees@10%-CO-NS393(1)6(iii)(b,10,21451.6
1001,CRN0251D,Credit Note Solutions Pvt Ltd,CRECD8281T,2892683,10/23/2026,CN/2026/0010,3400001226,54210099,Professional- Others,CREDIT NOTE — TDS reversal,-274095.51,-232284.33,11/5/2026,KA,2310001226,JP,Prof. Serv. Fees@10%-CO-NS393(1)6(iii)(b,10,23228.43
1079,CRN0251D,Credit Note Solutions Pvt Ltd,CRECD8281T,2015825,10/22/2026,CN/2026/0011,3400001227,54210099,Professional- Others,CREDIT NOTE — TDS reversal,-834780.76,-707441.32,11/5/2026,KA,2310001227,JP,Prof. Serv. Fees@10%-CO-NS393(1)6(iii)(b,10,70744.13
1081,CRN0251D,Credit Note Solutions Pvt Ltd,CRECD8281T,15990220,10/27/2026,CN/2026/0012,3400001228,16290019,Non-Comp-393(1)6(ii),CREDIT NOTE — TDS reversal,-309951.77,-262670.99,11/5/2026,KA,2310001228,JI,TechServFees@2%-IndHUF:NS393(1)6(iii)(a),2,5253.42
1001,CRN0251D,Credit Note Solutions Pvt Ltd,CRECD8281T,1224427,11/4/2026,CN/2026/0013,3400001229,16290019,Non-Comp-393(1)6(ii),CREDIT NOTE — TDS reversal,-120884.62,-102444.59,11/5/2026,KA,2310001229,JP,Prof. Serv. Fees@10%-CO-NS393(1)6(iii)(b,10,10244.46
1079,CRN0251D,Credit Note Solutions Pvt Ltd,CRECD8281T,8132099,10/23/2026,CN/2026/0014,3400001230,54210099,Professional- Others,CREDIT NOTE — TDS reversal,-450940.17,-382152.69,11/5/2026,KA,2310001230,JP,Prof. Serv. Fees@10%-CO-NS393(1)6(iii)(b,10,38215.27
1081,CRN0251D,Credit Note Solutions Pvt Ltd,CRECD8281T,22125436,10/22/2026,CN/2026/0015,3400001231,54200001,Non-Comp-393(1)6(ii),CREDIT NOTE — TDS reversal,-188618.09,-159845.84,11/5/2026,KA,2310001231,JP,Prof. Serv. Fees@10%-CO-NS393(1)6(iii)(b,10,15984.58
1001,CRN0251D,Credit Note Solutions Pvt Ltd,CRECD8281T,17325488,10/26/2026,CN/2026/0016,,54200001,Non-Comp-393(1)6(ii),CREDIT NOTE — TDS reversal,-239982.15,-203374.7,11/5/2026,KA,2310001232,JP,Prof. Serv. Fees@10%-CO-NS393(1)6(iii)(b,10,20337.47
1079,CRN0251D,Credit Note Solutions Pvt Ltd,CRECD8281T,17485463,10/19/2026,CN/2026/0017,3400001233,54210099,Professional- Others,CREDIT NOTE — TDS reversal,-699661.57,-592933.53,11/5/2026,KA,2310001233,JP,Prof. Serv. Fees@10%-CO-NS393(1)6(iii)(b,10,59293.35
1081,CRN0251D,Credit Note Solutions Pvt Ltd,CRECD8281T,14603522,11/1/2026,CN/2026/0018,,54210099,Professional- Others,CREDIT NOTE — TDS reversal,-294605.25,-249665.47,11/5/2026,KA,2310001234,JP,Prof. Serv. Fees@10%-CO-NS393(1)6(iii)(b,10,24966.55
1001,CRN0251D,Credit Note Solutions Pvt Ltd,CRECD8281T,10444661,10/24/2026,CN/2026/0019,3400001235,54200001,Non-Comp-393(1)6(ii),CREDIT NOTE — TDS reversal,-698807.87,-592210.06,11/5/2026,KA,2310001235,JP,Prof. Serv. Fees@10%-CO-NS393(1)6(iii)(b,10,59221.01
1079,CRN0251D,Credit Note Solutions Pvt Ltd,CRECD8281T,14544107,10/17/2026,CN/2026/0020,3400001236,54210099,Professional- Others,CREDIT NOTE — TDS reversal,-930103.75,-788223.52,11/5/2026,KA,2310001236,JP,Prof. Serv. Fees@10%-CO-NS393(1)6(iii)(b,10,78822.35
1001,DBN0252H,Debit Note Materials Ltd,DEBCD6434Z,5218092,11/11/2026,DN/2026/0001,,16290053,COMP-393(1)8(ii),DEBIT NOTE — additional charge,732951.88,621145.66,11/15/2026,KA,2310001237,LP,Purc of Good-0.1%PMTCOM-PNS393(1)8(ii),0.1,-621.15
1079,DBN0252H,Debit Note Materials Ltd,DEBCD6434Z,7339797,11/7/2026,DN/2026/0002,,50258000,Purch Offset Account,DEBIT NOTE — additional charge,1402950.91,1188941.45,11/15/2026,KA,2310001238,LP,Purc of Good-0.1%PMTCOM-PNS393(1)8(ii),0.1,-1188.94
1081,DBN0252H,Debit Note Materials Ltd,DEBCD6434Z,8796092,11/12/2026,DN/2026/0003,,16290053,COMP-393(1)8(ii),DEBIT NOTE — additional charge,741970.06,628788.19,11/15/2026,KA,2310001239,LP,Purc of Good-0.1%PMTCOM-PNS393(1)8(ii),0.1,-628.79
1001,DBN0252H,Debit Note Materials Ltd,DEBCD6434Z,15481012,11/12/2026,DN/2026/0004,3400001240,16290053,COMP-393(1)8(ii),DEBIT NOTE — additional charge,2382711.09,2019246.69,11/15/2026,KA,2310001240,LP,Purc of Good-0.1%PMTCOM-PNS393(1)8(ii),0.1,-2019.25
1079,DBN0252H,Debit Note Materials Ltd,DEBCD6434Z,11862522,11/13/2026,DN/2026/0005,3400001241,50258000,Purch Offset Account,DEBIT NOTE — additional charge,2117043.75,1794104.87,11/15/2026,KA,2310001241,LP,Purc of Good-0.1%PMTCOM-PNS393(1)8(ii),0.1,-1794.1
1081,DBN0252H,Debit Note Materials Ltd,DEBCD6434Z,24445504,11/2/2026,DN/2026/0006,,50080002,Retro Price Chan-Mat,DEBIT NOTE — additional charge,2439059.24,2066999.36,11/15/2026,KA,2310001242,LP,Purc of Good-0.1%PMTCOM-PNS393(1)8(ii),0.1,-2067.0
1001,DBN0252H,Debit Note Materials Ltd,DEBCD6434Z,24686363,10/26/2026,DN/2026/0007,3400001243,50080002,Retro Price Chan-Mat,DEBIT NOTE — additional charge,1790260.81,1517170.18,11/15/2026,KA,2310001243,LP,Purc of Good-0.1%PMTCOM-PNS393(1)8(ii),0.1,-1517.17
1079,DBN0252H,Debit Note Materials Ltd,DEBCD6434Z,7906290,11/14/2026,DN/2026/0008,3400001244,16290054,OTH-393(1)8(ii),DEBIT NOTE — additional charge,2359132.36,1999264.71,11/15/2026,KA,2310001244,LP,Purc of Good-0.1%PMTCOM-PNS393(1)8(ii),0.1,-1999.26
1081,DBN0252H,Debit Note Materials Ltd,DEBCD6434Z,22414853,11/8/2026,DN/2026/0009,3400001245,50258000,Purch Offset Account,DEBIT NOTE — additional charge,2274661.57,1927679.3,11/15/2026,KA,2310001245,LP,Purc of Good-0.1%PMTCOM-PNS393(1)8(ii),0.1,-1927.68
1001,DBN0252H,Debit Note Materials Ltd,DEBCD6434Z,8345665,10/26/2026,DN/2026/0010,,50080002,Retro Price Chan-Mat,DEBIT NOTE — additional charge,2307581.9,1955577.88,11/15/2026,KA,2310001246,LP,Purc of Good-0.1%PMTCOM-PNS393(1)8(ii),0.1,-1955.58
1079,DBN0252H,Debit Note Materials Ltd,DEBCD6434Z,10842338,10/29/2026,DN/2026/0011,3400001247,16290053,COMP-393(1)8(ii),DEBIT NOTE — additional charge,1550194.12,1313723.83,11/15/2026,KA,2310001247,LP,Purc of Good-0.1%PMTCOM-PNS393(1)8(ii),0.1,-1313.72
1081,DBN0252H,Debit Note Materials Ltd,DEBCD6434Z,18359429,10/29/2026,DN/2026/0012,,16290053,COMP-393(1)8(ii),DEBIT NOTE — additional charge,2261098.75,1916185.38,11/15/2026,KA,2310001248,LP,Purc of Good-0.1%PMTCOM-PNS393(1)8(ii),0.1,-1916.19
1001,DBN0252H,Debit Note Materials Ltd,DEBCD6434Z,4425115,11/6/2026,DN/2026/0013,3400001249,50258000,Purch Offset Account,DEBIT NOTE — additional charge,1827405.01,1548648.31,11/15/2026,KA,2310001249,LP,Purc of Good-0.1%PMTCOM-PNS393(1)8(ii),0.1,-1548.65
1079,DBN0252H,Debit Note Materials Ltd,DEBCD6434Z,1130390,11/1/2026,DN/2026/0014,,50080002,Retro Price Chan-Mat,DEBIT NOTE — additional charge,940022.81,796629.5,11/15/2026,KA,2310001250,LP,Purc of Good-0.1%PMTCOM-PNS393(1)8(ii),0.1,-796.63
1081,DBN0252H,Debit Note Materials Ltd,DEBCD6434Z,13086190,11/15/2026,DN/2026/0015,,50258000,Purch Offset Account,DEBIT NOTE — additional charge,2859417.87,2423235.48,11/15/2026,KA,2310001251,LP,Purc of Good-0.1%PMTCOM-PNS393(1)8(ii),0.1,-2423.24
1001,DBN0252H,Debit Note Materials Ltd,DEBCD6434Z,12634782,11/6/2026,DN/2026/0016,3400001252,16290054,OTH-393(1)8(ii),DEBIT NOTE — additional charge,1831016.25,1551708.69,11/15/2026,KA,2310001252,LP,Purc of Good-0.1%PMTCOM-PNS393(1)8(ii),0.1,-1551.71
1079,DBN0252H,Debit Note Materials Ltd,DEBCD6434Z,24789452,10/31/2026,DN/2026/0017,3400001253,50080002,Retro Price Chan-Mat,DEBIT NOTE — additional charge,2114822.42,1792222.39,11/15/2026,KA,2310001253,LP,Purc of Good-0.1%PMTCOM-PNS393(1)8(ii),0.1,-1792.22
1081,DBN0252H,Debit Note Materials Ltd,DEBCD6434Z,14691325,10/28/2026,DN/2026/0018,3400001254,50258000,Purch Offset Account,DEBIT NOTE — additional charge,1854126.39,1571293.55,11/15/2026,KA,2310001254,LP,Purc of Good-0.1%PMTCOM-PNS393(1)8(ii),0.1,-1571.29
1001,DBN0252H,Debit Note Materials Ltd,DEBCD6434Z,15112744,11/2/2026,DN/2026/0019,3400001255,50258000,Purch Offset Account,DEBIT NOTE — additional charge,2739207.04,2321361.9,11/15/2026,KA,2310001255,LP,Purc of Good-0.1%PMTCOM-PNS393(1)8(ii),0.1,-2321.36
1079,DBN0252H,Debit Note Materials Ltd,DEBCD6434Z,9373749,11/14/2026,DN/2026/0020,3400001256,50258000,Purch Offset Account,DEBIT NOTE — additional charge,1262671.74,1070060.8,11/15/2026,KA,2310001256,LP,Purc of Good-0.1%PMTCOM-PNS393(1)8(ii),0.1,-1070.06
1001,ADV0247A,Advance Payment Contractors Pvt Ltd,ADVCD8622X,4602563,7/2/2026,ADVANCE,,16290008,GR/IR-Indirect Good,ADVANCE PAYMENT — TDS not deducted,959175.54,812860.63,7/20/2026,KA,2310001257,CP,Cont. Cos - 2%-New Sec-393(1)6(i),0,0.0
1079,ADV0247A,Advance Payment Contractors Pvt Ltd,ADVCD8622X,22773201,7/11/2026,ADVANCE,,16290008,GR/IR-Indirect Good,ADVANCE PAYMENT — TDS not deducted,621240.62,526475.1,7/20/2026,KA,2310001258,CP,Cont. Cos - 2%-New Sec-393(1)6(i),0,0.0
1081,ADV0247A,Advance Payment Contractors Pvt Ltd,ADVCD8622X,19171885,7/1/2026,ADVANCE,,16290008,GR/IR-Indirect Good,ADVANCE PAYMENT — TDS not deducted,923977.43,783031.72,7/20/2026,KA,2310001259,CP,Cont. Cos - 2%-New Sec-393(1)6(i),0,0.0
1001,ADV0247A,Advance Payment Contractors Pvt Ltd,ADVCD8622X,7666874,7/13/2026,ADVANCE,3400001260,16290008,GR/IR-Indirect Good,ADVANCE PAYMENT — TDS not deducted,987240.85,836644.79,7/20/2026,KA,2310001260,CP,Cont. Cos - 2%-New Sec-393(1)6(i),0,0.0
1079,ADV0247A,Advance Payment Contractors Pvt Ltd,ADVCD8622X,24202533,7/7/2026,ADVANCE,3400001261,16290008,GR/IR-Indirect Good,ADVANCE PAYMENT — TDS not deducted,197189.99,167110.16,7/20/2026,KA,2310001261,CP,Cont. Cos - 2%-New Sec-393(1)6(i),0,0.0
1081,ADV0247A,Advance Payment Contractors Pvt Ltd,ADVCD8622X,17514862,7/20/2026,ADVANCE,3400001262,16290008,GR/IR-Indirect Good,ADVANCE PAYMENT — TDS not deducted,94218.83,79846.47,7/20/2026,KA,2310001262,CP,Cont. Cos - 2%-New Sec-393(1)6(i),0,0.0
1001,ADV0247A,Advance Payment Contractors Pvt Ltd,ADVCD8622X,17332615,7/11/2026,ADVANCE,3400001263,16290008,GR/IR-Indirect Good,ADVANCE PAYMENT — TDS not deducted,852526.35,722479.96,7/20/2026,KA,2310001263,CP,Cont. Cos - 2%-New Sec-393(1)6(i),0,0.0
1079,ADV0247A,Advance Payment Contractors Pvt Ltd,ADVCD8622X,13571646,7/11/2026,ADVANCE,3400001264,16290008,GR/IR-Indirect Good,ADVANCE PAYMENT — TDS not deducted,304292.61,257875.09,7/20/2026,KA,2310001264,CP,Cont. Cos - 2%-New Sec-393(1)6(i),0,0.0
1081,ADV0247A,Advance Payment Contractors Pvt Ltd,ADVCD8622X,22963095,7/16/2026,ADVANCE,3400001265,16290008,GR/IR-Indirect Good,ADVANCE PAYMENT — TDS not deducted,715029.66,605957.34,7/20/2026,KA,2310001265,CP,Cont. Cos - 2%-New Sec-393(1)6(i),0,0.0
1001,ADV0247A,Advance Payment Contractors Pvt Ltd,ADVCD8622X,21171851,7/17/2026,ADVANCE,3400001266,16290008,GR/IR-Indirect Good,ADVANCE PAYMENT — TDS not deducted,203269.07,172261.92,7/20/2026,KA,2310001266,CP,Cont. Cos - 2%-New Sec-393(1)6(i),0,0.0
1079,ADV0247A,Advance Payment Contractors Pvt Ltd,ADVCD8622X,20607853,7/2/2026,ADVANCE,3400001267,16290008,GR/IR-Indirect Good,ADVANCE PAYMENT — TDS not deducted,159601.09,135255.16,7/20/2026,KA,2310001267,CP,Cont. Cos - 2%-New Sec-393(1)6(i),0,0.0
1081,ADV0247A,Advance Payment Contractors Pvt Ltd,ADVCD8622X,17911684,7/10/2026,ADVANCE,3400001268,16290008,GR/IR-Indirect Good,ADVANCE PAYMENT — TDS not deducted,534477.5,452947.03,7/20/2026,KA,2310001268,CP,Cont. Cos - 2%-New Sec-393(1)6(i),0,0.0
1001,ADV0247A,Advance Payment Contractors Pvt Ltd,ADVCD8622X,1523382,7/16/2026,ADVANCE,,16290008,GR/IR-Indirect Good,ADVANCE PAYMENT — TDS not deducted,742276.04,629047.49,7/20/2026,KA,2310001269,CP,Cont. Cos - 2%-New Sec-393(1)6(i),0,0.0
1079,ADV0247A,Advance Payment Contractors Pvt Ltd,ADVCD8622X,23669937,7/10/2026,ADVANCE,,16290008,GR/IR-Indirect Good,ADVANCE PAYMENT — TDS not deducted,178290.84,151093.93,7/20/2026,KA,2310001270,CP,Cont. Cos - 2%-New Sec-393(1)6(i),0,0.0
1081,ADV0247A,Advance Payment Contractors Pvt Ltd,ADVCD8622X,12285914,7/8/2026,ADVANCE,3400001271,16290008,GR/IR-Indirect Good,ADVANCE PAYMENT — TDS not deducted,913281.18,773967.1,7/20/2026,KA,2310001271,CP,Cont. Cos - 2%-New Sec-393(1)6(i),0,0.0
1001,ADV0247A,Advance Payment Contractors Pvt Ltd,ADVCD8622X,13336196,7/8/2026,ADVANCE,3400001272,16290008,GR/IR-Indirect Good,ADVANCE PAYMENT — TDS not deducted,998890.89,846517.7,7/20/2026,KA,2310001272,CP,Cont. Cos - 2%-New Sec-393(1)6(i),0,0.0
1079,ADV0247A,Advance Payment Contractors Pvt Ltd,ADVCD8622X,16631130,7/11/2026,ADVANCE,3400001273,16290008,GR/IR-Indirect Good,ADVANCE PAYMENT — TDS not deducted,845955.81,716911.7,7/20/2026,KA,2310001273,CP,Cont. Cos - 2%-New Sec-393(1)6(i),0,0.0
1081,ADV0247A,Advance Payment Contractors Pvt Ltd,ADVCD8622X,15653214,7/13/2026,ADVANCE,,16290008,GR/IR-Indirect Good,ADVANCE PAYMENT — TDS not deducted,245927.92,208413.49,7/20/2026,KA,2310001274,CP,Cont. Cos - 2%-New Sec-393(1)6(i),0,0.0
1001,ADV0247A,Advance Payment Contractors Pvt Ltd,ADVCD8622X,8031527,7/17/2026,ADVANCE,3400001275,16290008,GR/IR-Indirect Good,ADVANCE PAYMENT — TDS not deducted,286868.33,243108.75,7/20/2026,KA,2310001275,CP,Cont. Cos - 2%-New Sec-393(1)6(i),0,0.0
1079,ADV0247A,Advance Payment Contractors Pvt Ltd,ADVCD8622X,23531597,7/6/2026,ADVANCE,3400001276,16290008,GR/IR-Indirect Good,ADVANCE PAYMENT — TDS not deducted,383730.42,325195.27,7/20/2026,KA,2310001276,CP,Cont. Cos - 2%-New Sec-393(1)6(i),0,0.0
1081,ADV0247A,Advance Payment Contractors Pvt Ltd,ADVCD8622X,3165985,7/4/2026,ADVANCE,3400001277,16290008,GR/IR-Indirect Good,ADVANCE PAYMENT — TDS not deducted,200257.09,169709.4,7/20/2026,KA,2310001277,CP,Cont. Cos - 2%-New Sec-393(1)6(i),0,0.0
1001,ADV0247A,Advance Payment Contractors Pvt Ltd,ADVCD8622X,2006802,7/16/2026,ADVANCE,3400001278,16290008,GR/IR-Indirect Good,ADVANCE PAYMENT — TDS not deducted,156615.67,132725.14,7/20/2026,KA,2310001278,CP,Cont. Cos - 2%-New Sec-393(1)6(i),0,0.0
1079,ADV0247A,Advance Payment Contractors Pvt Ltd,ADVCD8622X,6942888,7/6/2026,ADVANCE,,16290008,GR/IR-Indirect Good,ADVANCE PAYMENT — TDS not deducted,282300.43,239237.65,7/20/2026,KA,2310001279,CP,Cont. Cos - 2%-New Sec-393(1)6(i),0,0.0
1081,ADV0247A,Advance Payment Contractors Pvt Ltd,ADVCD8622X,9683886,7/2/2026,ADVANCE,,16290008,GR/IR-Indirect Good,ADVANCE PAYMENT — TDS not deducted,68215.86,57810.05,7/20/2026,KA,2310001280,CP,Cont. Cos - 2%-New Sec-393(1)6(i),0,0.0
1001,ADV0247A,Advance Payment Contractors Pvt Ltd,ADVCD8622X,9859039,7/1/2026,ADVANCE,,16290008,GR/IR-Indirect Good,ADVANCE PAYMENT — TDS not deducted,230136.78,195031.17,7/20/2026,KA,2310001281,CP,Cont. Cos - 2%-New Sec-393(1)6(i),0,0.0
1001,ADV0247A,Advance Payment Contractors Pvt Ltd,ADVCD8622X,21405315,7/9/2026,ADVANCE,3400001282,16290008,GR/IR-Indirect Good,ADVANCE PAYMENT — TDS correctly deducted,644803.94,546444.02,7/22/2026,KA,2310001282,CP,Cont. Cos - 2%-New Sec-393(1)6(i),2,-10928.88
1079,ADV0247A,Advance Payment Contractors Pvt Ltd,ADVCD8622X,14540051,7/17/2026,ADVANCE,3400001283,16290008,GR/IR-Indirect Good,ADVANCE PAYMENT — TDS correctly deducted,47045.89,39869.4,7/22/2026,KA,2310001283,CP,Cont. Cos - 2%-New Sec-393(1)6(i),2,-797.39
1081,ADV0247A,Advance Payment Contractors Pvt Ltd,ADVCD8622X,20232569,7/21/2026,ADVANCE,3400001284,16290008,GR/IR-Indirect Good,ADVANCE PAYMENT — TDS correctly deducted,922788.39,782024.06,7/22/2026,KA,2310001284,CP,Cont. Cos - 2%-New Sec-393(1)6(i),2,-15640.48
1001,ADV0247A,Advance Payment Contractors Pvt Ltd,ADVCD8622X,13044517,7/12/2026,ADVANCE,3400001285,16290008,GR/IR-Indirect Good,ADVANCE PAYMENT — TDS correctly deducted,198135.7,167911.61,7/22/2026,KA,2310001285,CP,Cont. Cos - 2%-New Sec-393(1)6(i),2,-3358.23
1079,ADV0247A,Advance Payment Contractors Pvt Ltd,ADVCD8622X,12891615,7/17/2026,ADVANCE,3400001286,16290008,GR/IR-Indirect Good,ADVANCE PAYMENT — TDS correctly deducted,316083.67,267867.52,7/22/2026,KA,2310001286,CP,Cont. Cos - 2%-New Sec-393(1)6(i),2,-5357.35
1081,ADV0247A,Advance Payment Contractors Pvt Ltd,ADVCD8622X,13579030,7/15/2026,ADVANCE,3400001287,16290008,GR/IR-Indirect Good,ADVANCE PAYMENT — TDS correctly deducted,390872.6,331247.97,7/22/2026,KA,2310001287,CP,Cont. Cos - 2%-New Sec-393(1)6(i),2,-6624.96
1001,ADV0247A,Advance Payment Contractors Pvt Ltd,ADVCD8622X,24649688,7/19/2026,ADVANCE,3400001288,16290008,GR/IR-Indirect Good,ADVANCE PAYMENT — TDS correctly deducted,115533.85,97910.04,7/22/2026,KA,2310001288,CP,Cont. Cos - 2%-New Sec-393(1)6(i),2,-1958.2
1079,ADV0247A,Advance Payment Contractors Pvt Ltd,ADVCD8622X,6370277,7/3/2026,ADVANCE,3400001289,16290008,GR/IR-Indirect Good,ADVANCE PAYMENT — TDS correctly deducted,454006.79,384751.52,7/22/2026,KA,2310001289,CP,Cont. Cos - 2%-New Sec-393(1)6(i),2,-7695.03
1081,ADV0247A,Advance Payment Contractors Pvt Ltd,ADVCD8622X,5245316,7/10/2026,ADVANCE,3400001290,16290008,GR/IR-Indirect Good,ADVANCE PAYMENT — TDS correctly deducted,311949.97,264364.38,7/22/2026,KA,2310001290,CP,Cont. Cos - 2%-New Sec-393(1)6(i),2,-5287.29
1001,ADV0247A,Advance Payment Contractors Pvt Ltd,ADVCD8622X,6852716,7/14/2026,ADVANCE,,16290008,GR/IR-Indirect Good,ADVANCE PAYMENT — TDS correctly deducted,407149.21,345041.7,7/22/2026,KA,2310001291,CP,Cont. Cos - 2%-New Sec-393(1)6(i),2,-6900.83
1079,ADV0247A,Advance Payment Contractors Pvt Ltd,ADVCD8622X,14838692,7/5/2026,ADVANCE,3400001292,16290008,GR/IR-Indirect Good,ADVANCE PAYMENT — TDS correctly deducted,382650.82,324280.36,7/22/2026,KA,2310001292,CP,Cont. Cos - 2%-New Sec-393(1)6(i),2,-6485.61
1081,ADV0247A,Advance Payment Contractors Pvt Ltd,ADVCD8622X,19919761,7/4/2026,ADVANCE,,16290008,GR/IR-Indirect Good,ADVANCE PAYMENT — TDS correctly deducted,476453.01,403773.74,7/22/2026,KA,2310001293,CP,Cont. Cos - 2%-New Sec-393(1)6(i),2,-8075.47
1001,ADV0247A,Advance Payment Contractors Pvt Ltd,ADVCD8622X,12164130,7/7/2026,ADVANCE,3400001294,16290008,GR/IR-Indirect Good,ADVANCE PAYMENT — TDS correctly deducted,373170.0,316245.76,7/22/2026,KA,2310001294,CP,Cont. Cos - 2%-New Sec-393(1)6(i),2,-6324.92
1079,ADV0247A,Advance Payment Contractors Pvt Ltd,ADVCD8622X,9205506,7/8/2026,ADVANCE,,16290008,GR/IR-Indirect Good,ADVANCE PAYMENT — TDS correctly deducted,508847.31,431226.53,7/22/2026,KA,2310001295,CP,Cont. Cos - 2%-New Sec-393(1)6(i),2,-8624.53
1081,ADV0247A,Advance Payment Contractors Pvt Ltd,ADVCD8622X,17018952,7/21/2026,ADVANCE,3400001296,16290008,GR/IR-Indirect Good,ADVANCE PAYMENT — TDS correctly deducted,567274.76,480741.32,7/22/2026,KA,2310001296,CP,Cont. Cos - 2%-New Sec-393(1)6(i),2,-9614.83
1001,ADV0247A,Advance Payment Contractors Pvt Ltd,ADVCD8622X,2128332,7/9/2026,ADVANCE,3400001297,16290008,GR/IR-Indirect Good,ADVANCE PAYMENT — TDS correctly deducted,942409.67,798652.26,7/22/2026,KA,2310001297,CP,Cont. Cos - 2%-New Sec-393(1)6(i),2,-15973.05
1079,ADV0247A,Advance Payment Contractors Pvt Ltd,ADVCD8622X,14923210,7/9/2026,ADVANCE,3400001298,16290008,GR/IR-Indirect Good,ADVANCE PAYMENT — TDS correctly deducted,554335.98,469776.25,7/22/2026,KA,2310001298,CP,Cont. Cos - 2%-New Sec-393(1)6(i),2,-9395.52
1081,ADV0247A,Advance Payment Contractors Pvt Ltd,ADVCD8622X,11819803,7/2/2026,ADVANCE,,16290008,GR/IR-Indirect Good,ADVANCE PAYMENT — TDS correctly deducted,597169.13,506075.53,7/22/2026,KA,2310001299,CP,Cont. Cos - 2%-New Sec-393(1)6(i),2,-10121.51
1001,ADV0247A,Advance Payment Contractors Pvt Ltd,ADVCD8622X,23112685,7/11/2026,ADVANCE,3400001300,16290008,GR/IR-Indirect Good,ADVANCE PAYMENT — TDS correctly deducted,776342.07,657917.01,7/22/2026,KA,2310001300,CP,Cont. Cos - 2%-New Sec-393(1)6(i),2,-13158.34
1079,ADV0247A,Advance Payment Contractors Pvt Ltd,ADVCD8622X,2528802,7/7/2026,ADVANCE,3400001301,16290008,GR/IR-Indirect Good,ADVANCE PAYMENT — TDS correctly deducted,499897.36,423641.83,7/22/2026,KA,2310001301,CP,Cont. Cos - 2%-New Sec-393(1)6(i),2,-8472.84
1001,ADV0248A,Partial Advance Builders,PARFS8243S,5592143,7/22/2026,PARTIAL-ADV/1,3400001302,16290008,GR/IR-Indirect Good,PARTIAL ADVANCE against PO,93613.13,79333.16,8/1/2026,KA,2310001302,CP,Firm - 2%-New Sec-393(1)6(i),2,-1586.66
1079,ADV0248A,Partial Advance Builders,PARFS8243S,4572104,7/14/2026,PARTIAL-ADV/2,,16290008,GR/IR-Indirect Good,PARTIAL ADVANCE against PO,82128.68,69600.58,8/1/2026,KA,2310001303,CP,Firm - 2%-New Sec-393(1)6(i),2,-1392.01
1081,ADV0248A,Partial Advance Builders,PARFS8243S,12730108,7/29/2026,PARTIAL-ADV/3,3400001304,16290008,GR/IR-Indirect Good,PARTIAL ADVANCE against PO,313189.74,265415.03,8/1/2026,KA,2310001304,CP,Firm - 2%-New Sec-393(1)6(i),2,-5308.3
1001,ADV0248A,Partial Advance Builders,PARFS8243S,5079492,7/31/2026,PARTIAL-ADV/4,3400001305,16290008,GR/IR-Indirect Good,PARTIAL ADVANCE against PO,140355.18,118945.07,8/1/2026,KA,2310001305,CP,Firm - 2%-New Sec-393(1)6(i),2,-2378.9
1079,ADV0248A,Partial Advance Builders,PARFS8243S,22210609,7/12/2026,PARTIAL-ADV/5,3400001306,16290008,GR/IR-Indirect Good,PARTIAL ADVANCE against PO,52051.04,44111.05,8/1/2026,KA,2310001306,CP,Firm - 2%-New Sec-393(1)6(i),2,-882.22
1081,ADV0248A,Partial Advance Builders,PARFS8243S,19106849,7/25/2026,PARTIAL-ADV/6,,16290008,GR/IR-Indirect Good,PARTIAL ADVANCE against PO,41430.33,35110.45,8/1/2026,KA,2310001307,CP,Firm - 2%-New Sec-393(1)6(i),2,-702.21
1001,ADV0248A,Partial Advance Builders,PARFS8243S,22196933,7/24/2026,PARTIAL-ADV/7,3400001308,16290008,GR/IR-Indirect Good,PARTIAL ADVANCE against PO,115734.05,98079.7,8/1/2026,KA,2310001308,CP,Firm - 2%-New Sec-393(1)6(i),2,-1961.59
1079,ADV0248A,Partial Advance Builders,PARFS8243S,5738128,7/29/2026,PARTIAL-ADV/8,3400001309,16290008,GR/IR-Indirect Good,PARTIAL ADVANCE against PO,138731.92,117569.42,8/1/2026,KA,2310001309,CP,Firm - 2%-New Sec-393(1)6(i),2,-2351.39
1081,ADV0248A,Partial Advance Builders,PARFS8243S,15125548,7/13/2026,PARTIAL-ADV/9,,16290008,GR/IR-Indirect Good,PARTIAL ADVANCE against PO,139704.33,118393.5,8/1/2026,KA,2310001310,CP,Firm - 2%-New Sec-393(1)6(i),2,-2367.87
1001,ADV0248A,Partial Advance Builders,PARFS8243S,24512245,7/13/2026,PARTIAL-ADV/10,3400001311,16290008,GR/IR-Indirect Good,PARTIAL ADVANCE against PO,279162.13,236578.08,8/1/2026,KA,2310001311,CP,Firm - 2%-New Sec-393(1)6(i),2,-4731.56
1079,ADV0248A,Partial Advance Builders,PARFS8243S,14465226,7/30/2026,PARTIAL-ADV/11,3400001312,16290008,GR/IR-Indirect Good,PARTIAL ADVANCE against PO,286830.51,243076.7,8/1/2026,KA,2310001312,CP,Firm - 2%-New Sec-393(1)6(i),2,-4861.53
1081,ADV0248A,Partial Advance Builders,PARFS8243S,13926282,8/1/2026,PARTIAL-ADV/12,,16290008,GR/IR-Indirect Good,PARTIAL ADVANCE against PO,246119.09,208575.5,8/1/2026,KA,2310001313,CP,Firm - 2%-New Sec-393(1)6(i),2,-4171.51
1001,ADV0248A,Partial Advance Builders,PARFS8243S,13539680,7/17/2026,PARTIAL-ADV/13,,16290008,GR/IR-Indirect Good,PARTIAL ADVANCE against PO,279814.75,237131.14,8/1/2026,KA,2310001314,CP,Firm - 2%-New Sec-393(1)6(i),2,-4742.62
1079,ADV0248A,Partial Advance Builders,PARFS8243S,20668381,7/21/2026,PARTIAL-ADV/14,3400001315,16290008,GR/IR-Indirect Good,PARTIAL ADVANCE against PO,121280.01,102779.67,8/1/2026,KA,2310001315,CP,Firm - 2%-New Sec-393(1)6(i),2,-2055.59
1081,ADV0248A,Partial Advance Builders,PARFS8243S,3759801,7/27/2026,PARTIAL-ADV/15,,16290008,GR/IR-Indirect Good,PARTIAL ADVANCE against PO,367316.01,311284.75,8/1/2026,KA,2310001316,CP,Firm - 2%-New Sec-393(1)6(i),2,-6225.69
1001,ADV0248A,Partial Advance Builders,PARFS8243S,6104733,7/28/2026,PARTIAL-ADV/16,,16290008,GR/IR-Indirect Good,PARTIAL ADVANCE against PO,224602.53,190341.13,8/1/2026,KA,2310001317,CP,Firm - 2%-New Sec-393(1)6(i),2,-3806.82
1079,ADV0248A,Partial Advance Builders,PARFS8243S,22465173,7/15/2026,PARTIAL-ADV/17,3400001318,16290008,GR/IR-Indirect Good,PARTIAL ADVANCE against PO,180566.95,153022.84,8/1/2026,KA,2310001318,CP,Firm - 2%-New Sec-393(1)6(i),2,-3060.46
1081,ADV0248A,Partial Advance Builders,PARFS8243S,4134134,7/24/2026,PARTIAL-ADV/18,3400001319,16290008,GR/IR-Indirect Good,PARTIAL ADVANCE against PO,194923.62,165189.51,8/1/2026,KA,2310001319,CP,Firm - 2%-New Sec-393(1)6(i),2,-3303.79
1001,ADV0248A,Partial Advance Builders,PARFS8243S,15325150,7/28/2026,PARTIAL-ADV/19,3400001320,16290008,GR/IR-Indirect Good,PARTIAL ADVANCE against PO,37090.94,31433.0,8/1/2026,KA,2310001320,CP,Firm - 2%-New Sec-393(1)6(i),2,-628.66
1079,ADV0248A,Partial Advance Builders,PARFS8243S,1724414,7/23/2026,PARTIAL-ADV/20,3400001321,16290008,GR/IR-Indirect Good,PARTIAL ADVANCE against PO,349389.47,296092.77,8/1/2026,KA,2310001321,CP,Firm - 2%-New Sec-393(1)6(i),2,-5921.86
1001,MUL0260H,Multi Invoice Vendor Pvt Ltd,MULCD3317H,19629116,5/25/2026,INV/2026/01322,,16290008,GR/IR-Indirect Good,Multiple invoices same vendor #1,89720.11,76033.99,6/1/2026,KR,2510001322,CP,Cont. Cos - 2%-New Sec-393(1)6(i),2,-1520.68
1001,MUL0260H,Multi Invoice Vendor Pvt Ltd,MULCD3317H,19377768,5/30/2026,INV/2026/01323,3400001323,16290008,GR/IR-Indirect Good,Multiple invoices same vendor #2,311383.33,263884.18,6/2/2026,KR,2510001323,CP,Cont. Cos - 2%-New Sec-393(1)6(i),2,-5277.68
1001,MUL0260H,Multi Invoice Vendor Pvt Ltd,MULCD3317H,1921875,5/22/2026,INV/2026/01324,3400001324,16290008,GR/IR-Indirect Good,Multiple invoices same vendor #3,555942.34,471137.58,6/3/2026,KR,2510001324,CP,Cont. Cos - 2%-New Sec-393(1)6(i),2,-9422.75
1001,MUL0260H,Multi Invoice Vendor Pvt Ltd,MULCD3317H,8533622,5/31/2026,INV/2026/01325,3400001325,16290008,GR/IR-Indirect Good,Multiple invoices same vendor #4,792251.03,671399.18,6/4/2026,KR,2510001325,CP,Cont. Cos - 2%-New Sec-393(1)6(i),2,-13427.98
1001,MUL0260H,Multi Invoice Vendor Pvt Ltd,MULCD3317H,18914877,5/30/2026,INV/2026/01326,3400001326,16290008,GR/IR-Indirect Good,Multiple invoices same vendor #5,522730.12,442991.63,6/5/2026,KA,2310001326,CP,Cont. Cos - 2%-New Sec-393(1)6(i),2,-8859.83
1001,MUL0260H,Multi Invoice Vendor Pvt Ltd,MULCD3317H,8032935,6/2/2026,INV/2026/01327,,16290008,GR/IR-Indirect Good,Multiple invoices same vendor #6,132090.31,111940.94,6/6/2026,KR,2510001327,CP,Cont. Cos - 2%-New Sec-393(1)6(i),2,-2238.82
1001,MUL0260H,Multi Invoice Vendor Pvt Ltd,MULCD3317H,9472299,5/23/2026,INV/2026/01328,,16290008,GR/IR-Indirect Good,Multiple invoices same vendor #7,795191.84,673891.39,6/7/2026,KA,2310001328,CP,Cont. Cos - 2%-New Sec-393(1)6(i),2,-13477.83
1001,MUL0260H,Multi Invoice Vendor Pvt Ltd,MULCD3317H,16836802,6/5/2026,INV/2026/01329,3400001329,16290008,GR/IR-Indirect Good,Multiple invoices same vendor #8,628147.42,532328.32,6/8/2026,KR,2510001329,CP,Cont. Cos - 2%-New Sec-393(1)6(i),2,-10646.57
1001,MUL0260H,Multi Invoice Vendor Pvt Ltd,MULCD3317H,12652334,5/30/2026,INV/2026/01330,,16290008,GR/IR-Indirect Good,Multiple invoices same vendor #9,60071.02,50907.64,6/9/2026,KA,2310001330,CP,Cont. Cos - 2%-New Sec-393(1)6(i),2,-1018.15
1001,MUL0260H,Multi Invoice Vendor Pvt Ltd,MULCD3317H,2428370,6/4/2026,INV/2026/01331,3400001331,16290008,GR/IR-Indirect Good,Multiple invoices same vendor #10,443088.23,375498.5,6/10/2026,KR,2510001331,CP,Cont. Cos - 2%-New Sec-393(1)6(i),2,-7509.97
1001,MUL0260H,Multi Invoice Vendor Pvt Ltd,MULCD3317H,17471752,5/31/2026,INV/2026/01332,3400001332,16290008,GR/IR-Indirect Good,Multiple invoices same vendor #11,128030.0,108500.0,6/11/2026,KR,2510001332,CP,Cont. Cos - 2%-New Sec-393(1)6(i),2,-2170.0
1001,MUL0260H,Multi Invoice Vendor Pvt Ltd,MULCD3317H,14326604,5/30/2026,INV/2026/01333,,16290008,GR/IR-Indirect Good,Multiple invoices same vendor #12,628368.8,532515.93,6/12/2026,KA,2310001333,CP,Cont. Cos - 2%-New Sec-393(1)6(i),2,-10650.32
1001,MUL0260H,Multi Invoice Vendor Pvt Ltd,MULCD3317H,14958172,5/24/2026,INV/2026/01334,3400001334,16290008,GR/IR-Indirect Good,Multiple invoices same vendor #13,606601.54,514069.1,6/13/2026,KR,2510001334,CP,Cont. Cos - 2%-New Sec-393(1)6(i),2,-10281.38
1001,MUL0260H,Multi Invoice Vendor Pvt Ltd,MULCD3317H,1246639,6/5/2026,INV/2026/01335,,16290008,GR/IR-Indirect Good,Multiple invoices same vendor #14,350676.39,297183.38,6/14/2026,KR,2510001335,CP,Cont. Cos - 2%-New Sec-393(1)6(i),2,-5943.67
1001,MUL0260H,Multi Invoice Vendor Pvt Ltd,MULCD3317H,9798653,6/6/2026,INV/2026/01336,3400001336,16290008,GR/IR-Indirect Good,Multiple invoices same vendor #15,318390.49,269822.45,6/15/2026,KA,2310001336,CP,Cont. Cos - 2%-New Sec-393(1)6(i),2,-5396.45
1001,MUL0260H,Multi Invoice Vendor Pvt Ltd,MULCD3317H,24868537,6/1/2026,INV/2026/01337,,16290008,GR/IR-Indirect Good,Multiple invoices same vendor #16,489302.84,414663.42,6/16/2026,KA,2310001337,CP,Cont. Cos - 2%-New Sec-393(1)6(i),2,-8293.27
1001,MUL0260H,Multi Invoice Vendor Pvt Ltd,MULCD3317H,17552015,6/1/2026,INV/2026/01338,3400001338,16290008,GR/IR-Indirect Good,Multiple invoices same vendor #17,616324.93,522309.26,6/17/2026,KA,2310001338,CP,Cont. Cos - 2%-New Sec-393(1)6(i),2,-10446.19
1001,MUL0260H,Multi Invoice Vendor Pvt Ltd,MULCD3317H,9178095,6/8/2026,INV/2026/01339,3400001339,16290008,GR/IR-Indirect Good,Multiple invoices same vendor #18,356252.09,301908.55,6/18/2026,KR,2510001339,CP,Cont. Cos - 2%-New Sec-393(1)6(i),2,-6038.17
1001,MUL0260H,Multi Invoice Vendor Pvt Ltd,MULCD3317H,15086608,6/13/2026,INV/2026/01340,,16290008,GR/IR-Indirect Good,Multiple invoices same vendor #19,455957.3,386404.49,6/19/2026,KR,2510001340,CP,Cont. Cos - 2%-New Sec-393(1)6(i),2,-7728.09
1001,MUL0260H,Multi Invoice Vendor Pvt Ltd,MULCD3317H,16725832,6/17/2026,INV/2026/01341,,16290008,GR/IR-Indirect Good,Multiple invoices same vendor #20,293154.65,248436.14,6/20/2026,KA,2310001341,CP,Cont. Cos - 2%-New Sec-393(1)6(i),2,-4968.72
1001,MUL0260H,Multi Invoice Vendor Pvt Ltd,MULCD3317H,19273278,6/10/2026,INV/2026/01342,3400001342,16290008,GR/IR-Indirect Good,Multiple invoices same vendor #21,911199.4,772202.88,6/21/2026,KR,2510001342,CP,Cont. Cos - 2%-New Sec-393(1)6(i),2,-15444.06
1001,MUL0260H,Multi Invoice Vendor Pvt Ltd,MULCD3317H,4725646,6/7/2026,INV/2026/01343,,16290008,GR/IR-Indirect Good,Multiple invoices same vendor #22,964564.03,817427.14,6/22/2026,KR,2510001343,CP,Cont. Cos - 2%-New Sec-393(1)6(i),2,-16348.54
1001,MUL0260H,Multi Invoice Vendor Pvt Ltd,MULCD3317H,9966017,6/19/2026,INV/2026/01344,,16290008,GR/IR-Indirect Good,Multiple invoices same vendor #23,416854.19,353266.26,6/23/2026,KA,2310001344,CP,Cont. Cos - 2%-New Sec-393(1)6(i),2,-7065.33
1001,MUL0260H,Multi Invoice Vendor Pvt Ltd,MULCD3317H,14647546,6/24/2026,INV/2026/01345,3400001345,16290008,GR/IR-Indirect Good,Multiple invoices same vendor #24,821774.35,696418.94,6/24/2026,KA,2310001345,CP,Cont. Cos - 2%-New Sec-393(1)6(i),2,-13928.38
1001,MUL0260H,Multi Invoice Vendor Pvt Ltd,MULCD3317H,20010087,6/6/2026,INV/2026/01346,3400001346,16290008,GR/IR-Indirect Good,Multiple invoices same vendor #25,732025.11,620360.26,6/25/2026,KR,2510001346,CP,Cont. Cos - 2%-New Sec-393(1)6(i),2,-12407.21
1001,MUL0260H,Multi Invoice Vendor Pvt Ltd,MULCD3317H,14408774,6/22/2026,INV/2026/01347,3400001347,16290008,GR/IR-Indirect Good,Multiple invoices same vendor #26,289644.48,245461.42,6/26/2026,KR,2510001347,CP,Cont. Cos - 2%-New Sec-393(1)6(i),2,-4909.23
1001,MUL0260H,Multi Invoice Vendor Pvt Ltd,MULCD3317H,15081629,6/19/2026,INV/2026/01348,3400001348,16290008,GR/IR-Indirect Good,Multiple invoices same vendor #27,545902.08,462628.88,6/27/2026,KA,2310001348,CP,Cont. Cos - 2%-New Sec-393(1)6(i),2,-9252.58
1001,MUL0260H,Multi Invoice Vendor Pvt Ltd,MULCD3317H,6697288,6/20/2026,INV/2026/01349,3400001349,16290008,GR/IR-Indirect Good,Multiple invoices same vendor #28,584886.48,495666.51,6/28/2026,KR,2510001349,CP,Cont. Cos - 2%-New Sec-393(1)6(i),2,-9913.33
1001,MUL0260H,Multi Invoice Vendor Pvt Ltd,MULCD3317H,18134538,6/12/2026,INV/2026/01350,3400001350,16290008,GR/IR-Indirect Good,Multiple invoices same vendor #29,287239.67,243423.45,6/29/2026,KR,2510001350,CP,Cont. Cos - 2%-New Sec-393(1)6(i),2,-4868.47
1001,MUL0260H,Multi Invoice Vendor Pvt Ltd,MULCD3317H,1638893,6/16/2026,INV/2026/01351,3400001351,16290008,GR/IR-Indirect Good,Multiple invoices same vendor #30,745777.28,632014.64,6/30/2026,KR,2510001351,CP,Cont. Cos - 2%-New Sec-393(1)6(i),2,-12640.29
1001,GLX0258E,Wrong GL Mapping Services Ltd,WROCD2387Z,1680496,4/13/2026,INV/2026/01352,3400001352,16290053,COMP-393(1)8(ii),WRONG GL — professional booked to purchase GL,331763.94,281155.88,4/13/2026,KA,2310001352,JP,Prof. Serv. Fees@10%-CO-NS393(1)6(iii)(b,10,-28115.59
1079,GLX0258E,Wrong GL Mapping Services Ltd,WROCD2387Z,19673253,10/19/2026,INV/2026/01353,3400001353,16290053,COMP-393(1)8(ii),WRONG GL — professional booked to purchase GL,432988.01,366938.99,10/19/2026,KR,2510001353,JP,Prof. Serv. Fees@10%-CO-NS393(1)6(iii)(b,10,-36693.9
1081,GLX0258E,Wrong GL Mapping Services Ltd,WROCD2387Z,3597788,9/17/2026,INV/2026/01354,,16290053,COMP-393(1)8(ii),WRONG GL — professional booked to purchase GL,1007389.15,853719.62,10/1/2026,KR,2510001354,JI,TechServFees@2%-IndHUF:NS393(1)6(iii)(a),2,-17074.39
1001,GLX0258E,Wrong GL Mapping Services Ltd,WROCD2387Z,24236587,1/4/2027,INV/2026/01355,3400001355,16290053,COMP-393(1)8(ii),WRONG GL — professional booked to purchase GL,105816.5,89675.0,1/16/2027,KR,2510001355,JI,TechServFees@2%-IndHUF:NS393(1)6(iii)(a),2,-1793.5
1079,GLX0258E,Wrong GL Mapping Services Ltd,WROCD2387Z,22690298,12/12/2026,INV/2026/01356,3400001356,16290053,COMP-393(1)8(ii),WRONG GL — professional booked to purchase GL,456462.21,386832.38,12/27/2026,KR,2510001356,JP,Prof. Serv. Fees@10%-CO-NS393(1)6(iii)(b,10,-38683.24
1081,GLX0258E,Wrong GL Mapping Services Ltd,WROCD2387Z,16192898,4/24/2026,INV/2026/01357,3400001357,16290053,COMP-393(1)8(ii),WRONG GL — professional booked to purchase GL,848438.34,719015.54,5/1/2026,KR,2510001357,JP,Prof. Serv. Fees@10%-CO-NS393(1)6(iii)(b,10,-71901.55
1001,GLX0258E,Wrong GL Mapping Services Ltd,WROCD2387Z,10003429,5/30/2026,INV/2026/01358,3400001358,16290053,COMP-393(1)8(ii),WRONG GL — professional booked to purchase GL,635101.58,538221.68,6/6/2026,KA,2310001358,JP,Prof. Serv. Fees@10%-CO-NS393(1)6(iii)(b,10,-53822.17
1079,GLX0258E,Wrong GL Mapping Services Ltd,WROCD2387Z,21307098,10/17/2026,INV/2026/01359,,16290053,COMP-393(1)8(ii),WRONG GL — professional booked to purchase GL,633333.8,536723.56,10/20/2026,KA,2310001359,JP,Prof. Serv. Fees@10%-CO-NS393(1)6(iii)(b,10,-53672.36
1081,GLX0258E,Wrong GL Mapping Services Ltd,WROCD2387Z,6093314,12/13/2026,INV/2026/01360,3400001360,16290053,COMP-393(1)8(ii),WRONG GL — professional booked to purchase GL,845246.84,716310.88,12/28/2026,KR,2510001360,JP,Prof. Serv. Fees@10%-CO-NS393(1)6(iii)(b,10,-71631.09
1001,GLX0258E,Wrong GL Mapping Services Ltd,WROCD2387Z,22617711,10/23/2026,INV/2026/01361,,16290053,COMP-393(1)8(ii),WRONG GL — professional booked to purchase GL,302732.4,256552.88,11/8/2026,KA,2310001361,JI,TechServFees@2%-IndHUF:NS393(1)6(iii)(a),2,-5131.06
1079,GLX0258E,Wrong GL Mapping Services Ltd,WROCD2387Z,16199999,5/13/2026,INV/2026/01362,3400001362,16290053,COMP-393(1)8(ii),WRONG GL — professional booked to purchase GL,317071.07,268704.3,5/26/2026,KR,2510001362,JP,Prof. Serv. Fees@10%-CO-NS393(1)6(iii)(b,10,-26870.43
1081,GLX0258E,Wrong GL Mapping Services Ltd,WROCD2387Z,12523105,12/27/2026,INV/2026/01363,3400001363,16290053,COMP-393(1)8(ii),WRONG GL — professional booked to purchase GL,885678.56,750575.05,1/7/2027,KA,2310001363,JI,TechServFees@2%-IndHUF:NS393(1)6(iii)(a),2,-15011.5
1001,GLX0258E,Wrong GL Mapping Services Ltd,WROCD2387Z,24942407,10/29/2026,INV/2026/01364,3400001364,16290053,COMP-393(1)8(ii),WRONG GL — professional booked to purchase GL,131684.99,111597.45,11/9/2026,KA,2310001364,JP,Prof. Serv. Fees@10%-CO-NS393(1)6(iii)(b,10,-11159.74
1079,GLX0258E,Wrong GL Mapping Services Ltd,WROCD2387Z,8292250,10/10/2026,INV/2026/01365,3400001365,16290053,COMP-393(1)8(ii),WRONG GL — professional booked to purchase GL,136779.52,115914.85,10/16/2026,KA,2310001365,JP,Prof. Serv. Fees@10%-CO-NS393(1)6(iii)(b,10,-11591.48
1081,GLX0258E,Wrong GL Mapping Services Ltd,WROCD2387Z,17146569,7/23/2026,INV/2026/01366,3400001366,16290053,COMP-393(1)8(ii),WRONG GL — professional booked to purchase GL,735139.65,622999.7,8/6/2026,KA,2310001366,JP,Prof. Serv. Fees@10%-CO-NS393(1)6(iii)(b,10,-62299.97
1001,GLX0258E,Wrong GL Mapping Services Ltd,WROCD2387Z,21174137,3/4/2027,INV/2026/01367,3400001367,16290053,COMP-393(1)8(ii),WRONG GL — professional booked to purchase GL,173168.2,146752.71,3/14/2027,KA,2310001367,JP,Prof. Serv. Fees@10%-CO-NS393(1)6(iii)(b,10,-14675.27
1079,GLX0258E,Wrong GL Mapping Services Ltd,WROCD2387Z,15275469,7/21/2026,INV/2026/01368,3400001368,16290053,COMP-393(1)8(ii),WRONG GL — professional booked to purchase GL,1052463.92,891918.58,7/26/2026,KR,2510001368,JP,Prof. Serv. Fees@10%-CO-NS393(1)6(iii)(b,10,-89191.86
1081,GLX0258E,Wrong GL Mapping Services Ltd,WROCD2387Z,17881000,12/7/2026,INV/2026/01369,3400001369,16290053,COMP-393(1)8(ii),WRONG GL — professional booked to purchase GL,1047889.62,888042.05,12/8/2026,KA,2310001369,JP,Prof. Serv. Fees@10%-CO-NS393(1)6(iii)(b,10,-88804.2
1001,GLX0258E,Wrong GL Mapping Services Ltd,WROCD2387Z,9021784,9/24/2026,INV/2026/01370,3400001370,16290053,COMP-393(1)8(ii),WRONG GL — professional booked to purchase GL,223039.73,189016.72,10/10/2026,KA,2310001370,JP,Prof. Serv. Fees@10%-CO-NS393(1)6(iii)(b,10,-18901.67
1079,GLX0258E,Wrong GL Mapping Services Ltd,WROCD2387Z,8567552,4/20/2026,INV/2026/01371,3400001371,16290053,COMP-393(1)8(ii),WRONG GL — professional booked to purchase GL,727185.81,616259.16,5/7/2026,KR,2510001371,JP,Prof. Serv. Fees@10%-CO-NS393(1)6(iii)(b,10,-61625.92
1081,GLX0258E,Wrong GL Mapping Services Ltd,WROCD2387Z,11591083,6/18/2026,INV/2026/01372,3400001372,16290053,COMP-393(1)8(ii),WRONG GL — professional booked to purchase GL,772406.97,654582.18,7/6/2026,KA,2310001372,JP,Prof. Serv. Fees@10%-CO-NS393(1)6(iii)(b,10,-65458.22
1001,GLX0258E,Wrong GL Mapping Services Ltd,WROCD2387Z,6521738,8/29/2026,INV/2026/01373,3400001373,16290053,COMP-393(1)8(ii),WRONG GL — professional booked to purchase GL,818068.77,693278.62,9/12/2026,KA,2310001373,JP,Prof. Serv. Fees@10%-CO-NS393(1)6(iii)(b,10,-69327.86
1079,GLX0258E,Wrong GL Mapping Services Ltd,WROCD2387Z,20245788,12/22/2026,INV/2026/01374,3400001374,16290053,COMP-393(1)8(ii),WRONG GL — professional booked to purchase GL,1039952.7,881315.85,12/28/2026,KA,2310001374,JI,TechServFees@2%-IndHUF:NS393(1)6(iii)(a),2,-17626.32
1081,GLX0258E,Wrong GL Mapping Services Ltd,WROCD2387Z,9431624,5/2/2026,INV/2026/01375,,16290053,COMP-393(1)8(ii),WRONG GL — professional booked to purchase GL,1017976.45,862691.91,5/11/2026,KA,2310001375,JI,TechServFees@2%-IndHUF:NS393(1)6(iii)(a),2,-17253.84
1001,GLX0258E,Wrong GL Mapping Services Ltd,WROCD2387Z,4960417,1/25/2027,INV/2026/01376,3400001376,16290053,COMP-393(1)8(ii),WRONG GL — professional booked to purchase GL,1042861.78,883781.17,2/7/2027,KA,2310001376,JP,Prof. Serv. Fees@10%-CO-NS393(1)6(iii)(b,10,-88378.12
1001,LDC0241A,Lower Deduction Certificate Ltd,LOWCD2468H,11459125,11/11/2026,INV/2026/01377,3400001377,16290008,GR/IR-Indirect Good,WRONG VENDOR TYPE — company treated as individual,807290.7,684144.66,12/1/2026,KR,2510001377,CP,Ind/HUF - 1%-New Sec-393(1)6(i),1,-6841.45
1079,D0054F,Shree Cement Ltd,SHRCD9894S,12729700,4/25/2026,INV/2026/01378,3400001378,16290008,GR/IR-Indirect Good,WRONG VENDOR TYPE — company treated as individual,720307.68,610430.24,5/13/2026,KA,2310001378,CP,Ind/HUF - 1%-New Sec-393(1)6(i),1,-6104.3
1081,D0045E,Sterlite Technologies Ltd,STECD2659Z,9898316,12/18/2026,INV/2026/01379,,16290008,GR/IR-Indirect Good,WRONG VENDOR TYPE — company treated as individual,138851.6,117670.85,1/5/2027,KR,2510001379,CP,Ind/HUF - 1%-New Sec-393(1)6(i),1,-1176.71
1001,CRN0251D,Credit Note Solutions Pvt Ltd,CRECD8281T,11600665,9/20/2026,INV/2026/01380,3400001380,16290008,GR/IR-Indirect Good,WRONG VENDOR TYPE — company treated as individual,338975.98,287267.78,10/9/2026,KA,2310001380,CP,Ind/HUF - 1%-New Sec-393(1)6(i),1,-2872.68
1079,D0072H,Gateway Distriparks Ltd,GATCD6192M,4747442,8/9/2026,INV/2026/01381,3400001381,16290008,GR/IR-Indirect Good,WRONG VENDOR TYPE — company treated as individual,90725.09,76885.67,8/27/2026,KA,2310001381,CP,Ind/HUF - 1%-New Sec-393(1)6(i),1,-768.86
1081,D0018C,SKF India Ltd,SKFCD8142T,14125343,11/30/2026,INV/2026/01382,3400001382,16290008,GR/IR-Indirect Good,WRONG VENDOR TYPE — company treated as individual,234622.22,198832.39,12/4/2026,KA,2310001382,CP,Ind/HUF - 1%-New Sec-393(1)6(i),1,-1988.32
1001,MIX0259D,Mixed Issues Engineering Ltd,MIXCD6355P,14110657,10/9/2026,INV/2026/01383,3400001383,16290008,GR/IR-Indirect Good,WRONG VENDOR TYPE — company treated as individual,719083.87,609393.11,10/23/2026,KR,2510001383,CP,Ind/HUF - 1%-New Sec-393(1)6(i),1,-6093.93
1079,D0078E,Safe Express Pvt Ltd,SAFCD2253O,9198848,4/1/2026,INV/2026/01384,,16290008,GR/IR-Indirect Good,WRONG VENDOR TYPE — company treated as individual,144727.25,122650.21,4/13/2026,KA,2310001384,CP,Ind/HUF - 1%-New Sec-393(1)6(i),1,-1226.5
1081,D0057D,Pidilite Industries Ltd,PIDCD6150I,22134756,4/12/2026,INV/2026/01385,3400001385,16290008,GR/IR-Indirect Good,WRONG VENDOR TYPE — company treated as individual,445935.99,377911.86,4/12/2026,KA,2310001385,CP,Ind/HUF - 1%-New Sec-393(1)6(i),1,-3779.12
1001,D0012E,Godrej & Boyce Mfg Co Ltd,GODCD8938D,4551477,11/5/2026,INV/2026/01386,3400001386,16290008,GR/IR-Indirect Good,WRONG VENDOR TYPE — company treated as individual,897442.7,760544.66,11/21/2026,KR,2510001386,CP,Ind/HUF - 1%-New Sec-393(1)6(i),1,-7605.45
1079,D0057D,Pidilite Industries Ltd,PIDCD6150I,8576244,7/23/2026,INV/2026/01387,3400001387,16290008,GR/IR-Indirect Good,WRONG VENDOR TYPE — company treated as individual,800637.01,678505.94,7/27/2026,KR,2510001387,CP,Ind/HUF - 1%-New Sec-393(1)6(i),1,-6785.06
1081,D0061H,Astral Ltd,ASTCD9928P,20953501,4/24/2026,INV/2026/01388,3400001388,16290008,GR/IR-Indirect Good,WRONG VENDOR TYPE — company treated as individual,381587.94,323379.61,5/8/2026,KR,2510001388,CP,Ind/HUF - 1%-New Sec-393(1)6(i),1,-3233.8
1001,D0039F,Legrand India Pvt Ltd,LEGCD6149O,5605578,7/26/2026,INV/2026/01389,3400001389,16290008,GR/IR-Indirect Good,WRONG VENDOR TYPE — company treated as individual,102541.27,86899.38,8/10/2026,KA,2310001389,CP,Ind/HUF - 1%-New Sec-393(1)6(i),1,-868.99
1079,D0087G,Grant Thornton Bharat LLP,GRACP6902B,2359230,11/9/2026,INV/2026/01390,3400001390,16290008,GR/IR-Indirect Good,WRONG VENDOR TYPE — company treated as individual,539955.82,457589.68,11/16/2026,KA,2310001390,CP,Ind/HUF - 1%-New Sec-393(1)6(i),1,-4575.9
1081,D0066G,Bajaj Electricals Ltd,BAJCD1458A,15567579,6/18/2026,INV/2026/01391,,16290008,GR/IR-Indirect Good,WRONG VENDOR TYPE — company treated as individual,935507.47,792802.94,6/26/2026,KR,2510001391,CP,Ind/HUF - 1%-New Sec-393(1)6(i),1,-7928.03
1001,D0042G,KEI Industries Ltd,KEICD1017N,9149610,11/22/2026,INV/2026/01392,3400001392,16290008,GR/IR-Indirect Good,WRONG VENDOR TYPE — company treated as individual,416200.6,352712.37,12/4/2026,KA,2310001392,CP,Ind/HUF - 1%-New Sec-393(1)6(i),1,-3527.12
1079,D0008C,ABB India Ltd,ABBCD8474U,20157222,5/6/2026,INV/2026/01393,3400001393,16290008,GR/IR-Indirect Good,WRONG VENDOR TYPE — company treated as individual,309057.88,261913.46,5/25/2026,KR,2510001393,CP,Ind/HUF - 1%-New Sec-393(1)6(i),1,-2619.13
1081,D0057D,Pidilite Industries Ltd,PIDCD6150I,9905426,12/12/2026,INV/2026/01394,3400001394,16290008,GR/IR-Indirect Good,WRONG VENDOR TYPE — company treated as individual,798615.04,676792.41,12/17/2026,KA,2310001394,CP,Ind/HUF - 1%-New Sec-393(1)6(i),1,-6767.92
1001,D0014D,Asian Paints Ltd,ASICD8115B,22569455,6/9/2026,INV/2026/01395,3400001395,16290008,GR/IR-Indirect Good,WRONG VENDOR TYPE — company treated as individual,705888.44,598210.54,6/26/2026,KR,2510001395,CP,Ind/HUF - 1%-New Sec-393(1)6(i),1,-5982.11
1079,D0047G,Jindal Steel & Power Ltd,JINCD7556M,18874444,12/16/2026,INV/2026/01396,,16290008,GR/IR-Indirect Good,WRONG VENDOR TYPE — company treated as individual,917163.32,777257.05,12/19/2026,KA,2310001396,CP,Ind/HUF - 1%-New Sec-393(1)6(i),1,-7772.57
1001,MISSING9000,Unknown Vendor 1,TRIFS5805R,1674440,2/9/2027,INV/2026/01397,,16290008,GR/IR-Indirect Good,VENDOR MISSING from master,254372.97,215570.31,2/9/2027,KA,2310001397,CP,Firm - 2%-New Sec-393(1)6(i),2,-4311.41
1079,MISSING9001,Unknown Vendor 2,JANPH7150R,6687758,6/21/2026,INV/2026/01398,3400001398,16290009,Non-Companies-393(1),VENDOR MISSING from master,500748.23,424362.91,6/24/2026,KA,2310001398,CP,Ind/HUF - 1%-New Sec-393(1)6(i),1,-4243.63
1081,MISSING9002,Unknown Vendor 3,DINPH3916N,19262202,5/6/2026,INV/2026/01399,,16290009,Non-Companies-393(1),VENDOR MISSING from master,114307.41,96870.69,5/10/2026,KA,2310001399,CP,Ind/HUF - 1%-New Sec-393(1)6(i),1,-968.71
1001,MISSING9003,Unknown Vendor 4,ACCCD7208I,1104703,4/3/2026,INV/2026/01400,3400001400,16290008,GR/IR-Indirect Good,VENDOR MISSING from master,699195.37,592538.45,4/11/2026,KA,2310001400,CP,Cont. Cos - 2%-New Sec-393(1)6(i),2,-11850.77
1079,MISSING9004,Unknown Vendor 5,DINHF6286R,1652167,7/25/2026,INV/2026/01401,3400001401,16290009,Non-Companies-393(1),VENDOR MISSING from master,89021.86,75442.25,8/1/2026,KR,2510001401,CP,Ind/HUF - 1%-New Sec-393(1)6(i),1,-754.42
1081,MISSING9005,Unknown Vendor 6,AMIPR4834C,3546957,6/30/2026,INV/2026/01402,3400001402,16290009,Non-Companies-393(1),VENDOR MISSING from master,762648.79,646312.53,7/2/2026,KR,2510001402,CP,Ind/HUF - 1%-New Sec-393(1)6(i),1,-6463.13
1001,MISSING9006,Unknown Vendor 7,MANPA5763I,14463277,12/1/2026,INV/2026/01403,3400001403,16290009,Non-Companies-393(1),VENDOR MISSING from master,881292.11,746857.72,12/18/2026,KR,2510001403,CP,Ind/HUF - 1%-New Sec-393(1)6(i),1,-7468.58
1079,MISSING9007,Unknown Vendor 8,AMBCD1982A,18833342,2/1/2027,INV/2026/01404,,16290008,GR/IR-Indirect Good,VENDOR MISSING from master,541718.74,459083.68,2/2/2027,KA,2310001404,CP,Cont. Cos - 2%-New Sec-393(1)6(i),1,-4590.84
1081,MISSING9008,Unknown Vendor 9,INDAN5263D,14418357,11/7/2026,INV/2026/01405,3400001405,16290008,GR/IR-Indirect Good,VENDOR MISSING from master,796150.13,674703.5,11/17/2026,KA,2310001405,CP,Firm - 2%-New Sec-393(1)6(i),2,-13494.07
1001,MISSING9009,Unknown Vendor 10,SCHCD3744S,15947464,2/20/2027,INV/2026/01406,3400001406,16290008,GR/IR-Indirect Good,VENDOR MISSING from master,327788.9,277787.2,2/25/2027,KR,2510001406,CP,Cont. Cos - 2%-New Sec-393(1)6(i),2,-5555.74
1079,MISSING9010,Unknown Vendor 11,MISFS9590X,1577822,9/3/2026,INV/2026/01407,3400001407,16290008,GR/IR-Indirect Good,VENDOR MISSING from master,435830.26,369347.68,9/13/2026,KR,2510001407,CP,Firm - 2%-New Sec-393(1)6(i),2,-7386.95
1081,MISSING9011,Unknown Vendor 12,WROCD2387Z,15425636,5/18/2026,INV/2026/01408,3400001408,16290008,GR/IR-Indirect Good,VENDOR MISSING from master,629042.73,533087.06,5/28/2026,KR,2510001408,CP,Cont. Cos - 2%-New Sec-393(1)6(i),2,-10661.74
1001,MISSING9012,Unknown Vendor 13,SHAFT3496R,23867257,4/19/2026,INV/2026/01409,3400001409,16290008,GR/IR-Indirect Good,VENDOR MISSING from master,931174.76,789131.15,4/22/2026,KA,2310001409,CP,Firm - 2%-New Sec-393(1)6(i),2,-15782.62
1079,MISSING9013,Unknown Vendor 14,MAHPN0602V,9967577,8/6/2026,INV/2026/01410,3400001410,16290009,Non-Companies-393(1),VENDOR MISSING from master,90630.32,76805.36,8/13/2026,KR,2510001410,CP,Ind/HUF - 1%-New Sec-393(1)6(i),0,0.0
1081,MISSING9014,Unknown Vendor 15,GODCD8938D,23555773,8/27/2026,INV/2026/01411,,16290008,GR/IR-Indirect Good,VENDOR MISSING from master,630294.65,534148.01,9/1/2026,KR,2510001411,CP,Cont. Cos - 2%-New Sec-393(1)6(i),2,-10682.96
1001,MISSING9015,Unknown Vendor 16,TCICD5609G,20068829,3/20/2027,INV/2026/01412,3400001412,16290008,GR/IR-Indirect Good,VENDOR MISSING from master,873762.03,740476.3,3/28/2027,KR,2510001412,CP,Cont. Cos - 2%-New Sec-393(1)6(i),2,-14809.53
1079,MISSING9016,Unknown Vendor 17,INGCD3014J,6555833,4/1/2026,INV/2026/01413,3400001413,16290008,GR/IR-Indirect Good,VENDOR MISSING from master,76476.31,64810.43,4/3/2026,KA,2310001413,CP,Cont. Cos - 2%-New Sec-393(1)6(i),2,-1296.21
1081,MISSING9017,Unknown Vendor 18,THECD7429L,7072746,11/2/2026,INV/2026/01414,,16290008,GR/IR-Indirect Good,VENDOR MISSING from master,89613.31,75943.48,11/8/2026,KR,2510001414,CP,Cont. Cos - 2%-New Sec-393(1)6(i),2,-1518.87
1001,MISSING9018,Unknown Vendor 19,MEHFS2351N,21093233,2/22/2027,INV/2026/01415,3400001415,16290008,GR/IR-Indirect Good,VENDOR MISSING from master,491186.53,416259.77,3/13/2027,KR,2510001415,CP,Firm - 2%-New Sec-393(1)6(i),2,-8325.2
1079,MISSING9019,Unknown Vendor 20,SAFCD2253O,8199528,11/6/2026,INV/2026/01416,3400001416,16290008,GR/IR-Indirect Good,VENDOR MISSING from master,710571.08,602178.88,11/11/2026,KR,2510001416,CP,Cont. Cos - 2%-New Sec-393(1)6(i),1,-6021.79
1001,BLK0236E,Orion Blocked Vendors Pvt Ltd,ORICD7193A,9770961,1/29/2027,INV/2026/01417,3400001417,16290008,GR/IR-Indirect Good,VENDOR BLOCKED but transaction posted,690963.86,585562.59,2/2/2027,KA,2310001417,CP,Cont. Cos - 2%-New Sec-393(1)6(i),2,-11711.25
1079,BLK0237B,Sunset Blocked Fabricators,SUNFS4454K,16343309,4/5/2026,INV/2026/01418,3400001418,16290008,GR/IR-Indirect Good,VENDOR BLOCKED but transaction posted,776038.35,657659.62,4/14/2026,KR,2510001418,CP,Firm - 2%-New Sec-393(1)6(i),2,-13153.19
1081,BLK0236E,Orion Blocked Vendors Pvt Ltd,ORICD7193A,984296,6/18/2026,INV/2026/01419,,16290008,GR/IR-Indirect Good,VENDOR BLOCKED but transaction posted,77115.38,65352.02,7/4/2026,KA,2310001419,CP,Cont. Cos - 2%-New Sec-393(1)6(i),2,-1307.04
1001,BLK0237B,Sunset Blocked Fabricators,SUNFS4454K,7238054,2/16/2027,INV/2026/01420,3400001420,16290008,GR/IR-Indirect Good,VENDOR BLOCKED but transaction posted,675181.76,572187.93,2/20/2027,KR,2510001420,CP,Firm - 2%-New Sec-393(1)6(i),2,-11443.76
1079,BLK0236E,Orion Blocked Vendors Pvt Ltd,ORICD7193A,12135336,4/8/2026,INV/2026/01421,3400001421,16290008,GR/IR-Indirect Good,VENDOR BLOCKED but transaction posted,650237.4,551048.64,4/8/2026,KA,2310001421,CP,Cont. Cos - 2%-New Sec-393(1)6(i),2,-11020.97
1081,BLK0237B,Sunset Blocked Fabricators,SUNFS4454K,15433059,2/16/2027,INV/2026/01422,3400001422,16290008,GR/IR-Indirect Good,VENDOR BLOCKED but transaction posted,880604.75,746275.21,3/5/2027,KR,2510001422,CP,Firm - 2%-New Sec-393(1)6(i),2,-14925.5
1001,BLK0236E,Orion Blocked Vendors Pvt Ltd,ORICD7193A,17109371,12/13/2026,INV/2026/01423,3400001423,16290008,GR/IR-Indirect Good,VENDOR BLOCKED but transaction posted,768175.8,650996.44,12/27/2026,KA,2310001423,CP,Cont. Cos - 2%-New Sec-393(1)6(i),2,-13019.93
1079,BLK0237B,Sunset Blocked Fabricators,SUNFS4454K,14736898,9/30/2026,INV/2026/01424,3400001424,16290008,GR/IR-Indirect Good,VENDOR BLOCKED but transaction posted,422489.96,358042.34,10/16/2026,KR,2510001424,CP,Firm - 2%-New Sec-393(1)6(i),2,-7160.85
1081,BLK0236E,Orion Blocked Vendors Pvt Ltd,ORICD7193A,10683530,3/11/2027,INV/2026/01425,,16290008,GR/IR-Indirect Good,VENDOR BLOCKED but transaction posted,880963.14,746578.93,3/24/2027,KA,2310001425,CP,Cont. Cos - 2%-New Sec-393(1)6(i),2,-14931.58
1001,BLK0237B,Sunset Blocked Fabricators,SUNFS4454K,20926695,11/10/2026,INV/2026/01426,3400001426,16290008,GR/IR-Indirect Good,VENDOR BLOCKED but transaction posted,820961.28,695729.9,11/19/2026,KR,2510001426,CP,Firm - 2%-New Sec-393(1)6(i),2,-13914.6
1079,BLK0236E,Orion Blocked Vendors Pvt Ltd,ORICD7193A,6813924,5/17/2026,INV/2026/01427,3400001427,16290008,GR/IR-Indirect Good,VENDOR BLOCKED but transaction posted,136582.96,115748.27,5/23/2026,KA,2310001427,CP,Cont. Cos - 2%-New Sec-393(1)6(i),2,-2314.97
1081,BLK0237B,Sunset Blocked Fabricators,SUNFS4454K,18632251,6/27/2026,INV/2026/01428,3400001428,16290008,GR/IR-Indirect Good,VENDOR BLOCKED but transaction posted,697775.45,591335.13,7/8/2026,KA,2310001428,CP,Firm - 2%-New Sec-393(1)6(i),2,-11826.7
1001,BLK0236E,Orion Blocked Vendors Pvt Ltd,ORICD7193A,8844091,8/31/2026,INV/2026/01429,,16290008,GR/IR-Indirect Good,VENDOR BLOCKED but transaction posted,581960.92,493187.22,9/9/2026,KA,2310001429,CP,Cont. Cos - 2%-New Sec-393(1)6(i),2,-9863.74
1079,BLK0237B,Sunset Blocked Fabricators,SUNFS4454K,3764125,8/25/2026,INV/2026/01430,3400001430,16290008,GR/IR-Indirect Good,VENDOR BLOCKED but transaction posted,105513.06,89417.85,9/1/2026,KA,2310001430,CP,Firm - 2%-New Sec-393(1)6(i),2,-1788.36
1081,BLK0236E,Orion Blocked Vendors Pvt Ltd,ORICD7193A,9746468,7/5/2026,INV/2026/01431,3400001431,16290008,GR/IR-Indirect Good,VENDOR BLOCKED but transaction posted,570101.93,483137.23,7/19/2026,KA,2310001431,CP,Cont. Cos - 2%-New Sec-393(1)6(i),2,-9662.74
1001,BLK0237B,Sunset Blocked Fabricators,SUNFS4454K,16440402,10/26/2026,INV/2026/01432,3400001432,16290008,GR/IR-Indirect Good,VENDOR BLOCKED but transaction posted,123904.01,105003.4,11/12/2026,KA,2310001432,CP,Firm - 2%-New Sec-393(1)6(i),2,-2100.07
1079,BLK0236E,Orion Blocked Vendors Pvt Ltd,ORICD7193A,2728776,7/20/2026,INV/2026/01433,3400001433,16290008,GR/IR-Indirect Good,VENDOR BLOCKED but transaction posted,177671.04,150568.68,7/27/2026,KR,2510001433,CP,Cont. Cos - 2%-New Sec-393(1)6(i),2,-3011.37
1081,BLK0237B,Sunset Blocked Fabricators,SUNFS4454K,12010622,1/6/2027,INV/2026/01434,,16290008,GR/IR-Indirect Good,VENDOR BLOCKED but transaction posted,261752.04,221823.76,1/14/2027,KR,2510001434,CP,Firm - 2%-New Sec-393(1)6(i),2,-4436.48
1001,BLK0236E,Orion Blocked Vendors Pvt Ltd,ORICD7193A,9512973,12/13/2026,INV/2026/01435,3400001435,16290008,GR/IR-Indirect Good,VENDOR BLOCKED but transaction posted,334823.27,283748.53,12/25/2026,KR,2510001435,CP,Cont. Cos - 2%-New Sec-393(1)6(i),2,-5674.97
1079,BLK0237B,Sunset Blocked Fabricators,SUNFS4454K,1211385,8/18/2026,INV/2026/01436,3400001436,16290008,GR/IR-Indirect Good,VENDOR BLOCKED but transaction posted,484943.43,410969.01,8/27/2026,KA,2310001436,CP,Firm - 2%-New Sec-393(1)6(i),2,-8219.38
1001,GST0255C,GSTIN Present PAN Blank Ltd,,18936082,2/6/2027,INV/2026/01437,3400001437,16290008,GR/IR-Indirect Good,GSTIN present (36GSTCD2177O1ZR) but PAN missing — suggest PAN update,340395.02,288470.36,2/8/2027,KA,2310001437,CP,206AA Higher Rate@20%-No PAN,20,-57694.07
1079,GST0255C,GSTIN Present PAN Blank Ltd,,24555346,8/1/2026,INV/2026/01438,3400001438,16290008,GR/IR-Indirect Good,GSTIN present (36GSTCD2177O1ZR) but PAN missing — suggest PAN update,152228.08,129006.85,8/18/2026,KR,2510001438,CP,206AA Higher Rate@20%-No PAN,20,-25801.37
1081,GST0255C,GSTIN Present PAN Blank Ltd,,23164914,4/1/2026,INV/2026/01439,,16290008,GR/IR-Indirect Good,GSTIN present (36GSTCD2177O1ZR) but PAN missing — suggest PAN update,561055.51,475470.77,4/6/2026,KR,2510001439,CP,206AA Higher Rate@20%-No PAN,20,-95094.15
1001,GST0255C,GSTIN Present PAN Blank Ltd,,5341548,8/30/2026,INV/2026/01440,3400001440,16290008,GR/IR-Indirect Good,GSTIN present (36GSTCD2177O1ZR) but PAN missing — suggest PAN update,649113.39,550096.09,9/10/2026,KA,2310001440,CP,206AA Higher Rate@20%-No PAN,20,-110019.22
1079,GST0255C,GSTIN Present PAN Blank Ltd,,24185443,4/4/2026,INV/2026/01441,,16290008,GR/IR-Indirect Good,GSTIN present (36GSTCD2177O1ZR) but PAN missing — suggest PAN update,476911.16,404162.0,4/4/2026,KA,2310001441,CP,206AA Higher Rate@20%-No PAN,20,-80832.4
1081,GST0255C,GSTIN Present PAN Blank Ltd,,8272520,11/8/2026,INV/2026/01442,3400001442,16290008,GR/IR-Indirect Good,GSTIN present (36GSTCD2177O1ZR) but PAN missing — suggest PAN update,408047.54,345803.0,11/21/2026,KA,2310001442,CP,206AA Higher Rate@20%-No PAN,20,-69160.6
1001,GST0255C,GSTIN Present PAN Blank Ltd,,18657717,4/22/2026,INV/2026/01443,,16290008,GR/IR-Indirect Good,GSTIN present (36GSTCD2177O1ZR) but PAN missing — suggest PAN update,342816.5,290522.46,5/4/2026,KR,2510001443,CP,206AA Higher Rate@20%-No PAN,20,-58104.49
1079,GST0255C,GSTIN Present PAN Blank Ltd,,6857902,11/3/2026,INV/2026/01444,3400001444,16290008,GR/IR-Indirect Good,GSTIN present (36GSTCD2177O1ZR) but PAN missing — suggest PAN update,604511.43,512297.82,11/21/2026,KR,2510001444,CP,206AA Higher Rate@20%-No PAN,20,-102459.56
1081,GST0255C,GSTIN Present PAN Blank Ltd,,18511793,7/9/2026,INV/2026/01445,3400001445,16290008,GR/IR-Indirect Good,GSTIN present (36GSTCD2177O1ZR) but PAN missing — suggest PAN update,303101.03,256865.28,7/27/2026,KA,2310001445,CP,206AA Higher Rate@20%-No PAN,20,-51373.06
1001,GST0255C,GSTIN Present PAN Blank Ltd,,7745315,11/16/2026,INV/2026/01446,3400001446,16290008,GR/IR-Indirect Good,GSTIN present (36GSTCD2177O1ZR) but PAN missing — suggest PAN update,718352.9,608773.64,12/4/2026,KA,2310001446,CP,206AA Higher Rate@20%-No PAN,20,-121754.73
1079,GST0255C,GSTIN Present PAN Blank Ltd,,1377555,11/30/2026,INV/2026/01447,,16290008,GR/IR-Indirect Good,GSTIN present (36GSTCD2177O1ZR) but PAN missing — suggest PAN update,1000096.83,847539.69,12/3/2026,KA,2310001447,CP,206AA Higher Rate@20%-No PAN,20,-169507.94
1081,GST0255C,GSTIN Present PAN Blank Ltd,,14617980,1/23/2027,INV/2026/01448,3400001448,16290008,GR/IR-Indirect Good,GSTIN present (36GSTCD2177O1ZR) but PAN missing — suggest PAN update,929916.17,788064.55,2/1/2027,KA,2310001448,CP,206AA Higher Rate@20%-No PAN,20,-157612.91
1001,GST0255C,GSTIN Present PAN Blank Ltd,,17197553,1/25/2027,INV/2026/01449,3400001449,16290008,GR/IR-Indirect Good,GSTIN present (36GSTCD2177O1ZR) but PAN missing — suggest PAN update,165679.36,140406.24,2/6/2027,KR,2510001449,CP,206AA Higher Rate@20%-No PAN,20,-28081.25
1079,GST0255C,GSTIN Present PAN Blank Ltd,,5757862,1/21/2027,INV/2026/01450,3400001450,16290008,GR/IR-Indirect Good,GSTIN present (36GSTCD2177O1ZR) but PAN missing — suggest PAN update,836946.53,709276.72,2/4/2027,KR,2510001450,CP,206AA Higher Rate@20%-No PAN,20,-141855.34
1081,GST0255C,GSTIN Present PAN Blank Ltd,,19967446,10/23/2026,INV/2026/01451,,16290008,GR/IR-Indirect Good,GSTIN present (36GSTCD2177O1ZR) but PAN missing — suggest PAN update,108476.5,91929.24,11/3/2026,KR,2510001451,CP,206AA Higher Rate@20%-No PAN,20,-18385.85
1001,GST0255C,GSTIN Present PAN Blank Ltd,,13064052,4/11/2026,INV/2026/01452,,16290008,GR/IR-Indirect Good,GSTIN present (36GSTCD2177O1ZR) but PAN missing — suggest PAN update,802314.96,679927.93,4/14/2026,KR,2510001452,CP,206AA Higher Rate@20%-No PAN,20,-135985.59
1079,GST0255C,GSTIN Present PAN Blank Ltd,,6619617,3/10/2027,INV/2026/01453,3400001453,16290008,GR/IR-Indirect Good,GSTIN present (36GSTCD2177O1ZR) but PAN missing — suggest PAN update,936739.85,793847.33,3/13/2027,KA,2310001453,CP,206AA Higher Rate@20%-No PAN,20,-158769.47
1081,GST0255C,GSTIN Present PAN Blank Ltd,,1352790,7/9/2026,INV/2026/01454,3400001454,16290008,GR/IR-Indirect Good,GSTIN present (36GSTCD2177O1ZR) but PAN missing — suggest PAN update,691364.1,585901.78,7/20/2026,KR,2510001454,CP,206AA Higher Rate@20%-No PAN,20,-117180.36
1001,GST0255C,GSTIN Present PAN Blank Ltd,,21731852,9/21/2026,INV/2026/01455,,16290008,GR/IR-Indirect Good,GSTIN present (36GSTCD2177O1ZR) but PAN missing — suggest PAN update,224113.79,189926.94,9/23/2026,KR,2510001455,CP,206AA Higher Rate@20%-No PAN,20,-37985.39
1079,GST0255C,GSTIN Present PAN Blank Ltd,,19617850,4/1/2026,INV/2026/01456,3400001456,16290008,GR/IR-Indirect Good,GSTIN present (36GSTCD2177O1ZR) but PAN missing — suggest PAN update,1002873.48,849892.78,4/11/2026,KR,2510001456,CP,206AA Higher Rate@20%-No PAN,20,-169978.56
1001,REV0253F,Reverse Entry Services Pvt Ltd,REVCD1178E,18518821,5/4/2026,INV/2026/01457,,16290008,GR/IR-Indirect Good,Original entry before reverse,285417.28,241879.05,5/10/2026,KR,2510001457,CP,Cont. Cos - 2%-New Sec-393(1)6(i),2,-4837.58
1001,REV0253F,Reverse Entry Services Pvt Ltd,REVCD1178E,21637822,5/7/2026,INV/2026/01457,3400001458,16290008,GR/IR-Indirect Good,REVERSE ENTRY of 2510001457,285417.28,241879.05,5/12/2026,AB,1050001458,CP,Cont. Cos - 2%-New Sec-393(1)6(i),2,4837.58
1001,REV0253F,Reverse Entry Services Pvt Ltd,REVCD1178E,6833134,4/27/2026,INV/2026/01459,3400001459,16290008,GR/IR-Indirect Good,Original entry before reverse,697885.46,591428.36,5/10/2026,KR,2510001459,CP,Cont. Cos - 2%-New Sec-393(1)6(i),2,-11828.57
1001,REV0253F,Reverse Entry Services Pvt Ltd,REVCD1178E,7998082,5/8/2026,INV/2026/01459,,16290008,GR/IR-Indirect Good,REVERSE ENTRY of 2510001459,697885.46,591428.36,5/12/2026,AB,1050001460,CP,Cont. Cos - 2%-New Sec-393(1)6(i),2,11828.57
1001,REV0253F,Reverse Entry Services Pvt Ltd,REVCD1178E,12992617,4/24/2026,INV/2026/01461,,16290008,GR/IR-Indirect Good,Original entry before reverse,511511.12,433484.0,5/10/2026,KR,2510001461,CP,Cont. Cos - 2%-New Sec-393(1)6(i),2,-8669.68
1001,REV0253F,Reverse Entry Services Pvt Ltd,REVCD1178E,19227956,5/2/2026,INV/2026/01461,3400001462,16290008,GR/IR-Indirect Good,REVERSE ENTRY of 2510001461,511511.12,433484.0,5/12/2026,AB,1050001462,CP,Cont. Cos - 2%-New Sec-393(1)6(i),2,8669.68
1001,REV0253F,Reverse Entry Services Pvt Ltd,REVCD1178E,14635689,4/25/2026,INV/2026/01463,3400001463,16290008,GR/IR-Indirect Good,Original entry before reverse,702574.32,595401.97,5/10/2026,KR,2510001463,CP,Cont. Cos - 2%-New Sec-393(1)6(i),2,-11908.04
1001,REV0253F,Reverse Entry Services Pvt Ltd,REVCD1178E,9475671,5/6/2026,INV/2026/01463,3400001464,16290008,GR/IR-Indirect Good,REVERSE ENTRY of 2510001463,702574.32,595401.97,5/12/2026,AB,1050001464,CP,Cont. Cos - 2%-New Sec-393(1)6(i),2,11908.04
1001,REV0253F,Reverse Entry Services Pvt Ltd,REVCD1178E,4761206,5/6/2026,INV/2026/01465,3400001465,16290008,GR/IR-Indirect Good,Original entry before reverse,923380.28,782525.66,5/10/2026,KR,2510001465,CP,Cont. Cos - 2%-New Sec-393(1)6(i),2,-15650.51
1001,REV0253F,Reverse Entry Services Pvt Ltd,REVCD1178E,7043701,5/2/2026,INV/2026/01465,,16290008,GR/IR-Indirect Good,REVERSE ENTRY of 2510001465,923380.28,782525.66,5/12/2026,AB,1050001466,CP,Cont. Cos - 2%-New Sec-393(1)6(i),2,15650.51
1001,REV0253F,Reverse Entry Services Pvt Ltd,REVCD1178E,19160616,5/5/2026,INV/2026/01467,3400001467,16290008,GR/IR-Indirect Good,Original entry before reverse,69922.81,59256.62,5/10/2026,KR,2510001467,CP,Cont. Cos - 2%-New Sec-393(1)6(i),2,-1185.13
1001,REV0253F,Reverse Entry Services Pvt Ltd,REVCD1178E,12902563,4/23/2026,INV/2026/01467,,16290008,GR/IR-Indirect Good,REVERSE ENTRY of 2510001467,69922.81,59256.62,5/12/2026,AB,1050001468,CP,Cont. Cos - 2%-New Sec-393(1)6(i),2,1185.13
1001,REV0253F,Reverse Entry Services Pvt Ltd,REVCD1178E,18219746,4/28/2026,INV/2026/01469,3400001469,16290008,GR/IR-Indirect Good,Original entry before reverse,387848.39,328685.08,5/10/2026,KR,2510001469,CP,Cont. Cos - 2%-New Sec-393(1)6(i),2,-6573.7
1001,REV0253F,Reverse Entry Services Pvt Ltd,REVCD1178E,20979151,4/30/2026,INV/2026/01469,3400001470,16290008,GR/IR-Indirect Good,REVERSE ENTRY of 2510001469,387848.39,328685.08,5/12/2026,AB,1050001470,CP,Cont. Cos - 2%-New Sec-393(1)6(i),2,6573.7
1001,REV0253F,Reverse Entry Services Pvt Ltd,REVCD1178E,4195829,4/25/2026,INV/2026/01471,3400001471,16290008,GR/IR-Indirect Good,Original entry before reverse,873447.66,740209.88,5/10/2026,KR,2510001471,CP,Cont. Cos - 2%-New Sec-393(1)6(i),2,-14804.2
1001,REV0253F,Reverse Entry Services Pvt Ltd,REVCD1178E,19043535,4/23/2026,INV/2026/01471,3400001472,16290008,GR/IR-Indirect Good,REVERSE ENTRY of 2510001471,873447.66,740209.88,5/12/2026,AB,1050001472,CP,Cont. Cos - 2%-New Sec-393(1)6(i),2,14804.2
1001,REV0253F,Reverse Entry Services Pvt Ltd,REVCD1178E,19071954,4/24/2026,INV/2026/01473,3400001473,16290008,GR/IR-Indirect Good,Original entry before reverse,946001.89,801696.52,5/10/2026,KR,2510001473,CP,Cont. Cos - 2%-New Sec-393(1)6(i),2,-16033.93
1001,REV0253F,Reverse Entry Services Pvt Ltd,REVCD1178E,14567989,4/29/2026,INV/2026/01473,3400001474,16290008,GR/IR-Indirect Good,REVERSE ENTRY of 2510001473,946001.89,801696.52,5/12/2026,AB,1050001474,CP,Cont. Cos - 2%-New Sec-393(1)6(i),2,16033.93
1001,REV0253F,Reverse Entry Services Pvt Ltd,REVCD1178E,16377304,4/29/2026,INV/2026/01475,,16290008,GR/IR-Indirect Good,Original entry before reverse,525471.06,445314.46,5/10/2026,KR,2510001475,CP,Cont. Cos - 2%-New Sec-393(1)6(i),2,-8906.29
1001,REV0253F,Reverse Entry Services Pvt Ltd,REVCD1178E,9242185,4/30/2026,INV/2026/01475,,16290008,GR/IR-Indirect Good,REVERSE ENTRY of 2510001475,525471.06,445314.46,5/12/2026,AB,1050001476,CP,Cont. Cos - 2%-New Sec-393(1)6(i),2,8906.29
1001,REV0253F,Reverse Entry Services Pvt Ltd,REVCD1178E,23836723,5/1/2026,INV/2026/01477,3400001477,16290008,GR/IR-Indirect Good,Original entry before reverse,605168.23,512854.43,5/10/2026,KR,2510001477,CP,Cont. Cos - 2%-New Sec-393(1)6(i),2,-10257.09
1001,REV0253F,Reverse Entry Services Pvt Ltd,REVCD1178E,18053062,4/30/2026,INV/2026/01477,3400001478,16290008,GR/IR-Indirect Good,REVERSE ENTRY of 2510001477,605168.23,512854.43,5/12/2026,AB,1050001478,CP,Cont. Cos - 2%-New Sec-393(1)6(i),2,10257.09
1001,REV0253F,Reverse Entry Services Pvt Ltd,REVCD1178E,14324196,5/10/2026,INV/2026/01479,3400001479,16290008,GR/IR-Indirect Good,Original entry before reverse,738180.47,625576.67,5/10/2026,KR,2510001479,CP,Cont. Cos - 2%-New Sec-393(1)6(i),2,-12511.53
1001,REV0253F,Reverse Entry Services Pvt Ltd,REVCD1178E,13007216,5/2/2026,INV/2026/01479,3400001480,16290008,GR/IR-Indirect Good,REVERSE ENTRY of 2510001479,738180.47,625576.67,5/12/2026,AB,1050001480,CP,Cont. Cos - 2%-New Sec-393(1)6(i),2,12511.53
1001,REV0253F,Reverse Entry Services Pvt Ltd,REVCD1178E,9204817,4/21/2026,INV/2026/01481,3400001481,16290008,GR/IR-Indirect Good,Original entry before reverse,591857.04,501573.76,5/10/2026,KR,2510001481,CP,Cont. Cos - 2%-New Sec-393(1)6(i),2,-10031.48
1001,REV0253F,Reverse Entry Services Pvt Ltd,REVCD1178E,19467847,4/26/2026,INV/2026/01481,,16290008,GR/IR-Indirect Good,REVERSE ENTRY of 2510001481,591857.04,501573.76,5/12/2026,AB,1050001482,CP,Cont. Cos - 2%-New Sec-393(1)6(i),2,10031.48
1001,REV0253F,Reverse Entry Services Pvt Ltd,REVCD1178E,22183308,4/26/2026,INV/2026/01483,,16290008,GR/IR-Indirect Good,Original entry before reverse,689716.93,584505.87,5/10/2026,KR,2510001483,CP,Cont. Cos - 2%-New Sec-393(1)6(i),2,-11690.12
1001,REV0253F,Reverse Entry Services Pvt Ltd,REVCD1178E,5571266,5/5/2026,INV/2026/01483,,16290008,GR/IR-Indirect Good,REVERSE ENTRY of 2510001483,689716.93,584505.87,5/12/2026,AB,1050001484,CP,Cont. Cos - 2%-New Sec-393(1)6(i),2,11690.12
1001,REV0253F,Reverse Entry Services Pvt Ltd,REVCD1178E,9091556,5/1/2026,INV/2026/01485,3400001485,16290008,GR/IR-Indirect Good,Original entry before reverse,253537.71,214862.47,5/10/2026,KR,2510001485,CP,Cont. Cos - 2%-New Sec-393(1)6(i),2,-4297.25
1001,REV0253F,Reverse Entry Services Pvt Ltd,REVCD1178E,18178481,5/4/2026,INV/2026/01485,3400001486,16290008,GR/IR-Indirect Good,REVERSE ENTRY of 2510001485,253537.71,214862.47,5/12/2026,AB,1050001486,CP,Cont. Cos - 2%-New Sec-393(1)6(i),2,4297.25
1001,REV0253F,Reverse Entry Services Pvt Ltd,REVCD1178E,16224211,5/3/2026,INV/2026/01487,3400001487,16290008,GR/IR-Indirect Good,Original entry before reverse,937074.29,794130.75,5/10/2026,KR,2510001487,CP,Cont. Cos - 2%-New Sec-393(1)6(i),2,-15882.61
1001,REV0253F,Reverse Entry Services Pvt Ltd,REVCD1178E,11756828,4/22/2026,INV/2026/01487,3400001488,16290008,GR/IR-Indirect Good,REVERSE ENTRY of 2510001487,937074.29,794130.75,5/12/2026,AB,1050001488,CP,Cont. Cos - 2%-New Sec-393(1)6(i),2,15882.61
1001,REV0253F,Reverse Entry Services Pvt Ltd,REVCD1178E,15409358,4/20/2026,INV/2026/01489,3400001489,16290008,GR/IR-Indirect Good,Original entry before reverse,669956.65,567759.87,5/10/2026,KR,2510001489,CP,Cont. Cos - 2%-New Sec-393(1)6(i),2,-11355.2
1001,REV0253F,Reverse Entry Services Pvt Ltd,REVCD1178E,10279492,4/25/2026,INV/2026/01489,3400001490,16290008,GR/IR-Indirect Good,REVERSE ENTRY of 2510001489,669956.65,567759.87,5/12/2026,AB,1050001490,CP,Cont. Cos - 2%-New Sec-393(1)6(i),2,11355.2
1001,REV0253F,Reverse Entry Services Pvt Ltd,REVCD1178E,8813500,5/6/2026,INV/2026/01491,3400001491,16290008,GR/IR-Indirect Good,Original entry before reverse,73478.85,62270.21,5/10/2026,KR,2510001491,CP,Cont. Cos - 2%-New Sec-393(1)6(i),2,-1245.4
1001,REV0253F,Reverse Entry Services Pvt Ltd,REVCD1178E,8361421,4/22/2026,INV/2026/01491,,16290008,GR/IR-Indirect Good,REVERSE ENTRY of 2510001491,73478.85,62270.21,5/12/2026,AB,1050001492,CP,Cont. Cos - 2%-New Sec-393(1)6(i),2,1245.4
1001,REV0253F,Reverse Entry Services Pvt Ltd,REVCD1178E,17806809,4/27/2026,INV/2026/01493,3400001493,16290008,GR/IR-Indirect Good,Original entry before reverse,516222.99,437477.11,5/10/2026,KR,2510001493,CP,Cont. Cos - 2%-New Sec-393(1)6(i),2,-8749.54
1001,REV0253F,Reverse Entry Services Pvt Ltd,REVCD1178E,1596203,5/2/2026,INV/2026/01493,3400001494,16290008,GR/IR-Indirect Good,REVERSE ENTRY of 2510001493,516222.99,437477.11,5/12/2026,AB,1050001494,CP,Cont. Cos - 2%-New Sec-393(1)6(i),2,8749.54
1001,REV0253F,Reverse Entry Services Pvt Ltd,REVCD1178E,17260878,4/28/2026,INV/2026/01495,3400001495,16290008,GR/IR-Indirect Good,Original entry before reverse,958738.24,812490.03,5/10/2026,KR,2510001495,CP,Cont. Cos - 2%-New Sec-393(1)6(i),2,-16249.8
1001,REV0253F,Reverse Entry Services Pvt Ltd,REVCD1178E,20592343,5/9/2026,INV/2026/01495,3400001496,16290008,GR/IR-Indirect Good,REVERSE ENTRY of 2510001495,958738.24,812490.03,5/12/2026,AB,1050001496,CP,Cont. Cos - 2%-New Sec-393(1)6(i),2,16249.8
1001,ADJ0254G,Adjustment Entry Works,ADJFS8290B,13134846,3/9/2027,PROV APR-22 ADJ,3400001497,16290008,GR/IR-Indirect Good,ADJUSTMENT ENTRY — provision adjustment,2496.7,2496.7,3/28/2027,AB,1050001497,CP,Firm - 2%-New Sec-393(1)6(i),0,0.0
1079,ADJ0254G,Adjustment Entry Works,ADJFS8290B,2525369,10/29/2026,PROV APR-22 ADJ,3400001498,16290008,GR/IR-Indirect Good,ADJUSTMENT ENTRY — provision adjustment,3863.67,3863.67,11/14/2026,AB,1050001498,CP,Firm - 2%-New Sec-393(1)6(i),0,0.0
1081,ADJ0254G,Adjustment Entry Works,ADJFS8290B,16780459,9/6/2026,PROV APR-22 ADJ,,16290008,GR/IR-Indirect Good,ADJUSTMENT ENTRY — provision adjustment,1287.42,1287.42,9/16/2026,AB,1050001499,CP,Firm - 2%-New Sec-393(1)6(i),0,0.0
1001,ADJ0254G,Adjustment Entry Works,ADJFS8290B,22027078,2/7/2027,PROV APR-22 ADJ,3400001500,16290008,GR/IR-Indirect Good,ADJUSTMENT ENTRY — provision adjustment,1007.85,1007.85,2/24/2027,AB,1050001500,CP,Firm - 2%-New Sec-393(1)6(i),0,0.0
1079,ADJ0254G,Adjustment Entry Works,ADJFS8290B,16740781,7/3/2026,PROV APR-22 ADJ,3400001501,16290008,GR/IR-Indirect Good,ADJUSTMENT ENTRY — provision adjustment,3918.27,3918.27,7/7/2026,AB,1050001501,CP,Firm - 2%-New Sec-393(1)6(i),0,0.0
1081,ADJ0254G,Adjustment Entry Works,ADJFS8290B,8632600,1/26/2027,PROV APR-22 ADJ,,16290008,GR/IR-Indirect Good,ADJUSTMENT ENTRY — provision adjustment,2301.26,2301.26,2/9/2027,AB,1050001502,CP,Firm - 2%-New Sec-393(1)6(i),0,0.0
1001,ADJ0254G,Adjustment Entry Works,ADJFS8290B,14829317,11/6/2026,PROV APR-22 ADJ,3400001503,16290008,GR/IR-Indirect Good,ADJUSTMENT ENTRY — provision adjustment,3026.06,3026.06,11/26/2026,AB,1050001503,CP,Firm - 2%-New Sec-393(1)6(i),0,0.0
1079,ADJ0254G,Adjustment Entry Works,ADJFS8290B,10574661,7/5/2026,PROV APR-22 ADJ,3400001504,16290008,GR/IR-Indirect Good,ADJUSTMENT ENTRY — provision adjustment,1305.04,1305.04,7/21/2026,AB,1050001504,CP,Firm - 2%-New Sec-393(1)6(i),0,0.0
1081,ADJ0254G,Adjustment Entry Works,ADJFS8290B,3177663,5/11/2026,PROV APR-22 ADJ,3400001505,16290008,GR/IR-Indirect Good,ADJUSTMENT ENTRY — provision adjustment,2418.77,2418.77,5/21/2026,AB,1050001505,CP,Firm - 2%-New Sec-393(1)6(i),0,0.0
1001,ADJ0254G,Adjustment Entry Works,ADJFS8290B,11337710,2/26/2027,PROV APR-22 ADJ,3400001506,16290008,GR/IR-Indirect Good,ADJUSTMENT ENTRY — provision adjustment,474.7,474.7,3/14/2027,AB,1050001506,CP,Firm - 2%-New Sec-393(1)6(i),0,0.0
1079,ADJ0254G,Adjustment Entry Works,ADJFS8290B,14262891,12/16/2026,PROV APR-22 ADJ,3400001507,16290008,GR/IR-Indirect Good,ADJUSTMENT ENTRY — provision adjustment,2467.96,2467.96,1/4/2027,AB,1050001507,CP,Firm - 2%-New Sec-393(1)6(i),0,0.0
1081,ADJ0254G,Adjustment Entry Works,ADJFS8290B,21476492,8/24/2026,PROV APR-22 ADJ,3400001508,16290008,GR/IR-Indirect Good,ADJUSTMENT ENTRY — provision adjustment,3656.6,3656.6,9/9/2026,AB,1050001508,CP,Firm - 2%-New Sec-393(1)6(i),0,0.0
1001,ADJ0254G,Adjustment Entry Works,ADJFS8290B,10688647,8/17/2026,PROV APR-22 ADJ,3400001509,16290008,GR/IR-Indirect Good,ADJUSTMENT ENTRY — provision adjustment,4349.65,4349.65,8/27/2026,AB,1050001509,CP,Firm - 2%-New Sec-393(1)6(i),0,0.0
1079,ADJ0254G,Adjustment Entry Works,ADJFS8290B,1368259,7/3/2026,PROV APR-22 ADJ,3400001510,16290008,GR/IR-Indirect Good,ADJUSTMENT ENTRY — provision adjustment,4919.86,4919.86,7/11/2026,AB,1050001510,CP,Firm - 2%-New Sec-393(1)6(i),0,0.0
1081,ADJ0254G,Adjustment Entry Works,ADJFS8290B,4683300,10/7/2026,PROV APR-22 ADJ,,16290008,GR/IR-Indirect Good,ADJUSTMENT ENTRY — provision adjustment,3782.28,3782.28,10/21/2026,AB,1050001511,CP,Firm - 2%-New Sec-393(1)6(i),0,0.0
1001,ADJ0254G,Adjustment Entry Works,ADJFS8290B,7522476,2/23/2027,PROV APR-22 ADJ,3400001512,16290008,GR/IR-Indirect Good,ADJUSTMENT ENTRY — provision adjustment,1838.25,1838.25,2/26/2027,AB,1050001512,CP,Firm - 2%-New Sec-393(1)6(i),0,0.0
1079,ADJ0254G,Adjustment Entry Works,ADJFS8290B,20603401,2/22/2027,PROV APR-22 ADJ,3400001513,16290008,GR/IR-Indirect Good,ADJUSTMENT ENTRY — provision adjustment,342.42,342.42,2/26/2027,AB,1050001513,CP,Firm - 2%-New Sec-393(1)6(i),0,0.0
1081,ADJ0254G,Adjustment Entry Works,ADJFS8290B,16837071,1/11/2027,PROV APR-22 ADJ,3400001514,16290008,GR/IR-Indirect Good,ADJUSTMENT ENTRY — provision adjustment,3258.25,3258.25,1/18/2027,AB,1050001514,CP,Firm - 2%-New Sec-393(1)6(i),0,0.0
1001,ADJ0254G,Adjustment Entry Works,ADJFS8290B,16804892,7/26/2026,PROV APR-22 ADJ,,16290008,GR/IR-Indirect Good,ADJUSTMENT ENTRY — provision adjustment,4443.22,4443.22,7/26/2026,AB,1050001515,CP,Firm - 2%-New Sec-393(1)6(i),0,0.0
1079,ADJ0254G,Adjustment Entry Works,ADJFS8290B,20218257,8/3/2026,PROV APR-22 ADJ,3400001516,16290008,GR/IR-Indirect Good,ADJUSTMENT ENTRY — provision adjustment,3034.89,3034.89,8/18/2026,AB,1050001516,CP,Firm - 2%-New Sec-393(1)6(i),0,0.0
1001,E0113A,Kapoor Electrical Works,KAPFS1388V,18296995,6/9/2026,INV/2026/01517,,50258000,Purch Offset Account,NEGATIVE TDS (invoice side),2562981.88,2172018.54,6/27/2026,AC,1100001517,LP,Purc of Good-0.1%PMTCOM-PNS393(1)8(ii),0.1,-2172.02
1001,E0113A,Kapoor Electrical Works,KAPFS1388V,23236350,9/28/2026,INV/2026/01517,3400001518,16290053,COMP-393(1)8(ii),POSITIVE TDS (clearing side),2562981.88,2172018.54,9/28/2026,AC,1100001518,LP,Purc of Good-0.1%PMTCOM-PNS393(1)8(ii),0.1,1940.81
1001,D0074G,Delhivery Ltd,DELCD1993Q,14646747,3/10/2027,INV/2026/01519,3400001519,50080002,Retro Price Chan-Mat,NEGATIVE TDS (invoice side),2335055.76,1978860.81,3/19/2027,AC,1100001519,LP,Purc of Good-0.1%PMTCOM-PNS393(1)8(ii),0.1,-1978.86
1001,D0074G,Delhivery Ltd,DELCD1993Q,10600645,8/26/2026,INV/2026/01519,,50080002,Retro Price Chan-Mat,POSITIVE TDS (clearing side),2335055.76,1978860.81,9/4/2026,AC,1100001520,LP,Purc of Good-0.1%PMTCOM-PNS393(1)8(ii),0.1,2385.29
1001,E0132G,Dave Engineering Works,DAVFS5034T,23548294,10/23/2026,INV/2026/01521,3400001521,16290054,OTH-393(1)8(ii),NEGATIVE TDS (invoice side),1756230.44,1488330.88,11/2/2026,AC,1100001521,LP,Purc of Good-0.1%PMTCOM-PNS393(1)8(ii),0.1,-1488.33
1001,E0132G,Dave Engineering Works,DAVFS5034T,4772211,9/24/2026,INV/2026/01521,3400001522,50080002,Retro Price Chan-Mat,POSITIVE TDS (clearing side),1756230.44,1488330.88,10/10/2026,AC,1100001522,LP,Purc of Good-0.1%PMTCOM-PNS393(1)8(ii),0.1,933.78
1001,I0165F,Subash Sharma,SUBPA2058R,20653011,8/6/2026,INV/2026/01523,3400001523,16290009,Non-Companies-393(1),NEGATIVE TDS (invoice side),705359.01,597761.87,8/12/2026,AC,1100001523,CP,Ind/HUF - 1%-New Sec-393(1)6(i),0,0.0
1001,I0165F,Subash Sharma,SUBPA2058R,21853180,1/7/2027,INV/2026/01523,3400001524,16290009,Non-Companies-393(1),POSITIVE TDS (clearing side),705359.01,597761.87,1/24/2027,AC,1100001524,CP,Ind/HUF - 1%-New Sec-393(1)6(i),0,0.0
1001,E0092H,Singh Engineering Works,SINFS2311F,1992648,1/22/2027,INV/2026/01525,,16290054,OTH-393(1)8(ii),NEGATIVE TDS (invoice side),2460268.94,2084973.68,2/4/2027,AC,1100001525,LP,Purc of Good-0.1%PMTCOM-PNS393(1)8(ii),0.1,-2084.97
1001,E0092H,Singh Engineering Works,SINFS2311F,8948628,4/27/2026,INV/2026/01525,3400001526,50080002,Retro Price Chan-Mat,POSITIVE TDS (clearing side),2460268.94,2084973.68,5/16/2026,AC,1100001526,LP,Purc of Good-0.1%PMTCOM-PNS393(1)8(ii),0.1,2171.02
1001,D0040A,Havells India Ltd,HAVCD5593M,16559542,9/9/2026,INV/2026/01527,3400001527,16290054,OTH-393(1)8(ii),NEGATIVE TDS (invoice side),1581093.07,1339909.38,9/11/2026,AC,1100001527,LP,Purc of Good-0.1%PMTCOM-PNS393(1)8(ii),0.1,-1339.91
1001,D0040A,Havells India Ltd,HAVCD5593M,3490559,4/4/2026,INV/2026/01527,3400001528,50258000,Purch Offset Account,POSITIVE TDS (clearing side),1581093.07,1339909.38,4/24/2026,AC,1100001528,LP,Purc of Good-0.1%PMTCOM-PNS393(1)8(ii),0.1,1153.43
1001,I0151D,Rakesh Trivedi,RAKPI0602A,21825207,2/9/2027,INV/2026/01529,3400001529,16290009,Non-Companies-393(1),NEGATIVE TDS (invoice side),200986.64,170327.66,2/12/2027,AC,1100001529,CP,Ind/HUF - 1%-New Sec-393(1)6(i),1,-1703.28
1001,I0151D,Rakesh Trivedi,RAKPI0602A,4168496,2/10/2027,INV/2026/01529,,16290009,Non-Companies-393(1),POSITIVE TDS (clearing side),200986.64,170327.66,2/10/2027,AC,1100001530,CP,Ind/HUF - 1%-New Sec-393(1)6(i),1,655.45
1001,D0002G,Larsen & Toubro Ltd,LARCD7595X,9916980,4/1/2026,INV/2026/01531,3400001531,16290053,COMP-393(1)8(ii),NEGATIVE TDS (invoice side),1246255.94,1056149.1,4/6/2026,AC,1100001531,LP,Purc of Good-0.1%PMTCOM-PNS393(1)8(ii),0,0.0
1001,D0002G,Larsen & Toubro Ltd,LARCD7595X,4197218,1/6/2027,INV/2026/01531,,16290054,OTH-393(1)8(ii),POSITIVE TDS (clearing side),1246255.94,1056149.1,1/7/2027,AC,1100001532,LP,Purc of Good-0.1%PMTCOM-PNS393(1)8(ii),0,0.0
1001,I0166A,Manoj Sidhu,MANPU8121D,14329589,5/17/2026,INV/2026/01533,3400001533,16290009,Non-Companies-393(1),NEGATIVE TDS (invoice side),382518.3,324168.05,6/1/2026,AC,1100001533,CP,Ind/HUF - 1%-New Sec-393(1)6(i),1,-3241.68
1001,I0166A,Manoj Sidhu,MANPU8121D,22910157,2/28/2027,INV/2026/01533,3400001534,16290009,Non-Companies-393(1),POSITIVE TDS (clearing side),382518.3,324168.05,3/17/2027,AC,1100001534,CP,Ind/HUF - 1%-New Sec-393(1)6(i),1,3316.89
1001,CRN0251D,Credit Note Solutions Pvt Ltd,CRECD8281T,21840408,1/11/2027,INV/2026/01535,,16290054,OTH-393(1)8(ii),NEGATIVE TDS (invoice side),931410.16,789330.64,1/11/2027,AC,1100001535,LP,Purc of Good-0.1%PMTCOM-PNS393(1)8(ii),0.1,-789.33
1001,CRN0251D,Credit Note Solutions Pvt Ltd,CRECD8281T,13743860,1/24/2027,INV/2026/01535,3400001536,50258000,Purch Offset Account,POSITIVE TDS (clearing side),931410.16,789330.64,1/25/2027,AC,1100001536,LP,Purc of Good-0.1%PMTCOM-PNS393(1)8(ii),0.1,2152.44
1001,I0156E,Manpreet Gupta,MANPA5763I,7531636,11/12/2026,INV/2026/01537,3400001537,16290009,Non-Companies-393(1),NEGATIVE TDS (invoice side),759217.94,643405.03,11/27/2026,AC,1100001537,CP,Ind/HUF - 1%-New Sec-393(1)6(i),1,-6434.05
1001,I0156E,Manpreet Gupta,MANPA5763I,22822480,10/11/2026,INV/2026/01537,3400001538,16290009,Non-Companies-393(1),POSITIVE TDS (clearing side),759217.94,643405.03,10/15/2026,AC,1100001538,CP,Ind/HUF - 1%-New Sec-393(1)6(i),1,4849.94
1001,D0050A,Rashtriya Ispat Nigam Ltd,RASCD3491U,5249389,8/30/2026,INV/2026/01539,3400001539,50080002,Retro Price Chan-Mat,NEGATIVE TDS (invoice side),1230638.73,1042914.18,9/15/2026,AC,1100001539,LP,Purc of Good-0.1%PMTCOM-PNS393(1)8(ii),0.1,-1042.91
1001,D0050A,Rashtriya Ispat Nigam Ltd,RASCD3491U,5848131,10/2/2026,INV/2026/01539,,50080002,Retro Price Chan-Mat,POSITIVE TDS (clearing side),1230638.73,1042914.18,10/4/2026,AC,1100001540,LP,Purc of Good-0.1%PMTCOM-PNS393(1)8(ii),0.1,1170.51
1001,I0204D,Sanjay Modi,SANPI3774Z,6903269,2/16/2027,INV/2026/01541,,16290009,Non-Companies-393(1),NEGATIVE TDS (invoice side),483248.02,409532.22,2/18/2027,AC,1100001541,CP,Ind/HUF - 1%-New Sec-393(1)6(i),1,-4095.32
1001,I0204D,Sanjay Modi,SANPI3774Z,11154262,1/7/2027,INV/2026/01541,3400001542,16290009,Non-Companies-393(1),POSITIVE TDS (clearing side),483248.02,409532.22,1/27/2027,AC,1100001542,CP,Ind/HUF - 1%-New Sec-393(1)6(i),1,3709.25
1001,I0179B,Rakesh Sidhu,RAKPU4961V,8251931,4/29/2026,INV/2026/01543,,16290009,Non-Companies-393(1),NEGATIVE TDS (invoice side),78367.75,66413.35,5/2/2026,AC,1100001543,CP,Ind/HUF - 1%-New Sec-393(1)6(i),1,-664.13
1001,I0179B,Rakesh Sidhu,RAKPU4961V,13262967,2/19/2027,INV/2026/01543,3400001544,16290009,Non-Companies-393(1),POSITIVE TDS (clearing side),78367.75,66413.35,2/20/2027,AC,1100001544,CP,Ind/HUF - 1%-New Sec-393(1)6(i),1,5682.98
1001,D0076E,Gati Ltd,GATCD5454I,2283464,12/14/2026,INV/2026/01545,3400001545,16290054,OTH-393(1)8(ii),NEGATIVE TDS (invoice side),2631881.35,2230407.92,12/25/2026,AC,1100001545,LP,Purc of Good-0.1%PMTCOM-PNS393(1)8(ii),0.1,-2230.41
1001,D0076E,Gati Ltd,GATCD5454I,24265544,4/15/2026,INV/2026/01545,,50080002,Retro Price Chan-Mat,POSITIVE TDS (clearing side),2631881.35,2230407.92,4/22/2026,AC,1100001546,LP,Purc of Good-0.1%PMTCOM-PNS393(1)8(ii),0.1,1775.82
1001,D0042G,KEI Industries Ltd,KEICD1017N,22311784,11/14/2026,INV/2026/01547,3400001547,16290054,OTH-393(1)8(ii),NEGATIVE TDS (invoice side),1864176.52,1579810.61,11/17/2026,AC,1100001547,LP,Purc of Good-0.1%PMTCOM-PNS393(1)8(ii),0.1,-1579.81
1001,D0042G,KEI Industries Ltd,KEICD1017N,7799728,8/4/2026,INV/2026/01547,3400001548,16290053,COMP-393(1)8(ii),POSITIVE TDS (clearing side),1864176.52,1579810.61,8/4/2026,AC,1100001548,LP,Purc of Good-0.1%PMTCOM-PNS393(1)8(ii),0.1,668.32
1001,WRG0256B,Wrong Section Mapping Pvt Ltd,WROCD4607S,1005431,1/24/2027,INV/2026/01549,3400001549,16290054,OTH-393(1)8(ii),NEGATIVE TDS (invoice side),2878162.05,2439120.38,2/9/2027,AC,1100001549,LP,Purc of Good-0.1%PMTCOM-PNS393(1)8(ii),0.1,-2439.12
1001,WRG0256B,Wrong Section Mapping Pvt Ltd,WROCD4607S,1928973,5/13/2026,INV/2026/01549,,16290053,COMP-393(1)8(ii),POSITIVE TDS (clearing side),2878162.05,2439120.38,5/13/2026,AC,1100001550,LP,Purc of Good-0.1%PMTCOM-PNS393(1)8(ii),0.1,1067.77
1001,I0155B,Ramesh Gill,RAMPL1846V,16015430,11/8/2026,INV/2026/01551,3400001551,16290009,Non-Companies-393(1),NEGATIVE TDS (invoice side),669937.22,567743.41,11/10/2026,AC,1100001551,CP,Ind/HUF - 1%-New Sec-393(1)6(i),1,-5677.43
1001,I0155B,Ramesh Gill,RAMPL1846V,17128733,8/11/2026,INV/2026/01551,3400001552,16290009,Non-Companies-393(1),POSITIVE TDS (clearing side),669937.22,567743.41,8/22/2026,AC,1100001552,CP,Ind/HUF - 1%-New Sec-393(1)6(i),1,799.85
1001,E0129B,Parmar Electricals,PARFS6690W,8250481,12/6/2026,INV/2026/01553,3400001553,50258000,Purch Offset Account,NEGATIVE TDS (invoice side),1717423.94,1455444.02,12/7/2026,AC,1100001553,LP,Purc of Good-0.1%PMTCOM-PNS393(1)8(ii),0.1,-1455.44
1001,E0129B,Parmar Electricals,PARFS6690W,12030183,5/29/2026,INV/2026/01553,,50258000,Purch Offset Account,POSITIVE TDS (clearing side),1717423.94,1455444.02,6/7/2026,AC,1100001554,LP,Purc of Good-0.1%PMTCOM-PNS393(1)8(ii),0.1,1842.63
1001,D0021B,Honeywell Automation India Ltd,HONCD0939S,19606578,1/19/2027,INV/2026/01555,3400001555,50258000,Purch Offset Account,NEGATIVE TDS (invoice side),2116173.73,1793367.57,2/5/2027,AC,1100001555,LP,Purc of Good-0.1%PMTCOM-PNS393(1)8(ii),0.1,-1793.37
1001,D0021B,Honeywell Automation India Ltd,HONCD0939S,12610653,2/20/2027,INV/2026/01555,3400001556,16290054,OTH-393(1)8(ii),POSITIVE TDS (clearing side),2116173.73,1793367.57,3/1/2027,AC,1100001556,LP,Purc of Good-0.1%PMTCOM-PNS393(1)8(ii),0.1,1889.26
1001,E0092H,Singh Engineering Works,SINFS2311F,2781101,10/4/2026,INV/2026/01557,3400001557,50080002,Retro Price Chan-Mat,NEGATIVE TDS (invoice side),1888491.14,1600416.22,10/19/2026,AC,1100001557,LP,Purc of Good-0.1%PMTCOM-PNS393(1)8(ii),0.1,-1600.42
1001,E0092H,Singh Engineering Works,SINFS2311F,18802371,2/15/2027,INV/2026/01557,3400001558,50258000,Purch Offset Account,POSITIVE TDS (clearing side),1888491.14,1600416.22,2/24/2027,AC,1100001558,LP,Purc of Good-0.1%PMTCOM-PNS393(1)8(ii),0.1,1362.75
1001,H0216F,Ramesh Kumar HUF Unit-11,RAMHZ7318N,23810539,9/12/2026,INV/2026/01559,3400001559,16290009,Non-Companies-393(1),NEGATIVE TDS (invoice side),385976.88,327099.05,9/25/2026,AC,1100001559,CP,Ind/HUF - 1%-New Sec-393(1)6(i),1,-3270.99
1001,H0216F,Ramesh Kumar HUF Unit-11,RAMHZ7318N,3606321,5/23/2026,INV/2026/01559,3400001560,16290009,Non-Companies-393(1),POSITIVE TDS (clearing side),385976.88,327099.05,6/6/2026,AC,1100001560,CP,Ind/HUF - 1%-New Sec-393(1)6(i),1,3290.65
1001,D0008C,ABB India Ltd,ABBCD8474U,7114202,10/11/2026,INV/2026/01561,,16290054,OTH-393(1)8(ii),NEGATIVE TDS (invoice side),2651051.94,2246654.19,10/21/2026,AC,1100001561,LP,Purc of Good-0.1%PMTCOM-PNS393(1)8(ii),0.1,-2246.65
1001,D0008C,ABB India Ltd,ABBCD8474U,10435107,7/18/2026,INV/2026/01561,3400001562,16290053,COMP-393(1)8(ii),POSITIVE TDS (clearing side),2651051.94,2246654.19,8/1/2026,AC,1100001562,LP,Purc of Good-0.1%PMTCOM-PNS393(1)8(ii),0.1,878.5
1001,D0042G,KEI Industries Ltd,KEICD1017N,10107777,7/16/2026,INV/2026/01563,3400001563,16290053,COMP-393(1)8(ii),NEGATIVE TDS (invoice side),2247889.12,1904990.78,7/21/2026,AC,1100001563,LP,Purc of Good-0.1%PMTCOM-PNS393(1)8(ii),0.1,-1904.99
1001,D0042G,KEI Industries Ltd,KEICD1017N,8707104,2/1/2027,INV/2026/01563,,16290053,COMP-393(1)8(ii),POSITIVE TDS (clearing side),2247889.12,1904990.78,2/10/2027,AC,1100001564,LP,Purc of Good-0.1%PMTCOM-PNS393(1)8(ii),0.1,2170.94
1001,E0123C,Mishra Steel Works,MISFS9590X,12168261,1/6/2027,INV/2026/01565,,50258000,Purch Offset Account,NEGATIVE TDS (invoice side),833381.91,706255.86,1/20/2027,AC,1100001565,LP,Purc of Good-0.1%PMTCOM-PNS393(1)8(ii),0.1,-706.26
1001,E0123C,Mishra Steel Works,MISFS9590X,2784608,4/26/2026,INV/2026/01565,,16290053,COMP-393(1)8(ii),POSITIVE TDS (clearing side),833381.91,706255.86,5/9/2026,AC,1100001566,LP,Purc of Good-0.1%PMTCOM-PNS393(1)8(ii),0.1,622.73
1001,E0098A,Kulkarni Steel Traders,KULFS1794Y,24134540,9/23/2026,INV/2026/01567,3400001567,16290008,GR/IR-Indirect Good,Document type KR coverage,132342.07,112154.3,10/6/2026,KR,2510001567,CP,Firm - 2%-New Sec-393(1)6(i),2,-2243.09
1079,D0074G,Delhivery Ltd,DELCD1993Q,4823017,10/2/2026,INV/2026/01568,3400001568,16290008,GR/IR-Indirect Good,Document type KR coverage,394264.16,334122.17,10/3/2026,KR,2510001568,CP,Cont. Cos - 2%-New Sec-393(1)6(i),2,-6682.44
1081,QTH0244D,Threshold Goods Suppliers Pvt Ltd,THRCD7444Y,21265578,6/9/2026,INV/2026/01569,3400001569,16290008,GR/IR-Indirect Good,Document type KR coverage,611630.38,518330.83,6/13/2026,KR,2510001569,CP,Cont. Cos - 2%-New Sec-393(1)6(i),2,-10366.62
1001,I0188D,Dinesh Pandey,DINPY5607X,3688018,4/1/2026,INV/2026/01570,3400001570,16290009,Non-Companies-393(1),Document type KR coverage,975437.41,826641.87,4/1/2026,KR,2510001570,CP,Ind/HUF - 1%-New Sec-393(1)6(i),1,-8266.42
1079,D0069E,Havells Lloyd Ltd,HAVCD0059B,6646404,10/22/2026,INV/2026/01571,3400001571,16290008,GR/IR-Indirect Good,Document type KR coverage,264044.28,223766.34,11/3/2026,KR,2510001571,CP,Cont. Cos - 2%-New Sec-393(1)6(i),2,-4475.33
1081,I0189H,Ashok Brar,ASHPR4153B,23946187,1/20/2027,INV/2026/01572,3400001572,16290009,Non-Companies-393(1),Document type KR coverage,762843.71,646477.72,1/25/2027,KR,2510001572,CP,Ind/HUF - 1%-New Sec-393(1)6(i),1,-6464.78
1001,I0185C,Vijay Reddy,VIJPY5625U,6348424,1/16/2027,INV/2026/01573,3400001573,16290009,Non-Companies-393(1),Document type KR coverage,132238.12,112066.2,1/26/2027,KR,2510001573,CP,Ind/HUF - 1%-New Sec-393(1)6(i),1,-1120.66
1079,D0078E,Safe Express Pvt Ltd,SAFCD2253O,20075413,3/5/2027,INV/2026/01574,,16290008,GR/IR-Indirect Good,Document type KR coverage,780327.79,661294.74,3/24/2027,KR,2510001574,CP,Cont. Cos - 2%-New Sec-393(1)6(i),1,-6612.95
1001,L0140H,BDO India LLP Unit-5,BDOFZ7118U,4025235,4/1/2026,INV/2026/01575,3400001575,16290008,GR/IR-Indirect Good,Document type KZ coverage,157885.2,133801.02,4/2/2026,KZ,2610001575,CP,Firm - 2%-New Sec-393(1)6(i),2,-2676.02
1079,D0071B,Allcargo Logistics Ltd,ALLCD7053B,2612945,5/28/2026,INV/2026/01576,3400001576,16290008,GR/IR-Indirect Good,Document type KZ coverage,390495.67,330928.53,6/5/2026,KZ,2610001576,CP,Cont. Cos - 2%-New Sec-393(1)6(i),2,-6618.57
1081,T0223D,Akshaya Patra Foundation,AKSTN7883I,21503240,11/4/2026,INV/2026/01577,,16290008,GR/IR-Indirect Good,Document type KZ coverage,841815.67,713403.11,11/20/2026,KZ,2610001577,CP,Firm - 2%-New Sec-393(1)6(i),2,-14268.06
1001,E0107A,Menon Fabrication,MENFN5618N,7954486,4/30/2026,INV/2026/01578,3400001578,16290008,GR/IR-Indirect Good,Document type KZ coverage,837022.34,709340.97,5/2/2026,KZ,2610001578,CP,Firm - 2%-New Sec-393(1)6(i),2,-14186.82
1079,D0061H,Astral Ltd,ASTCD9928P,16486654,7/12/2026,INV/2026/01579,,16290008,GR/IR-Indirect Good,Document type KZ coverage,541753.21,459112.89,7/17/2026,KZ,2610001579,CP,Cont. Cos - 2%-New Sec-393(1)6(i),2,-9182.26
1081,E0123C,Mishra Steel Works,MISFS9590X,12413574,4/29/2026,INV/2026/01580,3400001580,16290008,GR/IR-Indirect Good,Document type KZ coverage,342401.86,290171.07,5/3/2026,KZ,2610001580,CP,Firm - 2%-New Sec-393(1)6(i),2,-5803.42
1001,D0052E,Ambuja Cements Ltd,AMBCD1982A,9935760,3/8/2027,INV/2026/01581,3400001581,16290008,GR/IR-Indirect Good,Document type KZ coverage,961219.63,814592.91,3/10/2027,KZ,2610001581,CP,Cont. Cos - 2%-New Sec-393(1)6(i),1,-8145.93
1079,D0042G,KEI Industries Ltd,KEICD1017N,21511103,7/11/2026,INV/2026/01582,,16290008,GR/IR-Indirect Good,Document type KZ coverage,336521.1,285187.37,7/23/2026,KZ,2610001582,CP,Cont. Cos - 2%-New Sec-393(1)6(i),2,-5703.75
1001,D0086D,KPMG Assurance & Consulting Services LLP,KPMCP8853P,1495324,8/10/2026,INV/2026/01583,3400001583,16290008,GR/IR-Indirect Good,Document type KA coverage,510316.42,432471.54,8/16/2026,KA,2310001583,CP,Cont. Cos - 2%-New Sec-393(1)6(i),2,-8649.43
1079,D0011H,Voltas Ltd,VOLCD7228J,8814648,12/8/2026,INV/2026/01584,,16290008,GR/IR-Indirect Good,Document type KA coverage,293506.0,248733.9,12/24/2026,KA,2310001584,CP,Cont. Cos - 2%-New Sec-393(1)6(i),2,-4974.68
1081,L0147B,Grant Thornton Bharat LLP Unit-12,GRAFZ1786O,15877330,7/16/2026,INV/2026/01585,3400001585,16290008,GR/IR-Indirect Good,Document type KA coverage,335475.1,284300.93,7/20/2026,KA,2310001585,CP,Firm - 2%-New Sec-393(1)6(i),2,-5686.02
1001,I0161E,Jaspreet Brar,JASPR0856X,20339123,1/4/2027,INV/2026/01586,3400001586,16290009,Non-Companies-393(1),Document type KA coverage,368069.64,311923.42,1/5/2027,KA,2310001586,CP,Ind/HUF - 1%-New Sec-393(1)6(i),1,-3119.23
1079,D0031D,Mitsubishi Electric India Pvt Ltd,MITCD9977Y,6550392,4/23/2026,INV/2026/01587,3400001587,16290008,GR/IR-Indirect Good,Document type KA coverage,133379.25,113033.26,5/2/2026,KA,2310001587,CP,Cont. Cos - 2%-New Sec-393(1)6(i),2,-2260.67
1081,I0165F,Subash Sharma,SUBPA2058R,19440554,2/26/2027,INV/2026/01588,3400001588,16290009,Non-Companies-393(1),Document type KA coverage,295761.69,250645.5,3/14/2027,KA,2310001588,CP,Ind/HUF - 1%-New Sec-393(1)6(i),0,0.0
1001,E0098A,Kulkarni Steel Traders,KULFS1794Y,3235552,1/1/2027,INV/2026/01589,3400001589,16290008,GR/IR-Indirect Good,Document type KA coverage,165660.67,140390.4,1/9/2027,KA,2310001589,CP,Firm - 2%-New Sec-393(1)6(i),2,-2807.81
1079,D0011H,Voltas Ltd,VOLCD7228J,2987314,7/23/2026,INV/2026/01590,3400001590,16290008,GR/IR-Indirect Good,Document type KA coverage,520381.51,441001.28,8/5/2026,KA,2310001590,CP,Cont. Cos - 2%-New Sec-393(1)6(i),2,-8820.03
1001,T0222C,CRY Child Rights Trust,CRYTT7530J,4547662,7/29/2026,INV/2026/01591,3400001591,16290008,GR/IR-Indirect Good,Document type AB coverage,732862.47,621069.89,8/3/2026,AB,1050001591,CP,Firm - 2%-New Sec-393(1)6(i),2,-12421.4
1079,T0220H,Sri Ramakrishna Mission Trust,SRITT1331W,16345719,10/5/2026,INV/2026/01592,3400001592,16290008,GR/IR-Indirect Good,Document type AB coverage,253172.99,214553.38,10/7/2026,AB,1050001592,CP,Firm - 2%-New Sec-393(1)6(i),2,-4291.07
1081,QTH0244D,Threshold Goods Suppliers Pvt Ltd,THRCD7444Y,9217353,8/1/2026,INV/2026/01593,3400001593,16290008,GR/IR-Indirect Good,Document type AB coverage,674886.14,571937.41,8/15/2026,AB,1050001593,CP,Cont. Cos - 2%-New Sec-393(1)6(i),2,-11438.75
1001,T0222C,CRY Child Rights Trust,CRYTT7530J,1797783,10/24/2026,INV/2026/01594,3400001594,16290008,GR/IR-Indirect Good,Document type AB coverage,641381.63,543543.75,11/5/2026,AB,1050001594,CP,Firm - 2%-New Sec-393(1)6(i),2,-10870.87
1079,D0039F,Legrand India Pvt Ltd,LEGCD6149O,9878693,3/2/2027,INV/2026/01595,3400001595,16290008,GR/IR-Indirect Good,Document type AB coverage,715906.42,606700.36,3/13/2027,AB,1050001595,CP,Cont. Cos - 2%-New Sec-393(1)6(i),1,-6067.0
1081,E0103D,Chatterjee Engineering,CHAFG4888A,18116412,10/25/2026,INV/2026/01596,,16290008,GR/IR-Indirect Good,Document type AB coverage,310093.24,262790.88,11/3/2026,AB,1050001596,CP,Firm - 2%-New Sec-393(1)6(i),2,-5255.82
1001,D0041H,Polycab India Ltd,POLCD9182W,3249784,1/30/2027,INV/2026/01597,,16290008,GR/IR-Indirect Good,Document type AB coverage,698207.86,591701.58,2/16/2027,AB,1050001597,CP,Cont. Cos - 2%-New Sec-393(1)6(i),2,-11834.03
1079,I0204D,Sanjay Modi,SANPI3774Z,16084803,11/28/2026,INV/2026/01598,,16290009,Non-Companies-393(1),Document type AB coverage,191561.57,162340.31,12/13/2026,AB,1050001598,CP,Ind/HUF - 1%-New Sec-393(1)6(i),1,-1623.4
1001,E0099D,Nair Associates,NAIFS8728Y,4549545,6/27/2026,INV/2026/01599,3400001599,50258000,Purch Offset Account,Document type AC coverage,2385559.74,2021660.8,7/4/2026,AC,1100001599,LP,Purc of Good-0.1%PMTCOM-PNS393(1)8(ii),0.1,-2021.66
1079,E0129B,Parmar Electricals,PARFS6690W,9752057,9/8/2026,INV/2026/01600,,50258000,Purch Offset Account,Document type AC coverage,2500852.02,2119366.12,9/17/2026,AC,1100001600,LP,Purc of Good-0.1%PMTCOM-PNS393(1)8(ii),0.1,-2119.37
1081,D0015E,Bharat Forge Ltd,BHACD3246R,20561830,8/28/2026,INV/2026/01601,3400001601,50080002,Retro Price Chan-Mat,Document type AC coverage,1243510.68,1053822.61,9/7/2026,AC,1100001601,LP,Purc of Good-0.1%PMTCOM-PNS393(1)8(ii),0.1,-1053.82
1001,E0099D,Nair Associates,NAIFS8728Y,19979101,11/21/2026,INV/2026/01602,3400001602,50080002,Retro Price Chan-Mat,Document type AC coverage,2641586.94,2238633.0,11/23/2026,AC,1100001602,LP,Purc of Good-0.1%PMTCOM-PNS393(1)8(ii),0.1,-2238.63
1079,D0018C,SKF India Ltd,SKFCD8142T,2638590,9/19/2026,INV/2026/01603,3400001603,50258000,Purch Offset Account,Document type AC coverage,1094250.26,927330.73,10/7/2026,AC,1100001603,LP,Purc of Good-0.1%PMTCOM-PNS393(1)8(ii),0.1,-927.33
1081,D0048A,SAIL Bhilai Steel Plant,SAICT0013B,9935253,2/17/2027,INV/2026/01604,,50258000,Purch Offset Account,Document type AC coverage,1580128.8,1339092.2,3/6/2027,AC,1100001604,LP,Purc of Good-0.1%PMTCOM-PNS393(1)8(ii),0.1,-1339.09
1001,QTH0246F,Below Threshold Parts India Ltd,BELCD0690T,6639663,3/12/2027,INV/2026/01605,,50258000,Purch Offset Account,Document type AC coverage,2555713.7,2165859.07,3/19/2027,AC,1100001605,LP,Purc of Good-0.1%PMTCOM-PNS393(1)8(ii),0.1,-2165.86
1079,I0159F,Pradhan Thakur,PRAPR3108Q,6101842,8/22/2026,INV/2026/01606,3400001606,16290009,Non-Companies-393(1),Document type AC coverage,747770.06,633703.44,9/5/2026,AC,1100001606,CP,Ind/HUF - 1%-New Sec-393(1)6(i),1,-6337.03
1001,T0223D,Akshaya Patra Foundation,AKSTN7883I,9626785,5/26/2026,INV/2026/01607,3400001607,54210099,Professional- Others,Document type CI coverage,643008.37,544922.35,6/3/2026,CI,2310141607,JP,Prof. Serv. Fees@10%-CO-NS393(1)6(iii)(b,10,-54492.23
1079,E0131C,Trivedi Consultants,TRIFS5805R,16924985,4/1/2026,INV/2026/01608,,54200001,Non-Comp-393(1)6(ii),Document type CI coverage,181464.74,153783.68,4/4/2026,CI,2310141608,JP,Prof. Serv. Fees@10%-CO-NS393(1)6(iii)(b,10,-15378.37
1081,I0196A,Ashok Thakur,ASHPR1993Z,10707079,8/22/2026,INV/2026/01609,3400001609,54200001,Non-Comp-393(1)6(ii),Document type CI coverage,187318.45,158744.45,8/24/2026,CI,2310141609,JP,Prof.ServFee@10%-IndHUF-NS393(1)6(iii)(b,10,-15874.44
1001,I0172B,Mahesh Pandey,MAHPY2876B,20896507,3/9/2027,INV/2026/01610,,54200001,Non-Comp-393(1)6(ii),Document type CI coverage,609833.24,516807.83,3/28/2027,CI,2310141610,JP,Prof.ServFee@10%-IndHUF-NS393(1)6(iii)(b,10,-51680.78
1079,I0203C,Shettigar Yadav,SHEPV8264D,20346220,6/1/2026,INV/2026/01611,3400001611,16290019,Non-Comp-393(1)6(ii),Document type CI coverage,640178.06,542523.78,6/18/2026,CI,2310141611,JI,TechServFees@2%-IndHUF:NS393(1)6(iii)(a),2,-10850.48
1081,I0199H,Janorkar Parekh,JANPH7150R,5239135,9/2/2026,INV/2026/01612,3400001612,54200001,Non-Comp-393(1)6(ii),Document type CI coverage,434007.61,367803.06,9/5/2026,CI,2310141612,JP,Prof.ServFee@10%-IndHUF-NS393(1)6(iii)(b,10,-36780.31
1001,E0109D,Rao Precision Works,RAOFS2334E,24015646,6/26/2026,INV/2026/01613,3400001613,54210099,Professional- Others,Document type CI coverage,155365.3,131665.51,7/14/2026,CI,2310141613,JP,Prof. Serv. Fees@10%-CO-NS393(1)6(iii)(b,10,-13166.55
1079,D0040A,Havells India Ltd,HAVCD5593M,13451141,4/1/2026,INV/2026/01614,,16290019,Non-Comp-393(1)6(ii),Document type CI coverage,716318.2,607049.32,4/5/2026,CI,2310141614,JI,TechServFees@2%-IndHUF:NS393(1)6(iii)(a),2,-12140.99
1001,I0168E,Dinesh Parekh,DINPH3916N,3713545,9/13/2026,INV/2026/01615,,16290009,Non-Companies-393(1),Document type LI coverage,933091.02,790755.1,9/21/2026,LI,1100391615,CP,Ind/HUF - 1%-New Sec-393(1)6(i),1,-7907.55
1079,E0095C,Mehta Electricals,MEHFS2351N,16150322,1/25/2027,INV/2026/01616,3400001616,50258000,Purch Offset Account,Document type LI coverage,2778643.77,2354782.86,1/25/2027,LI,1100391616,LP,Purc of Good-0.1%PMTCOM-PNS393(1)8(ii),0.1,-2354.78
1081,E0119H,Thakur Engineering,THAFG6749V,14774560,5/15/2026,INV/2026/01617,,16290053,COMP-393(1)8(ii),Document type LI coverage,766362.0,649459.32,6/2/2026,LI,1100391617,LP,Purc of Good-0.1%PMTCOM-PNS393(1)8(ii),0.5,-3247.3
1001,I0159F,Pradhan Thakur,PRAPR3108Q,13575884,7/24/2026,INV/2026/01618,3400001618,16290009,Non-Companies-393(1),Document type LI coverage,125339.07,106219.55,8/1/2026,LI,1100391618,CP,Ind/HUF - 1%-New Sec-393(1)6(i),1,-1062.2
1079,I0172B,Mahesh Pandey,MAHPY2876B,20588471,4/1/2026,INV/2026/01619,,16290009,Non-Companies-393(1),Document type LI coverage,236880.55,200746.23,4/16/2026,LI,1100391619,CP,Ind/HUF - 1%-New Sec-393(1)6(i),1,-2007.46
1081,D0021B,Honeywell Automation India Ltd,HONCD0939S,8700840,6/24/2026,INV/2026/01620,3400001620,50258000,Purch Offset Account,Document type LI coverage,2555699.72,2165847.22,7/7/2026,LI,1100391620,LP,Purc of Good-0.1%PMTCOM-PNS393(1)8(ii),0.1,-2165.85
1001,A0229H,Automotive Component Manufacturers Association,AUTAN9861M,23715173,6/17/2026,INV/2026/01621,3400001621,50258000,Purch Offset Account,Document type LI coverage,1169041.43,990713.08,6/26/2026,LI,1100391621,LP,Purc of Good-0.1%PMTCOM-PNS393(1)8(ii),0.1,-990.71
1079,E0107A,Menon Fabrication,MENFN5618N,8112833,1/16/2027,INV/2026/01622,3400001622,50080002,Retro Price Chan-Mat,Document type LI coverage,2854154.13,2418774.69,1/27/2027,LI,1100391622,LP,Purc of Good-0.1%PMTCOM-PNS393(1)8(ii),0.1,-2418.77
1001,H0210B,Rajesh Agarwal HUF,RAJHF3193L,5578675,9/16/2026,INV/2026/01623,3400001623,54470200,INCENTIVE SPARE PART,Document type MI coverage,146866.97,124463.53,10/4/2026,MI,2510421623,MI,Ben. 194R @ 10% COM PAN-N/S-393(1)8(iv),10,-12446.35
1079,D0080G,Sical Logistics Ltd,SICCD4392R,13921984,8/28/2026,INV/2026/01624,,54470200,INCENTIVE SPARE PART,Document type MI coverage,348161.76,295052.34,9/14/2026,MI,2510421624,MI,Ben. 194R @ 10% COM PAN-N/S-393(1)8(iv),10,-29505.23
1081,D0067C,Orient Electric Ltd,ORICD0476S,18796193,11/19/2026,INV/2026/01625,3400001625,54470200,INCENTIVE SPARE PART,Document type MI coverage,185813.86,157469.37,11/24/2026,MI,2510421625,MI,Ben. 194R @ 10% COM PAN-N/S-393(1)8(iv),10,-15746.94
1001,D0075E,Blue Dart Express Ltd,BLUCD4875D,24763256,7/28/2026,INV/2026/01626,3400001626,54470200,INCENTIVE SPARE PART,Document type MI coverage,323643.51,274274.16,8/12/2026,MI,2510421626,MI,Ben. 194R @ 10% COM PAN-N/S-393(1)8(iv),10,-27427.42
1079,E0102C,Banerjee Enterprises,BANFS9914K,6979765,7/1/2026,INV/2026/01627,,54470200,INCENTIVE SPARE PART,Document type MI coverage,332209.31,281533.31,7/7/2026,MI,2510421627,MI,Ben. 194R @ 10% COM PAN-N/S-393(1)8(iv),10,-28153.33
1081,E0113A,Kapoor Electrical Works,KAPFS1388V,993511,2/22/2027,INV/2026/01628,3400001628,54470200,INCENTIVE SPARE PART,Document type MI coverage,177107.37,150090.99,3/12/2027,MI,2510421628,MI,Ben. 194R @ 10% COM PAN-N/S-393(1)8(iv),10,-15009.1
1001,I0153H,Pradhan Modi,PRAPI6148J,23456364,9/13/2026,INV/2026/01629,3400001629,54470200,INCENTIVE SPARE PART,Document type MI coverage,190643.17,161562.01,9/13/2026,MI,2510421629,MI,Ben. 194R @ 10% COM PAN-N/S-393(1)8(iv),10,-16156.2
1079,D0034F,Omron Automation Pvt Ltd,OMRCD4491E,5355682,4/4/2026,INV/2026/01630,3400001630,54470200,INCENTIVE SPARE PART,Document type MI coverage,184534.67,156385.31,4/10/2026,MI,2510421630,MI,Ben. 194R @ 10% COM PAN-N/S-393(1)8(iv),10,-15638.53
1001,D0059F,Kansai Nerolac Paints Ltd,WROCZ2604X,5617210,11/20/2026,INV/2026/01631,3400001631,16290008,GR/IR-Indirect Good,INCORRECT VENDOR PAN vs master,205741.14,174356.9,11/25/2026,KA,2310001631,CP,Cont. Cos - 2%-New Sec-393(1)6(i),2,-3487.14
1079,T0227B,Teach For India Trust,WROTZ4784L,17215476,11/30/2026,INV/2026/01632,,16290008,GR/IR-Indirect Good,INCORRECT VENDOR PAN vs master,271783.13,230324.69,12/7/2026,KR,2510001632,CP,Firm - 2%-New Sec-393(1)6(i),2,-4606.49
1081,I0159F,Pradhan Thakur,WROPZ6294V,19932129,4/1/2026,INV/2026/01633,,16290009,Non-Companies-393(1),INCORRECT VENDOR PAN vs master,878052.68,744112.44,4/11/2026,KA,2310001633,CP,Ind/HUF - 1%-New Sec-393(1)6(i),1,-7441.12
1001,E0125F,Choudhary Logistics,WROFZ5522H,19363476,5/6/2026,INV/2026/01634,3400001634,16290008,GR/IR-Indirect Good,INCORRECT VENDOR PAN vs master,823658.17,698015.4,5/25/2026,KA,2310001634,CP,Firm - 2%-New Sec-393(1)6(i),2,-13960.31
1079,D0019C,Timken India Ltd,WROCZ1823L,22451502,4/21/2026,INV/2026/01635,3400001635,16290008,GR/IR-Indirect Good,INCORRECT VENDOR PAN vs master,92930.51,78754.67,4/24/2026,KA,2310001635,CP,Cont. Cos - 2%-New Sec-393(1)6(i),2,-1575.09
1081,H0211E,Mahesh Shah HUF,WROHZ4395O,19000085,6/16/2026,INV/2026/01636,,16290009,Non-Companies-393(1),INCORRECT VENDOR PAN vs master,525638.0,445455.93,6/19/2026,KR,2510001636,CP,Ind/HUF - 1%-New Sec-393(1)6(i),1,-4454.56
1001,D0030C,Kennametal India Ltd,WROCZ3225M,23778023,9/2/2026,INV/2026/01637,3400001637,16290008,GR/IR-Indirect Good,INCORRECT VENDOR PAN vs master,729390.64,618127.66,9/7/2026,KA,2310001637,CP,Cont. Cos - 2%-New Sec-393(1)6(i),2,-12362.55
1079,E0135G,Parekh Logistics,WROFZ3862T,20693426,7/27/2026,INV/2026/01638,,16290008,GR/IR-Indirect Good,INCORRECT VENDOR PAN vs master,766742.36,649781.66,8/11/2026,KA,2310001638,CP,Firm - 2%-New Sec-393(1)6(i),1,-6497.82
1081,E0105E,Das & Company,WROFZ1249O,18456171,6/4/2026,INV/2026/01639,3400001639,16290008,GR/IR-Indirect Good,INCORRECT VENDOR PAN vs master,758171.26,642518.02,6/15/2026,KR,2510001639,CP,Firm - 2%-New Sec-393(1)6(i),2,-12850.36
1001,D0054F,Shree Cement Ltd,WROCZ6858E,1474609,7/2/2026,INV/2026/01640,,16290008,GR/IR-Indirect Good,INCORRECT VENDOR PAN vs master,971122.9,822985.51,7/9/2026,KA,2310001640,CP,Cont. Cos - 2%-New Sec-393(1)6(i),2,-16459.71
1079,LDC0241A,Lower Deduction Certificate Ltd,WROCZ3039Q,14947122,1/3/2027,INV/2026/01641,3400001641,16290008,GR/IR-Indirect Good,INCORRECT VENDOR PAN vs master,564450.72,478348.07,1/12/2027,KR,2510001641,CP,Cont. Cos - 2%-New Sec-393(1)6(i),1,-4783.48
1081,D0058D,Berger Paints India Ltd,WROCZ8745M,10484460,2/17/2027,INV/2026/01642,3400001642,16290008,GR/IR-Indirect Good,INCORRECT VENDOR PAN vs master,304566.18,258106.93,3/7/2027,KR,2510001642,CP,Cont. Cos - 2%-New Sec-393(1)6(i),2,-5162.14
1001,I0175C,Balwinder Banerjee,WROPZ9953C,16306979,12/29/2026,INV/2026/01643,3400001643,16290009,Non-Companies-393(1),INCORRECT VENDOR PAN vs master,798457.63,676659.01,1/15/2027,KR,2510001643,CP,Ind/HUF - 1%-New Sec-393(1)6(i),1,-6766.59
1079,I0177C,Naresh Pillai,WROPZ5080J,16581042,2/1/2027,INV/2026/01644,,16290009,Non-Companies-393(1),INCORRECT VENDOR PAN vs master,86376.27,73200.23,2/7/2027,KA,2310001644,CP,Ind/HUF - 1%-New Sec-393(1)6(i),1,-732.0
1081,D0038D,Hager Electro Pvt Ltd,WROCZ8365S,18351015,4/25/2026,INV/2026/01645,3400001645,16290008,GR/IR-Indirect Good,INCORRECT VENDOR PAN vs master,60910.59,51619.14,5/15/2026,KA,2310001645,CP,Cont. Cos - 2%-New Sec-393(1)6(i),2,-1032.38
1001,T0222C,CRY Child Rights Trust,WROTZ3527W,17425374,8/27/2026,INV/2026/01646,3400001646,16290008,GR/IR-Indirect Good,INCORRECT VENDOR PAN vs master,852689.54,722618.25,8/28/2026,KA,2310001646,CP,Firm - 2%-New Sec-393(1)6(i),2,-14452.36
1079,D0064C,Ashirvad Pipes Pvt Ltd,WROCZ2543A,21097417,12/30/2026,INV/2026/01647,3400001647,16290008,GR/IR-Indirect Good,INCORRECT VENDOR PAN vs master,222871.82,188874.42,1/1/2027,KR,2510001647,CP,Cont. Cos - 2%-New Sec-393(1)6(i),2,-3777.49
1081,D0081G,VRL Logistics Ltd,WROCZ8532R,4019224,12/17/2026,INV/2026/01648,3400001648,16290008,GR/IR-Indirect Good,INCORRECT VENDOR PAN vs master,155102.89,131443.13,12/18/2026,KR,2510001648,CP,Cont. Cos - 2%-New Sec-393(1)6(i),2,-2628.86
1001,D0050A,Rashtriya Ispat Nigam Ltd,WROCZ0460I,11400451,2/12/2027,INV/2026/01649,,16290008,GR/IR-Indirect Good,INCORRECT VENDOR PAN vs master,105504.74,89410.8,2/22/2027,KA,2310001649,CP,Cont. Cos - 2%-New Sec-393(1)6(i),2,-1788.22
1079,L0139G,Grant Thornton Bharat LLP Unit-4,WROFZ9149P,22914803,5/2/2026,INV/2026/01650,,16290008,GR/IR-Indirect Good,INCORRECT VENDOR PAN vs master,76473.18,64807.78,5/21/2026,KR,2510001650,CP,Firm - 2%-New Sec-393(1)6(i),2,-1296.16
1081,I0158B,Rakesh Bedi,WROPZ8284B,12485399,2/23/2027,INV/2026/01651,,16290009,Non-Companies-393(1),INCORRECT VENDOR PAN vs master,87539.3,74185.85,3/1/2027,KR,2510001651,CP,Ind/HUF - 1%-New Sec-393(1)6(i),0.5,-370.93
1001,A0233E,Electronics Industries Association of India,WROAZ2738I,10710605,8/30/2026,INV/2026/01652,,16290008,GR/IR-Indirect Good,INCORRECT VENDOR PAN vs master,87411.82,74077.81,9/5/2026,KR,2510001652,CP,Firm - 2%-New Sec-393(1)6(i),2,-1481.56
1079,I0170H,Deepak Thakur,WROPZ2434V,8549716,6/27/2026,INV/2026/01653,,16290009,Non-Companies-393(1),INCORRECT VENDOR PAN vs master,933822.22,791374.76,7/12/2026,KR,2510001653,CP,Ind/HUF - 1%-New Sec-393(1)6(i),1,-7913.75
1081,ADV0248A,Partial Advance Builders,WROFZ1683C,13038298,3/2/2027,INV/2026/01654,3400001654,16290008,GR/IR-Indirect Good,INCORRECT VENDOR PAN vs master,425455.14,360555.2,3/21/2027,KA,2310001654,CP,Firm - 2%-New Sec-393(1)6(i),2,-7211.1
1001,E0133A,Shah Precision Tools,WROFZ3267A,20527776,8/10/2026,INV/2026/01655,3400001655,16290008,GR/IR-Indirect Good,INCORRECT VENDOR PAN vs master,678653.9,575130.42,8/14/2026,KA,2310001655,CP,Firm - 2%-New Sec-393(1)6(i),2,-11502.61
1001,D0042G,KEI Industries Ltd,KEICD1017N,13746086,4/5/2026,INV/2026/01656,3400001656,54150002,RENTAL CHARGES - IT ASSETS,Multi CC/month coverage 1001 M4,276128.14,234006.9,4/20/2026,KR,2510001656,IP,PlantMach Rent@2%-NS393(1)2(i),2,-4680.14
1001,D0075E,Blue Dart Express Ltd,BLUCD4875D,5722059,5/18/2026,INV/2026/01657,3400001657,54410009,Commission Expense,Multi CC/month coverage 1001 M5,221990.51,188127.55,5/21/2026,KR,2510001657,HP,Comm/Brokerg Ind/HUF/Firm2%NS393(1)1(ii),2,-3762.55
1001,I0199H,Janorkar Parekh,JANPH7150R,14241214,6/4/2026,INV/2026/01658,3400001658,16290009,Non-Companies-393(1),Multi CC/month coverage 1001 M6,291312.5,246875.0,6/13/2026,KR,2510001658,CP,Ind/HUF - 1%-New Sec-393(1)6(i),1,-2468.75
1001,D0008C,ABB India Ltd,ABBCD8474U,4117196,6/27/2026,INV/2026/01659,,54200001,Non-Comp-393(1)6(ii),Multi CC/month coverage 1001 M7,544549.94,461483.0,7/2/2026,KR,2510001659,JP,Prof. Serv. Fees@10%-CO-NS393(1)6(iii)(b,10,-46148.3
1001,I0203C,Shettigar Yadav,SHEPV8264D,24433580,7/30/2026,INV/2026/01660,3400001660,16290009,Non-Companies-393(1),Multi CC/month coverage 1001 M8,768844.14,651562.83,8/8/2026,KR,2510001660,CP,Ind/HUF - 1%-New Sec-393(1)6(i),1,-6515.63
1001,I0164F,Jaspreet Menon,JASPN7308P,21897764,8/25/2026,INV/2026/01661,3400001661,16290009,Non-Companies-393(1),Multi CC/month coverage 1001 M9,59213.88,50181.25,9/12/2026,KR,2510001661,CP,Ind/HUF - 1%-New Sec-393(1)6(i),1,-501.81
1001,I0154F,Vijay Dhillon,VIJPN9453P,23777016,10/5/2026,INV/2026/01662,3400001662,16290009,Non-Companies-393(1),Multi CC/month coverage 1001 M10,258984.59,219478.47,10/5/2026,KA,2310001662,CP,Ind/HUF - 1%-New Sec-393(1)6(i),1,-2194.78
1001,D0016E,Mahindra Logistics Ltd,MAHCD0933R,6817247,11/1/2026,INV/2026/01663,3400001663,16290019,Non-Comp-393(1)6(ii),Multi CC/month coverage 1001 M11,595117.77,504337.09,11/1/2026,KR,2510001663,JI,TechServFees@2%-IndHUF:NS393(1)6(iii)(a),2,-10086.74
1001,D0084A,Deloitte Touche Tohmatsu India LLP,DELCP7853V,14059072,11/25/2026,INV/2026/01664,3400001664,16290008,GR/IR-Indirect Good,Multi CC/month coverage 1001 M12,889105.16,753478.95,12/1/2026,KA,2310001664,CP,Cont. Cos - 2%-New Sec-393(1)6(i),0,0.0
1079,D0076E,Gati Ltd,GATCD5454I,11296635,4/21/2026,INV/2026/01665,3400001665,54200001,Non-Comp-393(1)6(ii),Multi CC/month coverage 1079 M4,1047343.7,887579.41,4/26/2026,KA,2310001665,JP,Prof. Serv. Fees@10%-CO-NS393(1)6(iii)(b,10,-88757.94
1079,L0149G,Walker Chandiok & Co LLP Unit-14,WALFZ1504T,18527711,5/19/2026,INV/2026/01666,,16290008,GR/IR-Indirect Good,Multi CC/month coverage 1079 M5,120519.77,102135.4,5/23/2026,KA,2310001666,CP,Firm - 2%-New Sec-393(1)6(i),2,-2042.71
1079,D0020F,Schaeffler India Ltd,SCHCD3146B,20916408,6/4/2026,INV/2026/01667,,50258000,Purch Offset Account,Multi CC/month coverage 1079 M6,1929260.49,1634966.52,6/21/2026,KR,2510001667,LP,Purc of Good-0.1%PMTCOM-PNS393(1)8(ii),0.1,-1634.97
1079,T0218D,Yuvashakti Foundation,YUVTN0584V,2473929,6/27/2026,INV/2026/01668,,16290019,Non-Comp-393(1)6(ii),Multi CC/month coverage 1079 M7,795197.4,673896.1,7/8/2026,KR,2510001668,JP,Prof. Serv. Fees@10%-CO-NS393(1)6(iii)(b,10,-67389.61
1079,D0086D,KPMG Assurance & Consulting Services LLP,KPMCP8853P,15952371,8/4/2026,INV/2026/01669,3400001669,16290008,GR/IR-Indirect Good,Multi CC/month coverage 1079 M8,671439.2,569016.27,8/7/2026,KR,2510001669,CP,Cont. Cos - 2%-New Sec-393(1)6(i),2,-11380.33
1079,D0048A,SAIL Bhilai Steel Plant,SAICT0013B,19410977,8/29/2026,INV/2026/01670,3400001670,54150002,RENTAL CHARGES - IT ASSETS,Multi CC/month coverage 1079 M9,73452.6,62247.97,9/4/2026,KR,2510001670,IP,LandBldg/Fur Ind/HUF/Fim10%NS393(1)2(ii),10,-6224.8
1079,E0121E,Sinha Associates,SINFS2711D,13785124,10/2/2026,INV/2026/01671,3400001671,16290008,GR/IR-Indirect Good,Multi CC/month coverage 1079 M10,474034.17,401723.87,10/14/2026,KA,2310001671,CP,Firm - 2%-New Sec-393(1)6(i),2,-8034.48
1079,E0106A,Pillai Contractors,PILFS1381F,3239612,10/17/2026,INV/2026/01672,3400001672,54410009,Commission Expense,Multi CC/month coverage 1079 M11,122234.24,103588.34,11/5/2026,KR,2510001672,HP,Comm/Brokerg Ind/HUF/Firm2%NS393(1)1(ii),2,-2071.77
1079,H0216F,Ramesh Kumar HUF Unit-11,RAMHZ7318N,3969883,12/18/2026,INV/2026/01673,3400001673,16290009,Non-Companies-393(1),Multi CC/month coverage 1079 M12,480459.46,407169.03,12/25/2026,KR,2510001673,CP,Ind/HUF - 1%-New Sec-393(1)6(i),1,-4071.69
1081,L0141C,Walker Chandiok & Co LLP Unit-6,WALFZ8894N,9702514,4/1/2026,INV/2026/01674,3400001674,54410009,Commission Expense,Multi CC/month coverage 1081 M4,118641.87,100543.96,4/15/2026,KA,2310001674,HP,Comm/Brokerg Ind/HUF/Firm2%NS393(1)1(ii),0,0.0
1081,H0213B,Dinesh Gupta HUF,DINHF6286R,14622727,5/12/2026,INV/2026/01675,,16290009,Non-Companies-393(1),Multi CC/month coverage 1081 M5,775848.03,657498.33,5/21/2026,KR,2510001675,CP,Ind/HUF - 1%-New Sec-393(1)6(i),1,-6574.98
1081,L0150B,S R Batliboi & Associates LLP Unit-15,SRBFZ9193O,16775248,6/6/2026,INV/2026/01676,3400001676,54150001,Rent - Office Building,Multi CC/month coverage 1081 M6,191202.04,162035.63,6/16/2026,KR,2510001676,IP,PlantMach Rent@2%-NS393(1)2(i),1,-1620.36
1081,D0057D,Pidilite Industries Ltd,PIDCD6150I,2126296,7/9/2026,INV/2026/01677,3400001677,54210099,Professional- Others,Multi CC/month coverage 1081 M7,84456.07,71572.94,7/14/2026,KA,2310001677,JP,Prof. Serv. Fees@10%-CO-NS393(1)6(iii)(b,10,-7157.29
1081,E0103D,Chatterjee Engineering,CHAFG4888A,18805019,8/16/2026,INV/2026/01678,3400001678,54410009,Commission Expense,Multi CC/month coverage 1081 M8,128959.16,109287.42,8/27/2026,KA,2310001678,HP,Comm/Brokerg Ind/HUF/Firm2%NS393(1)1(ii),2,-2185.75
1081,I0189H,Ashok Brar,ASHPR4153B,11430144,8/28/2026,INV/2026/01679,3400001679,54470200,INCENTIVE SPARE PART,Multi CC/month coverage 1081 M9,286105.24,242462.07,9/14/2026,KR,2510001679,MI,Ben. 194R @ 10% COM PAN-N/S-393(1)8(iv),10,-24246.21
1081,D0068A,V Guard Industries Ltd,VGUCD8445P,8938925,9/25/2026,INV/2026/01680,,50080002,Retro Price Chan-Mat,Multi CC/month coverage 1081 M10,1666972.18,1412688.29,10/13/2026,KR,2510001680,LP,Purc of Good-0.1%PMTCOM-PNS393(1)8(ii),0.1,-1412.69
1081,D0047G,Jindal Steel & Power Ltd,JINCD7556M,17570362,11/9/2026,INV/2026/01681,,54150002,RENTAL CHARGES - IT ASSETS,Multi CC/month coverage 1081 M11,161526.02,136886.46,11/11/2026,KR,2510001681,IP,LandBldg/Fur Ind/HUF/Fim10%NS393(1)2(ii),10,-13688.65
1081,E0098A,Kulkarni Steel Traders,KULFS1794Y,17027083,12/19/2026,INV/2026/01682,3400001682,16290008,GR/IR-Indirect Good,Multi CC/month coverage 1081 M12,56867.5,48192.8,12/25/2026,KR,2510001682,CP,Firm - 2%-New Sec-393(1)6(i),2,-963.86
1001,I0191G,Nilesh Sharma,NILPA9581N,13692306,1/3/2027,INV/2026/01683,3400001683,16290009,Non-Companies-393(1),FY Q4 coverage 1001 M1,482417.44,408828.34,1/20/2027,KA,2310001683,CP,Ind/HUF - 1%-New Sec-393(1)6(i),1,-4088.28
1001,D0053F,ACC Ltd,ACCCD7208I,9453898,2/10/2027,INV/2026/01684,3400001684,16290008,GR/IR-Indirect Good,FY Q4 coverage 1001 M2,489845.58,415123.37,2/12/2027,KA,2310001684,CP,Cont. Cos - 2%-New Sec-393(1)6(i),2,-8302.47
1001,D0078E,Safe Express Pvt Ltd,SAFCD2253O,9113598,3/4/2027,INV/2026/01685,,16290008,GR/IR-Indirect Good,FY Q4 coverage 1001 M3,324864.81,275309.16,3/22/2027,KA,2310001685,CP,Cont. Cos - 2%-New Sec-393(1)6(i),1,-2753.09
1079,I0181B,Balwinder Verma,BALPA0866U,24367973,1/6/2027,INV/2026/01686,3400001686,16290009,Non-Companies-393(1),FY Q4 coverage 1079 M1,945675.65,801420.04,1/25/2027,KR,2510001686,CP,Ind/HUF - 1%-New Sec-393(1)6(i),1,-8014.2
1079,I0172B,Mahesh Pandey,MAHPY2876B,13232528,1/21/2027,INV/2026/01687,3400001687,16290009,Non-Companies-393(1),FY Q4 coverage 1079 M2,802720.36,680271.49,2/8/2027,KR,2510001687,CP,Ind/HUF - 1%-New Sec-393(1)6(i),1,-6802.71
1079,I0169F,Anita Sandhu,ANIPU6820N,19930288,3/2/2027,INV/2026/01688,3400001688,16290009,Non-Companies-393(1),FY Q4 coverage 1079 M3,245712.96,208231.32,3/3/2027,KR,2510001688,CP,Ind/HUF - 1%-New Sec-393(1)6(i),1,-2082.31
1081,T0224E,GiveIndia Foundation,GIVTN7946U,14817447,1/3/2027,INV/2026/01689,3400001689,16290008,GR/IR-Indirect Good,FY Q4 coverage 1081 M1,924598.77,783558.28,1/4/2027,KR,2510001689,CP,Firm - 2%-New Sec-393(1)6(i),2,-15671.17
1081,D0017A,Castrol India Ltd,CASCD8544E,1595391,1/26/2027,INV/2026/01690,,16290008,GR/IR-Indirect Good,FY Q4 coverage 1081 M2,430671.37,364975.74,2/5/2027,KR,2510001690,CP,Cont. Cos - 2%-New Sec-393(1)6(i),2,-7299.51
1081,I0157G,Dinesh Choudhary,DINPY8470C,23066344,2/18/2027,INV/2026/01691,3400001691,16290009,Non-Companies-393(1),FY Q4 coverage 1081 M3,59836.41,50708.82,3/5/2027,KR,2510001691,CP,Ind/HUF - 1%-New Sec-393(1)6(i),1,-507.09
1001,MIX0259D,Mixed Issues Engineering Ltd,,23431942,7/16/2026,INV/2026/01692,3400001692,16290008,GR/IR-Indirect Good,MIXED: PAN missing + no TDS,822843.0,697324.58,8/3/2026,KR,2510001692,CP,Cont. Cos - 2%-New Sec-393(1)6(i),0,0.0
1079,MIX0259D,Mixed Issues Engineering Ltd,MIXCD6355P,14968934,2/23/2027,INV/2026/01693,3400001693,16290053,COMP-393(1)8(ii),MIXED: wrong rate + wrong GL,202826.58,171886.93,3/5/2027,KR,2510001693,CP,Cont. Cos - 2%-New Sec-393(1)6(i),1,-1718.87
1081,MIX0259D,Mixed Issues Engineering Ltd,MIXCD6355P,7809249,10/26/2026,INV/2026/01694,3400001694,16290008,GR/IR-Indirect Good,MIXED: wrong section + excess TDS,241606.3,204751.1,11/13/2026,KA,2310001694,JP,Prof. Serv. Fees@10%-CO-NS393(1)6(iii)(b,10,-20475.11
1001,MIX0259D,Mixed Issues Engineering Ltd,MIXCD6355P,15145335,3/5/2027,INV/2026/01695,,25610001,Ctrl-Prep. Exp. - C,MIXED: TDS on excluded GL + short,427246.05,362072.92,3/13/2027,KR,2510001695,CP,Cont. Cos - 2%-New Sec-393(1)6(i),1,-3620.73
1079,MIX0259D,Mixed Issues Engineering Ltd,INVALIDPAN,4721984,6/16/2026,INV/2026/01696,3400001696,16290008,GR/IR-Indirect Good,MIXED: invalid PAN + normal rate (short vs 20%),153511.7,130094.66,6/23/2026,KR,2510001696,CP,Cont. Cos - 2%-New Sec-393(1)6(i),2,-2601.89
1081,MIX0259D,Mixed Issues Engineering Ltd,,991666,1/29/2027,INV/2026/01697,3400001697,16290008,GR/IR-Indirect Good,MIXED: PAN missing + no TDS,552969.98,468618.63,2/5/2027,KA,2310001697,CP,Cont. Cos - 2%-New Sec-393(1)6(i),0,0.0
1001,MIX0259D,Mixed Issues Engineering Ltd,MIXCD6355P,13690657,12/8/2026,INV/2026/01698,,16290053,COMP-393(1)8(ii),MIXED: wrong rate + wrong GL,308617.45,261540.21,12/17/2026,KA,2310001698,CP,Cont. Cos - 2%-New Sec-393(1)6(i),1,-2615.4
1079,MIX0259D,Mixed Issues Engineering Ltd,MIXCD6355P,7167699,4/1/2026,INV/2026/01699,3400001699,16290008,GR/IR-Indirect Good,MIXED: wrong section + excess TDS,680219.5,576457.2,4/5/2026,KR,2510001699,JP,Prof. Serv. Fees@10%-CO-NS393(1)6(iii)(b,10,-57645.72
1081,MIX0259D,Mixed Issues Engineering Ltd,MIXCD6355P,13178427,4/21/2026,INV/2026/01700,3400001700,25610001,Ctrl-Prep. Exp. - C,MIXED: TDS on excluded GL + short,481857.19,408353.55,5/6/2026,KA,2310001700,CP,Cont. Cos - 2%-New Sec-393(1)6(i),1,-4083.54
1001,MIX0259D,Mixed Issues Engineering Ltd,INVALIDPAN,2468162,11/15/2026,INV/2026/01701,,16290008,GR/IR-Indirect Good,MIXED: invalid PAN + normal rate (short vs 20%),231252.08,195976.34,11/26/2026,KR,2510001701,CP,Cont. Cos - 2%-New Sec-393(1)6(i),2,-3919.53
1079,MIX0259D,Mixed Issues Engineering Ltd,,12032704,6/30/2026,INV/2026/01702,,16290008,GR/IR-Indirect Good,MIXED: PAN missing + no TDS,321491.64,272450.54,7/15/2026,KA,2310001702,CP,Cont. Cos - 2%-New Sec-393(1)6(i),0,0.0
1081,MIX0259D,Mixed Issues Engineering Ltd,MIXCD6355P,16561037,7/30/2026,INV/2026/01703,3400001703,16290053,COMP-393(1)8(ii),MIXED: wrong rate + wrong GL,123611.18,104755.24,8/11/2026,KA,2310001703,CP,Cont. Cos - 2%-New Sec-393(1)6(i),1,-1047.55
1001,MIX0259D,Mixed Issues Engineering Ltd,MIXCD6355P,13752979,5/12/2026,INV/2026/01704,3400001704,16290008,GR/IR-Indirect Good,MIXED: wrong section + excess TDS,54133.23,45875.62,5/20/2026,KR,2510001704,JP,Prof. Serv. Fees@10%-CO-NS393(1)6(iii)(b,10,-4587.56
1079,MIX0259D,Mixed Issues Engineering Ltd,MIXCD6355P,15346360,1/29/2027,INV/2026/01705,3400001705,25610001,Ctrl-Prep. Exp. - C,MIXED: TDS on excluded GL + short,596147.85,505210.04,2/11/2027,KA,2310001705,CP,Cont. Cos - 2%-New Sec-393(1)6(i),1,-5052.1
1081,MIX0259D,Mixed Issues Engineering Ltd,INVALIDPAN,13059136,3/17/2027,INV/2026/01706,3400001706,16290008,GR/IR-Indirect Good,MIXED: invalid PAN + normal rate (short vs 20%),57909.6,49075.93,3/25/2027,KA,2310001706,CP,Cont. Cos - 2%-New Sec-393(1)6(i),2,-981.52
1001,MIX0259D,Mixed Issues Engineering Ltd,,15086908,1/13/2027,INV/2026/01707,3400001707,16290008,GR/IR-Indirect Good,MIXED: PAN missing + no TDS,203161.84,172171.05,1/19/2027,KR,2510001707,CP,Cont. Cos - 2%-New Sec-393(1)6(i),0,0.0
1079,MIX0259D,Mixed Issues Engineering Ltd,MIXCD6355P,953339,4/8/2026,INV/2026/01708,3400001708,16290053,COMP-393(1)8(ii),MIXED: wrong rate + wrong GL,162338.1,137574.66,4/19/2026,KR,2510001708,CP,Cont. Cos - 2%-New Sec-393(1)6(i),1,-1375.75
1081,MIX0259D,Mixed Issues Engineering Ltd,MIXCD6355P,7248838,4/23/2026,INV/2026/01709,,16290008,GR/IR-Indirect Good,MIXED: wrong section + excess TDS,107297.62,90930.19,5/13/2026,KR,2510001709,JP,Prof. Serv. Fees@10%-CO-NS393(1)6(iii)(b,10,-9093.02
1001,MIX0259D,Mixed Issues Engineering Ltd,MIXCD6355P,17499419,12/18/2026,INV/2026/01710,3400001710,25610001,Ctrl-Prep. Exp. - C,MIXED: TDS on excluded GL + short,148625.44,125953.76,1/6/2027,KA,2310001710,CP,Cont. Cos - 2%-New Sec-393(1)6(i),1,-1259.54
1079,MIX0259D,Mixed Issues Engineering Ltd,INVALIDPAN,14691447,8/10/2026,INV/2026/01711,3400001711,16290008,GR/IR-Indirect Good,MIXED: invalid PAN + normal rate (short vs 20%),50387.99,42701.69,8/10/2026,KR,2510001711,CP,Cont. Cos - 2%-New Sec-393(1)6(i),2,-854.03
1081,MIX0259D,Mixed Issues Engineering Ltd,,22844097,2/16/2027,INV/2026/01712,,16290008,GR/IR-Indirect Good,MIXED: PAN missing + no TDS,783697.61,664150.52,3/1/2027,KA,2310001712,CP,Cont. Cos - 2%-New Sec-393(1)6(i),0,0.0
1001,MIX0259D,Mixed Issues Engineering Ltd,MIXCD6355P,13392433,9/7/2026,INV/2026/01713,,16290053,COMP-393(1)8(ii),MIXED: wrong rate + wrong GL,740811.3,627806.19,9/8/2026,KA,2310001713,CP,Cont. Cos - 2%-New Sec-393(1)6(i),1,-6278.06
1079,MIX0259D,Mixed Issues Engineering Ltd,MIXCD6355P,24894466,1/28/2027,INV/2026/01714,,16290008,GR/IR-Indirect Good,MIXED: wrong section + excess TDS,690445.68,585123.46,2/9/2027,KR,2510001714,JP,Prof. Serv. Fees@10%-CO-NS393(1)6(iii)(b,10,-58512.35
1081,MIX0259D,Mixed Issues Engineering Ltd,MIXCD6355P,4981222,10/22/2026,INV/2026/01715,3400001715,25610001,Ctrl-Prep. Exp. - C,MIXED: TDS on excluded GL + short,96068.1,81413.64,10/26/2026,KR,2510001715,CP,Cont. Cos - 2%-New Sec-393(1)6(i),1,-814.14
1001,MIX0259D,Mixed Issues Engineering Ltd,INVALIDPAN,24179533,11/13/2026,INV/2026/01716,3400001716,16290008,GR/IR-Indirect Good,MIXED: invalid PAN + normal rate (short vs 20%),821729.44,696380.88,11/27/2026,KA,2310001716,CP,Cont. Cos - 2%-New Sec-393(1)6(i),2,-13927.62
1079,MIX0259D,Mixed Issues Engineering Ltd,,1348363,8/5/2026,INV/2026/01717,3400001717,16290008,GR/IR-Indirect Good,MIXED: PAN missing + no TDS,852629.74,722567.58,8/16/2026,KA,2310001717,CP,Cont. Cos - 2%-New Sec-393(1)6(i),0,0.0
1081,MIX0259D,Mixed Issues Engineering Ltd,MIXCD6355P,10571096,11/26/2026,INV/2026/01718,3400001718,16290053,COMP-393(1)8(ii),MIXED: wrong rate + wrong GL,158030.34,133924.02,12/14/2026,KA,2310001718,CP,Cont. Cos - 2%-New Sec-393(1)6(i),1,-1339.24
1001,MIX0259D,Mixed Issues Engineering Ltd,MIXCD6355P,6292845,5/16/2026,INV/2026/01719,3400001719,16290008,GR/IR-Indirect Good,MIXED: wrong section + excess TDS,165264.09,140054.31,6/5/2026,KA,2310001719,JP,Prof. Serv. Fees@10%-CO-NS393(1)6(iii)(b,10,-14005.43
1079,MIX0259D,Mixed Issues Engineering Ltd,MIXCD6355P,22456755,5/2/2026,INV/2026/01720,3400001720,25610001,Ctrl-Prep. Exp. - C,MIXED: TDS on excluded GL + short,443607.55,375938.6,5/22/2026,KA,2310001720,CP,Cont. Cos - 2%-New Sec-393(1)6(i),1,-3759.39
1081,MIX0259D,Mixed Issues Engineering Ltd,INVALIDPAN,22891542,3/8/2027,INV/2026/01721,3400001721,16290008,GR/IR-Indirect Good,MIXED: invalid PAN + normal rate (short vs 20%),548772.18,465061.17,3/28/2027,KA,2310001721,CP,Cont. Cos - 2%-New Sec-393(1)6(i),2,-9301.22
1001,D0076E,Gati Ltd,GATCD5454I,15519587,4/29/2026,INV/2026/01722,3400001722,54470200,INCENTIVE SPARE PART,194R incentive invoice,233599.09,197965.33,5/13/2026,KR,2510001722,MI,Ben. 194R @ 10% COM PAN-N/S-393(1)8(iv),10,-19796.53
1001,D0076E,Gati Ltd,GATCD5454I,12733441,9/5/2026,INV/2026/01722,3400001723,54470200,INCENTIVE SPARE PART,194R incentive clearing,233599.09,197965.33,9/15/2026,KR,2510001723,MI,Ben. 194R @ 10% COM PAN-N/S-393(1)8(iv),10,9766.9
1001,D0057D,Pidilite Industries Ltd,PIDCD6150I,11002934,9/13/2026,INV/2026/01724,3400001724,54470200,INCENTIVE SPARE PART,194R incentive invoice,142444.28,120715.49,9/24/2026,KR,2510001724,MI,Ben. 194R @ 10% COM PAN-N/S-393(1)8(iv),10,-12071.55
1001,D0057D,Pidilite Industries Ltd,PIDCD6150I,19128943,7/29/2026,INV/2026/01724,,54470200,INCENTIVE SPARE PART,194R incentive clearing,142444.28,120715.49,8/15/2026,KR,2510001725,MI,Ben. 194R @ 10% COM PAN-N/S-393(1)8(iv),10,9906.75
1001,CRN0251D,Credit Note Solutions Pvt Ltd,CRECD8281T,23844657,9/23/2026,INV/2026/01726,3400001726,54470200,INCENTIVE SPARE PART,194R incentive invoice,322326.52,273158.07,10/11/2026,KR,2510001726,MI,Ben. 194R @ 10% COM PAN-N/S-393(1)8(iv),10,-27315.81
1001,CRN0251D,Credit Note Solutions Pvt Ltd,CRECD8281T,7774700,11/19/2026,INV/2026/01726,3400001727,54470200,INCENTIVE SPARE PART,194R incentive clearing,322326.52,273158.07,11/28/2026,KR,2510001727,MI,Ben. 194R @ 10% COM PAN-N/S-393(1)8(iv),10,22816.52
1001,D0074G,Delhivery Ltd,DELCD1993Q,10417390,5/4/2026,INV/2026/01728,,54470200,INCENTIVE SPARE PART,194R incentive invoice,120314.36,101961.32,5/4/2026,KR,2510001728,MI,Ben. 194R @ 10% COM PAN-N/S-393(1)8(iv),10,-10196.13
1001,D0074G,Delhivery Ltd,DELCD1993Q,23381824,11/2/2026,INV/2026/01728,3400001729,54470200,INCENTIVE SPARE PART,194R incentive clearing,120314.36,101961.32,11/19/2026,KR,2510001729,MI,Ben. 194R @ 10% COM PAN-N/S-393(1)8(iv),10,7426.62
1001,D0090G,Walker Chandiok & Co LLP,WALCP1247Z,3160614,7/31/2026,INV/2026/01730,3400001730,54470200,INCENTIVE SPARE PART,194R incentive invoice,298745.39,253174.06,8/10/2026,KR,2510001730,MI,Ben. 194R @ 10% COM PAN-N/S-393(1)8(iv),10,-25317.41
1001,D0090G,Walker Chandiok & Co LLP,WALCP1247Z,6145137,6/29/2026,INV/2026/01730,3400001731,54470200,INCENTIVE SPARE PART,194R incentive clearing,298745.39,253174.06,7/15/2026,KR,2510001731,MI,Ben. 194R @ 10% COM PAN-N/S-393(1)8(iv),10,29004.09
1001,D0064C,Ashirvad Pipes Pvt Ltd,ASHCD7049B,12893785,7/22/2026,INV/2026/01732,3400001732,54470200,INCENTIVE SPARE PART,194R incentive invoice,313475.19,265656.94,7/24/2026,KR,2510001732,MI,Ben. 194R @ 10% COM PAN-N/S-393(1)8(iv),10,-26565.69
1001,D0064C,Ashirvad Pipes Pvt Ltd,ASHCD7049B,16064557,7/4/2026,INV/2026/01732,3400001733,54470200,INCENTIVE SPARE PART,194R incentive clearing,313475.19,265656.94,7/20/2026,KR,2510001733,MI,Ben. 194R @ 10% COM PAN-N/S-393(1)8(iv),10,24293.27
1001,D0090G,Walker Chandiok & Co LLP,WALCP1247Z,6268287,4/1/2026,INV/2026/01734,3400001734,54470200,INCENTIVE SPARE PART,194R incentive invoice,267231.44,226467.32,4/4/2026,KR,2510001734,MI,Ben. 194R @ 10% COM PAN-N/S-393(1)8(iv),10,-22646.73
1001,D0090G,Walker Chandiok & Co LLP,WALCP1247Z,941826,10/9/2026,INV/2026/01734,,54470200,INCENTIVE SPARE PART,194R incentive clearing,267231.44,226467.32,10/18/2026,KR,2510001735,MI,Ben. 194R @ 10% COM PAN-N/S-393(1)8(iv),10,22403.04
1001,D0015E,Bharat Forge Ltd,BHACD3246R,13140942,11/7/2026,INV/2026/01736,,54470200,INCENTIVE SPARE PART,194R incentive invoice,131080.67,111085.31,11/24/2026,KR,2510001736,MI,Ben. 194R @ 10% COM PAN-N/S-393(1)8(iv),10,-11108.53
1001,D0015E,Bharat Forge Ltd,BHACD3246R,14790072,3/9/2027,INV/2026/01736,3400001737,54470200,INCENTIVE SPARE PART,194R incentive clearing,131080.67,111085.31,3/16/2027,KR,2510001737,MI,Ben. 194R @ 10% COM PAN-N/S-393(1)8(iv),10,29563.29
1001,D0027C,Ingersoll Rand India Ltd,INGCD3014J,13631738,5/18/2026,INV/2026/01738,3400001738,54470200,INCENTIVE SPARE PART,194R incentive invoice,209020.56,177136.07,6/4/2026,KR,2510001738,MI,Ben. 194R @ 10% COM PAN-N/S-393(1)8(iv),10,-17713.61
1001,D0027C,Ingersoll Rand India Ltd,INGCD3014J,19624627,6/18/2026,INV/2026/01738,3400001739,54470200,INCENTIVE SPARE PART,194R incentive clearing,209020.56,177136.07,7/8/2026,KR,2510001739,MI,Ben. 194R @ 10% COM PAN-N/S-393(1)8(iv),10,19148.95
1001,LDC0241A,Lower Deduction Certificate Ltd,LOWCD2468H,9049412,2/14/2027,INV/2026/01740,3400001740,54470200,INCENTIVE SPARE PART,194R incentive invoice,197321.57,167221.67,2/16/2027,KR,2510001740,MI,Ben. 194R @ 10% COM PAN-N/S-393(1)8(iv),1,-1672.22
1001,LDC0241A,Lower Deduction Certificate Ltd,LOWCD2468H,8569950,12/15/2026,INV/2026/01740,3400001741,54470200,INCENTIVE SPARE PART,194R incentive clearing,197321.57,167221.67,12/21/2026,KR,2510001741,MI,Ben. 194R @ 10% COM PAN-N/S-393(1)8(iv),1,2644.81
1001,D0083G,Ernst & Young LLP,ERNCP3679S,7370942,4/17/2026,INV/2026/01742,3400001742,54470200,INCENTIVE SPARE PART,194R incentive invoice,129943.74,110121.81,5/3/2026,KR,2510001742,MI,Ben. 194R @ 10% COM PAN-N/S-393(1)8(iv),10,-11012.18
1001,D0083G,Ernst & Young LLP,ERNCP3679S,5048982,9/20/2026,INV/2026/01742,3400001743,54470200,INCENTIVE SPARE PART,194R incentive clearing,129943.74,110121.81,9/20/2026,KR,2510001743,MI,Ben. 194R @ 10% COM PAN-N/S-393(1)8(iv),10,11800.51
1001,D0047G,Jindal Steel & Power Ltd,JINCD7556M,9894611,11/14/2026,INV/2026/01744,,54470200,INCENTIVE SPARE PART,194R incentive invoice,225828.61,191380.18,11/26/2026,KR,2510001744,MI,Ben. 194R @ 10% COM PAN-N/S-393(1)8(iv),10,-19138.02
1001,D0047G,Jindal Steel & Power Ltd,JINCD7556M,21217603,9/20/2026,INV/2026/01744,3400001745,54470200,INCENTIVE SPARE PART,194R incentive clearing,225828.61,191380.18,9/23/2026,KR,2510001745,MI,Ben. 194R @ 10% COM PAN-N/S-393(1)8(iv),10,13719.09
1001,MUL0260H,Multi Invoice Vendor Pvt Ltd,MULCD3317H,9266838,1/20/2027,INV/2026/01746,,54470200,INCENTIVE SPARE PART,194R incentive invoice,288079.08,244134.81,2/1/2027,KR,2510001746,MI,Ben. 194R @ 10% COM PAN-N/S-393(1)8(iv),10,-24413.48
1001,MUL0260H,Multi Invoice Vendor Pvt Ltd,MULCD3317H,1301410,6/26/2026,INV/2026/01746,3400001747,54470200,INCENTIVE SPARE PART,194R incentive clearing,288079.08,244134.81,7/14/2026,KR,2510001747,MI,Ben. 194R @ 10% COM PAN-N/S-393(1)8(iv),10,10592.99
1001,D0048A,SAIL Bhilai Steel Plant,SAICT0013B,6728903,4/1/2026,INV/2026/01748,3400001748,54470200,INCENTIVE SPARE PART,194R incentive invoice,306648.71,259871.79,4/1/2026,KR,2510001748,MI,Ben. 194R @ 10% COM PAN-N/S-393(1)8(iv),10,-25987.18
1001,D0048A,SAIL Bhilai Steel Plant,SAICT0013B,17452118,4/20/2026,INV/2026/01748,,54470200,INCENTIVE SPARE PART,194R incentive clearing,306648.71,259871.79,4/26/2026,KR,2510001749,MI,Ben. 194R @ 10% COM PAN-N/S-393(1)8(iv),10,28062.06
1001,D0086D,KPMG Assurance & Consulting Services LLP,KPMCP8853P,4715774,8/28/2026,INV/2026/01750,,54470200,INCENTIVE SPARE PART,194R incentive invoice,180030.18,152567.95,9/13/2026,KR,2510001750,MI,Ben. 194R @ 10% COM PAN-N/S-393(1)8(iv),10,-15256.79
1001,D0086D,KPMG Assurance & Consulting Services LLP,KPMCP8853P,10270527,8/28/2026,INV/2026/01750,,54470200,INCENTIVE SPARE PART,194R incentive clearing,180030.18,152567.95,9/17/2026,KR,2510001751,MI,Ben. 194R @ 10% COM PAN-N/S-393(1)8(iv),10,5374.85
1001,D0009F,Thermax Ltd,THECD7429L,6485348,11/22/2026,INV/2026/01752,,16290008,GR/IR-Indirect Good,Pad: EXCESS TDS,986390.98,835924.56,11/22/2026,KR,2510001752,CP,Cont. Cos - 2%-New Sec-393(1)6(i),5,-41796.23
1079,I0159F,Pradhan Thakur,PRAPR3108Q,4819647,4/9/2026,INV/2026/01753,3400001753,16290009,Non-Companies-393(1),Pad: NO TDS deducted,413559.7,350474.32,4/17/2026,KR,2510001753,CP,Ind/HUF - 1%-New Sec-393(1)6(i),0,0.0
1081,I0181B,Balwinder Verma,BALPA0866U,1803930,4/5/2026,INV/2026/01754,3400001754,16290009,Non-Companies-393(1),Pad: SHORT TDS,523208.9,443397.37,4/14/2026,KA,2310001754,CP,Ind/HUF - 1%-New Sec-393(1)6(i),0.5,-2216.99
1001,I0198D,Nikhil Desai,NIKPI4822Q,982668,5/3/2026,INV/2026/01755,3400001755,16290009,Non-Companies-393(1),Pad: EXCESS TDS,898675.28,761589.22,5/6/2026,KA,2310001755,CP,Ind/HUF - 1%-New Sec-393(1)6(i),3,-22847.68
1079,D0077B,TCI Express Ltd,TCICD5609G,14448823,9/20/2026,INV/2026/01756,3400001756,16290008,GR/IR-Indirect Good,Pad: NO TDS deducted,473887.27,401599.38,10/8/2026,KA,2310001756,CP,Cont. Cos - 2%-New Sec-393(1)6(i),0,0.0
1081,T0219A,Bharatiya Vidya Bhavan Trust,BHATT4950E,22588064,12/31/2026,INV/2026/01757,,16290008,GR/IR-Indirect Good,Pad: SHORT TDS,189474.69,160571.77,1/14/2027,KR,2510001757,CP,Firm - 2%-New Sec-393(1)6(i),1,-1605.72
1001,L0147B,Grant Thornton Bharat LLP Unit-12,GRAFZ1786O,10996354,5/24/2026,INV/2026/01758,,16290008,GR/IR-Indirect Good,Pad: EXCESS TDS,215075.96,182267.76,6/8/2026,KR,2510001758,CP,Firm - 2%-New Sec-393(1)6(i),5,-9113.39
1079,H0216F,Ramesh Kumar HUF Unit-11,RAMHZ7318N,23209281,7/18/2026,INV/2026/01759,,16290009,Non-Companies-393(1),Pad: NO TDS deducted,103354.76,87588.78,7/18/2026,KR,2510001759,CP,Ind/HUF - 1%-New Sec-393(1)6(i),0,0.0
1081,H0215G,Amit Verma HUF,AMIHF0888X,18845326,10/5/2026,INV/2026/01760,3400001760,16290009,Non-Companies-393(1),Pad: SHORT TDS,382412.02,324077.98,10/20/2026,KR,2510001760,CP,Ind/HUF - 1%-New Sec-393(1)6(i),0.5,-1620.39
1001,I0170H,Deepak Thakur,DEEPR2836R,3947307,8/20/2026,INV/2026/01761,3400001761,16290009,Non-Companies-393(1),Pad: EXCESS TDS,329537.01,279268.65,8/25/2026,KA,2310001761,CP,Ind/HUF - 1%-New Sec-393(1)6(i),3,-8378.06
1079,D0023E,Schneider Electric India Pvt Ltd,SCHCD3744S,21857214,12/14/2026,INV/2026/01762,3400001762,16290008,GR/IR-Indirect Good,Pad: NO TDS deducted,614822.92,521036.37,12/19/2026,KA,2310001762,CP,Cont. Cos - 2%-New Sec-393(1)6(i),0,0.0
1081,D0024C,Rockwell Automation India Pvt Ltd,ROCCD1209B,3247372,8/25/2026,INV/2026/01763,3400001763,16290008,GR/IR-Indirect Good,Pad: SHORT TDS,825138.81,699270.18,9/2/2026,KR,2510001763,CP,Cont. Cos - 2%-New Sec-393(1)6(i),1,-6992.7
1001,D0035D,Phoenix Contact India Pvt Ltd,PHOCD6041O,18465464,8/21/2026,INV/2026/01764,3400001764,16290008,GR/IR-Indirect Good,Pad: EXCESS TDS,750956.25,636403.6,9/1/2026,KR,2510001764,CP,Cont. Cos - 2%-New Sec-393(1)6(i),5,-31820.18
1079,D0044G,RR Kabel Ltd,RRKCD9844F,15347544,1/25/2027,INV/2026/01765,,16290008,GR/IR-Indirect Good,Pad: NO TDS deducted,838974.95,710995.72,1/28/2027,KR,2510001765,CP,Cont. Cos - 2%-New Sec-393(1)6(i),0,0.0
1081,L0139G,Grant Thornton Bharat LLP Unit-4,GRAFZ4056B,10237807,10/20/2026,INV/2026/01766,,16290008,GR/IR-Indirect Good,Pad: SHORT TDS,976293.12,827367.05,10/26/2026,KR,2510001766,CP,Firm - 2%-New Sec-393(1)6(i),1,-8273.67
1001,T0218D,Yuvashakti Foundation,YUVTN0584V,6192649,2/15/2027,INV/2026/01767,,16290008,GR/IR-Indirect Good,Pad: EXCESS TDS,566324.95,479936.4,2/26/2027,KR,2510001767,CP,Firm - 2%-New Sec-393(1)6(i),5,-23996.82
1079,LDC0241A,Lower Deduction Certificate Ltd,LOWCD2468H,11725781,10/2/2026,INV/2026/01768,3400001768,16290008,GR/IR-Indirect Good,Pad: NO TDS deducted,474560.2,402169.66,10/11/2026,KR,2510001768,CP,Cont. Cos - 2%-New Sec-393(1)6(i),0,0.0
1081,A0232B,Indian Machine Tool Manufacturers Association,INDAN5263D,8239842,1/30/2027,INV/2026/01769,3400001769,16290008,GR/IR-Indirect Good,Pad: SHORT TDS,425299.73,360423.5,2/18/2027,KR,2510001769,CP,Firm - 2%-New Sec-393(1)6(i),1,-3604.23
1001,I0203C,Shettigar Yadav,SHEPV8264D,6332599,1/20/2027,INV/2026/01770,3400001770,16290009,Non-Companies-393(1),Pad: EXCESS TDS,939175.83,795911.72,2/4/2027,KA,2310001770,CP,Ind/HUF - 1%-New Sec-393(1)6(i),3,-23877.35
1079,E0129B,Parmar Electricals,PARFS6690W,15376410,4/2/2026,INV/2026/01771,,16290008,GR/IR-Indirect Good,Pad: NO TDS deducted,371086.82,314480.36,4/7/2026,KA,2310001771,CP,Firm - 2%-New Sec-393(1)6(i),0,0.0
1081,E0114D,Chopra Logistics,CHOFS7870I,11939187,8/25/2026,INV/2026/01772,,16290008,GR/IR-Indirect Good,Pad: SHORT TDS,860405.76,729157.42,9/1/2026,KR,2510001772,CP,Firm - 2%-New Sec-393(1)6(i),1,-7291.57
1001,T0220H,Sri Ramakrishna Mission Trust,SRITT1331W,12220352,3/17/2027,INV/2026/01773,,16290008,GR/IR-Indirect Good,Pad: EXCESS TDS,85246.57,72242.86,3/18/2027,KR,2510001773,CP,Firm - 2%-New Sec-393(1)6(i),5,-3612.14
1079,L0138H,KPMG Assurance & Consulting Services LLP Unit-3,KPMFZ3700Z,22342141,6/1/2026,INV/2026/01774,3400001774,16290008,GR/IR-Indirect Good,Pad: NO TDS deducted,89389.21,75753.57,6/19/2026,KA,2310001774,CP,Firm - 2%-New Sec-393(1)6(i),0,0.0
1081,I0183F,Mahesh Dhillon,MAHPN0602V,8020583,6/3/2026,INV/2026/01775,3400001775,16290009,Non-Companies-393(1),Pad: SHORT TDS,619811.32,525263.83,6/4/2026,KA,2310001775,CP,Ind/HUF - 1%-New Sec-393(1)6(i),0.5,-2626.32
1001,D0065A,Crompton Greaves Consumer Electricals Ltd,CROCD1010A,20983279,10/29/2026,INV/2026/01776,3400001776,16290008,GR/IR-Indirect Good,Pad: EXCESS TDS,64824.85,54936.31,11/15/2026,KR,2510001776,CP,Cont. Cos - 2%-New Sec-393(1)6(i),5,-2746.82
1079,D0027C,Ingersoll Rand India Ltd,INGCD3014J,24110285,1/31/2027,INV/2026/01777,3400001777,16290008,GR/IR-Indirect Good,Pad: NO TDS deducted,155574.04,131842.41,2/19/2027,KA,2310001777,CP,Cont. Cos - 2%-New Sec-393(1)6(i),0,0.0
1081,E0117H,Verma Machinery Works,VERFS5056U,3609010,4/28/2026,INV/2026/01778,3400001778,16290008,GR/IR-Indirect Good,Pad: SHORT TDS,733926.08,621971.25,5/9/2026,KA,2310001778,CP,Firm - 2%-New Sec-393(1)6(i),1,-6219.71
1001,D0044G,RR Kabel Ltd,RRKCD9844F,6209094,1/6/2027,INV/2026/01779,,16290008,GR/IR-Indirect Good,Pad: EXCESS TDS,511385.57,433377.6,1/13/2027,KA,2310001779,CP,Cont. Cos - 2%-New Sec-393(1)6(i),2,-8667.55
1079,I0200F,Nilesh Reddy,NILPY5621Q,10768125,4/25/2026,INV/2026/01780,3400001780,16290009,Non-Companies-393(1),Pad: NO TDS deducted,739356.13,626572.99,5/8/2026,KA,2310001780,CP,Ind/HUF - 1%-New Sec-393(1)6(i),0,0.0
1081,D0030C,Kennametal India Ltd,KENCD6442L,10774456,7/5/2026,INV/2026/01781,3400001781,16290008,GR/IR-Indirect Good,Pad: SHORT TDS,496407.63,420684.43,7/6/2026,KA,2310001781,CP,Cont. Cos - 2%-New Sec-393(1)6(i),1,-4206.84
1001,D0015E,Bharat Forge Ltd,BHACD3246R,23071877,11/6/2026,INV/2026/01782,,16290008,GR/IR-Indirect Good,Pad: EXCESS TDS,335124.85,284004.11,11/8/2026,KA,2310001782,CP,Cont. Cos - 2%-New Sec-393(1)6(i),5,-14200.21
1079,D0081G,VRL Logistics Ltd,VRLCD9451Z,14915769,6/12/2026,INV/2026/01783,3400001783,16290008,GR/IR-Indirect Good,Pad: NO TDS deducted,157390.31,133381.62,6/13/2026,KA,2310001783,CP,Cont. Cos - 2%-New Sec-393(1)6(i),0,0.0
1081,T0218D,Yuvashakti Foundation,YUVTN0584V,20923936,6/4/2026,INV/2026/01784,,16290008,GR/IR-Indirect Good,Pad: SHORT TDS,964701.2,817543.39,6/23/2026,KR,2510001784,CP,Firm - 2%-New Sec-393(1)6(i),1,-8175.43
1001,I0199H,Janorkar Parekh,JANPH7150R,2124522,4/8/2026,INV/2026/01785,3400001785,16290009,Non-Companies-393(1),Pad: EXCESS TDS,788294.04,668045.8,4/12/2026,KA,2310001785,CP,Ind/HUF - 1%-New Sec-393(1)6(i),3,-20041.37
1079,H0216F,Ramesh Kumar HUF Unit-11,RAMHZ7318N,2900852,9/5/2026,INV/2026/01786,3400001786,16290009,Non-Companies-393(1),Pad: NO TDS deducted,808021.45,684763.94,9/20/2026,KA,2310001786,CP,Ind/HUF - 1%-New Sec-393(1)6(i),0,0.0
1081,H0211E,Mahesh Shah HUF,MAHHF0335S,2817958,4/1/2026,INV/2026/01787,3400001787,16290009,Non-Companies-393(1),Pad: SHORT TDS,839821.65,711713.26,4/8/2026,KA,2310001787,CP,Ind/HUF - 1%-New Sec-393(1)6(i),0.5,-3558.57
1001,D0088A,BDO India LLP,BDOCP2894U,17393042,2/14/2027,INV/2026/01788,3400001788,16290008,GR/IR-Indirect Good,Pad: EXCESS TDS,233125.41,197563.91,2/16/2027,KA,2310001788,CP,Cont. Cos - 2%-New Sec-393(1)6(i),5,-9878.2
1079,I0205E,Nilesh Solanki,NILPI5479E,9603024,11/27/2026,INV/2026/01789,3400001789,16290009,Non-Companies-393(1),Pad: NO TDS deducted,772150.94,654365.2,12/8/2026,KR,2510001789,CP,Ind/HUF - 1%-New Sec-393(1)6(i),0,0.0
1081,LDC0242H,LDC Rate Engineering Works,LDCFS0783X,10468723,6/23/2026,INV/2026/01790,3400001790,16290008,GR/IR-Indirect Good,Pad: SHORT TDS,635708.59,538736.09,7/4/2026,KA,2310001790,CP,Firm - 2%-New Sec-393(1)6(i),0.25,-1346.84
1001,D0068A,V Guard Industries Ltd,VGUCD8445P,5301851,11/12/2026,INV/2026/01791,3400001791,16290008,GR/IR-Indirect Good,Pad: EXCESS TDS,850221.08,720526.34,11/27/2026,KA,2310001791,CP,Cont. Cos - 2%-New Sec-393(1)6(i),5,-36026.32
1079,D0005E,Blue Star Ltd,BLUCD2478R,12611149,1/8/2027,INV/2026/01792,,16290008,GR/IR-Indirect Good,Pad: NO TDS deducted,952642.27,807323.96,1/8/2027,KA,2310001792,CP,Cont. Cos - 2%-New Sec-393(1)6(i),0,0.0
1081,L0139G,Grant Thornton Bharat LLP Unit-4,GRAFZ4056B,19480894,5/8/2026,INV/2026/01793,,16290008,GR/IR-Indirect Good,Pad: SHORT TDS,763855.64,647335.29,5/12/2026,KR,2510001793,CP,Firm - 2%-New Sec-393(1)6(i),1,-6473.35
1001,D0076E,Gati Ltd,GATCD5454I,18346455,1/31/2027,INV/2026/01794,3400001794,16290008,GR/IR-Indirect Good,Pad: EXCESS TDS,393472.29,333451.09,2/1/2027,KA,2310001794,CP,Cont. Cos - 2%-New Sec-393(1)6(i),5,-16672.55
1079,H0206E,Ramesh Kumar HUF,RAMHF9131R,4198391,11/28/2026,INV/2026/01795,3400001795,16290009,Non-Companies-393(1),Pad: NO TDS deducted,209686.2,177700.17,12/13/2026,KR,2510001795,CP,Ind/HUF - 1%-New Sec-393(1)6(i),0,0.0
1081,D0034F,Omron Automation Pvt Ltd,OMRCD4491E,22305749,2/16/2027,INV/2026/01796,,16290008,GR/IR-Indirect Good,Pad: SHORT TDS,230870.21,195652.72,3/7/2027,KA,2310001796,CP,Cont. Cos - 2%-New Sec-393(1)6(i),1,-1956.53
1001,D0039F,Legrand India Pvt Ltd,LEGCD6149O,11209192,8/25/2026,INV/2026/01797,3400001797,16290008,GR/IR-Indirect Good,Pad: EXCESS TDS,161000.9,136441.44,9/11/2026,KR,2510001797,CP,Cont. Cos - 2%-New Sec-393(1)6(i),3,-4093.24
1079,E0118E,Yadav Transport,YADFT7848G,21637572,2/7/2027,INV/2026/01798,,16290008,GR/IR-Indirect Good,Pad: NO TDS deducted,280969.45,238109.7,2/11/2027,KR,2510001798,CP,Firm - 2%-New Sec-393(1)6(i),0,0.0
1081,I0187B,Deepak Rao,DEEPO2963K,1362755,5/20/2026,INV/2026/01799,3400001799,16290009,Non-Companies-393(1),Pad: SHORT TDS,278329.36,235872.34,6/6/2026,KR,2510001799,CP,Ind/HUF - 1%-New Sec-393(1)6(i),0.5,-1179.36
1001,I0172B,Mahesh Pandey,MAHPY2876B,11976295,4/1/2026,INV/2026/01800,3400001800,16290009,Non-Companies-393(1),Pad: EXCESS TDS,295617.32,250523.15,4/5/2026,KR,2510001800,CP,Ind/HUF - 1%-New Sec-393(1)6(i),3,-7515.69
1079,D0070B,TVS Supply Chain Solutions Ltd,TVSCD1091X,22530105,11/12/2026,INV/2026/01801,3400001801,16290008,GR/IR-Indirect Good,Pad: NO TDS deducted,391132.5,331468.22,11/14/2026,KA,2310001801,CP,Cont. Cos - 2%-New Sec-393(1)6(i),0,0.0
1081,D0075E,Blue Dart Express Ltd,BLUCD4875D,24209640,5/18/2026,INV/2026/01802,,16290008,GR/IR-Indirect Good,Pad: SHORT TDS,105481.93,89391.47,5/22/2026,KR,2510001802,CP,Cont. Cos - 2%-New Sec-393(1)6(i),1,-893.91
1001,E0117H,Verma Machinery Works,VERFS5056U,7900666,2/8/2027,INV/2026/01803,,16290008,GR/IR-Indirect Good,Pad: EXCESS TDS,811693.09,687875.5,2/9/2027,KA,2310001803,CP,Firm - 2%-New Sec-393(1)6(i),5,-34393.77
1079,D0075E,Blue Dart Express Ltd,BLUCD4875D,13842732,5/30/2026,INV/2026/01804,3400001804,16290008,GR/IR-Indirect Good,Pad: NO TDS deducted,677479.16,574134.88,6/19/2026,KR,2510001804,CP,Cont. Cos - 2%-New Sec-393(1)6(i),0,0.0
1081,E0100F,Iyer & Sons,IYEFS3682U,13394527,10/30/2026,INV/2026/01805,,16290008,GR/IR-Indirect Good,Pad: SHORT TDS,121066.75,102598.94,11/4/2026,KA,2310001805,CP,Firm - 2%-New Sec-393(1)6(i),1,-1025.99
1001,E0105E,Das & Company,DASFY1127J,18449897,1/30/2027,INV/2026/01806,3400001806,16290008,GR/IR-Indirect Good,Pad: EXCESS TDS,590763.85,500647.33,2/15/2027,KA,2310001806,CP,Firm - 2%-New Sec-393(1)6(i),5,-25032.37
1079,D0004H,Siemens Ltd,SIECD8419P,7286709,12/30/2026,INV/2026/01807,3400001807,16290008,GR/IR-Indirect Good,Pad: NO TDS deducted,450952.54,382163.17,1/1/2027,KR,2510001807,CP,Cont. Cos - 2%-New Sec-393(1)6(i),0,0.0
1081,D0040A,Havells India Ltd,HAVCD5593M,12919287,11/13/2026,INV/2026/01808,,16290008,GR/IR-Indirect Good,Pad: SHORT TDS,399021.58,338153.88,11/25/2026,KA,2310001808,CP,Cont. Cos - 2%-New Sec-393(1)6(i),1,-3381.54
1001,L0148B,BDO India LLP Unit-13,BDOFZ1495H,20582818,9/7/2026,INV/2026/01809,,16290008,GR/IR-Indirect Good,Pad: EXCESS TDS,346694.71,293809.08,9/9/2026,KA,2310001809,CP,Firm - 2%-New Sec-393(1)6(i),5,-14690.45
1079,D0026D,Atlas Copco India Ltd,ATLCD6727M,2869609,8/27/2026,INV/2026/01810,3400001810,16290008,GR/IR-Indirect Good,Pad: NO TDS deducted,524947.85,444871.06,9/11/2026,KA,2310001810,CP,Cont. Cos - 2%-New Sec-393(1)6(i),0,0.0
1081,I0164F,Jaspreet Menon,JASPN7308P,11203445,7/26/2026,INV/2026/01811,3400001811,16290009,Non-Companies-393(1),Pad: SHORT TDS,51441.55,43594.53,8/10/2026,KR,2510001811,CP,Ind/HUF - 1%-New Sec-393(1)6(i),0.5,-217.97
1001,D0041H,Polycab India Ltd,POLCD9182W,6229426,8/3/2026,INV/2026/01812,3400001812,16290008,GR/IR-Indirect Good,Pad: EXCESS TDS,437886.9,371090.59,8/6/2026,KR,2510001812,CP,Cont. Cos - 2%-New Sec-393(1)6(i),5,-18554.53
1079,E0118E,Yadav Transport,YADFT7848G,22299257,10/18/2026,INV/2026/01813,,16290008,GR/IR-Indirect Good,Pad: NO TDS deducted,976713.75,827723.52,11/3/2026,KR,2510001813,CP,Firm - 2%-New Sec-393(1)6(i),0,0.0
1081,D0088A,BDO India LLP,BDOCP2894U,23530878,11/20/2026,INV/2026/01814,3400001814,16290008,GR/IR-Indirect Good,Pad: SHORT TDS,889875.21,754131.53,11/25/2026,KR,2510001814,CP,Cont. Cos - 2%-New Sec-393(1)6(i),1,-7541.32
1001,D0083G,Ernst & Young LLP,ERNCP3679S,4546599,8/16/2026,INV/2026/01815,3400001815,16290008,GR/IR-Indirect Good,Pad: EXCESS TDS,650849.83,551567.65,9/1/2026,KR,2510001815,CP,Cont. Cos - 2%-New Sec-393(1)6(i),5,-27578.38
1079,E0112D,Malhotra Engineering,MALFG0483K,14771866,12/26/2026,INV/2026/01816,3400001816,16290008,GR/IR-Indirect Good,Pad: NO TDS deducted,311958.43,264371.55,1/1/2027,KA,2310001816,CP,Firm - 2%-New Sec-393(1)6(i),0,0.0
1081,REV0253F,Reverse Entry Services Pvt Ltd,REVCD1178E,7606929,8/4/2026,INV/2026/01817,3400001817,16290008,GR/IR-Indirect Good,Pad: SHORT TDS,706752.96,598943.19,8/18/2026,KR,2510001817,CP,Cont. Cos - 2%-New Sec-393(1)6(i),1,-5989.43
1001,E0127B,Solanki Transport,SOLFT8039J,18890150,12/9/2026,INV/2026/01818,3400001818,16290008,GR/IR-Indirect Good,Pad: EXCESS TDS,952806.75,807463.35,12/17/2026,KA,2310001818,CP,Firm - 2%-New Sec-393(1)6(i),5,-40373.17
1079,L0139G,Grant Thornton Bharat LLP Unit-4,GRAFZ4056B,7496569,12/20/2026,INV/2026/01819,3400001819,16290008,GR/IR-Indirect Good,Pad: NO TDS deducted,313751.43,265891.04,1/4/2027,KA,2310001819,CP,Firm - 2%-New Sec-393(1)6(i),0,0.0
1081,I0196A,Ashok Thakur,ASHPR1993Z,16072204,1/20/2027,INV/2026/01820,,16290009,Non-Companies-393(1),Pad: SHORT TDS,353024.88,299173.63,2/1/2027,KA,2310001820,CP,Ind/HUF - 1%-New Sec-393(1)6(i),0.5,-1495.87
1001,D0052E,Ambuja Cements Ltd,AMBCD1982A,19960813,5/19/2026,INV/2026/01821,3400001821,16290008,GR/IR-Indirect Good,Pad: EXCESS TDS,560327.15,474853.52,5/28/2026,KR,2510001821,CP,Cont. Cos - 2%-New Sec-393(1)6(i),3,-14245.61
1079,L0138H,KPMG Assurance & Consulting Services LLP Unit-3,KPMFZ3700Z,4033485,4/10/2026,INV/2026/01822,,16290008,GR/IR-Indirect Good,Pad: NO TDS deducted,86923.72,73664.17,4/15/2026,KA,2310001822,CP,Firm - 2%-New Sec-393(1)6(i),0,0.0
1081,I0185C,Vijay Reddy,VIJPY5625U,23010398,4/8/2026,INV/2026/01823,3400001823,16290009,Non-Companies-393(1),Pad: SHORT TDS,61577.85,52184.62,4/10/2026,KR,2510001823,CP,Ind/HUF - 1%-New Sec-393(1)6(i),0.5,-260.92
1001,D0009F,Thermax Ltd,THECD7429L,18870403,6/3/2026,INV/2026/01824,3400001824,16290008,GR/IR-Indirect Good,Pad: EXCESS TDS,202303.45,171443.6,6/18/2026,KA,2310001824,CP,Cont. Cos - 2%-New Sec-393(1)6(i),5,-8572.18
1079,D0022B,Emerson Process Management India Pvt Ltd,EMECD9051B,24500440,5/19/2026,INV/2026/01825,,16290008,GR/IR-Indirect Good,Pad: NO TDS deducted,898947.53,761819.94,6/2/2026,KA,2310001825,CP,Cont. Cos - 2%-New Sec-393(1)6(i),0,0.0
1081,D0049E,Essar Steel India Ltd,ESSCD2172D,8510887,12/28/2026,INV/2026/01826,,16290008,GR/IR-Indirect Good,Pad: SHORT TDS,356712.37,302298.62,1/14/2027,KR,2510001826,CP,Cont. Cos - 2%-New Sec-393(1)6(i),1,-3022.99
1001,D0077B,TCI Express Ltd,TCICD5609G,12243004,1/6/2027,INV/2026/01827,3400001827,16290008,GR/IR-Indirect Good,Pad: EXCESS TDS,128874.61,109215.77,1/13/2027,KR,2510001827,CP,Cont. Cos - 2%-New Sec-393(1)6(i),5,-5460.79
1079,D0043F,Finolex Cables Ltd,FINCD1530G,18978941,1/11/2027,INV/2026/01828,,16290008,GR/IR-Indirect Good,Pad: NO TDS deducted,769716.99,652302.53,1/14/2027,KA,2310001828,CP,Cont. Cos - 2%-New Sec-393(1)6(i),0,0.0
1081,QTH0246F,Below Threshold Parts India Ltd,BELCD0690T,16122858,4/10/2026,INV/2026/01829,3400001829,16290008,GR/IR-Indirect Good,Pad: SHORT TDS,88045.98,74615.24,4/20/2026,KR,2510001829,CP,Cont. Cos - 2%-New Sec-393(1)6(i),1,-746.15
1001,L0143D,Khaitan & Co LLP,KHAFP9002P,4796851,4/23/2026,INV/2026/01830,3400001830,16290008,GR/IR-Indirect Good,Pad: EXCESS TDS,188906.41,160090.18,5/6/2026,KR,2510001830,CP,Firm - 2%-New Sec-393(1)6(i),5,-8004.51
1079,H0209E,Vikram Patel HUF,VIKHF6043C,4294990,1/9/2027,INV/2026/01831,,16290009,Non-Companies-393(1),Pad: NO TDS deducted,248289.62,210414.93,1/25/2027,KR,2510001831,CP,Ind/HUF - 1%-New Sec-393(1)6(i),0,0.0
1081,T0222C,CRY Child Rights Trust,CRYTT7530J,15365831,11/4/2026,INV/2026/01832,,16290008,GR/IR-Indirect Good,Pad: SHORT TDS,632526.7,536039.58,11/12/2026,KA,2310001832,CP,Firm - 2%-New Sec-393(1)6(i),1,-5360.4
1001,D0080G,Sical Logistics Ltd,SICCD4392R,16133440,4/30/2026,INV/2026/01833,3400001833,16290008,GR/IR-Indirect Good,Pad: EXCESS TDS,61912.83,52468.5,5/19/2026,KA,2310001833,CP,Cont. Cos - 2%-New Sec-393(1)6(i),5,-2623.42
1079,T0225E,Smile Foundation Trust,SMITT6108A,7072005,8/29/2026,INV/2026/01834,3400001834,16290008,GR/IR-Indirect Good,Pad: NO TDS deducted,572940.4,485542.71,9/11/2026,KA,2310001834,CP,Firm - 2%-New Sec-393(1)6(i),0,0.0
1081,E0105E,Das & Company,DASFY1127J,18565267,3/5/2027,INV/2026/01835,,16290008,GR/IR-Indirect Good,Pad: SHORT TDS,107729.34,91296.05,3/12/2027,KA,2310001835,CP,Firm - 2%-New Sec-393(1)6(i),1,-912.96
1001,D0064C,Ashirvad Pipes Pvt Ltd,ASHCD7049B,11502327,7/27/2026,INV/2026/01836,3400001836,16290008,GR/IR-Indirect Good,Pad: EXCESS TDS,154124.69,130614.14,8/15/2026,KA,2310001836,CP,Cont. Cos - 2%-New Sec-393(1)6(i),5,-6530.71
1079,H0216F,Ramesh Kumar HUF Unit-11,RAMHZ7318N,22549968,5/14/2026,INV/2026/01837,3400001837,16290009,Non-Companies-393(1),Pad: NO TDS deducted,484568.12,410650.95,5/18/2026,KA,2310001837,CP,Ind/HUF - 1%-New Sec-393(1)6(i),0,0.0
1081,L0140H,BDO India LLP Unit-5,BDOFZ7118U,7954343,6/16/2026,INV/2026/01838,,16290008,GR/IR-Indirect Good,Pad: SHORT TDS,581394.14,492706.9,7/3/2026,KA,2310001838,CP,Firm - 2%-New Sec-393(1)6(i),1,-4927.07
1001,E0121E,Sinha Associates,SINFS2711D,16960427,5/19/2026,INV/2026/01839,3400001839,16290008,GR/IR-Indirect Good,Pad: EXCESS TDS,587705.84,498055.8,6/5/2026,KA,2310001839,CP,Firm - 2%-New Sec-393(1)6(i),5,-24902.79
1079,I0155B,Ramesh Gill,RAMPL1846V,9055317,9/20/2026,INV/2026/01840,3400001840,16290009,Non-Companies-393(1),Pad: NO TDS deducted,132327.04,112141.56,9/21/2026,KR,2510001840,CP,Ind/HUF - 1%-New Sec-393(1)6(i),0,0.0
1081,D0089H,RSM Astute Consulting Pvt Ltd,RSMCD9598L,12831133,1/23/2027,INV/2026/01841,3400001841,16290008,GR/IR-Indirect Good,Pad: SHORT TDS,717816.43,608319.01,2/3/2027,KR,2510001841,CP,Cont. Cos - 2%-New Sec-393(1)6(i),1,-6083.19
1001,T0219A,Bharatiya Vidya Bhavan Trust,BHATT4950E,24094895,4/1/2026,INV/2026/01842,,16290008,GR/IR-Indirect Good,Pad: EXCESS TDS,669259.46,567169.03,4/3/2026,KR,2510001842,CP,Firm - 2%-New Sec-393(1)6(i),5,-28358.45
1079,T0224E,GiveIndia Foundation,GIVTN7946U,12068511,6/3/2026,INV/2026/01843,3400001843,16290008,GR/IR-Indirect Good,Pad: NO TDS deducted,738936.78,626217.61,6/18/2026,KA,2310001843,CP,Firm - 2%-New Sec-393(1)6(i),0,0.0
1081,ADJ0254G,Adjustment Entry Works,ADJFS8290B,8136136,1/25/2027,INV/2026/01844,3400001844,16290008,GR/IR-Indirect Good,Pad: SHORT TDS,588272.4,498535.93,2/8/2027,KA,2310001844,CP,Firm - 2%-New Sec-393(1)6(i),1,-4985.36
1001,H0211E,Mahesh Shah HUF,MAHHF0335S,7031042,6/10/2026,INV/2026/01845,3400001845,16290009,Non-Companies-393(1),Pad: EXCESS TDS,514644.22,436139.17,6/11/2026,KA,2310001845,CP,Ind/HUF - 1%-New Sec-393(1)6(i),3,-13084.18
1079,I0182D,Amit Solanki,AMIPI9603J,21010933,6/11/2026,INV/2026/01846,,16290009,Non-Companies-393(1),Pad: NO TDS deducted,253307.84,214667.66,6/12/2026,KA,2310001846,CP,Ind/HUF - 1%-New Sec-393(1)6(i),0,0.0
1081,E0102C,Banerjee Enterprises,BANFS9914K,16370886,12/8/2026,INV/2026/01847,,16290008,GR/IR-Indirect Good,Pad: SHORT TDS,586321.35,496882.5,12/25/2026,KA,2310001847,CP,Firm - 2%-New Sec-393(1)6(i),1,-4968.82
1001,E0104H,Mukherjee Consultants,MUKFS7555H,5677144,9/19/2026,INV/2026/01848,3400001848,16290008,GR/IR-Indirect Good,Pad: EXCESS TDS,343271.45,290908.01,10/2/2026,KR,2510001848,CP,Firm - 2%-New Sec-393(1)6(i),5,-14545.4
1079,QTH0244D,Threshold Goods Suppliers Pvt Ltd,THRCD7444Y,3151179,2/3/2027,INV/2026/01849,3400001849,16290008,GR/IR-Indirect Good,Pad: NO TDS deducted,937371.66,794382.76,2/4/2027,KA,2310001849,CP,Cont. Cos - 2%-New Sec-393(1)6(i),0,0.0
1081,H0217H,Suresh Chandra HUF Unit-12,SURHZ0454G,14076463,6/24/2026,INV/2026/01850,3400001850,16290009,Non-Companies-393(1),Pad: SHORT TDS,568871.56,482094.54,7/11/2026,KR,2510001850,CP,Ind/HUF - 1%-New Sec-393(1)6(i),0.5,-2410.47
1001,D0009F,Thermax Ltd,THECD7429L,1147203,10/12/2026,INV/2026/01851,3400001851,16290008,GR/IR-Indirect Good,Pad: EXCESS TDS,298849.08,253261.93,10/13/2026,KA,2310001851,CP,Cont. Cos - 2%-New Sec-393(1)6(i),5,-12663.1
1079,D0063G,Prince Pipes & Fittings Ltd,PRICD7583P,20084976,1/1/2027,INV/2026/01852,,16290008,GR/IR-Indirect Good,Pad: NO TDS deducted,566928.68,480448.03,1/5/2027,KR,2510001852,CP,Cont. Cos - 2%-New Sec-393(1)6(i),0,0.0
1081,D0085F,PricewaterhouseCoopers Pvt Ltd,PRICD9963S,16511683,8/29/2026,INV/2026/01853,,16290008,GR/IR-Indirect Good,Pad: SHORT TDS,225383.79,191003.21,9/11/2026,KR,2510001853,CP,Cont. Cos - 2%-New Sec-393(1)6(i),1,-1910.03
1001,L0145G,Deloitte Touche Tohmatsu India LLP Unit-10,DELFZ2277H,17780230,2/9/2027,INV/2026/01854,,16290008,GR/IR-Indirect Good,Pad: EXCESS TDS,119904.66,101614.12,2/12/2027,KA,2310001854,CP,Firm - 2%-New Sec-393(1)6(i),5,-5080.71
1079,D0079H,Om Logistics Ltd,OMLCD7339J,6650309,8/7/2026,INV/2026/01855,3400001855,16290008,GR/IR-Indirect Good,Pad: NO TDS deducted,914934.13,775367.91,8/11/2026,KA,2310001855,CP,Cont. Cos - 2%-New Sec-393(1)6(i),0,0.0
1081,L0145G,Deloitte Touche Tohmatsu India LLP Unit-10,DELFZ2277H,6380589,9/30/2026,INV/2026/01856,3400001856,16290008,GR/IR-Indirect Good,Pad: SHORT TDS,555394.81,470673.57,10/4/2026,KR,2510001856,CP,Firm - 2%-New Sec-393(1)6(i),1,-4706.74
1001,D0065A,Crompton Greaves Consumer Electricals Ltd,CROCD1010A,19056729,9/5/2026,INV/2026/01857,3400001857,16290008,GR/IR-Indirect Good,Pad: EXCESS TDS,286201.88,242543.97,9/11/2026,KR,2510001857,CP,Cont. Cos - 2%-New Sec-393(1)6(i),5,-12127.2
1079,D0078E,Safe Express Pvt Ltd,SAFCD2253O,16764893,7/23/2026,INV/2026/01858,3400001858,16290008,GR/IR-Indirect Good,Pad: NO TDS deducted,666210.81,564585.43,7/28/2026,KR,2510001858,CP,Cont. Cos - 2%-New Sec-393(1)6(i),0,0.0
1081,D0071B,Allcargo Logistics Ltd,ALLCD7053B,4624019,3/1/2027,INV/2026/01859,,16290008,GR/IR-Indirect Good,Pad: SHORT TDS,49951.24,42331.56,3/1/2027,KA,2310001859,CP,Cont. Cos - 2%-New Sec-393(1)6(i),1,-423.32
1001,T0222C,CRY Child Rights Trust,CRYTT7530J,20350229,2/18/2027,INV/2026/01860,3400001860,16290008,GR/IR-Indirect Good,Pad: EXCESS TDS,715923.09,606714.48,2/28/2027,KA,2310001860,CP,Firm - 2%-New Sec-393(1)6(i),5,-30335.72
1079,E0125F,Choudhary Logistics,CHOFS1275Z,14563186,11/24/2026,INV/2026/01861,3400001861,16290008,GR/IR-Indirect Good,Pad: NO TDS deducted,464603.84,393732.07,12/1/2026,KR,2510001861,CP,Firm - 2%-New Sec-393(1)6(i),0,0.0
1081,D0016E,Mahindra Logistics Ltd,MAHCD0933R,4322285,6/27/2026,INV/2026/01862,3400001862,16290008,GR/IR-Indirect Good,Pad: SHORT TDS,554636.24,470030.71,7/14/2026,KA,2310001862,CP,Cont. Cos - 2%-New Sec-393(1)6(i),1,-4700.31
1001,LDC0242H,LDC Rate Engineering Works,LDCFS0783X,2389225,5/10/2026,INV/2026/01863,3400001863,16290008,GR/IR-Indirect Good,Pad: EXCESS TDS,675475.65,572436.99,5/15/2026,KR,2510001863,CP,Firm - 2%-New Sec-393(1)6(i),2,-11448.74
1079,H0207E,Suresh Chandra HUF,SURHF3987X,2090227,6/27/2026,INV/2026/01864,3400001864,16290009,Non-Companies-393(1),Pad: NO TDS deducted,674943.07,571985.65,7/3/2026,KA,2310001864,CP,Ind/HUF - 1%-New Sec-393(1)6(i),0,0.0
1081,ADV0247A,Advance Payment Contractors Pvt Ltd,ADVCD8622X,2057562,7/8/2026,INV/2026/01865,3400001865,16290008,GR/IR-Indirect Good,Pad: SHORT TDS,953306.78,807887.1,7/11/2026,KR,2510001865,CP,Cont. Cos - 2%-New Sec-393(1)6(i),1,-8078.87
1001,I0154F,Vijay Dhillon,VIJPN9453P,3964903,6/10/2026,INV/2026/01866,3400001866,16290009,Non-Companies-393(1),Pad: EXCESS TDS,954325.44,808750.37,6/11/2026,KA,2310001866,CP,Ind/HUF - 1%-New Sec-393(1)6(i),3,-24262.51
1079,D0072H,Gateway Distriparks Ltd,GATCD6192M,24415536,12/14/2026,INV/2026/01867,,16290008,GR/IR-Indirect Good,Pad: NO TDS deducted,976095.32,827199.42,12/15/2026,KA,2310001867,CP,Cont. Cos - 2%-New Sec-393(1)6(i),0,0.0
1081,I0202F,Rajesh Chopra,RAJPA8120L,18834666,7/21/2026,INV/2026/01868,3400001868,16290009,Non-Companies-393(1),Pad: SHORT TDS,383131.24,324687.49,8/10/2026,KA,2310001868,CP,Ind/HUF - 1%-New Sec-393(1)6(i),0.5,-1623.44
1001,D0064C,Ashirvad Pipes Pvt Ltd,ASHCD7049B,5251748,3/3/2027,INV/2026/01869,3400001869,16290008,GR/IR-Indirect Good,Pad: EXCESS TDS,963861.71,816831.96,3/21/2027,KA,2310001869,CP,Cont. Cos - 2%-New Sec-393(1)6(i),5,-40841.6
1079,D0038D,Hager Electro Pvt Ltd,HAGCD7272R,21239885,11/12/2026,INV/2026/01870,3400001870,16290008,GR/IR-Indirect Good,Pad: NO TDS deducted,563640.69,477661.6,11/25/2026,KR,2510001870,CP,Cont. Cos - 2%-New Sec-393(1)6(i),0,0.0
1081,A0234E,Builders Association of India,BUIAA9240B,13022656,5/30/2026,INV/2026/01871,3400001871,16290008,GR/IR-Indirect Good,Pad: SHORT TDS,472085.69,400072.62,6/14/2026,KA,2310001871,CP,Firm - 2%-New Sec-393(1)6(i),1,-4000.73
1001,I0184E,Anita Arora,ANIPA1036Z,10694608,8/15/2026,INV/2026/01872,,16290009,Non-Companies-393(1),Pad: EXCESS TDS,94655.95,80216.91,8/16/2026,KA,2310001872,CP,Ind/HUF - 1%-New Sec-393(1)6(i),3,-2406.51
1079,D0002G,Larsen & Toubro Ltd,LARCD7595X,1059124,4/1/2026,INV/2026/01873,3400001873,16290008,GR/IR-Indirect Good,Pad: NO TDS deducted,489980.08,415237.36,4/12/2026,KR,2510001873,CP,Cont. Cos - 2%-New Sec-393(1)6(i),0,0.0
1081,D0024C,Rockwell Automation India Pvt Ltd,ROCCD1209B,9911927,10/17/2026,INV/2026/01874,3400001874,16290008,GR/IR-Indirect Good,Pad: SHORT TDS,888367.98,752854.22,11/3/2026,KA,2310001874,CP,Cont. Cos - 2%-New Sec-393(1)6(i),1,-7528.54
1001,T0222C,CRY Child Rights Trust,CRYTT7530J,11530542,2/5/2027,INV/2026/01875,3400001875,16290008,GR/IR-Indirect Good,Pad: EXCESS TDS,567039.78,480542.19,2/21/2027,KA,2310001875,CP,Firm - 2%-New Sec-393(1)6(i),5,-24027.11
1079,E0121E,Sinha Associates,SINFS2711D,20860203,2/28/2027,INV/2026/01876,3400001876,16290008,GR/IR-Indirect Good,Pad: NO TDS deducted,979129.89,829771.09,3/18/2027,KR,2510001876,CP,Firm - 2%-New Sec-393(1)6(i),0,0.0
1081,D0010E,Kirloskar Brothers Ltd,KIRCD7366R,15504129,10/10/2026,INV/2026/01877,,16290008,GR/IR-Indirect Good,Pad: SHORT TDS,833136.92,706048.24,10/22/2026,KR,2510001877,CP,Cont. Cos - 2%-New Sec-393(1)6(i),1,-7060.48
1001,E0117H,Verma Machinery Works,VERFS5056U,10991644,7/17/2026,INV/2026/01878,,16290008,GR/IR-Indirect Good,Pad: EXCESS TDS,177200.45,150169.87,7/18/2026,KR,2510001878,CP,Firm - 2%-New Sec-393(1)6(i),5,-7508.49
1079,E0095C,Mehta Electricals,MEHFS2351N,23367832,5/19/2026,INV/2026/01879,3400001879,16290008,GR/IR-Indirect Good,Pad: NO TDS deducted,372005.27,315258.7,6/1/2026,KA,2310001879,CP,Firm - 2%-New Sec-393(1)6(i),0,0.0
1081,I0168E,Dinesh Parekh,DINPH3916N,17768428,4/24/2026,INV/2026/01880,3400001880,16290009,Non-Companies-393(1),Pad: SHORT TDS,322697.24,273472.24,5/14/2026,KA,2310001880,CP,Ind/HUF - 1%-New Sec-393(1)6(i),0.5,-1367.36
1001,D0053F,ACC Ltd,ACCCD7208I,4033236,6/14/2026,INV/2026/01881,,16290008,GR/IR-Indirect Good,Pad: EXCESS TDS,796435.88,674945.66,7/4/2026,KR,2510001881,CP,Cont. Cos - 2%-New Sec-393(1)6(i),5,-33747.28
1079,E0119H,Thakur Engineering,THAFG6749V,1355093,5/3/2026,INV/2026/01882,,16290008,GR/IR-Indirect Good,Pad: NO TDS deducted,867142.85,734866.82,5/5/2026,KA,2310001882,CP,Firm - 2%-New Sec-393(1)6(i),0,0.0
1081,L0142F,S R Batliboi & Associates LLP,SRBFP8332Y,5122464,2/17/2027,INV/2026/01883,3400001883,16290008,GR/IR-Indirect Good,Pad: SHORT TDS,827578.05,701337.33,2/22/2027,KA,2310001883,CP,Firm - 2%-New Sec-393(1)6(i),0.5,-3506.69
1001,I0169F,Anita Sandhu,ANIPU6820N,20344578,8/15/2026,INV/2026/01884,,16290009,Non-Companies-393(1),Pad: EXCESS TDS,90469.31,76668.91,8/23/2026,KA,2310001884,CP,Ind/HUF - 1%-New Sec-393(1)6(i),3,-2300.07
1079,D0007H,Cummins India Ltd,CUMCD7918O,6613734,6/28/2026,INV/2026/01885,3400001885,16290008,GR/IR-Indirect Good,Pad: NO TDS deducted,558296.52,473132.64,7/4/2026,KR,2510001885,CP,Cont. Cos - 2%-New Sec-393(1)6(i),0,0.0
1081,I0184E,Anita Arora,ANIPA1036Z,8860206,9/5/2026,INV/2026/01886,3400001886,16290009,Non-Companies-393(1),Pad: SHORT TDS,229540.29,194525.67,9/22/2026,KA,2310001886,CP,Ind/HUF - 1%-New Sec-393(1)6(i),0.5,-972.63
1001,QTH0246F,Below Threshold Parts India Ltd,BELCD0690T,21038399,9/12/2026,INV/2026/01887,3400001887,16290008,GR/IR-Indirect Good,Pad: EXCESS TDS,486441.65,412238.69,9/18/2026,KR,2510001887,CP,Cont. Cos - 2%-New Sec-393(1)6(i),5,-20611.93
1079,I0203C,Shettigar Yadav,SHEPV8264D,11423622,10/1/2026,INV/2026/01888,3400001888,16290009,Non-Companies-393(1),Pad: NO TDS deducted,628173.25,532350.21,10/3/2026,KR,2510001888,CP,Ind/HUF - 1%-New Sec-393(1)6(i),0,0.0
1081,D0003H,Infosys Ltd,INFCD8748Y,15884260,6/29/2026,INV/2026/01889,3400001889,16290008,GR/IR-Indirect Good,Pad: SHORT TDS,505762.03,428611.89,7/4/2026,KA,2310001889,CP,Cont. Cos - 2%-New Sec-393(1)6(i),1,-4286.12
1001,D0084A,Deloitte Touche Tohmatsu India LLP,DELCP7853V,19355946,6/20/2026,INV/2026/01890,3400001890,16290008,GR/IR-Indirect Good,Pad: EXCESS TDS,190475.12,161419.59,6/23/2026,KA,2310001890,CP,Cont. Cos - 2%-New Sec-393(1)6(i),1,-1614.2
1079,I0181B,Balwinder Verma,BALPA0866U,17490888,10/17/2026,INV/2026/01891,,16290009,Non-Companies-393(1),Pad: NO TDS deducted,350760.29,297254.48,11/4/2026,KA,2310001891,CP,Ind/HUF - 1%-New Sec-393(1)6(i),0,0.0
1081,E0101D,Reddy Infra Solutions,REDFS8021E,18654845,1/3/2027,INV/2026/01892,3400001892,16290008,GR/IR-Indirect Good,Pad: SHORT TDS,544121.06,461119.54,1/22/2027,KA,2310001892,CP,Firm - 2%-New Sec-393(1)6(i),1,-4611.2
1001,I0185C,Vijay Reddy,VIJPY5625U,7083737,9/17/2026,INV/2026/01893,3400001893,16290009,Non-Companies-393(1),Pad: EXCESS TDS,703980.84,596593.93,9/27/2026,KR,2510001893,CP,Ind/HUF - 1%-New Sec-393(1)6(i),3,-17897.82
1079,T0220H,Sri Ramakrishna Mission Trust,SRITT1331W,16453270,3/11/2027,INV/2026/01894,3400001894,16290008,GR/IR-Indirect Good,Pad: NO TDS deducted,903567.49,765735.16,3/20/2027,KR,2510001894,CP,Firm - 2%-New Sec-393(1)6(i),0,0.0
1081,T0220H,Sri Ramakrishna Mission Trust,SRITT1331W,23064294,9/7/2026,INV/2026/01895,3400001895,16290008,GR/IR-Indirect Good,Pad: SHORT TDS,318135.78,269606.59,9/21/2026,KR,2510001895,CP,Firm - 2%-New Sec-393(1)6(i),1,-2696.07
1001,E0135G,Parekh Logistics,PARFS3338T,17755386,2/12/2027,INV/2026/01896,,16290008,GR/IR-Indirect Good,Pad: EXCESS TDS,307803.6,260850.51,2/14/2027,KR,2510001896,CP,Firm - 2%-New Sec-393(1)6(i),3,-7825.52
1079,H0212A,Prakash Jain HUF,PRAHF7723X,21684685,1/12/2027,INV/2026/01897,3400001897,16290009,Non-Companies-393(1),Pad: NO TDS deducted,565940.28,479610.41,1/18/2027,KR,2510001897,CP,Ind/HUF - 1%-New Sec-393(1)6(i),0,0.0
1081,D0042G,KEI Industries Ltd,KEICD1017N,2887831,7/21/2026,INV/2026/01898,3400001898,16290008,GR/IR-Indirect Good,Pad: SHORT TDS,593747.7,503176.02,8/8/2026,KR,2510001898,CP,Cont. Cos - 2%-New Sec-393(1)6(i),1,-5031.76
1001,E0112D,Malhotra Engineering,MALFG0483K,6247302,3/13/2027,INV/2026/01899,,16290008,GR/IR-Indirect Good,Pad: EXCESS TDS,969022.16,821205.22,3/26/2027,KA,2310001899,CP,Firm - 2%-New Sec-393(1)6(i),5,-41060.26
1079,T0223D,Akshaya Patra Foundation,AKSTN7883I,9673002,9/25/2026,INV/2026/01900,3400001900,16290008,GR/IR-Indirect Good,Pad: NO TDS deducted,160860.88,136322.78,9/26/2026,KR,2510001900,CP,Firm - 2%-New Sec-393(1)6(i),0,0.0
1081,I0160A,Manpreet Solanki,MANPI9912Q,9538915,1/21/2027,INV/2026/01901,,16290009,Non-Companies-393(1),Pad: SHORT TDS,692585.83,586937.14,1/23/2027,KR,2510001901,CP,Ind/HUF - 1%-New Sec-393(1)6(i),0.5,-2934.69
1001,D0083G,Ernst & Young LLP,ERNCP3679S,10276003,6/19/2026,INV/2026/01902,3400001902,16290008,GR/IR-Indirect Good,Pad: EXCESS TDS,438420.16,371542.51,6/22/2026,KR,2510001902,CP,Cont. Cos - 2%-New Sec-393(1)6(i),5,-18577.13
1079,I0181B,Balwinder Verma,BALPA0866U,6567297,4/13/2026,INV/2026/01903,3400001903,16290009,Non-Companies-393(1),Pad: NO TDS deducted,777145.91,658598.23,4/25/2026,KR,2510001903,CP,Ind/HUF - 1%-New Sec-393(1)6(i),0,0.0
1081,D0074G,Delhivery Ltd,DELCD1993Q,12686953,5/17/2026,INV/2026/01904,3400001904,16290008,GR/IR-Indirect Good,Pad: SHORT TDS,456061.09,386492.45,5/22/2026,KA,2310001904,CP,Cont. Cos - 2%-New Sec-393(1)6(i),1,-3864.92
1001,D0044G,RR Kabel Ltd,RRKCD9844F,11064560,1/29/2027,INV/2026/01905,,16290008,GR/IR-Indirect Good,Pad: EXCESS TDS,734314.09,622300.08,2/18/2027,KR,2510001905,CP,Cont. Cos - 2%-New Sec-393(1)6(i),2,-12446.0
1079,E0095C,Mehta Electricals,MEHFS2351N,4956001,9/9/2026,INV/2026/01906,3400001906,16290008,GR/IR-Indirect Good,Pad: NO TDS deducted,678271.79,574806.6,9/17/2026,KA,2310001906,CP,Firm - 2%-New Sec-393(1)6(i),0,0.0
1081,D0080G,Sical Logistics Ltd,SICCD4392R,19376026,12/6/2026,INV/2026/01907,3400001907,16290008,GR/IR-Indirect Good,Pad: SHORT TDS,453735.25,384521.4,12/9/2026,KA,2310001907,CP,Cont. Cos - 2%-New Sec-393(1)6(i),1,-3845.21
1001,D0059F,Kansai Nerolac Paints Ltd,KANCD5881X,5117682,8/28/2026,INV/2026/01908,3400001908,16290008,GR/IR-Indirect Good,Pad: EXCESS TDS,736039.74,623762.49,9/13/2026,KA,2310001908,CP,Cont. Cos - 2%-New Sec-393(1)6(i),5,-31188.12
1079,D0043F,Finolex Cables Ltd,FINCD1530G,15261081,8/21/2026,INV/2026/01909,3400001909,16290008,GR/IR-Indirect Good,Pad: NO TDS deducted,256912.69,217722.62,9/9/2026,KA,2310001909,CP,Cont. Cos - 2%-New Sec-393(1)6(i),0,0.0
1081,D0080G,Sical Logistics Ltd,SICCD4392R,20831807,9/18/2026,INV/2026/01910,3400001910,16290008,GR/IR-Indirect Good,Pad: SHORT TDS,771318.85,653660.04,9/26/2026,KR,2510001910,CP,Cont. Cos - 2%-New Sec-393(1)6(i),1,-6536.6
1001,E0123C,Mishra Steel Works,MISFS9590X,4606382,7/30/2026,INV/2026/01911,3400001911,16290008,GR/IR-Indirect Good,Pad: EXCESS TDS,493400.55,418136.06,8/9/2026,KA,2310001911,CP,Firm - 2%-New Sec-393(1)6(i),5,-20906.8
1079,E0098A,Kulkarni Steel Traders,KULFS1794Y,11675469,12/31/2026,INV/2026/01912,,16290008,GR/IR-Indirect Good,Pad: NO TDS deducted,487267.38,412938.46,1/10/2027,KA,2310001912,CP,Firm - 2%-New Sec-393(1)6(i),0,0.0
1081,D0044G,RR Kabel Ltd,RRKCD9844F,10053142,4/25/2026,INV/2026/01913,3400001913,16290008,GR/IR-Indirect Good,Pad: SHORT TDS,234724.13,198918.75,5/11/2026,KA,2310001913,CP,Cont. Cos - 2%-New Sec-393(1)6(i),0.25,-497.3
1001,H0217H,Suresh Chandra HUF Unit-12,SURHZ0454G,7204321,5/4/2026,INV/2026/01914,3400001914,16290009,Non-Companies-393(1),Pad: EXCESS TDS,179658.2,152252.71,5/7/2026,KR,2510001914,CP,Ind/HUF - 1%-New Sec-393(1)6(i),3,-4567.58
1079,LDC0241A,Lower Deduction Certificate Ltd,LOWCD2468H,5805337,2/9/2027,INV/2026/01915,,16290008,GR/IR-Indirect Good,Pad: NO TDS deducted,553472.59,469044.57,2/24/2027,KR,2510001915,CP,Cont. Cos - 2%-New Sec-393(1)6(i),0,0.0
1081,D0065A,Crompton Greaves Consumer Electricals Ltd,CROCD1010A,15377347,5/7/2026,INV/2026/01916,3400001916,16290008,GR/IR-Indirect Good,Pad: SHORT TDS,875786.16,742191.66,5/25/2026,KR,2510001916,CP,Cont. Cos - 2%-New Sec-393(1)6(i),1,-7421.92
1001,H0214B,Sunil Sharma HUF,SUNHF9253G,18346234,8/29/2026,INV/2026/01917,3400001917,16290009,Non-Companies-393(1),Pad: EXCESS TDS,97759.17,82846.75,9/3/2026,KR,2510001917,CP,Ind/HUF - 1%-New Sec-393(1)6(i),3,-2485.4
1079,I0160A,Manpreet Solanki,MANPI9912Q,9203079,12/28/2026,INV/2026/01918,3400001918,16290009,Non-Companies-393(1),Pad: NO TDS deducted,277097.69,234828.55,12/28/2026,KA,2310001918,CP,Ind/HUF - 1%-New Sec-393(1)6(i),0,0.0
1081,L0149G,Walker Chandiok & Co LLP Unit-14,WALFZ1504T,13051436,11/7/2026,INV/2026/01919,3400001919,16290008,GR/IR-Indirect Good,Pad: SHORT TDS,354986.81,300836.28,11/27/2026,KR,2510001919,CP,Firm - 2%-New Sec-393(1)6(i),1,-3008.36
1001,D0089H,RSM Astute Consulting Pvt Ltd,RSMCD9598L,22282654,4/15/2026,INV/2026/01920,,16290008,GR/IR-Indirect Good,Pad: EXCESS TDS,372136.0,315369.49,4/16/2026,KA,2310001920,CP,Cont. Cos - 2%-New Sec-393(1)6(i),5,-15768.47
1079,I0151D,Rakesh Trivedi,RAKPI0602A,4616799,10/7/2026,INV/2026/01921,3400001921,16290009,Non-Companies-393(1),Pad: NO TDS deducted,549075.72,465318.41,10/19/2026,KR,2510001921,CP,Ind/HUF - 1%-New Sec-393(1)6(i),0,0.0
1081,I0170H,Deepak Thakur,DEEPR2836R,19234742,11/16/2026,INV/2026/01922,,16290009,Non-Companies-393(1),Pad: SHORT TDS,773610.14,655601.81,12/1/2026,KR,2510001922,CP,Ind/HUF - 1%-New Sec-393(1)6(i),0.5,-3278.01
1001,E0091F,Sharma Transport,SHAFT3496R,10710610,4/24/2026,INV/2026/01923,,16290008,GR/IR-Indirect Good,Pad: EXCESS TDS,846471.87,717349.04,5/14/2026,KA,2310001923,CP,Firm - 2%-New Sec-393(1)6(i),5,-35867.45
1079,E0117H,Verma Machinery Works,VERFS5056U,8507511,4/1/2026,INV/2026/01924,3400001924,16290008,GR/IR-Indirect Good,Pad: NO TDS deducted,219995.46,186436.83,4/11/2026,KA,2310001924,CP,Firm - 2%-New Sec-393(1)6(i),0,0.0
1081,I0195C,Sunita Verma,SUNPA6242C,8702749,5/3/2026,INV/2026/01925,3400001925,16290009,Non-Companies-393(1),Pad: SHORT TDS,465448.59,394447.96,5/4/2026,KR,2510001925,CP,Ind/HUF - 1%-New Sec-393(1)6(i),0.5,-1972.24
1001,I0193A,Patil Jain,PATPN6164T,12391659,8/9/2026,INV/2026/01926,3400001926,16290009,Non-Companies-393(1),Pad: EXCESS TDS,244884.04,207528.85,8/14/2026,KA,2310001926,CP,Ind/HUF - 1%-New Sec-393(1)6(i),3,-6225.87
1079,D0038D,Hager Electro Pvt Ltd,HAGCD7272R,8483776,5/30/2026,INV/2026/01927,,16290008,GR/IR-Indirect Good,Pad: NO TDS deducted,450252.02,381569.51,6/12/2026,KR,2510001927,CP,Cont. Cos - 2%-New Sec-393(1)6(i),0,0.0
1081,E0117H,Verma Machinery Works,VERFS5056U,12876702,12/17/2026,INV/2026/01928,,16290008,GR/IR-Indirect Good,Pad: SHORT TDS,304331.31,257907.89,12/21/2026,KR,2510001928,CP,Firm - 2%-New Sec-393(1)6(i),1,-2579.08
1001,D0045E,Sterlite Technologies Ltd,STECD2659Z,23392844,1/30/2027,INV/2026/01929,3400001929,16290008,GR/IR-Indirect Good,Pad: EXCESS TDS,261416.54,221539.44,2/16/2027,KR,2510001929,CP,Cont. Cos - 2%-New Sec-393(1)6(i),5,-11076.97
1079,D0056G,JK Cement Ltd,JKCCD3750V,14134844,6/4/2026,INV/2026/01930,,16290008,GR/IR-Indirect Good,Pad: NO TDS deducted,845933.6,716892.88,6/15/2026,KA,2310001930,CP,Cont. Cos - 2%-New Sec-393(1)6(i),0,0.0
1081,D0084A,Deloitte Touche Tohmatsu India LLP,DELCP7853V,11090163,3/22/2027,INV/2026/01931,3400001931,16290008,GR/IR-Indirect Good,Pad: SHORT TDS,565862.26,479544.29,3/24/2027,KA,2310001931,CP,Cont. Cos - 2%-New Sec-393(1)6(i),0.5,-2397.72
1001,D0057D,Pidilite Industries Ltd,PIDCD6150I,6961418,7/28/2026,INV/2026/01932,3400001932,16290008,GR/IR-Indirect Good,Pad: EXCESS TDS,989316.96,838404.2,8/13/2026,KR,2510001932,CP,Cont. Cos - 2%-New Sec-393(1)6(i),5,-41920.21
1079,D0090G,Walker Chandiok & Co LLP,WALCP1247Z,5198666,5/10/2026,INV/2026/01933,,16290008,GR/IR-Indirect Good,Pad: NO TDS deducted,365852.99,310044.91,5/17/2026,KA,2310001933,CP,Cont. Cos - 2%-New Sec-393(1)6(i),0,0.0
1081,LDC0242H,LDC Rate Engineering Works,LDCFS0783X,12955338,7/16/2026,INV/2026/01934,3400001934,16290008,GR/IR-Indirect Good,Pad: SHORT TDS,616070.4,522093.56,8/2/2026,KA,2310001934,CP,Firm - 2%-New Sec-393(1)6(i),0.25,-1305.23
1001,E0091F,Sharma Transport,SHAFT3496R,10876561,1/19/2027,INV/2026/01935,,16290008,GR/IR-Indirect Good,Pad: EXCESS TDS,670746.89,568429.57,2/5/2027,KA,2310001935,CP,Firm - 2%-New Sec-393(1)6(i),5,-28421.48
1079,E0097A,Desai Construction,DESFN7818R,6628475,1/10/2027,INV/2026/01936,,16290008,GR/IR-Indirect Good,Pad: NO TDS deducted,977330.87,828246.5,1/24/2027,KR,2510001936,CP,Firm - 2%-New Sec-393(1)6(i),0,0.0
1081,D0088A,BDO India LLP,BDOCP2894U,15902206,4/11/2026,INV/2026/01937,,16290008,GR/IR-Indirect Good,Pad: SHORT TDS,857574.59,726758.13,4/16/2026,KR,2510001937,CP,Cont. Cos - 2%-New Sec-393(1)6(i),1,-7267.58
1001,D0021B,Honeywell Automation India Ltd,HONCD0939S,22174734,10/9/2026,INV/2026/01938,3400001938,16290008,GR/IR-Indirect Good,Pad: EXCESS TDS,835928.87,708414.3,10/22/2026,KA,2310001938,CP,Cont. Cos - 2%-New Sec-393(1)6(i),5,-35420.71
1079,L0142F,S R Batliboi & Associates LLP,SRBFP8332Y,6676254,2/1/2027,INV/2026/01939,3400001939,16290008,GR/IR-Indirect Good,Pad: NO TDS deducted,421594.98,357283.88,2/2/2027,KA,2310001939,CP,Firm - 2%-New Sec-393(1)6(i),0,0.0
1081,I0179B,Rakesh Sidhu,RAKPU4961V,5833416,3/5/2027,INV/2026/01940,3400001940,16290009,Non-Companies-393(1),Pad: SHORT TDS,659992.11,559315.35,3/25/2027,KR,2510001940,CP,Ind/HUF - 1%-New Sec-393(1)6(i),0.5,-2796.58
1001,I0151D,Rakesh Trivedi,RAKPI0602A,22940976,12/14/2026,INV/2026/01941,3400001941,16290009,Non-Companies-393(1),Pad: EXCESS TDS,682755.73,578606.55,12/28/2026,KR,2510001941,CP,Ind/HUF - 1%-New Sec-393(1)6(i),3,-17358.2
1079,MUL0260H,Multi Invoice Vendor Pvt Ltd,MULCD3317H,11152400,11/10/2026,INV/2026/01942,3400001942,16290008,GR/IR-Indirect Good,Pad: NO TDS deducted,998288.58,846007.27,11/26/2026,KR,2510001942,CP,Cont. Cos - 2%-New Sec-393(1)6(i),0,0.0
1081,E0099D,Nair Associates,NAIFS8728Y,11267731,10/8/2026,INV/2026/01943,3400001943,16290008,GR/IR-Indirect Good,Pad: SHORT TDS,283162.41,239968.14,10/24/2026,KR,2510001943,CP,Firm - 2%-New Sec-393(1)6(i),1,-2399.68
1001,I0179B,Rakesh Sidhu,RAKPU4961V,18262447,12/3/2026,INV/2026/01944,3400001944,16290009,Non-Companies-393(1),Pad: EXCESS TDS,735584.42,623376.63,12/3/2026,KA,2310001944,CP,Ind/HUF - 1%-New Sec-393(1)6(i),3,-18701.3
1079,MUL0260H,Multi Invoice Vendor Pvt Ltd,MULCD3317H,4145838,4/1/2026,INV/2026/01945,3400001945,16290008,GR/IR-Indirect Good,Pad: NO TDS deducted,677792.73,574400.62,4/1/2026,KA,2310001945,CP,Cont. Cos - 2%-New Sec-393(1)6(i),0,0.0
1081,E0123C,Mishra Steel Works,MISFS9590X,4584019,10/8/2026,INV/2026/01946,,16290008,GR/IR-Indirect Good,Pad: SHORT TDS,229769.53,194719.94,10/14/2026,KR,2510001946,CP,Firm - 2%-New Sec-393(1)6(i),1,-1947.2
1001,D0044G,RR Kabel Ltd,RRKCD9844F,7851246,10/17/2026,INV/2026/01947,3400001947,16290008,GR/IR-Indirect Good,Pad: EXCESS TDS,646741.79,548086.26,10/26/2026,KR,2510001947,CP,Cont. Cos - 2%-New Sec-393(1)6(i),2,-10961.73
1079,I0179B,Rakesh Sidhu,RAKPU4961V,11846185,3/15/2027,INV/2026/01948,3400001948,16290009,Non-Companies-393(1),Pad: NO TDS deducted,910113.77,771282.86,3/22/2027,KR,2510001948,CP,Ind/HUF - 1%-New Sec-393(1)6(i),0,0.0
1081,D0035D,Phoenix Contact India Pvt Ltd,PHOCD6041O,20001415,10/23/2026,INV/2026/01949,3400001949,16290008,GR/IR-Indirect Good,Pad: SHORT TDS,81460.23,69034.09,11/9/2026,KA,2310001949,CP,Cont. Cos - 2%-New Sec-393(1)6(i),1,-690.34
1001,H0208F,Anil Mehta HUF,ANIHF6784W,18648787,1/24/2027,INV/2026/01950,3400001950,16290009,Non-Companies-393(1),Pad: EXCESS TDS,755869.96,640567.76,2/2/2027,KA,2310001950,CP,Ind/HUF - 1%-New Sec-393(1)6(i),3,-19217.03
1079,D0010E,Kirloskar Brothers Ltd,KIRCD7366R,14397713,1/31/2027,INV/2026/01951,3400001951,16290008,GR/IR-Indirect Good,Pad: NO TDS deducted,139381.84,118120.2,2/5/2027,KR,2510001951,CP,Cont. Cos - 2%-New Sec-393(1)6(i),0,0.0
1081,I0162G,Nilesh Sinha,NILPA4469K,3232794,4/1/2026,INV/2026/01952,,16290009,Non-Companies-393(1),Pad: SHORT TDS,794220.18,673067.95,4/10/2026,KA,2310001952,CP,Ind/HUF - 1%-New Sec-393(1)6(i),0.5,-3365.34
1001,T0218D,Yuvashakti Foundation,YUVTN0584V,1953196,4/18/2026,INV/2026/01953,3400001953,16290008,GR/IR-Indirect Good,Pad: EXCESS TDS,618797.86,524404.97,5/4/2026,KA,2310001953,CP,Firm - 2%-New Sec-393(1)6(i),5,-26220.25
1079,D0076E,Gati Ltd,GATCD5454I,23503625,10/1/2026,INV/2026/01954,,16290008,GR/IR-Indirect Good,Pad: NO TDS deducted,442960.68,375390.41,10/12/2026,KA,2310001954,CP,Cont. Cos - 2%-New Sec-393(1)6(i),0,0.0
1081,D0012E,Godrej & Boyce Mfg Co Ltd,GODCD8938D,3781237,5/6/2026,INV/2026/01955,,16290008,GR/IR-Indirect Good,Pad: SHORT TDS,104767.66,88786.15,5/13/2026,KR,2510001955,CP,Cont. Cos - 2%-New Sec-393(1)6(i),1,-887.86
1001,D0071B,Allcargo Logistics Ltd,ALLCD7053B,19755084,4/1/2026,INV/2026/01956,3400001956,16290008,GR/IR-Indirect Good,Pad: EXCESS TDS,622932.58,527908.97,4/16/2026,KA,2310001956,CP,Cont. Cos - 2%-New Sec-393(1)6(i),5,-26395.45
1079,L0139G,Grant Thornton Bharat LLP Unit-4,GRAFZ4056B,10581117,1/7/2027,INV/2026/01957,,16290008,GR/IR-Indirect Good,Pad: NO TDS deducted,456344.61,386732.72,1/13/2027,KR,2510001957,CP,Firm - 2%-New Sec-393(1)6(i),0,0.0
1081,D0054F,Shree Cement Ltd,SHRCD9894S,19552188,6/27/2026,INV/2026/01958,,16290008,GR/IR-Indirect Good,Pad: SHORT TDS,200845.7,170208.22,7/12/2026,KA,2310001958,CP,Cont. Cos - 2%-New Sec-393(1)6(i),1,-1702.08
1001,D0056G,JK Cement Ltd,JKCCD3750V,8952067,12/23/2026,INV/2026/01959,3400001959,16290008,GR/IR-Indirect Good,Pad: EXCESS TDS,378158.69,320473.47,1/1/2027,KR,2510001959,CP,Cont. Cos - 2%-New Sec-393(1)6(i),5,-16023.67
1079,D0076E,Gati Ltd,GATCD5454I,18891604,3/4/2027,INV/2026/01960,,16290008,GR/IR-Indirect Good,Pad: NO TDS deducted,84119.47,71287.69,3/7/2027,KA,2310001960,CP,Cont. Cos - 2%-New Sec-393(1)6(i),0,0.0
1081,D0088A,BDO India LLP,BDOCP2894U,16240337,7/19/2026,INV/2026/01961,,16290008,GR/IR-Indirect Good,Pad: SHORT TDS,602290.63,510415.79,8/8/2026,KR,2510001961,CP,Cont. Cos - 2%-New Sec-393(1)6(i),1,-5104.16
1001,I0188D,Dinesh Pandey,DINPY5607X,21975415,8/19/2026,INV/2026/01962,3400001962,16290009,Non-Companies-393(1),Pad: EXCESS TDS,620701.1,526017.88,9/3/2026,KR,2510001962,CP,Ind/HUF - 1%-New Sec-393(1)6(i),3,-15780.54
1079,A0233E,Electronics Industries Association of India,ELEAA6571Z,14803265,9/28/2026,INV/2026/01963,,16290008,GR/IR-Indirect Good,Pad: NO TDS deducted,354952.71,300807.38,10/9/2026,KR,2510001963,CP,Firm - 2%-New Sec-393(1)6(i),0,0.0
1081,E0091F,Sharma Transport,SHAFT3496R,5424074,9/19/2026,INV/2026/01964,,16290008,GR/IR-Indirect Good,Pad: SHORT TDS,854109.61,723821.7,10/2/2026,KR,2510001964,CP,Firm - 2%-New Sec-393(1)6(i),1,-7238.22
1001,E0101D,Reddy Infra Solutions,REDFS8021E,15569133,9/27/2026,INV/2026/01965,3400001965,16290008,GR/IR-Indirect Good,Pad: EXCESS TDS,230768.32,195566.37,10/4/2026,KA,2310001965,CP,Firm - 2%-New Sec-393(1)6(i),5,-9778.32
1079,I0166A,Manoj Sidhu,MANPU8121D,3456779,3/5/2027,INV/2026/01966,3400001966,16290009,Non-Companies-393(1),Pad: NO TDS deducted,380633.98,322571.17,3/21/2027,KR,2510001966,CP,Ind/HUF - 1%-New Sec-393(1)6(i),0,0.0
1081,I0185C,Vijay Reddy,VIJPY5625U,19148978,1/12/2027,INV/2026/01967,3400001967,16290009,Non-Companies-393(1),Pad: SHORT TDS,893983.34,757613.0,1/28/2027,KA,2310001967,CP,Ind/HUF - 1%-New Sec-393(1)6(i),0.5,-3788.06
1001,QTH0244D,Threshold Goods Suppliers Pvt Ltd,THRCD7444Y,20501359,9/4/2026,INV/2026/01968,3400001968,16290008,GR/IR-Indirect Good,Pad: EXCESS TDS,244681.25,207356.99,9/23/2026,KR,2510001968,CP,Cont. Cos - 2%-New Sec-393(1)6(i),5,-10367.85
1079,A0232B,Indian Machine Tool Manufacturers Association,INDAN5263D,8462162,5/13/2026,INV/2026/01969,3400001969,16290008,GR/IR-Indirect Good,Pad: NO TDS deducted,444036.6,376302.2,5/13/2026,KA,2310001969,CP,Firm - 2%-New Sec-393(1)6(i),0,0.0
1081,REV0253F,Reverse Entry Services Pvt Ltd,REVCD1178E,18462709,5/3/2026,INV/2026/01970,3400001970,16290008,GR/IR-Indirect Good,Pad: SHORT TDS,833444.54,706308.93,5/14/2026,KA,2310001970,CP,Cont. Cos - 2%-New Sec-393(1)6(i),1,-7063.09
1001,I0157G,Dinesh Choudhary,DINPY8470C,8988771,4/8/2026,INV/2026/01971,3400001971,16290009,Non-Companies-393(1),Pad: EXCESS TDS,290400.87,246102.43,4/21/2026,KR,2510001971,CP,Ind/HUF - 1%-New Sec-393(1)6(i),3,-7383.07
1079,I0176G,Kavita Chopra,KAVPA6368Q,4974511,2/21/2027,INV/2026/01972,3400001972,16290009,Non-Companies-393(1),Pad: NO TDS deducted,139565.86,118276.15,3/11/2027,KA,2310001972,CP,Ind/HUF - 1%-New Sec-393(1)6(i),0,0.0
1081,I0151D,Rakesh Trivedi,RAKPI0602A,4572873,8/27/2026,INV/2026/01973,3400001973,16290009,Non-Companies-393(1),Pad: SHORT TDS,479178.68,406083.63,9/6/2026,KA,2310001973,CP,Ind/HUF - 1%-New Sec-393(1)6(i),0.5,-2030.42
1001,D0024C,Rockwell Automation India Pvt Ltd,ROCCD1209B,23914377,1/21/2027,INV/2026/01974,3400001974,16290008,GR/IR-Indirect Good,Pad: EXCESS TDS,250981.81,212696.45,2/7/2027,KR,2510001974,CP,Cont. Cos - 2%-New Sec-393(1)6(i),5,-10634.82
1079,D0071B,Allcargo Logistics Ltd,ALLCD7053B,24336853,3/21/2027,INV/2026/01975,,16290008,GR/IR-Indirect Good,Pad: NO TDS deducted,188829.19,160024.74,3/22/2027,KR,2510001975,CP,Cont. Cos - 2%-New Sec-393(1)6(i),0,0.0
1081,E0112D,Malhotra Engineering,MALFG0483K,12995980,7/13/2026,INV/2026/01976,3400001976,16290008,GR/IR-Indirect Good,Pad: SHORT TDS,80362.57,68103.87,7/21/2026,KA,2310001976,CP,Firm - 2%-New Sec-393(1)6(i),1,-681.04
1001,E0128G,Jadeja Construction,JADFN1829Y,20459685,11/26/2026,INV/2026/01977,3400001977,16290008,GR/IR-Indirect Good,Pad: EXCESS TDS,638653.94,541232.15,11/28/2026,KA,2310001977,CP,Firm - 2%-New Sec-393(1)6(i),5,-27061.61
1079,E0106A,Pillai Contractors,PILFS1381F,15603530,4/14/2026,INV/2026/01978,3400001978,16290008,GR/IR-Indirect Good,Pad: NO TDS deducted,674901.21,571950.18,4/18/2026,KR,2510001978,CP,Firm - 2%-New Sec-393(1)6(i),0,0.0
1081,D0020F,Schaeffler India Ltd,SCHCD3146B,21360842,7/1/2026,INV/2026/01979,3400001979,16290008,GR/IR-Indirect Good,Pad: SHORT TDS,407667.1,345480.59,7/5/2026,KA,2310001979,CP,Cont. Cos - 2%-New Sec-393(1)6(i),1,-3454.81
1001,I0166A,Manoj Sidhu,MANPU8121D,13345875,1/8/2027,INV/2026/01980,,16290009,Non-Companies-393(1),Pad: EXCESS TDS,187746.85,159107.5,1/27/2027,KA,2310001980,CP,Ind/HUF - 1%-New Sec-393(1)6(i),3,-4773.22
1079,E0093H,Patel Brothers & Co,PATFO6306X,21300509,4/1/2026,INV/2026/01981,3400001981,16290008,GR/IR-Indirect Good,Pad: NO TDS deducted,638317.55,540947.08,4/16/2026,KA,2310001981,CP,Firm - 2%-New Sec-393(1)6(i),0,0.0
1081,E0134B,Modi Steel Traders,MODFS0562Q,16282312,5/7/2026,INV/2026/01982,,16290008,GR/IR-Indirect Good,Pad: SHORT TDS,604412.93,512214.35,5/25/2026,KR,2510001982,CP,Firm - 2%-New Sec-393(1)6(i),1,-5122.14
1001,E0122A,Dubey Contractors,DUBFS3161W,21747725,5/11/2026,INV/2026/01983,,16290008,GR/IR-Indirect Good,Pad: EXCESS TDS,104189.75,88296.4,5/21/2026,KA,2310001983,CP,Firm - 2%-New Sec-393(1)6(i),5,-4414.82
1079,D0074G,Delhivery Ltd,DELCD1993Q,4546703,7/16/2026,INV/2026/01984,,16290008,GR/IR-Indirect Good,Pad: NO TDS deducted,211085.56,178886.07,8/2/2026,KA,2310001984,CP,Cont. Cos - 2%-New Sec-393(1)6(i),0,0.0
1081,L0136H,Ernst & Young LLP Unit-1,ERNFZ7479M,23714718,3/6/2027,INV/2026/01985,,16290008,GR/IR-Indirect Good,Pad: SHORT TDS,227072.66,192434.46,3/10/2027,KR,2510001985,CP,Firm - 2%-New Sec-393(1)6(i),1,-1924.34
1001,L0137D,Deloitte Touche Tohmatsu India LLP Unit-2,DELFZ1273V,11659802,11/3/2026,INV/2026/01986,3400001986,16290008,GR/IR-Indirect Good,Pad: EXCESS TDS,345194.72,292537.9,11/7/2026,KA,2310001986,CP,Firm - 2%-New Sec-393(1)6(i),5,-14626.89
1079,D0025H,Endress Hauser India Pvt Ltd,ENDCD0217T,24875343,2/7/2027,INV/2026/01987,,16290008,GR/IR-Indirect Good,Pad: NO TDS deducted,889900.84,754153.25,2/10/2027,KR,2510001987,CP,Cont. Cos - 2%-New Sec-393(1)6(i),0,0.0
1081,D0065A,Crompton Greaves Consumer Electricals Ltd,CROCD1010A,18621472,9/11/2026,INV/2026/01988,3400001988,16290008,GR/IR-Indirect Good,Pad: SHORT TDS,516954.83,438097.31,9/13/2026,KA,2310001988,CP,Cont. Cos - 2%-New Sec-393(1)6(i),1,-4380.97
1001,D0066G,Bajaj Electricals Ltd,BAJCD1458A,15474918,8/31/2026,INV/2026/01989,3400001989,16290008,GR/IR-Indirect Good,Pad: EXCESS TDS,331693.48,281096.17,9/15/2026,KA,2310001989,CP,Cont. Cos - 2%-New Sec-393(1)6(i),2,-5621.92
1079,WRG0256B,Wrong Section Mapping Pvt Ltd,WROCD4607S,1181340,7/9/2026,INV/2026/01990,3400001990,16290008,GR/IR-Indirect Good,Pad: NO TDS deducted,41888.29,35498.55,7/26/2026,KA,2310001990,CP,Cont. Cos - 2%-New Sec-393(1)6(i),0,0.0
1081,D0010E,Kirloskar Brothers Ltd,KIRCD7366R,4936377,4/19/2026,INV/2026/01991,3400001991,16290008,GR/IR-Indirect Good,Pad: SHORT TDS,174427.26,147819.71,4/28/2026,KA,2310001991,CP,Cont. Cos - 2%-New Sec-393(1)6(i),1,-1478.2
1001,T0226A,Pratham Education Foundation,PRATN4710P,8425525,11/3/2026,INV/2026/01992,3400001992,16290008,GR/IR-Indirect Good,Pad: EXCESS TDS,882248.05,747667.84,11/7/2026,KR,2510001992,CP,Firm - 2%-New Sec-393(1)6(i),5,-37383.39
1079,E0133A,Shah Precision Tools,SHAFS5179Z,21921310,1/18/2027,INV/2026/01993,,16290008,GR/IR-Indirect Good,Pad: NO TDS deducted,143049.7,121228.56,1/25/2027,KA,2310001993,CP,Firm - 2%-New Sec-393(1)6(i),0,0.0
1081,D0027C,Ingersoll Rand India Ltd,INGCD3014J,4127010,2/26/2027,INV/2026/01994,3400001994,16290008,GR/IR-Indirect Good,Pad: SHORT TDS,290760.17,246406.92,3/17/2027,KR,2510001994,CP,Cont. Cos - 2%-New Sec-393(1)6(i),1,-2464.07
1001,A0235A,Indian Plumbing Association,INDAN2484H,11892610,10/28/2026,INV/2026/01995,3400001995,16290008,GR/IR-Indirect Good,Pad: EXCESS TDS,110382.72,93544.68,11/16/2026,KA,2310001995,CP,Firm - 2%-New Sec-393(1)6(i),5,-4677.23
1079,D0071B,Allcargo Logistics Ltd,ALLCD7053B,24236373,4/5/2026,INV/2026/01996,3400001996,16290008,GR/IR-Indirect Good,Pad: NO TDS deducted,269267.43,228192.74,4/16/2026,KR,2510001996,CP,Cont. Cos - 2%-New Sec-393(1)6(i),0,0.0
1081,DUP0250B,Duplicate Payment Traders,DUPFS9722M,15704236,12/14/2026,INV/2026/01997,3400001997,16290008,GR/IR-Indirect Good,Pad: SHORT TDS,791642.12,670883.15,12/28/2026,KR,2510001997,CP,Firm - 2%-New Sec-393(1)6(i),1,-6708.83
1001,E0111E,Bansal Steel Suppliers,BANFS1797M,1895176,4/1/2026,INV/2026/01998,3400001998,16290008,GR/IR-Indirect Good,Pad: EXCESS TDS,369218.13,312896.72,4/8/2026,KR,2510001998,CP,Firm - 2%-New Sec-393(1)6(i),5,-15644.84
1079,E0092H,Singh Engineering Works,SINFS2311F,15949116,6/4/2026,INV/2026/01999,3400001999,16290008,GR/IR-Indirect Good,Pad: NO TDS deducted,820897.57,695675.91,6/15/2026,KA,2310001999,CP,Firm - 2%-New Sec-393(1)6(i),0,0.0
1081,E0117H,Verma Machinery Works,VERFS5056U,24568982,6/2/2026,INV/2026/02000,3400002000,16290008,GR/IR-Indirect Good,Pad: SHORT TDS,972013.83,823740.53,6/19/2026,KR,2510002000,CP,Firm - 2%-New Sec-393(1)6(i),1,-8237.41
